date,score,level
2014-01-08,0.085541483624174,NORMAL
2014-01-09,0.040763322564925,NORMAL
2014-01-10,0.0643014433680106,NORMAL
2014-01-11,0.0551645434164185,NORMAL
2014-01-12,0.1335918107245411,NORMAL
2014-01-13,0.1097265968527693,NORMAL
2014-01-14,0.110429727263505,NORMAL
2014-01-15,0.0923602373147697,NORMAL
2014-01-16,0.0188333326080075,NORMAL
2014-01-17,0.0528259864028882,NORMAL
2014-01-18,0.1995021393997912,NORMAL
2014-01-19,0.1105308738671169,NORMAL
2014-01-20,0.2325444627326906,NORMAL
2014-01-21,0.2210181198405596,NORMAL
2014-01-22,0.3909684919328133,NORMAL
2014-01-23,0.7522932628182836,NORMAL
2014-01-24,0.4752572130250889,NORMAL
2014-01-25,0.3378489614385059,NORMAL
2014-01-26,0.4397659269376504,NORMAL
2014-01-27,0.5070293766770908,NORMAL
2014-01-28,0.3169213066142425,NORMAL
2014-01-29,0.3392087946769262,NORMAL
2014-01-30,0.8046895291754409,NORMAL
2014-01-31,0.0403840270402223,NORMAL
2014-02-01,0.3635581137403831,NORMAL
2014-02-02,0.5233369250582398,NORMAL
2014-02-03,0.2819950057849526,NORMAL
2014-02-04,0.1587289503035537,NORMAL
2014-02-05,0.5337642183720162,NORMAL
2014-02-06,0.2548027346508937,NORMAL
2014-02-07,0.1860722437952363,NORMAL
2014-02-08,0.2538876837785743,NORMAL
2014-02-09,0.2138345148972867,NORMAL
2014-02-10,0.2031332758555867,NORMAL
2014-02-11,0.1170161183275378,NORMAL
2014-02-12,0.3883722749479486,NORMAL
2014-02-13,0.3522349357894864,NORMAL
2014-02-14,0.0110487089357704,NORMAL
2014-02-15,0.0925404687340294,NORMAL
2014-02-16,0.0395350363198097,NORMAL
2014-02-17,0.0180262571713013,NORMAL
2014-02-18,0.0307613939290434,NORMAL
2014-02-19,0.1317092981834976,NORMAL
2014-02-20,0.220807082173405,NORMAL
2014-02-21,0.1560907685951832,NORMAL
2014-02-22,0.0746779257290543,NORMAL
2014-02-23,0.0381704847363766,NORMAL
2014-02-24,0.0366798672542551,NORMAL
2014-02-25,0.0464459798976831,NORMAL
2014-02-26,0.412332002353262,NORMAL
2014-02-27,0.4880229027346786,WARNING
2014-02-28,0.0627887065689385,NORMAL
2014-03-01,0.1751690725744718,NORMAL
2014-03-02,0.0227925009966214,NORMAL
2014-03-03,0.1225902471727501,NORMAL
2014-03-04,0.1256188227938066,NORMAL
2014-03-05,0.0517399151724374,NORMAL
2014-03-06,0.1301706131634475,NORMAL
2014-03-07,0.1898845772402625,NORMAL
2014-03-08,0.1079903559531602,NORMAL
2014-03-09,0.1673773696250298,NORMAL
2014-03-10,0.2394543828134041,NORMAL
2014-03-11,0.1868663593014386,NORMAL
2014-03-12,0.180063837494366,NORMAL
2014-03-13,0.3734201590267236,NORMAL
2014-03-14,0.1162515964908706,NORMAL
2014-03-15,0.1358389910772706,NORMAL
2014-03-16,0.3047329536774789,NORMAL
2014-03-17,0.2710404822398263,NORMAL
2014-03-18,0.2797342534225198,NORMAL
2014-03-19,0.9821361235689005,CRITICAL
2014-03-20,0.5086161094407996,WARNING
2014-03-21,0.5884124815494687,CRITICAL
2014-03-22,0.634216897529306,CRITICAL
2014-03-23,0.6349390148884473,CRITICAL
2014-03-24,0.4564857959525546,NORMAL
2014-03-25,0.4803778202976259,NORMAL
2014-03-26,0.5448330819203685,WARNING
2014-03-27,0.2153571372195254,NORMAL
2014-03-28,0.3372454457786397,NORMAL
2014-03-29,0.53265627233413,WARNING
2014-03-30,0.5476990179783339,WARNING
2014-03-31,0.5935904410211756,WARNING
2014-04-01,0.6815980472017873,CRITICAL
2014-04-02,0.4846506484640342,NORMAL
2014-04-03,0.6276693574523285,WARNING
2014-04-04,0.4785887277829608,NORMAL
2014-04-05,0.5860509162559581,WARNING
2014-04-06,0.5535732915895542,NORMAL
2014-04-07,0.474556299911536,NORMAL
2014-04-08,0.5141558016019002,NORMAL
2014-04-09,0.3471709233819591,NORMAL
2014-04-10,0.6082846185000653,WARNING
2014-04-11,0.4281615895728141,NORMAL
2014-04-12,0.5250004129160611,NORMAL
2014-04-13,0.5606161523915576,NORMAL
2014-04-14,0.3831780330829995,NORMAL
2014-04-15,0.499132889404087,NORMAL
2014-04-16,0.2498642882508555,NORMAL
2014-04-17,0.1676024608628397,NORMAL
2014-04-18,0.4225754122291633,NORMAL
2014-04-19,0.355332582432411,NORMAL
2014-04-20,0.2135115281571522,NORMAL
2014-04-21,0.2343390899459894,NORMAL
2014-04-22,0.2438288486718587,NORMAL
2014-04-23,0.987637872184858,CRITICAL
2014-04-24,0.516286567242487,NORMAL
2014-04-25,0.2836430780198429,NORMAL
2014-04-26,0.207322394908366,NORMAL
2014-04-27,0.0843160014477881,NORMAL
2014-04-28,0.1581754915700984,NORMAL
2014-04-29,0.0879911949525165,NORMAL
2014-04-30,0.0601152606417765,NORMAL
2014-05-01,0.3168522209778246,NORMAL
2014-05-02,0.3269933003920486,NORMAL
2014-05-03,0.4437551287160198,NORMAL
2014-05-04,0.3524257787555547,NORMAL
2014-05-05,0.4282578896920481,NORMAL
2014-05-06,0.4786688742751783,NORMAL
2014-05-07,0.1588965098881182,NORMAL
2014-05-08,0.1090900603181783,NORMAL
2014-05-09,0.0796601771240468,NORMAL
2014-05-10,0.069623894497747,NORMAL
2014-05-11,0.0460245497916101,NORMAL
2014-05-12,0.371607767789008,NORMAL
2014-05-13,0.2895632450244001,NORMAL
2014-05-14,0.314634037300311,NORMAL
2014-05-15,1.058691112216926,CRITICAL
2014-05-16,0.6424542757536806,CRITICAL
2014-05-17,0.4410861317279964,NORMAL
2014-05-18,0.5111707886356575,NORMAL
2014-05-19,0.439884194720461,NORMAL
2014-05-20,0.4771326130280421,NORMAL
2014-05-21,0.2570653244542168,NORMAL
2014-05-22,0.3336625735453088,NORMAL
2014-05-23,0.2660978754774845,NORMAL
2014-05-24,0.2377215020926728,NORMAL
2014-05-25,0.2615562149467968,NORMAL
2014-05-26,0.2952514182910435,NORMAL
2014-05-27,0.3075642636704551,NORMAL
2014-05-28,0.127023135799928,NORMAL
2014-05-29,0.1126287295644024,NORMAL
2014-05-30,0.0689966725707295,NORMAL
2014-05-31,0.1275930446112478,NORMAL
2014-06-01,0.1179440889726205,NORMAL
2014-06-02,0.1511675469419898,NORMAL
2014-06-03,0.1284150766262943,NORMAL
2014-06-04,0.0400357359972775,NORMAL
2014-06-05,0.0937685519403927,NORMAL
2014-06-06,0.2267633196587268,NORMAL
2014-06-07,0.1833106272634904,NORMAL
2014-06-08,0.1315099627623826,NORMAL
2014-06-09,0.0450042318497582,NORMAL
2014-06-10,0.1423358089336039,NORMAL
2014-06-11,0.0584035086758489,NORMAL
2014-06-12,0.6008888809400181,WARNING
2014-06-13,0.5783666015434714,WARNING
2014-06-14,0.6364686463462029,CRITICAL
2014-06-15,0.6961873705917504,CRITICAL
2014-06-16,0.7102212689424018,CRITICAL
2014-06-17,0.705038148269546,CRITICAL
2014-06-18,0.4072446041487119,NORMAL
2014-06-19,0.5318109265347492,NORMAL
2014-06-20,0.5230554783104121,NORMAL
2014-06-21,0.5314755029599322,NORMAL
2014-06-22,0.5423238863265876,NORMAL
2014-06-23,0.5512993198524505,NORMAL
2014-06-24,0.5701523762203871,NORMAL
2014-06-25,0.2263137143300997,NORMAL
2014-06-26,0.467129461579541,NORMAL
2014-06-27,0.5773236719983393,NORMAL
2014-06-28,0.407989865412752,NORMAL
2014-06-29,0.2990027420159846,NORMAL
2014-06-30,0.2029632819891513,NORMAL
2014-07-01,0.1676193217536287,NORMAL
2014-07-02,0.2932457490698179,NORMAL
2014-07-03,0.2961750018143224,NORMAL
2014-07-04,0.3776321228089253,NORMAL
2014-07-05,0.4670457076078772,NORMAL
2014-07-06,0.3734093409481021,NORMAL
2014-07-07,0.3912825988112525,NORMAL
2014-07-08,0.3157984001484779,NORMAL
2014-07-09,0.1007314262934378,NORMAL
2014-07-10,0.2464928961133987,NORMAL
2014-07-11,0.3026921397072449,NORMAL
2014-07-12,0.345278080763812,NORMAL
2014-07-13,0.3610319058896494,NORMAL
2014-07-14,0.4228755705100139,NORMAL
2014-07-15,0.442731334688215,NORMAL
2014-07-16,0.0407848509723351,NORMAL
2014-07-17,0.3814390733127726,NORMAL
2014-07-18,0.2831044401152263,NORMAL
2014-07-19,0.2019197631870737,NORMAL
2014-07-20,0.1577978588023634,NORMAL
2014-07-21,0.1763166112523031,NORMAL
2014-07-22,0.1256089601867185,NORMAL
2014-07-23,0.3032739320804831,NORMAL
2014-07-24,0.435652099899068,NORMAL
2014-07-25,0.0434580615925066,NORMAL
2014-07-26,0.0374609110215161,NORMAL
2014-07-27,0.0727372342996933,NORMAL
2014-07-28,0.1413043701977425,NORMAL
2014-07-29,0.0966725500014577,NORMAL
2014-07-30,0.1445853419457219,NORMAL
2014-07-31,0.7444291763639128,CRITICAL
2014-08-01,0.492994110900419,NORMAL
2014-08-02,0.4437976398350444,NORMAL
2014-08-03,0.3114161103456069,NORMAL
2014-08-04,0.2097689553636688,NORMAL
2014-08-05,0.1932841193539639,NORMAL
2014-08-06,0.1558378790028785,NORMAL
2014-08-07,0.3064036594680916,NORMAL
2014-08-08,0.0340237672555975,NORMAL
2014-08-09,0.086075821009925,NORMAL
2014-08-10,0.1509642725834254,NORMAL
2014-08-11,0.1157306787284978,NORMAL
2014-08-12,0.0569734560085606,NORMAL
2014-08-13,0.3286917691068445,NORMAL
2014-08-14,0.2791286478352829,NORMAL
2014-08-15,0.7086172905637573,CRITICAL
2014-08-16,0.553629034498486,NORMAL
2014-08-17,0.3645050559003872,NORMAL
2014-08-18,0.465405117086182,NORMAL
2014-08-19,0.3397988883294294,NORMAL
2014-08-20,0.1333174139851827,NORMAL
2014-08-21,0.9151227716088364,CRITICAL
2014-08-22,1.0212608694249596,CRITICAL
2014-08-23,0.8890630132630345,CRITICAL
2014-08-24,1.0853032126662043,CRITICAL
2014-08-25,1.0189971468482832,CRITICAL
2014-08-26,0.8755732203481995,CRITICAL
2014-08-27,0.1449239039867414,NORMAL
2014-08-28,0.4053101820813596,NORMAL
2014-08-29,0.411737176467536,NORMAL
2014-08-30,0.5431656284979915,NORMAL
2014-08-31,0.5066433218666639,NORMAL
2014-09-01,0.5080827488639773,NORMAL
2014-09-02,0.5317911680003842,NORMAL
2014-09-03,0.1457580467122837,NORMAL
2014-09-04,0.0957465928854162,NORMAL
2014-09-05,0.1721909087479027,NORMAL
2014-09-06,0.1099659187832063,NORMAL
2014-09-07,0.1511907178030426,NORMAL
2014-09-08,0.2077314823765283,NORMAL
2014-09-09,0.20321899658988,NORMAL
2014-09-10,0.0453990547002713,NORMAL
2014-09-11,0.1022899124401957,NORMAL
2014-09-12,0.1484070135840043,NORMAL
2014-09-13,0.6478306978766155,WARNING
2014-09-14,0.7267062367588193,CRITICAL
2014-09-15,0.6979966849320641,WARNING
2014-09-16,0.7378336196632975,CRITICAL
2014-09-17,0.259104978730802,NORMAL
2014-09-18,0.2237349452341795,NORMAL
2014-09-19,0.17846606073087,NORMAL
2014-09-20,0.3521848515035522,NORMAL
2014-09-21,0.3869270909738888,NORMAL
2014-09-22,0.3956418326785983,NORMAL
2014-09-23,0.3416746166066229,NORMAL
2014-09-24,0.0589209336133492,NORMAL
2014-09-25,0.0380339459261991,NORMAL
2014-09-26,0.0666810192649066,NORMAL
2014-09-27,0.1079754920294512,NORMAL
2014-09-28,0.1824378524198286,NORMAL
2014-09-29,0.1748799400434626,NORMAL
2014-09-30,0.2309960002686777,NORMAL
2014-10-01,0.97952710013169,CRITICAL
2014-10-02,0.5337450960152771,NORMAL
2014-10-03,0.4098689332550656,NORMAL
2014-10-04,0.4134554864916622,NORMAL
2014-10-05,0.2386014586776567,NORMAL
2014-10-06,0.2232553368947772,NORMAL
2014-10-07,0.1262521831431265,NORMAL
2014-10-08,0.1299611458619456,NORMAL
2014-10-09,0.049012287498013,NORMAL
2014-10-10,0.2753576516324431,NORMAL
2014-10-11,0.1977751299449002,NORMAL
2014-10-12,0.2454702401162233,NORMAL
2014-10-13,0.0403396689639251,NORMAL
2014-10-14,0.1012076958486605,NORMAL
2014-10-15,0.45213381788788,NORMAL
2014-10-16,0.3559708988717113,NORMAL
2014-10-17,0.2571599366675023,NORMAL
2014-10-18,0.1191888794909642,NORMAL
2014-10-19,0.1955652984721267,NORMAL
2014-10-20,0.4065595194855413,NORMAL
2014-10-21,0.3609475675635261,NORMAL
2014-10-22,0.2015863942358612,NORMAL
2014-10-23,0.285281535009086,NORMAL
2014-10-24,0.377745576669278,NORMAL
2014-10-25,0.3854625861048284,NORMAL
2014-10-26,0.3703111022276962,NORMAL
2014-10-27,0.4236848761928403,NORMAL
2014-10-28,0.4606890522088395,NORMAL
2014-10-29,0.1179134007605981,NORMAL
2014-10-30,0.7537649648048118,CRITICAL
2014-10-31,0.648171652091851,WARNING
2014-11-01,0.4950090058765243,NORMAL
2014-11-02,0.4897689017790527,NORMAL
2014-11-03,0.6066378017121313,WARNING
2014-11-04,0.6221937535981669,WARNING
2014-11-05,0.161540357192462,NORMAL
2014-11-06,0.5583636862676749,NORMAL
2014-11-07,0.5763554627675551,NORMAL
2014-11-16,0.6177229962307765,WARNING
2014-11-17,0.5687143238948312,NORMAL
2014-11-18,0.5282351781473257,NORMAL
2014-11-19,0.0612038026991388,NORMAL
2014-11-20,0.0402679078884948,NORMAL
2014-11-21,0.082903395150466,NORMAL
2014-11-22,0.1362371185773286,NORMAL
2014-11-23,0.1163710598392276,NORMAL
2014-11-24,0.1549561716175869,NORMAL
2014-11-25,0.1989574055465633,NORMAL
2014-11-26,0.0670093024274724,NORMAL
2014-11-27,0.2999341195347313,NORMAL
2014-11-28,0.3008113210653265,NORMAL
2014-11-29,0.1482444560500631,NORMAL
2014-11-30,0.2521259095142794,NORMAL
2014-12-01,0.2300306606086588,NORMAL
2014-12-02,0.1583578678683715,NORMAL
2014-12-03,0.2106298560935244,NORMAL
2014-12-04,0.0583548060352282,NORMAL
2014-12-05,0.035176518343749,NORMAL
2014-12-06,0.1259793648697903,NORMAL
2014-12-07,0.229964999776282,NORMAL
2014-12-08,0.2259086394640147,NORMAL
2014-12-09,0.2661477327248193,NORMAL
2014-12-10,0.4089356087351775,NORMAL
2014-12-11,0.4037924805852559,NORMAL
2014-12-12,0.2733334542242369,NORMAL
2014-12-13,0.3586255727622071,NORMAL
2014-12-14,0.1705938876734303,NORMAL
2014-12-15,0.1495809125208917,NORMAL
2014-12-16,0.1560347359568735,NORMAL
2014-12-17,0.55348029820753,NORMAL
2014-12-18,0.4976903295757898,NORMAL
2014-12-19,0.0156960827478443,NORMAL
2014-12-20,0.0465977735708775,NORMAL
2014-12-21,0.0382133282988203,NORMAL
2014-12-22,0.0663288640770838,NORMAL
2014-12-23,0.062364615105992,NORMAL
2014-12-24,0.064827717935815,NORMAL
2014-12-25,0.0972027817736621,NORMAL
2014-12-26,0.1903601835513164,NORMAL
2014-12-27,0.1995246456641661,NORMAL
2014-12-28,0.0311594091092403,NORMAL
2014-12-29,0.0482436776212843,NORMAL
2014-12-30,0.0375400115898859,NORMAL
2014-12-31,1.0087779999580724,CRITICAL
2015-01-01,0.3769312469629297,NORMAL
2015-01-02,0.1949328442656057,NORMAL
2015-01-03,0.1081786900773018,NORMAL
2015-01-04,0.0507368748663416,NORMAL
2015-01-05,0.0232821899065723,NORMAL
2015-01-06,0.0626255589597138,NORMAL
2015-01-07,0.7294118295234966,CRITICAL
2015-01-08,0.501524534941607,NORMAL
2015-01-09,0.4668933059581457,NORMAL
2015-01-10,0.6099894098865037,WARNING
2015-01-11,0.5899105975398058,WARNING
2015-01-12,0.540924002372761,NORMAL
2015-01-13,0.4753043501123036,NORMAL
2015-01-14,0.0919377124664552,NORMAL
2015-01-15,0.1286367493311099,NORMAL
2015-01-16,0.1117449108166898,NORMAL
2015-01-17,0.1349219999808867,NORMAL
2015-01-18,0.1352728937169071,NORMAL
2015-01-19,0.1376896175559571,NORMAL
2015-01-20,0.0902371895830813,NORMAL
2015-01-21,0.167367585154967,NORMAL
2015-01-22,0.1712909734371661,NORMAL
2015-01-23,0.0863300977571817,NORMAL
2015-01-24,0.1952210838381937,NORMAL
2015-01-25,0.2230221880338323,NORMAL
2015-01-26,0.1364850025112107,NORMAL
2015-01-27,0.2677341674558605,NORMAL
2015-01-28,0.393272002693504,NORMAL
2015-01-29,0.0964073332129984,NORMAL
2015-01-30,0.2777689282515075,NORMAL
2015-01-31,0.3465217262769356,NORMAL
2015-02-01,0.2789418853696227,NORMAL
2015-02-02,0.2763690060392795,NORMAL
2015-02-03,0.2746948672337553,NORMAL
2015-02-04,0.1838724441198414,NORMAL
2015-02-05,0.0308626183312471,NORMAL
2015-02-06,0.0305833863288567,NORMAL
2015-02-07,0.0671764901077603,NORMAL
2015-02-08,0.2058856336921764,NORMAL
2015-02-09,0.1791375134805553,NORMAL
2015-02-10,0.2409092700988442,NORMAL
2015-02-11,0.8787245443719514,CRITICAL
2015-02-12,0.3864131871038577,NORMAL
2015-02-13,0.3583353638407671,NORMAL
2015-02-14,0.4149189227898368,WARNING
2015-02-15,0.5019531923532465,WARNING
2015-02-16,0.4814458936653044,WARNING
2015-02-17,0.4694634203293739,NORMAL
2015-02-18,0.6974103143679529,CRITICAL
2015-02-19,0.6828467391996705,CRITICAL
2015-02-20,0.6371165922315968,WARNING
2015-02-21,0.3344072433171073,NORMAL
2015-02-22,0.1787192968739979,NORMAL
2015-02-23,0.2279100963778283,NORMAL
2015-02-24,0.1725661857442134,NORMAL
2015-02-25,0.3053605126623401,NORMAL
2015-02-26,0.5191545641719146,WARNING
2015-02-27,0.6880745077476949,CRITICAL
2015-02-28,0.5850043236251455,WARNING
2015-03-01,0.3243888454198698,NORMAL
2015-03-02,0.3811638867477077,NORMAL
2015-03-03,0.3895341643615216,NORMAL
2015-03-04,0.2697564601821592,NORMAL
2015-03-05,0.4191132962485781,NORMAL
2015-03-06,0.3071400091976478,NORMAL
2015-03-07,0.3045424476048363,NORMAL
2015-03-08,0.4171390508426112,NORMAL
2015-03-09,0.4358419743107511,NORMAL
2015-03-10,0.4182077007493271,NORMAL
2015-03-11,0.1904860318357103,NORMAL
2015-03-12,0.1106747089137767,NORMAL
2015-03-13,0.2790068224192359,NORMAL
2015-03-14,0.2148656705329056,NORMAL
2015-03-15,0.2051853504977571,NORMAL
2015-03-16,0.3116019640347871,NORMAL
2015-03-17,0.3432456004635427,NORMAL
2015-03-18,0.0574932366540562,NORMAL
2015-03-19,0.0617544298153514,NORMAL
2015-03-20,0.2406105796480153,NORMAL
2015-03-21,0.306153614082907,NORMAL
2015-03-22,0.273561251642004,NORMAL
2015-03-23,0.4188876016688604,NORMAL
2015-03-24,0.4076276448755702,NORMAL
2015-03-25,0.4803668885765179,NORMAL
2015-03-26,0.3185621260028486,NORMAL
2015-03-27,0.2722456858117408,NORMAL
2015-03-28,0.1491206563726195,NORMAL
2015-03-29,0.0704306754226667,NORMAL
2015-03-30,0.1096760121791417,NORMAL
2015-03-31,0.1192492150961673,NORMAL
2015-04-01,0.4883975488288335,NORMAL
2015-04-02,0.0132882787656376,NORMAL
2015-04-03,0.1108194318104806,NORMAL
2015-04-04,0.0575507654017627,NORMAL
2015-04-05,0.2611281486176458,NORMAL
2015-04-06,0.1837004657358358,NORMAL
2015-04-07,0.0894971660905031,NORMAL
2015-04-08,0.2912942858275515,NORMAL
2015-04-09,0.1376996935060015,NORMAL
2015-04-10,0.046400178338591,NORMAL
2015-04-11,0.1646903086093421,NORMAL
2015-04-12,0.1908037713760066,NORMAL
2015-04-13,0.258000614728191,NORMAL
2015-04-14,0.26876616650345,NORMAL
2015-04-15,0.2050672482068186,NORMAL
2015-04-16,0.2681295217771224,NORMAL
2015-04-17,0.2627880491787757,NORMAL
2015-04-18,0.1945937456377325,NORMAL
2015-04-19,0.139681661598345,NORMAL
2015-04-20,0.1354534495058888,NORMAL
2015-04-21,0.1176997033351258,NORMAL
2015-04-22,0.2451244752778116,NORMAL
2015-04-23,0.3382372667299934,NORMAL
2015-04-24,0.3355121873481484,NORMAL
2015-04-25,0.4982312833826928,NORMAL
2015-04-26,0.5086105304811606,NORMAL
2015-04-27,0.4874593235293443,NORMAL
2015-04-28,0.5135513647152854,NORMAL
2015-04-29,0.7003521043094493,CRITICAL
2015-04-30,0.3273653590494298,NORMAL
2015-05-01,0.3328136938281188,NORMAL
2015-05-02,0.3875405703134938,NORMAL
2015-05-03,0.3977137608436851,NORMAL
2015-05-04,0.3629476720407196,NORMAL
2015-05-05,0.3695778230350349,NORMAL
2015-05-06,0.7594209576737359,CRITICAL
2015-05-07,0.6896532011668742,CRITICAL
2015-05-08,0.3949823749418568,NORMAL
2015-05-09,0.3590280121286352,NORMAL
2015-05-10,0.2141385877722189,NORMAL
2015-05-11,0.3463493632611462,NORMAL
2015-05-12,0.5065593515919993,NORMAL
2015-05-13,0.3841269617023178,NORMAL
2015-05-14,0.099378486289987,NORMAL
2015-05-15,0.3257467090412598,NORMAL
2015-05-16,0.2353018266699807,NORMAL
2015-05-17,0.0728886045702111,NORMAL
2015-05-18,0.1854831235633911,NORMAL
2015-05-19,0.170021931985972,NORMAL
2015-05-20,0.4553289275907889,NORMAL
2015-05-21,0.3890637683931957,NORMAL
2015-05-22,0.2329197195115768,NORMAL
2015-05-23,0.2930406020409832,NORMAL
2015-05-24,0.1748329931232065,NORMAL
2015-05-25,0.2354556347349841,NORMAL
2015-05-26,0.3318245905992772,NORMAL
2015-05-27,0.0320648468091261,NORMAL
2015-05-28,0.0236527258453275,NORMAL
2015-05-29,0.0908522489652811,NORMAL
2015-05-30,0.163603054245383,NORMAL
2015-05-31,0.2020895171905151,NORMAL
2015-06-01,0.2214201989566165,NORMAL
2015-06-02,0.2539965952562227,NORMAL
2015-06-03,0.2378070856405023,NORMAL
2015-06-04,0.4573039058938389,NORMAL
2015-06-05,0.2959873783615478,NORMAL
2015-06-06,0.2634106248122012,NORMAL
2015-06-07,0.1134463356207901,NORMAL
2015-06-08,0.1451989854810254,NORMAL
2015-06-09,0.239655789124268,NORMAL
2015-06-10,0.0661709244845311,NORMAL
2015-06-11,0.333833092799691,NORMAL
2015-06-12,0.3989589078344125,NORMAL
2015-06-13,0.2277177481665258,NORMAL
2015-06-14,0.1787740742097127,NORMAL
2015-06-15,0.1455172388910316,NORMAL
2015-06-16,0.0599499780159977,NORMAL
2015-06-17,0.1033121621587457,NORMAL
2015-06-18,0.6212603372240506,WARNING
2015-06-19,0.1950666264355059,NORMAL
2015-06-20,0.0214384843343885,NORMAL
2015-06-21,0.0504416109583199,NORMAL
2015-06-22,0.24989056493196,NORMAL
2015-06-23,0.4697321255383363,NORMAL
2015-06-24,0.5033754068443219,NORMAL
2015-06-25,0.7380186287793409,CRITICAL
2015-06-26,0.862120286145284,CRITICAL
2015-06-27,0.7911793981281957,CRITICAL
2015-06-28,0.8745556544873732,CRITICAL
2015-06-29,1.092528679405402,CRITICAL
2015-06-30,1.202095494539244,CRITICAL
2015-07-01,0.4232692309770464,NORMAL
2015-07-02,0.5351673617526103,CRITICAL
2015-07-03,0.5673377184992667,CRITICAL
2015-07-04,0.5477669390658486,CRITICAL
2015-07-05,0.6800692353848001,CRITICAL
2015-07-06,0.7098510572856214,CRITICAL
2015-07-07,0.7318068938994996,CRITICAL
2015-07-08,0.4250983633265313,NORMAL
2015-07-09,0.3820915933897608,NORMAL
2015-07-10,0.4451677067641985,NORMAL
2015-07-11,0.5665633246076072,NORMAL
2015-07-12,0.5197388948081562,NORMAL
2015-07-13,0.5770827605463337,WARNING
2015-07-14,0.6739619413932104,WARNING
2015-07-15,0.4647648222448052,NORMAL
2015-07-16,0.4133767799295705,NORMAL
2015-07-17,0.4423632766940354,NORMAL
2015-07-18,0.5107440657608958,NORMAL
2015-07-19,0.5369305110878287,NORMAL
2015-07-20,0.5958739689964084,WARNING
2015-07-21,0.6097912442268081,WARNING
2015-07-22,0.0963160034434841,NORMAL
2015-07-23,0.5460027214549552,NORMAL
2015-07-24,0.5857184760595865,NORMAL
2015-07-25,0.5429450649301533,NORMAL
2015-07-26,0.5458220117690363,NORMAL
2015-07-27,0.5657715367509492,NORMAL
2015-07-28,0.6294044729798637,WARNING
2015-07-29,0.4039855143011416,NORMAL
2015-07-30,0.5750141517926286,NORMAL
2015-07-31,0.9024405199886794,CRITICAL
2015-08-01,0.9127032773801498,NORMAL
2015-08-02,0.7086280621750574,NORMAL
2015-08-03,0.6858310641142332,NORMAL
2015-08-04,0.7400072142995991,NORMAL
2015-08-05,0.3594135071568524,NORMAL
2015-08-06,0.5446653513902006,NORMAL
2015-08-07,0.5588041691945742,NORMAL
2015-08-08,0.3469440317407651,NORMAL
2015-08-09,0.56108104563803,NORMAL
2015-08-10,0.7802952173571529,NORMAL
2015-08-11,0.7371650735929915,NORMAL
2015-08-12,0.1435459902459341,NORMAL
2015-08-13,0.2584546001849238,NORMAL
2015-08-14,0.3235554235506712,NORMAL
2015-08-15,0.4444078818061243,NORMAL
2015-08-16,0.4366548039027879,NORMAL
2015-08-17,0.269856976861818,NORMAL
2015-08-18,0.3025177743862928,NORMAL
2015-08-19,0.105791750516878,NORMAL
2015-08-20,0.2260259574675918,NORMAL
2015-08-21,1.2962260500861305,CRITICAL
2015-08-22,0.8536242627284686,NORMAL
2015-08-23,0.6061928571259718,NORMAL
2015-08-24,0.7004267630863957,NORMAL
2015-08-25,0.6530996640479937,NORMAL
2015-08-26,0.1340414772369274,NORMAL
2015-08-27,0.1408250083352465,NORMAL
2015-08-28,0.1273208257488276,NORMAL
2015-08-29,0.389024124934602,NORMAL
2015-08-30,0.4226276632078931,NORMAL
2015-08-31,0.6021730703795197,NORMAL
2015-09-01,0.4181995298806757,NORMAL
2015-09-02,0.4352285734598101,NORMAL
2015-09-03,0.0791157221078955,NORMAL
2015-09-04,0.0836548505186433,NORMAL
2015-09-05,0.1266635000903367,NORMAL
2015-09-06,0.1841594716759323,NORMAL
2015-09-07,0.1723962258867997,NORMAL
2015-09-08,0.1846198813097544,NORMAL
2015-09-09,0.4085564579401683,NORMAL
2015-09-10,0.358090094762025,NORMAL
2015-09-11,0.2686041295088855,NORMAL
2015-09-12,0.3361026234297607,NORMAL
2015-09-13,0.3618687788511942,NORMAL
2015-09-14,0.2908786812994356,NORMAL
2015-09-15,0.3207933585320551,NORMAL
2015-09-16,0.2695608355709618,NORMAL
2015-09-17,0.2161075971356973,NORMAL
2015-09-18,0.217007985073853,NORMAL
2015-09-19,0.1663178458891778,NORMAL
2015-09-20,0.2059184362198619,NORMAL
2015-09-21,0.1894606710273172,NORMAL
2015-09-22,0.2269150397414076,NORMAL
2015-09-23,0.0947063142603658,NORMAL
2015-09-24,0.1205347252608952,NORMAL
2015-09-25,0.3584786580617198,NORMAL
2015-09-26,0.3867960841866356,NORMAL
2015-09-27,0.3261883078941774,NORMAL
2015-09-28,0.2878812112133014,NORMAL
2015-09-29,0.2707666314808,NORMAL
2015-09-30,0.0710268723757592,NORMAL
2015-10-01,0.9178130773704586,CRITICAL
2015-10-02,0.5164354528498197,NORMAL
2015-10-03,0.2501573141039221,NORMAL
2015-10-04,0.2595457219572257,NORMAL
2015-10-05,0.2898367910039365,NORMAL
2015-10-06,0.2742799141894017,NORMAL
2015-10-07,0.36266606176469,NORMAL
2015-10-08,1.1307094004085614,CRITICAL
2015-10-09,0.7568175050426087,WARNING
2015-10-10,1.004073676198316,CRITICAL
2015-10-11,1.0547686059308428,CRITICAL
2015-10-12,0.9394288345860388,WARNING
2015-10-13,0.830585318855391,NORMAL
2015-10-14,0.2311449024489574,NORMAL
2015-10-15,0.1365851171532227,NORMAL
2015-10-16,0.1921315250357821,NORMAL
2015-10-17,0.2333995531543324,NORMAL
2015-10-18,0.2285950411066945,NORMAL
2015-10-19,0.1948838340047136,NORMAL
2015-10-20,0.2170173372417481,NORMAL
2015-10-21,0.3631117770555072,NORMAL
2015-10-22,0.0535103131958238,NORMAL
2015-10-23,0.0384652059200444,NORMAL
2015-10-24,0.1127518462984802,NORMAL
2015-10-25,0.121577158715768,NORMAL
2015-10-26,0.0840290361225657,NORMAL
2015-10-27,0.1100040626595484,NORMAL
2015-10-28,0.4583072896833298,NORMAL
2015-10-29,0.3696513906920968,NORMAL
2015-10-30,0.208537017379316,NORMAL
2015-10-31,0.2803209999555957,NORMAL
2015-11-01,0.2811599091559379,NORMAL
2015-11-02,0.2262072837895819,NORMAL
2015-11-03,0.2414692836068738,NORMAL
2015-11-04,0.0352679444238184,NORMAL
2015-11-05,0.2932174968897759,NORMAL
2015-11-06,0.3265286706857841,NORMAL
2015-11-07,0.3229419091193923,NORMAL
2015-11-08,0.2974895630670644,NORMAL
2015-11-09,0.2982724781150379,NORMAL
2015-11-10,0.2752217717466885,NORMAL
2015-11-11,0.299591636892081,NORMAL
2015-11-12,0.0732074161117129,NORMAL
2015-11-13,0.1863204741808311,NORMAL
2015-11-14,0.1327226208398087,NORMAL
2015-11-15,0.1518453266474868,NORMAL
2015-11-16,0.1780974664699215,NORMAL
2015-11-17,0.2097646839108577,NORMAL
2015-11-18,0.3565447371732435,NORMAL
2015-11-19,0.0665530603787929,NORMAL
2015-11-20,0.0370176556108904,NORMAL
2015-11-21,0.0466571028046555,NORMAL
2015-11-22,0.0573944746102452,NORMAL
2015-11-23,0.0771776391827043,NORMAL
2015-11-24,0.0904460892051457,NORMAL
2015-11-25,0.4106882084620443,NORMAL
2015-11-26,0.5386917554100565,NORMAL
2015-11-27,0.5300560937667584,NORMAL
2015-11-28,0.4901355763753597,NORMAL
2015-11-29,0.439050939892599,NORMAL
2015-11-30,0.411419079658642,NORMAL
2015-12-01,0.3942984531059801,NORMAL
2015-12-02,0.5850951717027352,CRITICAL
2015-12-03,0.4053374447823236,NORMAL
2015-12-04,0.157814879071819,NORMAL
2015-12-05,0.0895791767456192,NORMAL
2015-12-06,0.1297609002346224,NORMAL
2015-12-07,0.1733246145715753,NORMAL
2015-12-08,0.1728807924447842,NORMAL
2015-12-09,0.4397992961445415,WARNING
2015-12-10,0.2737168028357126,NORMAL
2015-12-11,0.2738872498549989,NORMAL
2015-12-12,0.1907570688666559,NORMAL
2015-12-13,0.2244498435848446,NORMAL
2015-12-14,0.1676735919828177,NORMAL
2015-12-15,0.1261172865210055,NORMAL
2015-12-16,0.037822924377013,NORMAL
2015-12-17,0.0408847199336751,NORMAL
2015-12-18,0.0256523053258007,NORMAL
2015-12-19,0.083541354650029,NORMAL
2015-12-20,0.0945808842242267,NORMAL
2015-12-21,0.1011532585962733,NORMAL
2015-12-22,0.1427490779964598,NORMAL
2015-12-23,0.2237508882340488,NORMAL
2015-12-24,0.2199091867338969,NORMAL
2015-12-25,0.0558917369331323,NORMAL
2015-12-26,0.0285310185745374,NORMAL
2015-12-27,0.0848377397327707,NORMAL
2015-12-28,0.1592986520156529,NORMAL
2015-12-29,0.2223561684465895,NORMAL
2015-12-30,0.4665833560045499,WARNING
2015-12-31,0.4222534973975864,WARNING
2016-01-01,0.3486107375031781,NORMAL
2016-01-02,0.3995525137807566,NORMAL
2016-01-03,0.4270805220003373,NORMAL
2016-01-04,0.357902951882282,NORMAL
2016-01-05,0.3436706552311233,NORMAL
2016-01-06,0.667006566940588,CRITICAL
2016-01-07,0.3819762263796111,NORMAL
2016-01-08,0.6794062156826426,CRITICAL
2016-01-09,0.7168779929213779,CRITICAL
2016-01-10,0.6876954169603442,WARNING
2016-01-11,0.7099483524138144,WARNING
2016-01-12,0.6629507272680027,NORMAL
2016-01-13,0.2451084012471402,NORMAL
2016-01-14,0.318741643192331,NORMAL
2016-01-15,0.3045173609127366,NORMAL
2016-01-16,0.4192675287696323,NORMAL
2016-01-17,0.4447458623150215,NORMAL
2016-01-18,0.4046422603719202,NORMAL
2016-01-19,0.4691643296377952,NORMAL
2016-01-20,0.641980642563136,NORMAL
2016-01-21,0.5399893923043387,NORMAL
2016-01-22,0.6930425697678883,WARNING
2016-01-23,0.7726230704077186,CRITICAL
2016-01-24,0.5837517562962241,NORMAL
2016-01-25,0.5045630319913124,NORMAL
2016-01-26,0.4400711620080844,NORMAL
2016-01-27,0.1220081575735336,NORMAL
2016-01-28,0.3368550272224818,NORMAL
2016-01-29,0.4543284857245206,NORMAL
2016-01-30,0.4901259414341142,NORMAL
2016-01-31,0.5464012586090113,NORMAL
2016-02-01,0.5576858603673853,NORMAL
2016-02-02,0.4901834271077831,NORMAL
2016-02-03,0.020764901414376,NORMAL
2016-02-04,0.0520181104756537,NORMAL
2016-02-05,0.1322349101913651,NORMAL
2016-02-06,0.1535055543376435,NORMAL
2016-02-07,0.222192487668347,NORMAL
2016-02-08,0.094028161754562,NORMAL
2016-02-09,0.1750868220331882,NORMAL
2016-02-10,0.0290569380130821,NORMAL
2016-02-11,0.2022952701917688,NORMAL
2016-02-12,0.0853733898373356,NORMAL
2016-02-13,0.1583165704752231,NORMAL
2016-02-14,0.0989318324287419,NORMAL
2016-02-15,0.0585203536786671,NORMAL
2016-02-16,0.0857890682587419,NORMAL
2016-02-17,0.3063179382469052,NORMAL
2016-02-18,0.3330725507804454,NORMAL
2016-02-19,0.1937795979660584,NORMAL
2016-02-20,0.1205945379064145,NORMAL
2016-02-21,0.1119150180300051,NORMAL
2016-02-22,0.2018981746004378,NORMAL
2016-02-23,0.226099258659414,NORMAL
2016-02-24,0.0069230084024802,NORMAL
2016-02-25,0.0357687198968955,NORMAL
2016-02-26,0.041904287835322,NORMAL
2016-02-27,0.0568437528933626,NORMAL
2016-02-28,0.1051156457500987,NORMAL
2016-02-29,0.1077350157685836,NORMAL
2016-03-01,0.1492487003221763,NORMAL
2016-03-02,0.1840501349535668,NORMAL
2016-03-03,0.0453451795523133,NORMAL
2016-03-04,0.1775924684445019,NORMAL
2016-03-05,0.0818048317195425,NORMAL
2016-03-06,0.333821715197772,NORMAL
2016-03-07,0.2534552613011757,NORMAL
2016-03-08,0.1371887198846489,NORMAL
2016-03-09,0.1870878308927875,NORMAL
2016-03-10,0.1755526726666904,NORMAL
2016-03-11,0.181788082486983,NORMAL
2016-03-12,0.1948497394436045,NORMAL
2016-03-13,0.2026378725539031,NORMAL
2016-03-14,0.3016878384299357,NORMAL
2016-03-15,0.3524769699872563,NORMAL
2016-03-16,0.2466275399370683,NORMAL
2016-03-17,0.312684283185234,NORMAL
2016-03-18,0.4386396895760767,NORMAL
2016-03-19,0.3500056822577916,NORMAL
2016-03-20,0.3573192982915141,NORMAL
2016-03-21,0.3546962533330272,NORMAL
2016-03-22,0.3116464083690251,NORMAL
2016-03-23,0.0912171334897977,NORMAL
2016-03-24,0.034569592647542,NORMAL
2016-03-25,0.0374109181885356,NORMAL
2016-03-26,0.1611691440410451,NORMAL
2016-03-27,0.1714434773113084,NORMAL
2016-03-28,0.2605917646608793,NORMAL
2016-03-29,0.2630536993481235,NORMAL
2016-03-30,0.1833051828320833,NORMAL
2016-03-31,0.3313974007781964,NORMAL
2016-04-01,0.2633883835682239,NORMAL
2016-04-02,0.1707819757446784,NORMAL
2016-04-03,0.2501766644155154,NORMAL
2016-04-04,0.273847550993291,NORMAL
2016-04-05,0.2425420245844082,NORMAL
2016-04-06,0.0514130526552452,NORMAL
2016-04-07,0.1287856712941715,NORMAL
2016-04-08,0.1301309812175537,NORMAL
2016-04-09,0.2497493366086078,NORMAL
2016-04-10,0.2463911174128187,NORMAL
2016-04-11,0.2269434338561524,NORMAL
2016-04-12,0.2712865360501008,NORMAL
2016-04-13,0.1261500828370615,NORMAL
2016-04-14,0.0621531315794993,NORMAL
2016-04-15,0.0318428944498739,NORMAL
2016-04-16,0.1244686314334266,NORMAL
2016-04-17,0.1415781368571176,NORMAL
2016-04-18,0.0950167629699382,NORMAL
2016-04-19,0.0955590116316093,NORMAL
2016-04-20,0.1571221481763989,NORMAL
2016-04-21,0.1947848430040848,NORMAL
2016-04-22,0.2071599351186771,NORMAL
2016-04-23,0.1670962610229311,NORMAL
2016-04-24,0.1851889853485673,NORMAL
2016-04-25,0.2768997038858912,NORMAL
2016-04-26,0.1151050601773448,NORMAL
2016-04-27,0.0334158533152222,NORMAL
2016-04-28,0.1273385969762924,NORMAL
2016-04-29,0.0911393237144999,NORMAL
2016-04-30,0.065189498697878,NORMAL
2016-05-01,0.0303965791144551,NORMAL
2016-05-02,0.0997402133975334,NORMAL
2016-05-03,0.3704891577879158,NORMAL
2016-05-04,1.2108774643236968,CRITICAL
2016-05-05,0.6588138119586817,WARNING
2016-05-06,0.5013753534911004,NORMAL
2016-05-07,0.5640322783301562,WARNING
2016-05-08,0.4790105806428441,NORMAL
2016-05-09,0.4743490692980495,NORMAL
2016-05-10,0.4294074036209409,NORMAL
2016-05-11,0.440733857918506,NORMAL
2016-05-12,0.999795469260826,CRITICAL
2016-05-13,0.5631368684313118,WARNING
2016-05-14,0.4557488367371958,NORMAL
2016-05-15,0.6294099851979317,WARNING
2016-05-16,0.6748592430954852,WARNING
2016-05-17,0.5899464016293612,NORMAL
2016-05-18,0.1918778801135909,NORMAL
2016-05-19,0.1510427543330531,NORMAL
2016-05-20,0.1673779696968231,NORMAL
2016-05-21,0.1662251549692749,NORMAL
2016-05-22,0.1781951300291178,NORMAL
2016-05-23,0.1503611628055712,NORMAL
2016-05-24,0.3308915888768519,NORMAL
2016-05-25,0.0180713023649978,NORMAL
2016-05-26,0.0420904411574457,NORMAL
2016-05-27,0.1027783271171451,NORMAL
2016-05-28,0.1073476074386974,NORMAL
2016-05-29,0.1071324108368666,NORMAL
2016-05-30,0.1282626291262737,NORMAL
2016-05-31,0.1412961991167179,NORMAL
2016-06-01,0.1291869919162656,NORMAL
2016-06-02,0.3297739026557853,NORMAL
2016-06-03,0.1600245231638863,NORMAL
2016-06-04,0.0505090098207361,NORMAL
2016-06-05,0.0336953993767532,NORMAL
2016-06-06,0.0349524698250254,NORMAL
2016-06-07,0.0580852226557099,NORMAL
2016-06-08,0.7636455750693417,WARNING
2016-06-09,0.4095653443295188,NORMAL
2016-06-10,0.9052889443299338,CRITICAL
2016-06-11,0.835964465822144,WARNING
2016-06-12,0.6688801504864919,NORMAL
2016-06-13,0.6283399302107485,NORMAL
2016-06-14,0.5013246776579877,NORMAL
2016-06-15,0.5316556030732027,NORMAL
2016-06-16,0.4169456783159482,NORMAL
2016-06-17,0.3284025305791246,NORMAL
2016-06-18,0.0527237665276088,NORMAL
2016-06-19,0.1141729377711787,NORMAL
2016-06-20,0.1215250945055347,NORMAL
2016-06-21,0.1493175138498915,NORMAL
2016-06-22,0.3370477160437574,NORMAL
2016-06-23,0.6246839722343068,NORMAL
2016-06-24,0.6138691530612774,NORMAL
2016-06-25,0.5586038473030818,NORMAL
2016-06-26,0.6869630983107737,NORMAL
2016-06-27,0.6597046654278823,NORMAL
2016-06-28,0.6273257686530241,NORMAL
2016-06-29,0.3186471665142716,NORMAL
2016-06-30,0.4008226765634534,NORMAL
2016-07-01,0.4411748841666416,NORMAL
2016-07-02,0.3978759759245012,NORMAL
2016-07-03,0.3875441923355967,NORMAL
2016-07-04,0.4501712795826172,NORMAL
2016-07-05,0.4647302041024093,NORMAL
2016-07-06,0.1501986838991294,NORMAL
2016-07-07,0.0980334633273076,NORMAL
2016-07-08,0.1401268760173845,NORMAL
2016-07-09,0.1215146669942565,NORMAL
2016-07-10,0.0943605271606732,NORMAL
2016-07-11,0.1404747747809892,NORMAL
2016-07-12,0.1853172191288251,NORMAL
2016-07-13,0.3665391101905526,NORMAL
2016-07-14,0.0339265497724917,NORMAL
2016-07-15,0.2075449863840773,NORMAL
2016-07-16,0.2929693764822475,NORMAL
2016-07-17,0.289722910842803,NORMAL
2016-07-18,0.29456063735979,NORMAL
2016-07-19,0.3124068998465757,NORMAL
2016-07-20,0.4391239137184792,NORMAL
2016-07-21,0.3322385476212766,NORMAL
2016-07-22,0.5205030374457942,NORMAL
2016-07-23,0.5311931243214284,NORMAL
2016-07-24,0.4117103878725022,NORMAL
2016-07-25,0.3895334738008004,NORMAL
2016-07-26,0.3242356153961504,NORMAL
2016-07-27,0.144880474621886,NORMAL
2016-07-28,0.0255984893299423,NORMAL
2016-07-29,0.0461105607902692,NORMAL
2016-07-30,0.1390599710212274,NORMAL
2016-07-31,0.1374592639738059,NORMAL
2016-08-01,0.1380902948960869,NORMAL
2016-08-02,0.129349777868024,NORMAL
2016-08-03,0.3348846289536543,NORMAL
2016-08-04,0.0763209699393293,NORMAL
2016-08-05,0.0436520552748509,NORMAL
2016-08-06,0.427766225896092,NORMAL
2016-08-07,0.1710130718601986,NORMAL
2016-08-08,0.1079413242413362,NORMAL
2016-08-09,0.164045284981207,NORMAL
2016-08-10,0.1294744974116778,NORMAL
2016-08-11,0.0216252361317298,NORMAL
2016-08-12,0.0579738511633976,NORMAL
2016-08-13,0.0608425704749696,NORMAL
2016-08-14,0.1395193081833504,NORMAL
2016-08-15,0.1702963658527009,NORMAL
2016-08-16,0.1270232203306126,NORMAL
2016-08-17,0.4792113604503045,NORMAL
2016-08-18,0.2094418008119507,NORMAL
2016-08-19,0.2280063266865132,NORMAL
2016-08-20,0.2865831365758083,NORMAL
2016-08-21,0.2399580875198793,NORMAL
2016-08-22,0.2779035081058927,NORMAL
2016-08-23,0.3261418913731518,NORMAL
2016-08-24,0.3505251731885266,NORMAL
2016-08-25,0.0506174367226339,NORMAL
2016-08-26,0.1365633762334117,NORMAL
2016-08-27,0.2068074305815068,NORMAL
2016-08-28,0.2303807938580642,NORMAL
2016-08-29,0.3548369154984803,NORMAL
2016-08-30,0.2968267388870362,NORMAL
2016-08-31,0.0874978999511285,NORMAL
2016-09-01,1.0720632363899834,CRITICAL
2016-09-02,0.4382988393112972,NORMAL
2016-09-03,0.3576984482182503,NORMAL
2016-09-04,0.2935373299573382,NORMAL
2016-09-05,0.1756121359086886,NORMAL
2016-09-06,0.1173539867802022,NORMAL
2016-09-07,0.2904443358293156,NORMAL
2016-09-08,0.3249090414817204,NORMAL
2016-09-09,0.2979166711941494,NORMAL
2016-09-10,0.3391594859708108,NORMAL
2016-09-11,0.2698786113062371,NORMAL
2016-09-12,0.2322408789758603,NORMAL
2016-09-13,0.2353633075728942,NORMAL
2016-09-14,0.7779571353362367,CRITICAL
2016-09-15,1.094405459611763,CRITICAL
2016-09-16,0.515073807313164,NORMAL
2016-09-17,0.3305363332452911,NORMAL
2016-09-18,0.2736360540851975,NORMAL
2016-09-19,0.2167842751481375,NORMAL
2016-09-20,0.1379561297161269,NORMAL
2016-09-21,0.1703240300749593,NORMAL
2016-09-22,0.1879782690024506,NORMAL
2016-09-23,0.2334306906599877,NORMAL
2016-09-24,0.0161947235422879,NORMAL
2016-09-25,0.1167662727521352,NORMAL
2016-09-26,0.0542963735901434,NORMAL
2016-09-27,0.3231793305505741,NORMAL
2016-09-28,0.0642490232926521,NORMAL
2016-09-29,0.0408074236429028,NORMAL
2016-09-30,0.0598749663189411,NORMAL
2016-10-01,0.1767026904709766,NORMAL
2016-10-02,0.2433397861225434,NORMAL
2016-10-03,0.0962620343277156,NORMAL
2016-10-04,0.1508126086375316,NORMAL
2016-10-05,0.3176888619634325,NORMAL
2016-10-06,0.120648526618742,NORMAL
2016-10-07,0.1529338548887288,NORMAL
2016-10-08,0.280615988034395,NORMAL
2016-10-09,0.1385747404707948,NORMAL
2016-10-10,0.1313133774273037,NORMAL
2016-10-11,0.133437455661209,NORMAL
2016-10-12,0.1126752833067528,NORMAL
2016-10-13,0.0858463885738545,NORMAL
2016-10-14,0.0181122417137413,NORMAL
2016-10-15,0.190453658685943,NORMAL
2016-10-16,0.1211907224039668,NORMAL
2016-10-17,0.1060253487559723,NORMAL
2016-10-18,0.0851928765220556,NORMAL
2016-10-19,0.5532225778386164,NORMAL
2016-10-20,0.3344867246805723,NORMAL
2016-10-21,0.4747599884613472,NORMAL
2016-10-22,0.3588664156818765,NORMAL
2016-10-23,0.408159539696052,NORMAL
2016-10-24,0.4410088039813664,NORMAL
2016-10-25,0.6609640106024093,NORMAL
2016-10-26,0.1724498992359768,NORMAL
2016-10-27,0.4426148520835383,NORMAL
2016-10-28,0.4218772899145488,NORMAL
2016-10-29,0.4672214304785303,NORMAL
2016-10-30,0.4829161070375234,NORMAL
2016-10-31,0.5139824951136509,NORMAL
2016-11-01,0.5354740068345605,NORMAL
2016-11-02,0.4951039137666518,NORMAL
2016-11-03,0.5214657401667061,NORMAL
2016-11-04,0.5221978226478527,NORMAL
2016-11-05,0.5297266933490724,NORMAL
2016-11-06,0.4932190012120839,NORMAL
2016-11-07,0.571264173804036,WARNING
2016-11-08,0.5388382363490319,NORMAL
2016-11-09,0.0910410221252861,NORMAL
2016-11-10,0.2657651550358775,NORMAL
2016-11-11,0.1557600393758614,NORMAL
2016-11-12,0.1512757453939044,NORMAL
2016-11-13,0.2164191968572685,NORMAL
2016-11-14,0.2954060487477993,NORMAL
2016-11-15,0.2684740077132258,NORMAL
2016-11-16,0.493246882500459,NORMAL
2016-11-17,0.281999522717214,NORMAL
2016-11-18,0.402096570673121,NORMAL
2016-11-19,0.2684839194728409,NORMAL
2016-11-20,0.2952406363422895,NORMAL
2016-11-21,0.3065674013586829,NORMAL
2016-11-22,0.3319840521605359,NORMAL
2016-11-23,0.0600472647875587,NORMAL
2016-11-24,0.1585297900523881,NORMAL
2016-11-25,0.1535831171635182,NORMAL
2016-11-26,0.179658095676761,NORMAL
2016-11-27,0.2702068909692969,NORMAL
2016-11-28,0.2660866762732665,NORMAL
2016-11-29,0.2474737442576395,NORMAL
2016-11-30,0.3691118937878945,NORMAL
2016-12-01,0.6693541749410699,CRITICAL
2016-12-02,0.2334055372029225,NORMAL
2016-12-03,0.3413724239943119,NORMAL
2016-12-04,0.2190898090635823,NORMAL
2016-12-05,0.127257275283507,NORMAL
2016-12-06,0.1190556960791904,NORMAL
2016-12-07,0.0569066256084125,NORMAL
2016-12-08,0.1411752749280597,NORMAL
2016-12-09,0.0134171116296053,NORMAL
2016-12-10,0.0168300811689698,NORMAL
2016-12-11,0.0173604158477274,NORMAL
2016-12-12,0.0348745869672323,NORMAL
2016-12-13,0.0463551745037733,NORMAL
2016-12-14,0.0802966884584023,NORMAL
2016-12-15,0.1481238106035895,NORMAL
2016-12-16,0.0242123172697972,NORMAL
2016-12-17,0.0279418054880224,NORMAL
2016-12-18,0.0359626999173309,NORMAL
2016-12-19,0.0362564144101819,NORMAL
2016-12-20,0.0347599756388486,NORMAL
2016-12-21,0.0856306105232678,NORMAL
2016-12-22,0.1272036429179694,NORMAL
2016-12-23,0.061517066353202,NORMAL
2016-12-24,0.096904716373741,NORMAL
2016-12-25,0.0358140854040186,NORMAL
2016-12-26,0.0275143352431924,NORMAL
2016-12-27,0.0588839222396205,NORMAL
2016-12-28,0.416490093282187,WARNING
2016-12-29,0.0695990477388821,NORMAL
2016-12-30,0.0206095395769951,NORMAL
2016-12-31,0.2089301719738625,NORMAL
2017-01-01,0.1546334682635173,NORMAL
2017-01-02,0.2976344908585311,NORMAL
2017-01-03,0.202198284975542,NORMAL
2017-01-04,1.1001055963766322,CRITICAL
2017-01-05,0.9996900154813684,CRITICAL
2017-01-06,0.8366408700653704,CRITICAL
2017-01-07,0.6562664973883583,NORMAL
2017-01-08,0.5224708623490363,NORMAL
2017-01-09,0.5100402299950877,NORMAL
2017-01-10,0.3904079978326357,NORMAL
2017-01-11,0.041080023821315,NORMAL
2017-01-12,0.0930838762613472,NORMAL
2017-01-13,0.081622088181558,NORMAL
2017-01-14,0.0391423570742162,NORMAL
2017-01-15,0.0527113665202242,NORMAL
2017-01-16,0.0893755905141378,NORMAL
2017-01-17,0.0747416764441588,NORMAL
2017-01-18,0.1065695997677381,NORMAL
2017-01-19,0.1368189321348884,NORMAL
2017-01-20,0.1293571079868934,NORMAL
2017-01-21,0.1242933412802519,NORMAL
2017-01-22,0.1237250789642343,NORMAL
2017-01-23,0.0946786269507515,NORMAL
2017-01-24,0.1189650566147284,NORMAL
2017-01-25,0.2909684880228643,NORMAL
2017-01-26,0.1166043925138417,NORMAL
2017-01-27,0.0900096470953525,NORMAL
2017-01-28,0.1963326308277755,NORMAL
2017-01-29,0.098458312588124,NORMAL
2017-01-30,0.1305801242467244,NORMAL
2017-01-31,0.1637194127251076,NORMAL
2017-02-01,0.0059746480072203,NORMAL
2017-02-02,0.17793595378272,NORMAL
2017-02-03,0.1202651108395765,NORMAL
2017-02-04,0.1494882040933026,NORMAL
2017-02-05,0.1455598104725813,NORMAL
2017-02-06,0.1290523180748065,NORMAL
2017-02-07,0.1179449101311069,NORMAL
2017-02-08,0.19184810658248,NORMAL
2017-02-09,0.1257758696228424,NORMAL
2017-02-10,0.2037178588814626,NORMAL
2017-02-11,0.2697754549989326,NORMAL
2017-02-12,0.1119302537656684,NORMAL
2017-02-13,0.177168589831948,NORMAL
2017-02-14,0.1643336650987492,NORMAL
2017-02-15,0.0993710216156974,NORMAL
2017-02-16,0.3949053436420771,NORMAL
2017-02-17,0.2840788344196856,NORMAL
2017-02-18,0.1987463911700004,NORMAL
2017-02-19,0.2383517455198369,NORMAL
2017-02-20,0.3636687060088929,NORMAL
2017-02-21,0.3824630517240161,NORMAL
2017-02-22,0.4482898093291168,NORMAL
2017-02-23,0.3019446419584622,NORMAL
2017-02-24,0.0620854333607445,NORMAL
2017-02-25,0.1221268939089259,NORMAL
2017-02-26,0.0736836062890244,NORMAL
2017-02-27,0.0840112565625307,NORMAL
2017-02-28,0.1305528887217162,NORMAL
2017-03-01,0.1068834362252773,NORMAL
2017-03-02,0.3519624411038112,NORMAL
2017-03-03,0.3924530387920739,NORMAL
2017-03-04,0.4667966127332012,NORMAL
2017-03-05,0.4818053452220325,WARNING
2017-03-06,0.4807905032227322,NORMAL
2017-03-07,0.4535356311687377,NORMAL
2017-03-08,0.1976657169791576,NORMAL
2017-03-09,0.4093895059107335,NORMAL
2017-03-10,0.26706748017048,NORMAL
2017-03-11,0.2337635957193373,NORMAL
2017-03-12,0.2901459876043567,NORMAL
2017-03-13,0.3719624414285401,NORMAL
2017-03-14,0.4227532819237286,NORMAL
2017-03-15,0.2924596119832128,NORMAL
2017-03-16,0.3412099165969252,NORMAL
2017-03-17,0.3300693412015757,NORMAL
2017-03-18,0.3041775305918076,NORMAL
2017-03-19,0.3457169368729162,NORMAL
2017-03-20,0.3882173576233309,NORMAL
2017-03-21,0.4000651604231525,NORMAL
2017-03-22,0.3454833341780622,NORMAL
2017-03-23,0.2313553336217822,NORMAL
2017-03-24,0.2606176102340013,NORMAL
2017-03-25,0.28230171590368,NORMAL
2017-03-26,0.2958795321947905,NORMAL
2017-03-27,0.3307211091763049,NORMAL
2017-03-28,0.3227556024304905,NORMAL
2017-03-29,0.5189042228757232,WARNING
2017-03-30,0.4168344071149282,NORMAL
2017-04-02,0.2052512003823867,NORMAL
2017-04-03,0.1922805040773881,NORMAL
2017-04-04,0.2237097658847377,NORMAL
2017-04-05,0.1413691957442018,NORMAL
2017-04-06,0.0682156595779154,NORMAL
2017-04-07,0.0707518436048571,NORMAL
2017-04-08,0.1063454912225985,NORMAL
2017-04-09,0.0703747754032558,NORMAL
2017-04-10,0.153120163992097,NORMAL
2017-04-11,0.1352025176572348,NORMAL
2017-04-12,0.585495861017549,WARNING
2017-04-13,0.0480360396576961,NORMAL
2017-04-14,0.2157052026517351,NORMAL
2017-04-15,0.3018377764526411,NORMAL
2017-04-16,0.3169580054054831,NORMAL
2017-04-17,0.1719310803626539,NORMAL
2017-04-18,0.1562563672117233,NORMAL
2017-04-19,1.5085461149617414,CRITICAL
2017-04-20,0.5951675782887361,WARNING
2017-04-21,0.1329268052025551,NORMAL
2017-04-22,0.1378624742628801,NORMAL
2017-04-23,0.0578042873242513,NORMAL
2017-04-24,0.1199873621015954,NORMAL
2017-04-25,0.1739220910306999,NORMAL
2017-04-26,0.2459222163400512,NORMAL
2017-04-27,0.1198509925573172,NORMAL
2017-04-28,0.1526088924016145,NORMAL
2017-04-29,0.0818853015518819,NORMAL
2017-04-30,0.1086791222829528,NORMAL
2017-05-01,0.1289973717454045,NORMAL
2017-05-02,0.221216218841163,NORMAL
2017-05-03,0.0167861228950439,NORMAL
2017-05-04,0.1235704089043685,NORMAL
2017-05-05,0.385469731613886,NORMAL
2017-05-06,0.3548762377356357,NORMAL
2017-05-07,0.2013719849082755,NORMAL
2017-05-08,0.0469748216298325,NORMAL
2017-05-09,0.059983867920657,NORMAL
2017-05-10,0.2031905221201265,NORMAL
2017-05-11,0.4740454734824377,NORMAL
2017-05-12,0.4599312402951253,NORMAL
2017-05-13,0.4003064809580467,NORMAL
2017-05-14,0.0748386732583402,NORMAL
2017-05-15,0.2386821262055107,NORMAL
2017-05-16,0.3997632579949865,NORMAL
2017-05-17,0.4762569310712648,NORMAL
2017-05-18,0.6919905628799271,CRITICAL
2017-05-19,0.8506872402487716,CRITICAL
2017-05-20,0.9847183288317553,CRITICAL
2017-05-21,1.2326189454748426,CRITICAL
2017-05-22,1.395148101072614,CRITICAL
2017-05-23,1.5401189971512073,CRITICAL
2017-05-24,0.4128402419097991,NORMAL
2017-05-25,0.5695961730556782,NORMAL
2017-05-26,0.7023580061916613,WARNING
2017-05-27,0.8294105203629857,WARNING
2017-05-28,0.9649268358269154,WARNING
2017-05-29,1.0771296130026178,CRITICAL
2017-05-30,1.1811590438191155,CRITICAL
2017-05-31,0.3758505933225353,NORMAL
2017-06-01,0.5116821531094514,NORMAL
2017-06-02,0.524753740890475,NORMAL
2017-06-03,0.5156807100897064,NORMAL
2017-06-04,0.586827802049958,NORMAL
2017-06-05,0.6395617843711868,NORMAL
2017-06-06,0.6793915898215482,NORMAL
2017-06-07,0.1504367032263002,NORMAL
2017-06-08,0.4119068055298279,NORMAL
2017-06-09,0.3188577265734509,NORMAL
2017-06-10,0.3357697877419431,NORMAL
2017-06-11,0.3956885183067395,NORMAL
2017-06-12,0.4018213976612539,NORMAL
2017-06-13,0.4113988257708287,NORMAL
2017-06-14,0.0140349453321548,NORMAL
2017-06-15,0.1779171255635247,NORMAL
2017-06-16,0.2507172607395173,NORMAL
2017-06-17,0.2720513560029223,NORMAL
2017-06-18,0.1898172715552743,NORMAL
2017-06-19,0.1397819642581831,NORMAL
2017-06-20,0.1702101269281243,NORMAL
2017-06-21,0.2992617473969698,NORMAL
2017-06-22,0.3965500586445725,NORMAL
2017-06-23,0.3711324268807668,NORMAL
2017-06-24,0.2070918835298252,NORMAL
2017-06-25,0.2146757186693621,NORMAL
2017-06-26,0.2724624769414628,NORMAL
2017-06-27,0.2872960037253996,NORMAL
2017-06-28,0.2402238022555755,NORMAL
2017-06-29,0.0769256543059136,NORMAL
2017-06-30,0.9121497969266532,CRITICAL
2017-07-01,0.5583618351567694,NORMAL
2017-07-02,0.352066498015834,NORMAL
2017-07-03,0.3836418971837385,NORMAL
2017-07-04,0.2863234324380783,NORMAL
2017-07-05,0.0456359749215794,NORMAL
2017-07-06,0.1938174761903258,NORMAL
2017-07-07,0.305345452787326,NORMAL
2017-07-08,0.2530169481693068,NORMAL
2017-07-09,0.3328543527772185,NORMAL
2017-07-10,0.4066117726530504,NORMAL
2017-07-11,0.367752137148006,NORMAL
2017-07-12,0.2133064196199368,NORMAL
2017-07-13,0.1451253254253256,NORMAL
2017-07-14,0.6427498527137734,WARNING
2017-07-15,0.2609472979154089,NORMAL
2017-07-16,0.1900357732095072,NORMAL
2017-07-17,0.2776439749978963,NORMAL
2017-07-18,0.2726520671718387,NORMAL
2017-07-19,0.6739061357428006,CRITICAL
2017-07-20,0.7158924770251294,CRITICAL
2017-07-21,0.4591187240993862,NORMAL
2017-07-22,0.3774647135150065,NORMAL
2017-07-23,0.3685435390134285,NORMAL
2017-07-24,0.4441127020367529,NORMAL
2017-07-25,0.4769239741425596,NORMAL
2017-07-26,0.1813576225430891,NORMAL
2017-07-27,0.231647974264028,NORMAL
2017-07-28,0.1136505845211948,NORMAL
2017-07-29,0.1076841847634655,NORMAL
2017-07-30,0.3518971102530844,NORMAL
2017-07-31,0.3632119687829531,NORMAL
2017-08-01,0.296303441806139,NORMAL
2017-08-02,0.8357057767354107,WARNING
2017-08-03,0.4823095913274652,NORMAL
2017-08-04,1.8730121397593469,CRITICAL
2017-08-05,1.3304402218493163,CRITICAL
2017-08-06,1.299943520581355,CRITICAL
2017-08-07,1.196376277378643,CRITICAL
2017-08-08,0.8411373039146323,NORMAL
2017-08-09,0.4311997280771655,NORMAL
2017-08-10,0.1266440820194556,NORMAL
2017-08-11,0.1065390301804889,NORMAL
2017-08-12,0.3426986587495527,NORMAL
2017-08-13,0.2832033298985353,NORMAL
2017-08-14,0.2197491716325486,NORMAL
2017-08-15,0.1738522702317877,NORMAL
2017-08-16,0.1931223070688147,NORMAL
2017-08-17,0.1795344253681303,NORMAL
2017-08-18,0.2137308543003447,NORMAL
2017-08-19,0.1988346677910354,NORMAL
2017-08-20,0.1690792625685199,NORMAL
2017-08-21,0.1947842845571016,NORMAL
2017-08-22,0.202872231642543,NORMAL
2017-08-23,0.8652316341231288,NORMAL
2017-08-24,0.6451661933548446,NORMAL
2017-08-25,0.4115078765805883,NORMAL
2017-08-26,0.3004434993681361,NORMAL
2017-08-27,0.2747757990127357,NORMAL
2017-08-28,0.2685884081458277,NORMAL
2017-08-29,0.3013942532759344,NORMAL
2017-08-30,0.1290502251395678,NORMAL
2017-08-31,0.0590394762338637,NORMAL
2017-09-01,0.0723581584106726,NORMAL
2017-09-02,0.1431986642375435,NORMAL
2017-09-03,0.1580173560643527,NORMAL
2017-09-04,0.1364968557589886,NORMAL
2017-09-05,0.2242821167913748,NORMAL
2017-09-06,0.791504899443513,CRITICAL
2017-09-07,0.5209441173721919,WARNING
2017-09-08,0.4749422776007965,NORMAL
2017-09-09,0.3474074290581828,NORMAL
2017-09-10,0.2779454217513751,NORMAL
2017-09-11,0.3457539201214646,NORMAL
2017-09-12,0.2934430979538578,NORMAL
2017-09-13,0.0633581954590908,NORMAL
2017-09-14,0.0483171836092714,NORMAL
2017-09-15,0.077085878148787,NORMAL
2017-09-16,0.0560380401110296,NORMAL
2017-09-17,0.3228809648641136,NORMAL
2017-09-18,0.3997977351290824,NORMAL
2017-09-19,0.1445446533035325,NORMAL
2017-09-20,1.0302666231386042,CRITICAL
2017-09-21,0.6159846975803452,WARNING
2017-09-22,0.4083441867561049,NORMAL
2017-09-23,0.3163963858653077,NORMAL
2017-09-24,0.3579156401495715,NORMAL
2017-09-25,0.3415615748843114,NORMAL
2017-09-26,0.3411560715914765,NORMAL
2017-09-27,0.1332350370779113,NORMAL
2017-09-28,0.07781218505247,NORMAL
2017-09-29,0.1898313141814232,NORMAL
2017-09-30,0.1762940941634318,NORMAL
2017-10-01,0.2079140410013681,NORMAL
2017-10-02,0.1924682137626647,NORMAL
2017-10-03,0.1576143044665152,NORMAL
2017-10-04,0.0250122980338898,NORMAL
2017-10-05,0.0269954860458219,NORMAL
2017-10-06,0.0978217693281561,NORMAL
2017-10-07,0.1301658247284333,NORMAL
2017-10-08,0.1768234552342662,NORMAL
2017-10-09,0.1724556286318782,NORMAL
2017-10-10,0.1345680380369299,NORMAL
2017-10-11,0.3563282111346297,NORMAL
2017-10-12,0.0868212797932087,NORMAL
2017-10-13,0.0586136249316957,NORMAL
2017-10-14,0.2709077060189365,NORMAL
2017-10-15,0.2057361894060217,NORMAL
2017-10-16,0.1952515205349596,NORMAL
2017-10-17,0.1564515925016587,NORMAL
2017-10-18,0.122423129807801,NORMAL
2017-10-19,0.3289366561757426,NORMAL
2017-10-20,0.4265139212722995,NORMAL
2017-10-21,0.5430077642981759,NORMAL
2017-10-22,0.367721415660541,NORMAL
2017-10-23,0.4457265996475548,NORMAL
2017-10-24,0.392787490985125,NORMAL
2017-10-25,0.0367261674631062,NORMAL
2017-10-26,0.2628668701417393,NORMAL
2017-10-27,0.4758730243774217,NORMAL
2017-10-28,0.4167966707304533,NORMAL
2017-10-29,0.3607086371210037,NORMAL
2017-10-30,0.387975969709361,NORMAL
2017-10-31,0.4547247586610911,NORMAL
2017-11-01,0.038568848645356,NORMAL
2017-11-02,0.1109285078197547,NORMAL
2017-11-03,0.1500640057594126,NORMAL
2017-11-04,0.1873565742811599,NORMAL
2017-11-05,0.1953336749292549,NORMAL
2017-11-06,0.1982140550968213,NORMAL
2017-11-07,0.2570766465459744,NORMAL
2017-11-08,0.2686670070229395,NORMAL
2017-11-09,0.2287078514109621,NORMAL
2017-11-10,0.2686213454791313,NORMAL
2017-11-11,0.1318677191722091,NORMAL
2017-11-12,0.153000922413575,NORMAL
2017-11-13,0.3465290123242084,NORMAL
2017-11-14,0.2682844829510698,NORMAL
2017-11-15,0.4047588877335163,NORMAL
2017-11-16,0.2570078580265182,NORMAL
2017-11-17,0.207127809059064,NORMAL
2017-11-18,0.0824924492093788,NORMAL
2017-11-19,0.0645239934666487,NORMAL
2017-11-20,0.0853196450542408,NORMAL
2017-11-21,0.1067759525554029,NORMAL
2017-11-22,0.7676381159317561,CRITICAL
2017-11-23,0.4755448492871895,NORMAL
2017-11-24,0.4416601908294709,NORMAL
2017-11-25,0.3591424707566827,NORMAL
2017-11-26,0.2866002048486728,NORMAL
2017-11-27,0.19888692249007,NORMAL
2017-11-28,0.2315197107858724,NORMAL
2017-11-29,0.1709722035355441,NORMAL
2017-11-30,0.2235429139236076,NORMAL
2017-12-01,0.0278062164755787,NORMAL
2017-12-02,0.1622742672700549,NORMAL
2017-12-03,0.1492114608865111,NORMAL
2017-12-04,0.1111387635131837,NORMAL
2017-12-05,0.0530610542404759,NORMAL
2017-12-06,0.1214304015864539,NORMAL
2017-12-07,0.0148498592810293,NORMAL
2017-12-08,0.0205548005615187,NORMAL
2017-12-09,0.0800911208509333,NORMAL
2017-12-10,0.1618632032345908,NORMAL
2017-12-11,0.1060105267011892,NORMAL
2017-12-12,0.0785794456179477,NORMAL
2017-12-13,0.3031566330209067,NORMAL
2017-12-14,1.4936272118602705,CRITICAL
2017-12-15,1.0239766725821662,CRITICAL
2017-12-16,0.4188237832540281,WARNING
2017-12-17,0.3924898465890502,NORMAL
2017-12-18,0.2588515602963341,NORMAL
2017-12-19,0.2095511363312944,NORMAL
2017-12-20,0.0549692470926109,NORMAL
2017-12-21,0.0164527014963978,NORMAL
2017-12-22,0.078148378958837,NORMAL
2017-12-23,0.0470194943761238,NORMAL
2017-12-24,0.0256013103375559,NORMAL
2017-12-25,0.0556127592856704,NORMAL
2017-12-26,0.0405552493230641,NORMAL
2017-12-27,0.0911378360101703,NORMAL
2017-12-28,0.0546552109901619,NORMAL
2017-12-29,0.202915523281474,NORMAL
2017-12-30,0.2691039015072934,NORMAL
2017-12-31,0.2325014120515902,NORMAL
2018-01-01,0.2351894660156628,NORMAL
2018-01-02,0.1832671340560938,NORMAL
2018-01-03,0.1573963784114564,NORMAL
2018-01-04,0.0974171979926631,NORMAL
2018-01-05,0.0731951970767396,NORMAL
2018-01-06,0.0285341563269994,NORMAL
2018-01-07,0.0634962261420936,NORMAL
2018-01-08,0.0975610449614233,NORMAL
2018-01-09,0.0756401413662804,NORMAL
2018-01-10,0.4187787092238053,NORMAL
2018-01-11,0.2648032191896077,NORMAL
2018-01-12,0.1391282091491066,NORMAL
2018-01-13,0.0510428456725129,NORMAL
2018-01-14,0.0742173349602711,NORMAL
2018-01-15,0.0658949247748641,NORMAL
2018-01-16,0.0853869030304244,NORMAL
2018-01-17,0.946675194836576,CRITICAL
2018-01-18,0.2453643957521336,NORMAL
2018-01-19,0.2206893211511845,NORMAL
2018-01-20,0.2078398663939943,NORMAL
2018-01-21,0.0486189401579875,NORMAL
2018-01-22,0.0841662909986831,NORMAL
2018-01-23,0.1257651831440928,NORMAL
2018-01-24,0.2682887178292751,NORMAL
2018-01-25,0.198246226236716,NORMAL
2018-01-26,0.0875756625914894,NORMAL
2018-01-27,0.1517989720676755,NORMAL
2018-01-28,0.0948902081311527,NORMAL
2018-01-29,0.0396315307763979,NORMAL
2018-01-30,0.160040850846393,NORMAL
2018-01-31,0.4938699964795476,NORMAL
2018-02-01,0.2664542237109535,NORMAL
2018-02-02,0.2074253566209808,NORMAL
2018-02-03,0.1423052486119846,NORMAL
2018-02-04,0.0682025785595947,NORMAL
2018-02-05,0.02114715964196,NORMAL
2018-02-06,0.082552600889954,NORMAL
2018-02-07,0.8522572487298324,CRITICAL
2018-02-08,0.7363676986977045,CRITICAL
2018-02-09,0.7519458065114637,CRITICAL
2018-02-10,0.7430827327760886,CRITICAL
2018-02-11,0.8723380514947067,CRITICAL
2018-02-12,0.873684807197668,CRITICAL
2018-02-13,0.775737593841724,CRITICAL
2018-02-14,0.2734055420593416,NORMAL
2018-02-15,0.2543565329802174,NORMAL
2018-02-16,0.3910771490445439,NORMAL
2018-02-17,0.3889692245802021,NORMAL
2018-02-18,0.3781639873894907,NORMAL
2018-02-19,0.4067311595331465,NORMAL
2018-02-20,0.3753121197091167,NORMAL
2018-02-21,0.1303417025805383,NORMAL
2018-02-22,0.2003447716159751,NORMAL
2018-02-23,0.2710654685829287,NORMAL
2018-02-24,0.2587794035619474,NORMAL
2018-02-25,0.289357874098897,NORMAL
2018-02-26,0.2590186159005484,NORMAL
2018-02-27,0.2479794562208479,NORMAL
2018-02-28,1.1341121886137584,CRITICAL
2018-03-01,0.3788370905567755,NORMAL
2018-03-02,0.4092312576400344,NORMAL
2018-03-03,0.5057786509022352,WARNING
2018-03-04,0.4048779330363932,NORMAL
2018-03-05,0.348216654658816,NORMAL
2018-03-06,0.3266489261282354,NORMAL
2018-03-07,0.0792409656870777,NORMAL
2018-03-08,0.0618783716805284,NORMAL
2018-03-09,0.0485558495461768,NORMAL
2018-03-10,0.0991583551046437,NORMAL
2018-03-11,0.1376782741445333,NORMAL
2018-03-12,0.280617235962719,NORMAL
2018-03-13,0.3157657189717011,NORMAL
2018-03-14,0.0312457616538253,NORMAL
2018-03-15,0.245391893525463,NORMAL
2018-03-16,0.2109997264936175,NORMAL
2018-03-17,0.256321367036559,NORMAL
2018-03-18,0.1636331822043149,NORMAL
2018-03-19,0.1518353233400406,NORMAL
2018-03-20,0.1811816963788916,NORMAL
2018-03-21,0.3478551376438817,NORMAL
2018-03-22,0.1676915163467095,NORMAL
2018-03-23,0.2716456233256351,NORMAL
2018-03-24,0.3855862224935187,NORMAL
2018-03-25,0.4403810599402821,NORMAL
2018-03-26,0.4656598255827358,NORMAL
2018-03-27,0.4507711269390358,NORMAL
2018-03-28,0.4868313959318073,WARNING
2018-03-29,0.2336834267544487,NORMAL
2018-03-30,0.2294564486494543,NORMAL
2018-03-31,0.0976622418380574,NORMAL
2018-04-01,0.0817817997446226,NORMAL
2018-04-02,0.1471777089653793,NORMAL
2018-04-03,0.1338533996895026,NORMAL
2018-04-04,0.2696929779993947,NORMAL
2018-04-05,0.1148910520884073,NORMAL
2018-04-06,0.265711720975498,NORMAL
2018-04-07,0.2747468111849587,NORMAL
2018-04-08,0.1416927653665476,NORMAL
2018-04-09,0.1082028197845242,NORMAL
2018-04-10,0.1563887103600111,NORMAL
2018-04-11,1.3809047958053424,CRITICAL
2018-04-12,0.7932572832360163,CRITICAL
2018-04-13,0.5655541511870451,WARNING
2018-04-14,0.9813804151059952,CRITICAL
2018-04-15,0.9334665036971218,CRITICAL
2018-04-16,0.7190363447661078,CRITICAL
2018-04-17,0.64743297809585,WARNING
2018-04-18,0.222527029147859,NORMAL
2018-04-19,0.1295912220048969,NORMAL
2018-04-20,0.3927071442908391,NORMAL
2018-04-21,0.5248111284999851,NORMAL
2018-04-22,0.4297432856245484,NORMAL
2018-04-23,0.4406298721609611,NORMAL
2018-04-24,0.4874188350101656,NORMAL
2018-04-25,0.326927067037627,NORMAL
2018-04-26,0.1364837835841452,NORMAL
2018-04-27,0.1978399495008614,NORMAL
2018-04-28,0.2188896068084347,NORMAL
2018-04-29,0.2173637592350894,NORMAL
2018-04-30,0.2488661439000945,NORMAL
2018-05-01,0.2710592948764248,NORMAL
2018-05-02,0.1450390586163127,NORMAL
2018-05-03,0.3123005110051977,NORMAL
2018-05-04,0.2433282603101667,NORMAL
2018-05-05,0.2486581127635266,NORMAL
2018-05-06,0.2362412269243698,NORMAL
2018-05-07,0.2268541866044094,NORMAL
2018-05-08,0.2457687371915116,NORMAL
2018-05-09,0.5091502969268575,NORMAL
2018-05-10,0.5313483376120504,NORMAL
2018-05-11,0.4190969977231643,NORMAL
2018-05-12,0.2535337481494935,NORMAL
2018-05-13,0.1468049087934464,NORMAL
2018-05-14,0.1225979052788005,NORMAL
2018-05-15,0.0892974993614628,NORMAL
2018-05-16,0.6645513976600786,NORMAL
2018-05-17,0.7608184542027829,WARNING
2018-05-18,0.8721498092226331,WARNING
2018-05-19,0.8657226149615762,WARNING
2018-05-20,0.7947775880249045,WARNING
2018-05-21,0.8792176035447661,WARNING
2018-05-22,0.7618878211662873,NORMAL
2018-05-23,0.0510057542679779,NORMAL
2018-05-24,0.2983885653527304,NORMAL
2018-05-25,0.4019382321236262,NORMAL
2018-05-26,0.4446886131908019,NORMAL
2018-05-27,0.4928100714936422,NORMAL
2018-05-28,0.5475550332218944,NORMAL
2018-05-29,0.5994542252335802,NORMAL
2018-05-30,0.186291096942206,NORMAL
2018-05-31,0.301772453675979,NORMAL
2018-06-01,0.3320367185685051,NORMAL
2018-06-02,0.3551657605593684,NORMAL
2018-06-03,0.3731366585809184,NORMAL
2018-06-04,0.4625234519232329,NORMAL
2018-06-05,0.3200981872320876,NORMAL
2018-06-06,0.9232740542774064,CRITICAL
2018-06-07,0.8027599527490085,WARNING
2018-06-08,0.7609684935474695,WARNING
2018-06-09,0.650551981723949,NORMAL
2018-06-10,0.642423931182564,NORMAL
2018-06-11,0.6224248641240168,NORMAL
2018-06-12,0.6178744572475053,NORMAL
2018-06-13,0.3345673229497725,NORMAL
2018-06-14,0.0788370626928687,NORMAL
2018-06-15,0.2830216381350427,NORMAL
2018-06-16,0.1521652092857498,NORMAL
2018-06-17,0.1171924706800654,NORMAL
2018-06-18,0.1596500820903367,NORMAL
2018-06-19,0.194179248744063,NORMAL
2018-06-20,0.363952223015362,NORMAL
2018-06-21,0.4208438889640579,NORMAL
2018-06-22,0.4226420124049276,NORMAL
2018-06-23,0.4612892072605988,NORMAL
2018-06-24,0.4152143033333169,NORMAL
2018-06-25,0.2000647723461464,NORMAL
2018-06-26,0.2396333109177423,NORMAL
2018-06-27,0.1801999777530334,NORMAL
2018-06-28,0.1169229564445211,NORMAL
2018-06-29,0.0847955715530675,NORMAL
2018-07-20,1.5552620792948908,CRITICAL
2018-07-21,0.9364292444626128,CRITICAL
2018-07-22,0.7112159564558727,CRITICAL
2018-07-23,0.5810401483215101,NORMAL
2018-07-24,0.4450934341494579,NORMAL
2018-07-25,3.401193868816844,CRITICAL
2018-07-26,2.67057901757406,CRITICAL
2018-07-27,1.820251724208954,CRITICAL
2018-07-28,1.517869698532018,CRITICAL
2018-07-29,1.2781628162694334,CRITICAL
2018-07-30,1.1142271783994306,CRITICAL
2018-07-31,1.0400396336369004,CRITICAL
2018-08-01,0.1123601998958279,NORMAL
2018-08-02,0.0767287290174385,NORMAL
2018-08-03,0.3760203440930563,NORMAL
2018-08-04,0.6596260317613352,NORMAL
2018-08-05,0.7711811187998614,NORMAL
2018-08-06,0.7405119265285556,NORMAL
2018-08-07,0.651971740936788,NORMAL
2018-08-08,0.229548917903188,NORMAL
2018-08-09,0.4096764825013711,NORMAL
2018-08-10,0.4629884143342179,NORMAL
2018-08-11,0.385899805352237,NORMAL
2018-08-12,0.4181787287140556,NORMAL
2018-08-13,0.4314607738302126,NORMAL
2018-08-14,0.4513647554325605,NORMAL
2018-08-15,0.4054173607780578,NORMAL
2018-08-16,0.4553684916681626,NORMAL
2018-08-17,0.4988579677641559,NORMAL
2018-08-18,0.5645357688308675,NORMAL
2018-08-19,0.4918429159066569,NORMAL
2018-08-20,0.4823435690021762,NORMAL
2018-08-21,0.4778845377130195,NORMAL
2018-08-22,0.1659395681683207,NORMAL
2018-08-23,0.3527235104938937,NORMAL
2018-08-24,0.4926972359768089,NORMAL
2018-08-25,1.7408037874293645,CRITICAL
2018-08-26,1.6345944478943308,CRITICAL
2018-08-27,1.7413393950735605,CRITICAL
2018-08-28,1.476665951525202,CRITICAL
2018-08-29,0.283190327219814,NORMAL
2018-08-30,1.0927951037331112,WARNING
2018-08-31,0.9225677384208952,WARNING
2018-09-01,0.653422758549362,WARNING
2018-09-02,0.5603755373888055,WARNING
2018-09-03,0.840582708899339,CRITICAL
2018-09-04,1.0262739721998515,CRITICAL
2018-09-05,0.344641192713004,NORMAL
2018-09-06,0.3342155270208877,NORMAL
2018-09-07,0.3053520667591307,NORMAL
2018-09-08,0.3564886691343459,NORMAL
2018-09-09,0.385305806345267,NORMAL
2018-09-10,0.3949003113672069,NORMAL
2018-09-11,0.3482825073165448,NORMAL
2018-09-12,0.7105311673186465,WARNING
2018-09-13,0.5548819868325422,NORMAL
2018-09-14,0.4097942728877491,NORMAL
2018-09-15,0.3293422960488101,NORMAL
2018-09-16,0.2846634418036766,NORMAL
2018-09-17,0.2908499451848086,NORMAL
2018-09-18,0.2826114290455834,NORMAL
2018-09-19,0.0289908349833507,NORMAL
2018-09-20,0.0714700384013276,NORMAL
2018-09-21,0.3239854159218213,NORMAL
2018-09-22,0.4170698264059901,NORMAL
2018-09-23,0.344195420586664,NORMAL
2018-09-24,0.0925250240951856,NORMAL
2018-09-25,0.1001695361013838,NORMAL
2018-09-26,0.0717874692580143,NORMAL
2018-09-27,0.0552999564929985,NORMAL
2018-09-28,0.0701928812632526,NORMAL
2018-09-29,0.1642028541491809,NORMAL
2018-09-30,0.1778211562206425,NORMAL
2018-10-01,0.1701835915990416,NORMAL
2018-10-02,0.1605596737928387,NORMAL
2018-10-03,0.6820198438886693,WARNING
2018-10-04,0.9904964928231464,CRITICAL
2018-10-05,0.7239221503559772,WARNING
2018-10-06,0.5913875829972042,NORMAL
2018-10-07,0.4738752746183813,NORMAL
2018-10-08,0.4188048594208352,NORMAL
2018-10-09,0.3623270183141693,NORMAL
2018-10-10,0.0354773949661545,NORMAL
2018-10-11,0.0625460311835177,NORMAL
2018-10-12,0.1355081476851055,NORMAL
2018-10-13,0.1962557756601115,NORMAL
2018-10-14,0.1897226294208988,NORMAL
2018-10-15,0.1899602655239657,NORMAL
2018-10-16,0.1863922401085797,NORMAL
2018-10-17,0.0832956010284307,NORMAL
2018-10-18,0.0179788727660692,NORMAL
2018-10-19,0.0334883227133153,NORMAL
2018-10-20,0.0395942515322555,NORMAL
2018-10-21,0.0708185021353088,NORMAL
2018-10-22,0.1085272991616939,NORMAL
2018-10-23,0.0577517198161632,NORMAL
2018-10-24,0.064467717562694,NORMAL
2018-10-25,0.0158324051255443,NORMAL
2018-10-26,0.0090881255856625,NORMAL
2018-10-27,0.0155234152042913,NORMAL
2018-10-28,0.0065321060188961,NORMAL
2018-10-29,0.058039896372941,NORMAL
2018-10-30,0.034398557773996,NORMAL
2018-10-31,0.0303244450491613,NORMAL
2018-11-01,0.1064140704049416,NORMAL
2018-11-02,0.0952311328247763,NORMAL
2018-11-03,0.0530359914929594,NORMAL
2018-11-04,0.0841883801530261,NORMAL
2018-11-05,0.08409848723862,NORMAL
2018-11-06,0.0722294337437614,NORMAL
2018-11-07,0.3286621543849155,NORMAL
2018-11-08,0.1048251120430499,NORMAL
2018-11-09,0.4382321805268515,NORMAL
2018-11-10,0.4852627841777431,NORMAL
2018-11-11,0.4218791577088924,NORMAL
2018-11-12,0.3002827215639363,NORMAL
2018-11-13,0.2612662131034263,NORMAL
2018-11-14,0.1709039885035312,NORMAL
2018-11-15,0.0309469155154046,NORMAL
2018-11-16,0.0777897348870417,NORMAL
2018-11-17,0.0350666210101621,NORMAL
2018-11-18,0.0372626663987396,NORMAL
2018-11-19,0.0512242739254799,NORMAL
2018-11-20,0.0694777694596991,NORMAL
2018-11-21,0.2805434639147713,NORMAL
2018-11-22,0.2243807265937305,NORMAL
2018-11-23,0.188494614688873,NORMAL
2018-11-24,0.1431379015099999,NORMAL
2018-11-25,0.1514376885768681,NORMAL
2018-11-26,0.1325847212122446,NORMAL
2018-11-27,0.1240477118383558,NORMAL
2018-11-28,0.649525011467346,CRITICAL
2018-11-29,0.3002590126330853,NORMAL
2018-11-30,0.2822479414916707,NORMAL
2018-12-01,0.3389111842290357,NORMAL
2018-12-02,0.3021843565218898,NORMAL
2018-12-03,0.3085589685612213,NORMAL
2018-12-04,0.3750332542798369,NORMAL
2018-12-05,0.3816065260349395,NORMAL
2018-12-06,0.441424046997384,WARNING
2018-12-07,0.4393328913594441,WARNING
2018-12-08,0.5814475360761733,CRITICAL
2018-12-09,0.6229653260937011,CRITICAL
2018-12-10,0.5930419569645742,CRITICAL
2018-12-11,0.5603805135762134,WARNING
2018-12-12,0.0698098471408973,NORMAL
2018-12-13,0.1426969155559382,NORMAL
2018-12-14,0.1967588790885034,NORMAL
2018-12-15,0.2262544861276111,NORMAL
2018-12-16,0.2300469473760342,NORMAL
2018-12-17,0.3133625884219493,NORMAL
2018-12-18,0.3495201750526058,NORMAL
2018-12-19,0.0638695600636128,NORMAL
2018-12-20,0.1302835902211412,NORMAL
2018-12-21,0.2199676746483146,NORMAL
2018-12-22,0.2679141989082568,NORMAL
2018-12-23,0.2933474002775439,NORMAL
2018-12-24,0.2945605033956301,NORMAL
2018-12-25,0.2949278603872672,NORMAL
2018-12-26,0.4076800827634202,NORMAL
2018-12-27,0.3741035805130928,NORMAL
2018-12-28,0.3149051497003692,NORMAL
2018-12-29,0.4122441986998716,NORMAL
2018-12-30,0.4298360998403748,WARNING
2018-12-31,0.4665529717696646,WARNING
2019-01-01,0.4357371106565557,NORMAL
2019-01-02,0.1236858459218752,NORMAL
2019-01-03,0.1334574324944223,NORMAL
2019-01-04,0.0858049912000121,NORMAL
2019-01-05,0.1230445793541535,NORMAL
2019-01-06,0.1651217412173569,NORMAL
2019-01-07,0.1685783697143285,NORMAL
2019-01-08,0.1952572466860404,NORMAL
2019-01-09,0.0938679897941638,NORMAL
2019-01-10,0.0941404238685925,NORMAL
2019-01-11,0.0421718712355093,NORMAL
2019-01-12,0.0685679897103294,NORMAL
2019-01-13,0.0898475613753089,NORMAL
2019-01-14,0.1663002459840388,NORMAL
2019-01-15,0.1880321859911792,NORMAL
2019-01-16,0.1526037811888099,NORMAL
2019-01-17,0.1613475224465868,NORMAL
2019-01-18,0.0534771305687026,NORMAL
2019-01-19,0.0683472320880157,NORMAL
2019-01-20,0.1097924009371701,NORMAL
2019-01-21,0.096757078349976,NORMAL
2019-01-22,0.0657869585278184,NORMAL
2019-01-23,0.1145795909733293,NORMAL
2019-01-24,0.2241450421610696,NORMAL
2019-01-25,0.2068813892867159,NORMAL
2019-01-26,0.3202471709428095,NORMAL
2019-01-27,0.2989789962954806,NORMAL
2019-01-28,0.1804188125738859,NORMAL
2019-01-29,0.1854869453001001,NORMAL
2019-01-30,0.751533750669147,CRITICAL
2019-01-31,0.2018671323639009,NORMAL
2019-02-01,0.1567927450234948,NORMAL
2019-02-02,0.2267803991387277,NORMAL
2019-02-03,0.1752458967295363,NORMAL
2019-02-04,0.1704634105854741,NORMAL
2019-02-05,0.1538000945321064,NORMAL
2019-02-06,0.125728584781051,NORMAL
2019-02-07,0.1989665979417062,NORMAL
2019-02-08,0.1607611979807387,NORMAL
2019-02-09,0.1763983324134098,NORMAL
2019-02-10,0.1807707595054246,NORMAL
2019-02-11,0.1764108974870614,NORMAL
2019-02-12,0.1807363479125902,NORMAL
2019-02-13,0.1356729983010797,NORMAL
2019-02-14,0.0476312088852972,NORMAL
2019-02-15,0.0562068984283588,NORMAL
2019-02-16,0.1372878578186029,NORMAL
2019-02-17,0.195909130823783,NORMAL
2019-02-18,0.2698313809196527,NORMAL
2019-02-19,0.2535633993556823,NORMAL
2019-02-20,0.050908877027753,NORMAL
2019-02-21,0.1224453332329554,NORMAL
2019-02-22,0.0783359018039352,NORMAL
2019-02-23,0.1394626671189451,NORMAL
2019-02-24,0.075621880997597,NORMAL
2019-02-25,0.0530872935931658,NORMAL
2019-02-26,0.0601567936150631,NORMAL
2019-02-27,0.029083444776387,NORMAL
2019-02-28,0.1420536704469662,NORMAL
2019-03-01,0.2315583613938168,NORMAL
2019-03-02,0.3205923319217736,NORMAL
2019-03-03,0.4210343966378547,NORMAL
2019-03-04,0.3925011047521873,NORMAL
2019-03-05,0.3672455438695311,NORMAL
2019-03-06,0.4564562921261508,NORMAL
2019-03-07,0.3327845602273043,NORMAL
2019-03-08,0.242414960747602,NORMAL
2019-03-09,0.1483338521711572,NORMAL
2019-03-10,0.1425111984158319,NORMAL
2019-03-11,0.1218425354042574,NORMAL
2019-03-12,0.1158700536235714,NORMAL
2019-03-13,0.5229584846339289,CRITICAL
2019-03-14,0.2177714290533081,NORMAL
2019-03-15,0.1474030323215794,NORMAL
2019-03-16,0.1173183973788983,NORMAL
2019-03-17,0.0929650941885366,NORMAL
2019-03-18,0.0516787922305591,NORMAL
2019-03-19,0.020309872152705,NORMAL
2019-03-20,0.5172889067976374,WARNING
2019-03-21,0.0076164206544915,NORMAL
2019-03-22,0.2531274740031933,NORMAL
2019-03-23,0.2764356956376814,NORMAL
2019-03-24,0.2205551791857355,NORMAL
2019-03-25,0.0988115363317244,NORMAL
2019-03-26,0.0528497498824851,NORMAL
2019-03-27,0.2328280220137904,NORMAL
2019-03-28,0.2054270969126365,NORMAL
2019-03-29,0.1406920333162472,NORMAL
2019-03-30,0.1019350527661831,NORMAL
2019-03-31,0.0888625812237763,NORMAL
2019-04-01,0.0949621558002612,NORMAL
2019-04-02,0.0938081289384377,NORMAL
2019-04-03,0.4108538698818325,NORMAL
2019-04-04,0.3999523945908932,NORMAL
2019-04-05,1.5541800585599352,CRITICAL
2019-04-06,1.1584505060312518,CRITICAL
2019-04-07,0.8771809178027129,CRITICAL
2019-04-08,0.6704349662858888,WARNING
2019-04-09,0.5996307423472935,NORMAL
2019-04-10,0.4644646443089758,NORMAL
2019-04-11,0.3164947897367038,NORMAL
2019-04-12,0.2095559831843082,NORMAL
2019-04-13,0.1217025409558052,NORMAL
2019-04-14,0.2125134980044533,NORMAL
2019-04-15,0.2688135778042597,NORMAL
2019-04-16,0.3007305528877461,NORMAL
2019-04-17,0.954101358602106,CRITICAL
2019-04-18,1.0098289924595174,CRITICAL
2019-04-19,1.0988085343177203,CRITICAL
2019-04-20,1.0537516932037756,CRITICAL
2019-04-21,0.8664390055559096,WARNING
2019-04-22,0.8798177202885014,WARNING
2019-04-23,0.7891714817681805,WARNING
2019-04-24,0.5374838102596258,NORMAL
2019-04-25,0.5106227550517067,NORMAL
2019-04-26,0.5709977749463151,NORMAL
2019-04-27,0.651779001214865,NORMAL
2019-04-28,0.6229406606568355,NORMAL
2019-04-29,0.6391599720316461,NORMAL
2019-04-30,0.6375740973160764,NORMAL
2019-05-01,0.0163654542716008,NORMAL
2019-05-02,0.2150151140431601,NORMAL
2019-05-03,0.290831145330445,NORMAL
2019-05-04,0.3645446202481898,NORMAL
2019-05-05,0.5617715798067183,NORMAL
2019-05-06,0.530776488807504,NORMAL
2019-05-07,0.5327391961502203,NORMAL
2019-05-08,0.3240499828603188,NORMAL
2019-05-09,0.2044845134211267,NORMAL
2019-05-10,0.1264599165003895,NORMAL
2019-05-11,0.1021572891089909,NORMAL
2019-05-12,0.1092845392604156,NORMAL
2019-05-13,0.2101343496657496,NORMAL
2019-05-14,0.2696197482178011,NORMAL
2019-05-15,0.2143742267639254,NORMAL
2019-05-16,0.03552324532358,NORMAL
2019-05-17,0.1973420817813991,NORMAL
2019-05-18,0.1562554448697811,NORMAL
2019-05-19,0.7497243314205382,NORMAL
2019-05-20,0.9564068191595512,WARNING
2019-05-21,0.8429479456485661,WARNING
2019-05-22,0.0215562182379922,NORMAL
2019-05-23,0.0653483131917827,NORMAL
2019-05-24,0.061571106341843,NORMAL
2019-05-25,0.1037971985835129,NORMAL
2019-05-26,0.4018981481596901,NORMAL
2019-05-27,0.8263936877993893,WARNING
2019-05-28,0.7193845859165676,NORMAL
2019-05-29,0.4703320532398723,NORMAL
2019-05-30,0.3600481688931757,NORMAL
2019-05-31,0.3655274939186752,NORMAL
2019-06-01,0.3850759887853399,NORMAL
2019-06-02,0.3556925550032249,NORMAL
2019-06-03,0.2699290154951448,NORMAL
2019-06-04,0.2581668564949978,NORMAL
2019-06-05,0.217737537464436,NORMAL
2019-06-06,0.3661890508583006,NORMAL
2019-06-07,0.3397514868935902,NORMAL
2019-06-08,0.345035434678084,NORMAL
2019-06-09,0.3739854744710204,NORMAL
2019-06-10,0.3601564737669417,NORMAL
2019-06-11,0.3594382529441863,NORMAL
2019-06-12,0.0918503337543131,NORMAL
2019-06-13,0.8971373578835232,CRITICAL
2019-06-14,0.7200759135959726,WARNING
2019-06-15,0.7538159012479589,WARNING
2019-06-16,0.5666888981061179,NORMAL
2019-06-17,0.5447446394602538,NORMAL
2019-06-18,0.466377709362923,NORMAL
2019-06-19,0.0361956553850189,NORMAL
2019-06-20,0.4368404129123412,NORMAL
2019-06-21,0.2957097171050442,NORMAL
2019-06-22,0.2644259406305765,NORMAL
2019-06-23,0.2034355300081027,NORMAL
2019-06-24,0.1754693850833137,NORMAL
2019-06-25,0.1902234652562288,NORMAL
2019-06-26,1.2672187896948497,CRITICAL
2019-06-27,0.8365690306441896,WARNING
2019-06-28,0.0234191470015345,NORMAL
2019-06-29,0.2551314247855673,NORMAL
2019-06-30,0.1897903886351953,NORMAL
2019-07-01,0.1840233823861922,NORMAL
2019-07-02,0.2854977429548332,NORMAL
2019-07-03,0.3001816026876882,NORMAL
2019-07-04,0.1018001482313982,NORMAL
2019-07-05,0.7490627339821962,WARNING
2019-07-06,0.5706007088276156,NORMAL
2019-07-07,0.4651059862926148,NORMAL
2019-07-08,0.4207422325827523,NORMAL
2019-07-09,0.3954605817728483,NORMAL
2019-07-10,1.0081646643176825,WARNING
2019-07-11,0.9180977232263344,WARNING
2019-07-12,0.4675650706519053,NORMAL
2019-07-13,0.6168740753521582,NORMAL
2019-07-14,0.5781085473284164,NORMAL
2019-07-15,0.4900025095798135,NORMAL
2019-07-16,0.3552033243946455,NORMAL
2019-07-17,1.9510155697185148,CRITICAL
2019-07-18,1.5520702154391752,CRITICAL
2019-07-19,1.0954194493328226,WARNING
2019-07-20,0.742244696712077,NORMAL
2019-07-21,0.6258083834520755,NORMAL
2019-07-22,0.6762165302099995,NORMAL
2019-07-23,0.5299814347541236,NORMAL
2019-07-24,0.8906781789137276,WARNING
2019-07-25,0.4774251688734826,NORMAL
2019-07-26,0.469145162795003,NORMAL
2019-07-27,0.3799588120032421,NORMAL
2019-07-28,0.5239585948028926,NORMAL
2019-07-29,0.4693388271545913,NORMAL
2019-07-30,0.3567422920365104,NORMAL
2019-07-31,0.1336419106915175,NORMAL
2019-08-01,0.3504651166873213,NORMAL
2019-08-02,0.2436316112431465,NORMAL
2019-08-03,0.0647206563941177,NORMAL
2019-08-04,0.0945056803753886,NORMAL
2019-08-05,0.2530116558852809,NORMAL
2019-08-06,0.1973644582846115,NORMAL
2019-08-07,0.3507339637992052,NORMAL
2019-08-08,1.2813366680043834,CRITICAL
2019-08-09,0.8096652613522686,NORMAL
2019-08-10,0.6329265541644636,NORMAL
2019-08-11,0.6237260018254955,NORMAL
2019-08-12,0.7685418717259834,NORMAL
2019-08-13,0.7183963774487488,NORMAL
2019-08-14,0.6111062298395855,NORMAL
2019-08-15,0.669930276212213,NORMAL
2019-08-16,0.9436393848639758,WARNING
2019-08-17,1.107155263597535,WARNING
2019-08-18,1.51659355621409,CRITICAL
2019-08-19,1.3736855355034066,CRITICAL
2019-08-20,1.3650482651166091,CRITICAL
2019-08-21,2.0681346979671877,CRITICAL
2019-08-22,0.8782631221132997,NORMAL
2019-08-23,0.7430310849666915,NORMAL
2019-08-24,0.7634869817137261,NORMAL
2019-08-25,0.7930470894632431,NORMAL
2019-08-26,0.9326155486232226,NORMAL
2019-08-27,0.9989363209338218,NORMAL
2019-08-28,0.2263963794014391,NORMAL
2019-08-29,0.3487242856956317,NORMAL
2019-08-30,0.419904352193757,NORMAL
2019-08-31,0.395456078094509,NORMAL
2019-09-01,0.4067857641270952,NORMAL
2019-09-02,0.4340914258749184,NORMAL
2019-09-03,0.491447896370935,NORMAL
2019-09-04,0.3053884104967411,NORMAL
2019-09-05,0.421788776782849,NORMAL
2019-09-06,0.254741215949549,NORMAL
2019-09-07,0.2509702805397245,NORMAL
2019-09-08,0.3581892959063876,NORMAL
2019-09-09,0.2754336455590622,NORMAL
2019-09-10,0.2511744135407668,NORMAL
2019-09-11,1.8637945292865656,CRITICAL
2019-09-12,1.1480257818730557,CRITICAL
2019-09-13,0.7420768587440609,WARNING
2019-09-14,0.7728860955462323,WARNING
2019-09-15,0.5872883003164867,NORMAL
2019-09-16,0.4570759332691083,NORMAL
2019-09-17,0.5320370467591529,NORMAL
2019-09-18,0.5146385006961137,NORMAL
2019-09-19,0.1354204360222968,NORMAL
2019-09-20,0.4704641834951349,NORMAL
2019-09-21,0.4263913834113109,NORMAL
2019-09-22,0.3694479284793815,NORMAL
2019-09-23,0.4110535026884086,NORMAL
2019-09-24,0.3473407989420753,NORMAL
2019-09-25,0.4751434552300081,NORMAL
2019-09-26,0.3843025476468689,NORMAL
2019-09-27,0.0936074679478013,NORMAL
2019-09-28,0.3799783855754896,NORMAL
2019-09-29,0.1127001939155194,NORMAL
2019-09-30,0.1696601235710821,NORMAL
2019-10-01,0.1855840214927913,NORMAL
2019-10-02,0.4307759712922422,NORMAL
2019-10-03,0.651656810260969,WARNING
2019-10-04,0.4086405286059776,NORMAL
2019-10-05,0.3409846930514333,NORMAL
2019-10-06,0.301117130356953,NORMAL
2019-10-07,0.2568169022197762,NORMAL
2019-10-08,0.2988101411163056,NORMAL
2019-10-09,0.0776738341440665,NORMAL
2019-10-10,0.3213374814387361,NORMAL
2019-10-11,0.3536900578381847,NORMAL
2019-10-12,0.3419897270615872,NORMAL
2019-10-13,0.3147029385827898,NORMAL
2019-10-14,0.3398082124301779,NORMAL
2019-10-15,0.3515458104838123,NORMAL
2019-10-16,0.0953462993192585,NORMAL
2019-10-17,0.235082206022093,NORMAL
2019-10-18,0.1910295643028237,NORMAL
2019-10-19,0.2208653040663975,NORMAL
2019-10-20,0.2798918127797885,NORMAL
2019-10-21,0.2738812579386245,NORMAL
2019-10-22,0.2950222389105257,NORMAL
2019-10-23,0.1981322296237049,NORMAL
2019-10-24,0.20885967746646,NORMAL
2019-10-25,0.3097019486899557,NORMAL
2019-10-26,0.2395961038554459,NORMAL
2019-10-27,0.3050525112097845,NORMAL
2019-10-28,0.3482356320879461,NORMAL
2019-10-29,0.3438235694964206,NORMAL
2019-10-30,0.3471571109296934,NORMAL
2019-10-31,0.5275242000961832,WARNING
2019-11-01,0.5187697530895319,NORMAL
2019-11-02,0.5369883461667206,WARNING
2019-11-03,0.4524703388699489,NORMAL
2019-11-04,0.4191798758971738,NORMAL
2019-11-05,0.4290927767131104,NORMAL
2019-11-06,0.4214739728821433,NORMAL
2019-11-07,0.2820700618500025,NORMAL
2019-11-08,0.3210589499784895,NORMAL
2019-11-09,0.3208923218540192,NORMAL
2019-11-10,0.3288233940647941,NORMAL
2019-11-11,0.3857104910070763,NORMAL
2019-11-12,0.5001898406830589,NORMAL
2019-11-13,0.0665091439072577,NORMAL
2019-11-14,0.1796241720685816,NORMAL
2019-11-15,0.1840126978996395,NORMAL
2019-11-16,0.2692138090709766,NORMAL
2019-11-17,0.2720202536602646,NORMAL
2019-11-18,0.1200165065856828,NORMAL
2019-11-19,0.1396172533692583,NORMAL
2019-11-20,0.3614957670873842,NORMAL
2019-11-21,0.0402828690334512,NORMAL
2019-11-22,0.0393207741537884,NORMAL
2019-11-23,0.2165499009389893,NORMAL
2019-11-24,0.2246597752659367,NORMAL
2019-11-25,0.2168513748007655,NORMAL
2019-11-26,0.1871635724368296,NORMAL
2019-11-27,0.3086085156376028,NORMAL
2019-11-28,0.1455753611085913,NORMAL
2019-11-29,0.2140699894189237,NORMAL
2019-11-30,0.1139761203683166,NORMAL
2019-12-01,0.2649159832433008,NORMAL
2019-12-02,0.2352400335041189,NORMAL
2019-12-03,0.293822376126669,NORMAL
2019-12-04,0.0166348411285782,NORMAL
2019-12-05,0.0689846110579679,NORMAL
2019-12-06,0.1130572280071873,NORMAL
2019-12-07,0.1010023983872221,NORMAL
2019-12-08,0.1980869042484808,NORMAL
2019-12-09,0.1127402463233301,NORMAL
2019-12-10,0.0917437956023403,NORMAL
2019-12-11,0.5591211456159947,CRITICAL
2019-12-12,0.2197112155414577,NORMAL
2019-12-13,0.1953423406266433,NORMAL
2019-12-14,0.1845585075298226,NORMAL
2019-12-15,0.1191218949493463,NORMAL
2019-12-16,0.0644786437392727,NORMAL
2019-12-17,0.0860392304193017,NORMAL
2019-12-18,0.4613484450703941,WARNING
2019-12-19,0.1066824575269873,NORMAL
2019-12-20,0.2783184975860658,NORMAL
2019-12-21,0.1620913216459333,NORMAL
2019-12-22,0.1582045342406129,NORMAL
2019-12-23,0.2076746151648317,NORMAL
2019-12-24,0.1502988332675661,NORMAL
2019-12-25,0.4142871730837373,NORMAL
2019-12-26,0.5016913276514471,WARNING
2019-12-27,0.3319553942859161,NORMAL
2019-12-28,0.4956774469163438,WARNING
2019-12-29,0.6066413135194335,CRITICAL
2019-12-30,0.7152990758528833,CRITICAL
2019-12-31,0.5895704982139904,CRITICAL
2020-01-01,0.7900080701327281,CRITICAL
2020-01-02,0.607030064426885,NORMAL
2020-01-03,0.5442355988099368,NORMAL
2020-01-04,0.4587698105682296,NORMAL
2020-01-05,0.4628035949493564,NORMAL
2020-01-06,0.4955183646603924,NORMAL
2020-01-07,0.585962050189432,NORMAL
2020-01-08,0.0728405891894982,NORMAL
2020-01-09,0.0846101868083256,NORMAL
2020-01-10,0.1730191421884556,NORMAL
2020-01-11,0.2398384814954137,NORMAL
2020-01-12,0.2543231100736008,NORMAL
2020-01-13,0.2645830460985682,NORMAL
2020-01-14,0.3306618678424598,NORMAL
2020-01-15,0.6457222563974873,WARNING
2020-01-16,0.1131608078819827,NORMAL
2020-01-17,0.2069077737599438,NORMAL
2020-01-18,0.3644183058236211,NORMAL
2020-01-19,0.3723891884042416,NORMAL
2020-01-20,0.3350822616180599,NORMAL
2020-01-21,0.3813189060847475,NORMAL
2020-01-22,0.3556472678050237,NORMAL
2020-01-23,0.0663278137163041,NORMAL
2020-01-24,0.2188638529017793,NORMAL
2020-01-25,0.3863807189559824,NORMAL
2020-01-26,0.2113869545042365,NORMAL
2020-01-27,0.253155152261198,NORMAL
2020-01-28,0.2256535493085995,NORMAL
2020-01-29,0.104881882844018,NORMAL
2020-01-30,0.3046045865860792,NORMAL
2020-01-31,0.1302019969140052,NORMAL
2020-02-01,0.0940485097975143,NORMAL
2020-02-02,0.1486901963073,NORMAL
2020-02-03,0.1580342322389046,NORMAL
2020-02-04,0.092975934488047,NORMAL
2020-02-05,0.7643283200452097,CRITICAL
2020-02-06,0.3528734194872266,NORMAL
2020-02-07,0.1806317393499074,NORMAL
2020-02-08,0.3234296804281147,NORMAL
2020-02-09,0.1526986213559192,NORMAL
2020-02-10,0.0487569290863919,NORMAL
2020-02-11,0.0774687521591349,NORMAL
2020-02-12,0.5228614297919297,WARNING
2020-02-13,0.1125689262068395,NORMAL
2020-02-14,0.0470263367757319,NORMAL
2020-02-15,0.0780684422532587,NORMAL
2020-02-16,0.0177769118946765,NORMAL
2020-02-17,0.2428439207639076,NORMAL
2020-02-18,0.2189755119318538,NORMAL
2020-02-19,0.1453440132743655,NORMAL
2020-02-20,0.0338642092885487,NORMAL
2020-02-21,0.0269471572070449,NORMAL
2020-02-22,0.0601119530235202,NORMAL
2020-02-23,0.0519985417760893,NORMAL
2020-02-24,0.0523334627307328,NORMAL
2020-02-25,0.0456793766734923,NORMAL
2020-02-26,0.6289613019299479,WARNING
2020-02-27,0.436942438288135,NORMAL
2020-02-28,0.3643577007853721,NORMAL
2020-02-29,0.1205449523845363,NORMAL
2020-03-01,0.1213870749164064,NORMAL
2020-03-02,0.0809751361121576,NORMAL
2020-03-03,0.0318072973088198,NORMAL
2020-03-04,0.1146340786499743,NORMAL
2020-03-05,0.0445243185668576,NORMAL
2020-03-06,0.1546487978397935,NORMAL
2020-03-07,0.1466172921422115,NORMAL
2020-03-08,0.2185843206789336,NORMAL
2020-03-09,0.087249453865757,NORMAL
2020-03-10,0.0625598674122285,NORMAL
2020-03-11,0.0792610299887485,NORMAL
2020-03-12,0.9673712221058652,CRITICAL
2020-03-13,0.5608007010245578,CRITICAL
2020-03-14,0.5661934428873518,CRITICAL
2020-03-15,0.1890404859481413,NORMAL
2020-03-16,0.0770121415667177,NORMAL
2020-03-17,0.0390306498507922,NORMAL
2020-03-18,0.3058718361108985,NORMAL
2020-03-19,0.3414408656128877,NORMAL
2020-03-20,0.1973837207351939,NORMAL
2020-03-21,0.2718637187530524,NORMAL
2020-03-22,0.2550194119369879,NORMAL
2020-03-23,0.3179238865957824,NORMAL
2020-03-24,0.2964895387647643,NORMAL
2020-03-25,0.0554465650649025,NORMAL
2020-03-26,0.1048326830779487,NORMAL
2020-03-27,0.0850810706967706,NORMAL
2020-03-28,0.1389106195587451,NORMAL
2020-03-29,0.1088395934963076,NORMAL
2020-03-30,0.0632074271922562,NORMAL
2020-03-31,0.0982011245864715,NORMAL
2020-04-01,0.7868537804732247,WARNING
2020-04-02,0.2830549392529297,NORMAL
2020-04-03,0.280558298759647,NORMAL
2020-04-04,0.1267983288276052,NORMAL
2020-04-05,0.2369484330831855,NORMAL
2020-04-06,0.312457986161659,NORMAL
2020-04-07,0.1937115866772103,NORMAL
2020-04-08,0.7360503111146987,WARNING
2020-04-09,0.924606230288645,WARNING
2020-04-10,0.7414984149604527,WARNING
2020-04-11,0.7001379386165465,NORMAL
2020-04-12,0.7744622134148911,WARNING
2020-04-13,0.8100235354678702,WARNING
2020-04-14,0.7733422632190009,WARNING
2020-04-15,0.3397715165353698,NORMAL
2020-04-16,0.3295957643300681,NORMAL
2020-04-17,0.4716350439598802,NORMAL
2020-04-18,0.4506063669605276,NORMAL
2020-04-19,0.4609286286698512,NORMAL
2020-04-20,0.6271972147111493,NORMAL
2020-04-21,0.6766779521827094,NORMAL
2020-04-22,0.3069521223416301,NORMAL
2020-04-23,0.5635473691898651,NORMAL
2020-04-24,0.5399791214233992,NORMAL
2020-04-25,0.4335831916125914,NORMAL
2020-04-26,0.3863565377007854,NORMAL
2020-04-27,0.477392685653818,NORMAL
2020-04-28,0.4438460568091113,NORMAL
2020-04-29,0.166909016435995,NORMAL
2020-04-30,0.1192762702015677,NORMAL
2020-05-01,0.3519210624493157,NORMAL
2020-05-02,0.302295318027414,NORMAL
2020-05-03,0.276975635239265,NORMAL
2020-05-04,0.3341513140373138,NORMAL
2020-05-05,0.3243556280202357,NORMAL
2020-05-06,0.243689823738285,NORMAL
2020-05-07,0.3707418133906145,NORMAL
2020-05-08,0.3338419290346318,NORMAL
2020-05-09,0.2945042212317698,NORMAL
2020-05-10,0.3627213197770114,NORMAL
2020-05-11,0.3635052275704339,NORMAL
2020-05-12,0.2890193539600819,NORMAL
2020-05-13,0.0802457735432222,NORMAL
2020-05-14,0.2644412302464792,NORMAL
2020-05-15,0.2509151031749654,NORMAL
2020-05-16,0.4063481410607378,NORMAL
2020-05-17,0.4454166193403197,NORMAL
2020-05-18,0.4970051435826368,NORMAL
2020-05-19,0.5021004660241054,NORMAL
2020-05-20,0.150529453423417,NORMAL
2020-05-21,0.2813133263159473,NORMAL
2020-05-22,0.4793419103945978,NORMAL
2020-05-23,0.4923099663965978,NORMAL
2020-05-24,0.5209560674875939,NORMAL
2020-05-25,0.5448955667802088,NORMAL
2020-05-26,0.5188832970496883,NORMAL
2020-05-27,0.1259949410570637,NORMAL
2020-05-28,0.4179008083558203,NORMAL
2020-05-29,0.6492849036246376,NORMAL
2020-05-30,0.7310423825855357,NORMAL
2020-05-31,0.798665907240298,WARNING
2020-06-01,0.8293000091088168,WARNING
2020-06-02,0.7870709182530967,WARNING
2020-06-03,0.6522631106691767,NORMAL
2020-06-04,0.6283786869335374,NORMAL
2020-06-05,0.644313076942713,NORMAL
2020-06-06,0.6460327141975996,NORMAL
2020-06-07,0.6185140142892102,NORMAL
2020-06-08,0.7064262378226877,NORMAL
2020-06-09,0.7422905152906225,WARNING
2020-06-10,0.0302577755008481,NORMAL
2020-06-11,0.1736824873245187,NORMAL
2020-06-12,0.1372684431300353,NORMAL
2020-06-13,0.1517063764839299,NORMAL
2020-06-14,0.1678915032027174,NORMAL
2020-06-15,0.2091181271573896,NORMAL
2020-06-16,0.2499975427548602,NORMAL
2020-06-17,0.401411784347077,NORMAL
2020-06-18,0.846989951943124,CRITICAL
2020-06-19,0.831660941008775,WARNING
2020-06-20,0.706795748400326,NORMAL
2020-06-21,0.4402032294392888,NORMAL
2020-06-22,0.5781207998813177,NORMAL
2020-06-23,0.4016166882800793,NORMAL
2020-06-24,0.0758418666975836,NORMAL
2020-06-25,0.144908608139938,NORMAL
2020-06-26,0.0529726405746771,NORMAL
2020-06-27,0.0515542681515109,NORMAL
2020-06-28,0.0998294887906727,NORMAL
2020-06-29,0.0941156374933674,NORMAL
2020-06-30,0.1672775808939675,NORMAL
2020-07-01,0.0590847076926682,NORMAL
2020-07-02,0.1666908037164352,NORMAL
2020-07-03,0.3338296985312229,NORMAL
2020-07-04,0.406553940111587,NORMAL
2020-07-05,0.0592628221650037,NORMAL
2020-07-06,0.1332377346607283,NORMAL
2020-07-07,0.2108578118972916,NORMAL
2020-07-08,0.1773272665133864,NORMAL
2020-07-09,0.2948435955725858,NORMAL
2020-07-10,0.2812938870327996,NORMAL
2020-07-11,0.2313658386892436,NORMAL
2020-07-12,0.2747929634029618,NORMAL
2020-07-13,0.1928493845221381,NORMAL
2020-07-14,0.1772584261822195,NORMAL
2020-07-15,0.1422101468614072,NORMAL
2020-07-16,0.0266519696526236,NORMAL
2020-07-17,0.0648747335630217,NORMAL
2020-07-18,0.1045442482713447,NORMAL
2020-07-19,0.0913680276539979,NORMAL
2020-07-20,0.2419954957524785,NORMAL
2020-07-21,0.1236081700604604,NORMAL
2020-07-22,0.0208180291201591,NORMAL
2020-07-23,0.1652343735755017,NORMAL
2020-07-24,0.1844457492007834,NORMAL
2020-07-25,0.2129650856144868,NORMAL
2020-07-26,0.2975911637151497,NORMAL
2020-07-27,0.3096727708795749,NORMAL
2020-07-28,0.255230318098579,NORMAL
2020-07-29,0.2719386328624412,NORMAL
2020-07-30,0.3040824323786936,NORMAL
2020-07-31,0.0687394119877043,NORMAL
2020-08-01,0.1586251325745001,NORMAL
2020-08-02,0.3029733362728168,NORMAL
2020-08-03,0.2771256336870792,NORMAL
2020-08-04,0.5367124690488007,NORMAL
2020-08-05,0.7163558695917881,NORMAL
2020-08-06,0.4212388236590537,NORMAL
2020-08-07,0.4898159984899096,NORMAL
2020-08-08,0.3473215936512153,NORMAL
2020-08-09,0.7413273375402947,NORMAL
2020-08-10,0.6151818870229926,NORMAL
2020-08-11,0.0687402452813668,NORMAL
2020-08-12,0.0484580574506605,NORMAL
2020-08-13,0.2834331518239403,NORMAL
2020-08-14,0.2418064611424968,NORMAL
2020-08-15,0.0283754658824882,NORMAL
2020-08-16,0.2939279440270951,NORMAL
2020-08-17,0.343979489306372,NORMAL
2020-08-18,0.3991142860458411,NORMAL
2020-08-19,0.4687719255130547,NORMAL
2020-08-20,0.233836987785829,NORMAL
2020-08-21,0.2655372139022411,NORMAL
2020-08-22,0.3413580086680935,NORMAL
2020-08-23,0.4391925228878586,NORMAL
2020-08-24,0.4247602172929301,NORMAL
2020-08-25,0.4248997202689114,NORMAL
2020-08-26,0.2620059028983317,NORMAL
2020-08-27,0.287691334548773,NORMAL
2020-08-28,0.661430333547199,NORMAL
2020-08-29,0.5807384504187699,NORMAL
2020-08-30,0.4159909012536166,NORMAL
2020-08-31,0.3221453164273528,NORMAL
2020-09-01,0.265262834772226,NORMAL
2020-09-02,0.1619935412115054,NORMAL
2020-09-03,0.4134798085459256,NORMAL
2020-09-04,0.4729123895272956,NORMAL
2020-09-05,0.2281450441264832,NORMAL
2020-09-06,0.094085789066821,NORMAL
2020-09-07,0.0726080064017997,NORMAL
2020-09-08,0.275007266466403,NORMAL
2020-09-09,0.050094569264789,NORMAL
2020-09-10,0.1131102977912472,NORMAL
2020-09-11,0.064136073362197,NORMAL
2020-09-12,0.0593810190629397,NORMAL
2020-09-13,0.1112629727766346,NORMAL
2020-09-14,0.1293766219224659,NORMAL
2020-09-15,0.0637800969360301,NORMAL
2020-09-16,0.8081136791144233,CRITICAL
2020-09-17,0.8026620856454318,CRITICAL
2020-09-18,0.681472487502993,WARNING
2020-09-19,0.4723691790932688,NORMAL
2020-09-20,0.3632582743029653,NORMAL
2020-09-21,0.3090273068446865,NORMAL
2020-09-22,0.2592326132957503,NORMAL
2020-09-23,0.3465302451852387,NORMAL
2020-09-24,0.460120774627325,NORMAL
2020-09-25,0.4719943150914842,NORMAL
2020-09-26,0.4472096813122884,NORMAL
2020-09-27,0.3442921967037086,NORMAL
2020-09-28,0.3584032677070931,NORMAL
2020-09-29,0.3202258275579687,NORMAL
2020-09-30,0.0875356358302284,NORMAL
2020-10-01,0.2139864978247275,NORMAL
2020-10-02,0.2390023993124056,NORMAL
2020-10-03,0.150307112407288,NORMAL
2020-10-04,0.2664126501787705,NORMAL
2020-10-05,0.4447817443158081,NORMAL
2020-10-06,0.3906676468754813,NORMAL
2020-10-07,0.2907676705083243,NORMAL
2020-10-08,0.1378335078937956,NORMAL
2020-10-09,0.0415686265306128,NORMAL
2020-10-10,0.1530653539699213,NORMAL
2020-10-11,0.1554833085915419,NORMAL
2020-10-12,0.2974189720843205,NORMAL
2020-10-13,0.2979630800583027,NORMAL
2020-10-14,0.3111767576466305,NORMAL
2020-10-15,0.2951498859012583,NORMAL
2020-10-16,0.2821420452275386,NORMAL
2020-10-17,0.1889898626450887,NORMAL
2020-10-18,0.1949989840999274,NORMAL
2020-10-19,0.2497948557386835,NORMAL
2020-10-20,0.2264669310584944,NORMAL
2020-10-21,0.3195567909005161,NORMAL
2020-10-22,0.0889389202463365,NORMAL
2020-10-23,0.0489204725718959,NORMAL
2020-10-24,0.1023234861557559,NORMAL
2020-10-25,0.0524502297060792,NORMAL
2020-10-26,0.1180282937389367,NORMAL
2020-10-27,0.1039132926923312,NORMAL
2020-10-28,0.0451128995008565,NORMAL
2020-10-29,0.1733799532905907,NORMAL
2020-10-30,0.3584245896074045,NORMAL
2020-10-31,0.3303278273397629,NORMAL
2020-11-01,0.2116339798075035,NORMAL
2020-11-02,0.1773557731478959,NORMAL
2020-11-03,0.1076685543786123,NORMAL
2020-11-04,0.5236278365843712,WARNING
2020-11-05,0.3445761471904963,NORMAL
2020-11-06,0.096033703724268,NORMAL
2020-11-07,0.1717387603303964,NORMAL
2020-11-08,0.1369546411431758,NORMAL
2020-11-09,0.0449491909694239,NORMAL
2020-11-10,0.0510202478600141,NORMAL
2020-11-11,0.4060357102397521,NORMAL
2020-11-12,0.1303688600253431,NORMAL
2020-11-13,0.1890179518119776,NORMAL
2020-11-14,0.2796433262177911,NORMAL
2020-11-15,0.22307670265243,NORMAL
2020-11-16,0.2722925644921442,NORMAL
2020-11-17,0.2183733390494936,NORMAL
2020-11-18,0.2699420822651593,NORMAL
2020-11-19,0.5307636642947696,WARNING
2020-11-20,0.6356380366619376,CRITICAL
2020-11-21,0.4897183887736537,NORMAL
2020-11-22,0.3927061220619795,NORMAL
2020-11-23,0.3213017312253435,NORMAL
2020-11-24,0.310277944436496,NORMAL
2020-11-25,0.1511004460782267,NORMAL
2020-11-26,0.4051310326399812,NORMAL
2020-11-27,0.4536185497444823,NORMAL
2020-11-28,0.4416842977187125,NORMAL
2020-11-29,0.3892800959050976,NORMAL
2020-11-30,0.4207122638475489,NORMAL
2020-12-01,0.373229569378463,NORMAL
2020-12-02,0.3138611396477989,NORMAL
2020-12-03,0.155617256327422,NORMAL
2020-12-04,0.1073527438863902,NORMAL
2020-12-05,0.1164075138387974,NORMAL
2020-12-06,0.1706368716224982,NORMAL
2020-12-07,0.2364307567286534,NORMAL
2020-12-08,0.1891433989449764,NORMAL
2020-12-09,0.3095903266632331,NORMAL
2020-12-10,0.0858121653444722,NORMAL
2020-12-11,0.2182867620134081,NORMAL
2020-12-12,0.2401091705443992,NORMAL
2020-12-13,0.227646082416968,NORMAL
2020-12-14,0.2131105360607046,NORMAL
2020-12-15,0.2168431786562768,NORMAL
2020-12-16,0.5014561312150243,WARNING
2020-12-17,0.3705283856865052,NORMAL
2020-12-18,0.2144825456314096,NORMAL
2020-12-19,0.2471117272148335,NORMAL
2020-12-20,0.279440690201362,NORMAL
2020-12-21,0.2860012415244217,NORMAL
2020-12-22,0.2344791440642145,NORMAL
2020-12-23,0.0971659176175416,NORMAL
2020-12-24,0.0544344723426553,NORMAL
2020-12-25,0.0468574282193506,NORMAL
2020-12-26,0.1655165554229484,NORMAL
2020-12-27,0.2296986948938133,NORMAL
2020-12-28,0.3177255696349332,NORMAL
2020-12-29,0.3284114730291788,NORMAL
2020-12-30,0.3147031759543865,NORMAL
2020-12-31,0.306301695176073,NORMAL
2021-01-01,0.189382127656134,NORMAL
2021-01-02,0.2100299241710225,NORMAL
2021-01-03,0.1762091720776787,NORMAL
2021-01-04,0.1436422910719952,NORMAL
2021-01-05,0.1315320508635029,NORMAL
2021-01-06,0.0145615247930011,NORMAL
2021-01-07,0.1136409288106243,NORMAL
2021-01-08,0.202858968857626,NORMAL
2021-01-09,0.3011722235626458,NORMAL
2021-01-10,0.2915317611842001,NORMAL
2021-01-11,0.1548147288198378,NORMAL
2021-01-12,0.2336391295230889,NORMAL
2021-01-13,0.0831961960613002,NORMAL
2021-01-14,0.0530511308986158,NORMAL
2021-01-15,0.0513011487405058,NORMAL
2021-01-16,0.0493047584879488,NORMAL
2021-01-17,0.039832318102887,NORMAL
2021-01-18,0.0514996518043843,NORMAL
2021-01-19,0.0408179742569704,NORMAL
2021-01-20,0.3767459576538176,NORMAL
2021-01-21,0.0085325674112959,NORMAL
2021-01-22,0.0543212154631898,NORMAL
2021-01-23,0.0608364561992848,NORMAL
2021-01-24,0.1291540066305365,NORMAL
2021-01-25,0.0601747170070938,NORMAL
2021-01-26,0.0356417494049659,NORMAL
2021-01-27,0.716934433633513,CRITICAL
2021-01-28,0.6517982578892626,WARNING
2021-01-29,0.4331325697498472,NORMAL
2021-01-30,0.4149536286736659,NORMAL
2021-01-31,0.2622089277526988,NORMAL
2021-02-01,0.2358163506586351,NORMAL
2021-02-02,0.1844079276115231,NORMAL
2021-02-03,0.6867662467563013,WARNING
2021-02-04,0.5810633953580976,WARNING
2021-02-05,0.4806865920001708,NORMAL
2021-02-06,0.5374166524208276,WARNING
2021-02-07,0.5076069661372521,NORMAL
2021-02-08,0.3764757752341222,NORMAL
2021-02-09,0.3386689181395182,NORMAL
2021-02-10,0.3755661102854223,NORMAL
2021-02-11,0.3162159505703953,NORMAL
2021-02-12,0.4276164512664346,NORMAL
2021-02-13,0.4373726484450436,NORMAL
2021-02-14,0.3518007715509514,NORMAL
2021-02-15,0.3451810110279958,NORMAL
2021-02-16,0.3744613953156512,NORMAL
2021-02-17,0.435206258245197,NORMAL
2021-02-18,0.1084493140588803,NORMAL
2021-02-19,0.2641220562171839,NORMAL
2021-02-20,0.2549992190211355,NORMAL
2021-02-21,0.2995836298407833,NORMAL
2021-02-22,0.2813574293899462,NORMAL
2021-02-23,0.1955493522775752,NORMAL
2021-02-24,0.3106968904758805,NORMAL
2021-02-25,0.1657606149728841,NORMAL
2021-02-26,0.1649197506828262,NORMAL
2021-02-27,0.1253540790876225,NORMAL
2021-02-28,0.1769357989261895,NORMAL
2021-03-01,0.2599901181845765,NORMAL
2021-03-02,0.1910147566514985,NORMAL
2021-03-03,0.593634949394676,CRITICAL
2021-03-04,0.7075032377314793,CRITICAL
2021-03-05,0.4814161149700681,WARNING
2021-03-06,0.1644538434561532,NORMAL
2021-03-07,0.201539776909114,NORMAL
2021-03-08,0.1709783206623984,NORMAL
2021-03-09,0.3143611499066039,NORMAL
2021-03-10,0.3806620123199045,NORMAL
2021-03-11,0.0287045767860583,NORMAL
2021-03-12,0.0621800784357693,NORMAL
2021-03-13,0.0951000946694226,NORMAL
2021-03-14,0.1913529454018849,NORMAL
2021-03-15,0.3028634320755606,NORMAL
2021-03-16,0.3685190101392924,NORMAL
2021-03-17,0.3540246790442226,NORMAL
2021-03-18,0.0857803839396195,NORMAL
2021-03-19,0.0457495442363861,NORMAL
2021-03-20,0.0919166974459706,NORMAL
2021-03-21,0.0598884364319174,NORMAL
2021-03-22,0.077428622751349,NORMAL
2021-03-23,0.1662430777081733,NORMAL
2021-03-24,0.1088374748185592,NORMAL
2021-03-25,0.0453432725531029,NORMAL
2021-03-26,0.074886192078182,NORMAL
2021-03-27,0.0625452274765027,NORMAL
2021-03-28,0.0674326345074344,NORMAL
2021-03-29,0.1097782945337906,NORMAL
2021-03-30,0.1371467968733807,NORMAL
2021-03-31,0.1806707282666672,NORMAL
2021-04-01,0.3384990970871007,NORMAL
2021-04-02,0.2705431483683744,NORMAL
2021-04-03,0.4151928972892214,NORMAL
2021-04-04,0.4634077423377174,NORMAL
2021-04-05,0.3512197482265435,NORMAL
2021-04-06,0.3348355603205935,NORMAL
2021-04-07,0.3295741837586743,NORMAL
2021-04-08,0.3533984419528562,NORMAL
2021-04-09,0.4978994687537063,NORMAL
2021-04-10,0.4167418274958847,NORMAL
2021-04-14,0.132573007334193,NORMAL
2021-04-15,0.09722311617903,NORMAL
2021-04-16,0.1032123749380058,NORMAL
2021-04-17,0.0756268352285976,NORMAL
2021-04-18,0.0883958346681891,NORMAL
2021-04-19,0.0949398700766301,NORMAL
2021-04-20,0.1283740066692333,NORMAL
2021-04-21,0.3264267758067249,NORMAL
2021-04-22,0.4028853659846619,NORMAL
2021-04-23,0.3735283402842304,NORMAL
2021-04-24,0.5082823148257173,NORMAL
2021-04-25,0.575483449418353,NORMAL
2021-04-26,0.6325724635923712,NORMAL
2021-04-27,0.6113636642466991,NORMAL
2021-04-28,0.4664607864478803,NORMAL
2021-04-29,0.4997820203144715,NORMAL
2021-04-30,0.5974229307596001,NORMAL
2021-05-01,0.5861795792850262,NORMAL
2021-05-02,0.6321430616903435,NORMAL
2021-05-03,0.617653543241373,NORMAL
2021-05-04,0.655608335287128,NORMAL
2021-05-05,0.4922917195943369,NORMAL
2021-05-06,0.5151838156901171,NORMAL
2021-05-07,0.6309265934373256,NORMAL
2021-05-08,0.8454591691178799,WARNING
2021-05-09,0.9684976853785924,CRITICAL
2021-05-10,0.9574980844693496,CRITICAL
2021-05-11,0.9681162469951692,CRITICAL
2021-05-12,0.1958668436797557,NORMAL
2021-05-13,0.3594889106307278,NORMAL
2021-05-14,0.5049450229512996,NORMAL
2021-05-15,0.6632846453667434,NORMAL
2021-05-16,0.7345798116433094,NORMAL
2021-05-17,0.7307458907359952,NORMAL
2021-05-18,0.7326180116662333,NORMAL
2021-05-19,0.0751022143970203,NORMAL
2021-05-20,0.1525261224210097,NORMAL
2021-05-21,0.1819082499168778,NORMAL
2021-05-22,0.2452853814150407,NORMAL
2021-05-23,0.2770598524199409,NORMAL
2021-05-24,0.3315065766465688,NORMAL
2021-05-25,0.3541017791360042,NORMAL
2021-05-26,0.1464626317515544,NORMAL
2021-05-27,0.0730199886932563,NORMAL
2021-05-28,0.0654187636765748,NORMAL
2021-05-29,0.1479209232156687,NORMAL
2021-05-30,0.1764315991106992,NORMAL
2021-05-31,0.2228676701223381,NORMAL
2021-06-01,0.3074389728582334,NORMAL
2021-06-02,0.7116166208257597,NORMAL
2021-06-03,0.489809621555469,NORMAL
2021-06-04,0.3227112367483873,NORMAL
2021-06-05,0.3108710548032062,NORMAL
2021-06-06,0.2509440343234543,NORMAL
2021-06-07,0.2188419189991076,NORMAL
2021-06-08,0.2521515325926189,NORMAL
2021-06-09,0.8355269945071889,WARNING
2021-06-10,1.9801348040975144,CRITICAL
2021-06-11,2.406813217689127,CRITICAL
2021-06-12,1.91669875992674,CRITICAL
2021-06-13,1.5721213504129747,CRITICAL
2021-06-14,1.345868457986766,CRITICAL
2021-06-15,1.1366045489279732,CRITICAL
2021-06-16,0.2191940318681378,NORMAL
2021-06-17,0.4310791997033197,NORMAL
2021-06-18,0.9246267106028384,CRITICAL
2021-06-19,0.9112095731489336,CRITICAL
2021-06-20,0.775687624201463,NORMAL
2021-06-21,0.6911628559932641,NORMAL
2021-06-22,1.0786362046330529,CRITICAL
2021-06-23,0.2942842573843074,NORMAL
2021-06-24,0.8831172033688377,WARNING
2021-06-25,1.0369639013294472,CRITICAL
2021-06-26,0.9766792389596074,CRITICAL
2021-06-27,0.9049771328948708,WARNING
2021-06-28,0.8738465955702016,WARNING
2021-06-29,0.8402315163202854,NORMAL
2021-06-30,1.1607786152402055,CRITICAL
2021-07-01,0.6026130740606009,NORMAL
2021-07-02,0.5357974557429844,NORMAL
2021-07-03,0.3744333082777527,NORMAL
2021-07-04,0.3164904256513657,NORMAL
2021-07-05,0.319272313615036,NORMAL
2021-07-06,0.3687939047973418,NORMAL
2021-07-07,0.1725811300026397,NORMAL
2021-07-08,0.0690695639999511,NORMAL
2021-07-09,0.0434910258174056,NORMAL
2021-07-10,0.1342091557113216,NORMAL
2021-07-11,0.1310624864855554,NORMAL
2021-07-12,0.0959489744968088,NORMAL
2021-07-13,0.1412364063070038,NORMAL
2021-07-14,0.2918347018142871,NORMAL
2021-07-15,0.1449891392461181,NORMAL
2021-07-16,0.0567950657091064,NORMAL
2021-07-17,0.2864799144906889,NORMAL
2021-07-18,0.1655476841017986,NORMAL
2021-07-19,0.046734718695973,NORMAL
2021-07-20,0.08571847591371,NORMAL
2021-07-21,0.515945372197218,NORMAL
2021-07-22,0.3066520688373536,NORMAL
2021-07-23,0.2776337656116298,NORMAL
2021-07-24,0.1477206294120335,NORMAL
2021-07-25,0.0651482186552115,NORMAL
2021-07-26,0.2564406391688849,NORMAL
2021-07-27,0.1470679018268451,NORMAL
2021-07-28,0.0763390330315283,NORMAL
2021-07-29,0.1470571841745755,NORMAL
2021-07-30,0.3357522267433025,NORMAL
2021-07-31,0.2946866879001912,NORMAL
2021-08-01,0.4487457637698261,NORMAL
2021-08-02,0.405971093025573,NORMAL
2021-08-03,0.3647284875371359,NORMAL
2021-08-04,0.091950003055979,NORMAL
2021-08-05,0.0505000942402154,NORMAL
2021-08-06,0.0742827749470877,NORMAL
2021-08-07,0.1583713292203085,NORMAL
2021-08-08,0.0555418516961529,NORMAL
2021-08-09,0.1744726916635378,NORMAL
2021-08-10,0.0974522384149706,NORMAL
2021-08-11,0.42422334230629,NORMAL
2021-08-12,0.1909132973742017,NORMAL
2021-08-13,0.0701605100518925,NORMAL
2021-08-14,0.0884444973905698,NORMAL
2021-08-15,0.1358907187647188,NORMAL
2021-08-16,0.2160026706361446,NORMAL
2021-08-17,0.2158082583197654,NORMAL
2021-08-18,0.1673014971274955,NORMAL
2021-08-19,0.1049762012448177,NORMAL
2021-08-20,0.0801586305238784,NORMAL
2021-08-21,0.1507995274001622,NORMAL
2021-08-22,0.3239925543592987,NORMAL
2021-08-23,0.3944583784524191,NORMAL
2021-08-24,0.4562516674399052,NORMAL
2021-08-25,0.1915634826036686,NORMAL
2021-08-26,0.2189472830786786,NORMAL
2021-08-27,0.3879174395744824,NORMAL
2021-08-28,0.4527391910874755,NORMAL
2021-08-29,0.405513317654042,NORMAL
2021-08-30,0.2022967471122997,NORMAL
2021-08-31,0.1881894359955881,NORMAL
2021-09-01,0.0742548245673488,NORMAL
2021-09-02,0.1205815135522185,NORMAL
2021-09-03,0.2136081730203243,NORMAL
2021-09-04,0.2877468491880148,NORMAL
2021-09-05,0.3819990747552217,NORMAL
2021-09-06,0.330010564529525,NORMAL
2021-09-07,0.2638454535729105,NORMAL
2021-09-08,0.2026574128981934,NORMAL
2021-09-09,0.0237566063953093,NORMAL
2021-09-10,0.1338793603799671,NORMAL
2021-09-11,0.1933537904303365,NORMAL
2021-09-12,0.0872289615478097,NORMAL
2021-09-13,0.0282247933202384,NORMAL
2021-09-14,0.0441001291644506,NORMAL
2021-09-15,0.1377174628590654,NORMAL
2021-09-16,0.0162039065593375,NORMAL
2021-09-17,0.0439295043687069,NORMAL
2021-09-18,0.0200363701993618,NORMAL
2021-09-19,0.0786104994051047,NORMAL
2021-09-20,0.0292759599918301,NORMAL
2021-09-21,0.0387792636655232,NORMAL
2021-09-22,0.0961443090046157,NORMAL
2021-09-23,0.730300017862767,WARNING
2021-09-24,0.4776084238463601,NORMAL
2021-09-25,0.4555469634867628,NORMAL
2021-09-26,0.5060958230849525,NORMAL
2021-09-27,0.3375267952338793,NORMAL
2021-09-28,0.2610623930317995,NORMAL
2021-09-29,0.3256124479362328,NORMAL
2021-09-30,0.2496208871097238,NORMAL
2021-10-01,0.1321305623549334,NORMAL
2021-10-02,0.0671354101417427,NORMAL
2021-10-03,0.1466746884136467,NORMAL
2021-10-04,0.1798358160298404,NORMAL
2021-10-05,0.2234403699750212,NORMAL
2021-10-06,0.1200958764216289,NORMAL
2021-10-07,0.3611103063891515,NORMAL
2021-10-08,0.4509589708996389,NORMAL
2021-10-09,0.4115081784508096,NORMAL
2021-10-10,0.3077653402875788,NORMAL
2021-10-11,0.4329173768745915,NORMAL
2021-10-12,0.4534657070314477,NORMAL
2021-10-13,0.4734470873528082,NORMAL
2021-10-14,0.2099418530494741,NORMAL
2021-10-15,0.2612619191346172,NORMAL
2021-10-16,0.1824067950220609,NORMAL
2021-10-17,0.1024176041257254,NORMAL
2021-10-18,0.1535947958333876,NORMAL
2021-10-19,0.1958600191440296,NORMAL
2021-10-20,0.0503255192968207,NORMAL
2021-10-21,0.0150634550816712,NORMAL
2021-10-22,0.2062079292554448,NORMAL
2021-10-23,0.2168141830297414,NORMAL
2021-10-24,0.2408880551573602,NORMAL
2021-10-25,0.2433965669494316,NORMAL
2021-10-26,0.259503960294525,NORMAL
2021-10-27,0.054567865719069,NORMAL
2021-10-28,0.1021294894175926,NORMAL
2021-10-29,0.1383942528991456,NORMAL
2021-10-30,0.269135762425357,NORMAL
2021-10-31,0.5454312298059617,WARNING
2021-11-01,0.455875038672482,NORMAL
2021-11-02,0.3927529051800325,NORMAL
2021-11-03,0.3892149048773441,NORMAL
2021-11-04,0.3033719210286735,NORMAL
2021-11-05,0.2941524130483478,NORMAL
2021-11-06,0.3936944559056216,NORMAL
2021-11-07,0.3691004118119368,NORMAL
2021-11-08,0.1136890529598148,NORMAL
2021-11-09,0.283073300010003,NORMAL
2021-11-10,0.2394763156646795,NORMAL
2021-11-11,0.0266071463396357,NORMAL
2021-11-12,0.0746736351464317,NORMAL
2021-11-13,0.2092959530263612,NORMAL
2021-11-14,0.24852916032687,NORMAL
2021-11-15,0.3364033296290192,NORMAL
2021-11-16,0.3256863556997008,NORMAL
2021-11-17,0.1948502086231351,NORMAL
2021-11-18,0.349575468953553,NORMAL
2021-11-19,0.4301244571268085,NORMAL
2021-11-20,0.4061836898275276,NORMAL
2021-11-21,0.3702804442413833,NORMAL
2021-11-22,0.3635160015511181,NORMAL
2021-11-23,0.3188697880678261,NORMAL
2021-11-24,0.0756211479415339,NORMAL
2021-11-25,0.1222869742907339,NORMAL
2021-11-26,0.1882500379920848,NORMAL
2021-11-27,0.3366472268615805,NORMAL
2021-11-28,0.3892428871030333,NORMAL
2021-11-29,0.3815147507681193,NORMAL
2021-11-30,0.3773095660621085,NORMAL
2021-12-01,0.9285977171573891,CRITICAL
2021-12-02,0.3584622506368395,NORMAL
2021-12-03,0.2515568069306365,NORMAL
2021-12-04,0.1199162502047554,NORMAL
2021-12-05,0.202197862731838,NORMAL
2021-12-06,0.0814785629463716,NORMAL
2021-12-07,0.1942145144546824,NORMAL
2021-12-08,0.4202872442649241,NORMAL
2021-12-09,0.0487346770243521,NORMAL
2021-12-10,0.1762649339386058,NORMAL
2021-12-11,0.1154872655789391,NORMAL
2021-12-12,0.0436471951827653,NORMAL
2021-12-13,0.0760451663000233,NORMAL
2021-12-14,0.0564525631015101,NORMAL
2021-12-15,0.1140341838916231,NORMAL
2021-12-16,0.0971718960784846,NORMAL
2021-12-17,0.169684155092291,NORMAL
2021-12-18,0.0562736833739575,NORMAL
2021-12-19,0.0275682206629311,NORMAL
2021-12-20,0.0390538100917669,NORMAL
2021-12-21,0.0695357737006697,NORMAL
2021-12-22,0.1270842820257106,NORMAL
2021-12-23,0.0793089394173186,NORMAL
2021-12-24,0.2055007146238865,NORMAL
2022-01-01,0.4047067126894461,NORMAL
2022-01-02,0.4406295222885461,NORMAL
2022-01-03,0.5023442589686345,NORMAL
2022-01-04,0.5399659810584413,NORMAL
2022-01-05,0.2225841688092178,NORMAL
2022-01-06,0.1324699687391708,NORMAL
2022-01-07,0.1348921419015609,NORMAL
2022-01-08,0.1878605316400054,NORMAL
2022-01-09,0.1889853634627331,NORMAL
2022-01-10,0.1982322563129464,NORMAL
2022-01-11,0.2127942626625256,NORMAL
2022-01-12,0.1407107425048288,NORMAL
2022-01-13,0.1857299415432029,NORMAL
2022-01-14,0.1536943781137706,NORMAL
2022-01-15,0.2114830261993552,NORMAL
2022-01-16,0.3307206292269293,NORMAL
2022-01-17,0.2271634807883717,NORMAL
2022-01-18,0.2174740725288356,NORMAL
2022-01-19,0.0449960506176188,NORMAL
2022-01-20,0.026909006519224,NORMAL
2022-01-21,0.0376093255349692,NORMAL
2022-01-22,0.0763797154622625,NORMAL
2022-01-23,0.0887325575802914,NORMAL
2022-01-24,0.0700923909624243,NORMAL
2022-01-25,0.1004823773680501,NORMAL
2022-01-26,0.2766424885498953,NORMAL
2022-01-27,0.1975024517208022,NORMAL
2022-01-28,0.0261420354433843,NORMAL
2022-01-29,0.0346538988631948,NORMAL
2022-01-30,0.055497496346553,NORMAL
2022-01-31,0.0746155157987151,NORMAL
2022-02-01,0.0835601270535234,NORMAL
2022-02-02,0.1157439561549989,NORMAL
2022-02-03,0.1484817197932604,NORMAL
2022-02-04,0.1005875140032657,NORMAL
2022-02-05,0.0978914798142472,NORMAL
2022-02-06,0.1079541744146488,NORMAL
2022-02-07,0.1160093451907975,NORMAL
2022-02-08,0.0940953198587592,NORMAL
2022-02-09,0.0046333589727353,NORMAL
2022-02-10,0.2098569177136386,NORMAL
2022-02-11,0.2043088705890422,NORMAL
2022-02-12,0.0637456443537206,NORMAL
2022-02-13,0.1223163683476491,NORMAL
2022-02-14,0.090848326451357,NORMAL
2022-02-15,0.1037871558226063,NORMAL
2022-02-16,0.1363728654529218,NORMAL
2022-02-17,0.0278884422317825,NORMAL
2022-02-18,0.0817874246810425,NORMAL
2022-02-19,0.2135765070122551,NORMAL
2022-02-20,0.0737840695875282,NORMAL
2022-02-21,0.0339644315335983,NORMAL
2022-02-22,0.0431893719094315,NORMAL
2022-02-23,0.1903278968841205,NORMAL
2022-02-24,0.0233361170794492,NORMAL
2022-02-25,0.0094309079150765,NORMAL
2022-02-26,0.0073899481283759,NORMAL
2022-02-27,0.0283607830932528,NORMAL
2022-02-28,0.0467140425245855,NORMAL
2022-03-01,0.0423574029087111,NORMAL
2022-03-02,1.0037519921418696,CRITICAL
2022-03-03,0.5991713910725536,CRITICAL
2022-03-04,0.3947604654412206,NORMAL
2022-03-05,0.4452210136123099,NORMAL
2022-03-06,0.551437403299456,CRITICAL
2022-03-07,0.4520184031792277,NORMAL
2022-03-08,0.4382565870123479,NORMAL
2022-03-09,0.4920694207613997,WARNING
2022-03-10,0.3095563482381817,NORMAL
2022-03-11,0.268153056462349,NORMAL
2022-03-12,0.3576081079445895,NORMAL
2022-03-13,0.1613241081141782,NORMAL
2022-03-14,0.2379721525563163,NORMAL
2022-03-15,0.2120257073839622,NORMAL
2022-03-16,0.4490005915305831,NORMAL
2022-03-17,0.3407621723769587,NORMAL
2022-03-18,0.2165128682673524,NORMAL
2022-03-19,0.2015652924624378,NORMAL
2022-03-20,0.2789803229305655,NORMAL
2022-03-21,0.3032206175654569,NORMAL
2022-03-22,0.2680802734214367,NORMAL
2022-03-23,0.0936374693063718,NORMAL
2022-03-24,0.1531843203919219,NORMAL
2022-03-25,0.2724489703463768,NORMAL
2022-03-26,0.1079763593490898,NORMAL
2022-03-27,0.2171659168039994,NORMAL
2022-03-28,0.2308391456634927,NORMAL
2022-03-29,0.3786475286878568,NORMAL
2022-03-30,0.0195425417932084,NORMAL
2022-03-31,0.3470868790180924,NORMAL
2022-04-01,0.2569782790565937,NORMAL
2022-04-02,0.3116679075687103,NORMAL
2022-04-03,0.2504349908531361,NORMAL
2022-04-04,0.2498408194908305,NORMAL
2022-04-05,0.2923728447454861,NORMAL
2022-04-06,0.2743299753190785,NORMAL
2022-04-07,0.1103865682298304,NORMAL
2022-04-08,0.1985758635831463,NORMAL
2022-04-09,0.102867897092135,NORMAL
2022-04-10,0.0850101695288776,NORMAL
2022-04-11,0.0962987860600938,NORMAL
2022-04-12,0.0870599495260538,NORMAL
2022-04-13,0.0901614159228067,NORMAL
2022-04-14,0.0660054205097304,NORMAL
2022-04-15,0.0846554403880596,NORMAL
2022-04-16,0.0772565232723895,NORMAL
2022-04-17,0.0342508879105559,NORMAL
2022-04-18,0.0440136386980664,NORMAL
2022-04-19,0.0601833634340057,NORMAL
2022-04-20,0.3900974446022627,NORMAL
2022-04-21,0.0154369213215351,NORMAL
2022-04-22,0.1412052406966096,NORMAL
2022-04-23,0.1739814876596614,NORMAL
2022-04-24,0.1035540286568055,NORMAL
2022-04-25,0.0661902097795466,NORMAL
2022-04-26,0.2277638054715351,NORMAL
2022-04-27,0.3554886543448085,NORMAL
2022-04-28,0.1777420913139882,NORMAL
2022-04-29,0.1869047739442098,NORMAL
2022-04-30,0.1562004689255152,NORMAL
2022-05-01,0.144105599885833,NORMAL
2022-05-02,0.1928372069292755,NORMAL
2022-05-03,0.2368737124767006,NORMAL
2022-05-04,0.2419113050802923,NORMAL
2022-05-05,0.2017312337560755,NORMAL
2022-05-06,0.2955049601941959,NORMAL
2022-05-07,0.3352655572756651,NORMAL
2022-05-08,0.296194707049686,NORMAL
2022-05-09,0.2693719816365058,NORMAL
2022-05-10,0.2571416770906023,NORMAL
2022-05-11,0.3046863880248008,NORMAL
2022-05-12,0.2387212917273369,NORMAL
2022-05-13,0.1842070773636575,NORMAL
2022-05-14,0.2391206864204375,NORMAL
2022-05-15,0.2187626117560076,NORMAL
2022-05-16,0.2503753627329436,NORMAL
2022-05-17,0.2686587420504056,NORMAL
2022-05-18,0.2317966960972094,NORMAL
2022-05-19,0.2384374835569643,NORMAL
2022-05-20,0.2423656373801293,NORMAL
2022-05-21,0.3805782388066962,NORMAL
2022-05-22,0.404446974512558,NORMAL
2022-05-23,0.4355281050941109,NORMAL
2022-05-24,0.50451544022648,NORMAL
2022-05-25,0.4562028427419921,NORMAL
2022-05-26,0.3972348588469818,NORMAL
2022-05-27,0.4314154384576368,NORMAL
2022-05-28,0.4932262249808263,NORMAL
2022-05-29,0.5307224294231736,NORMAL
2022-05-30,0.5501741708062132,NORMAL
2022-05-31,0.6099970990895458,NORMAL
2022-06-01,0.2052574985532302,NORMAL
2022-06-02,0.4075873256653251,NORMAL
2022-06-03,0.4192086486928466,NORMAL
2022-06-04,0.4635855664502156,NORMAL
2022-06-05,0.5060597257495559,NORMAL
2022-06-06,0.505736765851173,NORMAL
2022-06-07,0.48118251396547,NORMAL
2022-06-08,0.3080974868314851,NORMAL
2022-06-09,0.3851431779072772,NORMAL
2022-06-10,0.3718718195839764,NORMAL
2022-06-11,0.3861649373293643,NORMAL
2022-06-12,0.4341414046081946,NORMAL
2022-06-13,0.5392047777722716,NORMAL
2022-06-14,0.6029016787105214,NORMAL
2022-06-15,0.2952474614147935,NORMAL
2022-06-16,0.419054566584362,NORMAL
2022-06-17,0.3725496504259959,NORMAL
2022-06-18,0.4050884870823832,NORMAL
2022-06-19,0.4218326516875134,NORMAL
2022-06-20,0.3555613013199822,NORMAL
2022-06-21,0.3737432602675717,NORMAL
2022-06-22,1.0612572520214447,CRITICAL
2022-06-23,0.7703735181530778,NORMAL
2022-06-24,0.646908646678321,NORMAL
2022-06-25,0.6256083585711146,NORMAL
2022-06-26,0.6493912829987762,NORMAL
2022-06-27,0.6359721556566927,NORMAL
2022-06-28,0.6307717529662638,NORMAL
2022-06-29,0.8815637477289922,WARNING
2022-06-30,0.6868027697141448,NORMAL
2022-07-01,0.5232716579970996,NORMAL
2022-07-02,0.4220979324119108,NORMAL
2022-07-03,0.4825384606985723,NORMAL
2022-07-04,0.5050461181658304,NORMAL
2022-07-05,0.5135308105289617,NORMAL
2022-07-06,0.3734370613894698,NORMAL
2022-07-07,0.1515800616925348,NORMAL
2022-07-08,0.231110360032366,NORMAL
2022-07-09,0.2085552290333521,NORMAL
2022-07-10,0.2637561181342996,NORMAL
2022-07-11,0.3194887049951559,NORMAL
2022-07-12,0.3652984771544165,NORMAL
2022-07-13,0.4801940412348515,NORMAL
2022-07-14,0.1758597680202469,NORMAL
2022-07-15,0.3157049873234629,NORMAL
2022-07-16,0.4173163101936485,NORMAL
2022-07-17,0.4683614900474781,NORMAL
2022-07-18,0.4792892515645195,NORMAL
2022-07-19,0.4860755577659926,NORMAL
2022-07-20,0.0232713565597539,NORMAL
2022-07-21,0.0408470315048321,NORMAL
2022-07-22,0.1455264440023833,NORMAL
2022-07-23,0.2966649347738422,NORMAL
2022-07-24,0.3736680251796467,NORMAL
2022-07-25,0.4381088008227662,NORMAL
2022-07-26,0.4531576207781564,NORMAL
2022-07-27,0.235092306007082,NORMAL
2022-07-28,0.3852884979017056,NORMAL
2022-07-29,0.3307831108083578,NORMAL
2022-07-30,0.3743103167346707,NORMAL
2022-07-31,0.3425528937051402,NORMAL
2022-08-01,0.3747562942915085,NORMAL
2022-08-02,0.4344181086594668,NORMAL
2022-08-03,0.2796556162881256,NORMAL
2022-08-04,0.0462305627426072,NORMAL
2022-08-05,0.6665814819029581,NORMAL
2022-08-06,0.3037874200567138,NORMAL
2022-08-07,0.1546050600294209,NORMAL
2022-08-08,0.1963033050676893,NORMAL
2022-08-09,0.2462968790196211,NORMAL
2022-08-10,0.3751580895230785,NORMAL
2022-08-11,0.6851380150341876,NORMAL
2022-08-12,1.10650332143131,WARNING
2022-08-13,0.831052455591091,NORMAL
2022-08-14,0.7139503918796916,NORMAL
2022-08-15,0.7005695600516401,NORMAL
2022-08-16,0.6199464589876695,NORMAL
2022-08-17,0.4827830067555247,NORMAL
2022-08-18,0.3628736415154049,NORMAL
2022-08-19,0.2702402988933864,NORMAL
2022-08-20,0.1451303009735008,NORMAL
2022-08-21,0.1245045159601172,NORMAL
2022-08-22,0.3371046415337181,NORMAL
2022-08-23,0.1282896029244019,NORMAL
2022-08-24,0.5611487978485241,NORMAL
2022-08-25,1.1983001983257044,CRITICAL
2022-08-26,0.6453632447377555,NORMAL
2022-08-27,0.074401110677964,NORMAL
2022-08-28,0.3897225567402343,NORMAL
2022-08-29,0.5000140437549213,NORMAL
2022-08-30,0.4655929190425472,NORMAL
2022-08-31,0.1499854541288219,NORMAL
2022-09-01,0.1456870390198861,NORMAL
2022-09-02,0.2883758524975424,NORMAL
2022-09-03,0.2937084484018504,NORMAL
2022-09-04,0.5380851470101287,NORMAL
2022-09-05,0.5049277810325035,NORMAL
2022-09-06,0.5142514223805061,NORMAL
2022-09-07,0.4088851587084459,NORMAL
2022-09-08,0.2855316450234003,NORMAL
2022-09-09,0.2388554846781693,NORMAL
2022-09-10,0.2346949946273652,NORMAL
2022-09-11,0.2812698450281911,NORMAL
2022-09-12,0.3425750061354528,NORMAL
2022-09-13,0.3883310708616789,NORMAL
2022-09-14,0.378125257927654,NORMAL
2022-09-15,0.3137877449577853,NORMAL
2022-09-16,0.3100543616861687,NORMAL
2022-09-17,0.4477182312144159,NORMAL
2022-09-18,0.4744982119640721,NORMAL
2022-09-19,0.5293178341381346,NORMAL
2022-09-20,0.5360400609793151,WARNING
2022-09-21,0.2625574057402106,NORMAL
2022-09-22,0.3343231785415197,NORMAL
2022-09-23,0.3411425633593715,NORMAL
2022-09-24,0.4078649226235564,NORMAL
2022-09-25,0.4204062870910144,NORMAL
2022-09-26,0.4900785677209403,NORMAL
2022-09-27,0.4870347745692261,NORMAL
2022-09-28,0.5579627834805817,WARNING
2022-09-29,0.4244537414314631,NORMAL
2022-09-30,0.3978563320865906,NORMAL
2022-10-01,0.4158724151947399,NORMAL
2022-10-02,0.4511070089698805,NORMAL
2022-10-03,0.4326880523489068,NORMAL
2022-10-04,0.4378111170121562,NORMAL
2022-10-05,0.5612158287291867,WARNING
2022-10-06,0.332813023248651,NORMAL
2022-10-07,0.2883647603454312,NORMAL
2022-10-08,0.2893849845143018,NORMAL
2022-10-09,0.2074770849253312,NORMAL
2022-10-10,0.2391076694724115,NORMAL
2022-10-11,0.2807948275287538,NORMAL
2022-10-12,0.0835120012384279,NORMAL
2022-10-13,0.2417048121952729,NORMAL
2022-10-14,0.2389123681057574,NORMAL
2022-10-15,0.2578190258221006,NORMAL
2022-10-16,0.3575546255621088,NORMAL
2022-10-17,0.4421511839447305,NORMAL
2022-10-18,0.413570080485871,NORMAL
2022-10-19,0.2663156649107106,NORMAL
2022-10-20,0.240241344689196,NORMAL
2022-10-21,0.2278673036612899,NORMAL
2022-10-22,0.2230802559595798,NORMAL
2022-10-23,0.2920897542169213,NORMAL
2022-10-24,0.3008949235590753,NORMAL
2022-10-25,0.2961990743772069,NORMAL
2022-10-26,0.1190292378587594,NORMAL
2022-10-27,0.0411260943143668,NORMAL
2022-10-28,0.1334309334599993,NORMAL
2022-10-29,0.1708265715591072,NORMAL
2022-10-30,0.1472163285298353,NORMAL
2022-10-31,0.0743343416761325,NORMAL
2022-11-01,0.1555501408200977,NORMAL
2022-11-02,0.6239224540675758,CRITICAL
2022-11-03,0.5146337672463447,WARNING
2022-11-04,0.4149575555920641,NORMAL
2022-11-05,0.416807469849716,NORMAL
2022-11-06,0.3638385448019322,NORMAL
2022-11-07,0.4265701056298613,NORMAL
2022-11-08,0.4241344111160799,NORMAL
2022-11-09,0.1849812171320661,NORMAL
2022-11-10,0.1097628577457583,NORMAL
2022-11-11,0.1468426115411089,NORMAL
2022-11-12,0.1636217200055321,NORMAL
2022-11-13,0.1610151049217887,NORMAL
2022-11-14,0.131017228772274,NORMAL
2022-11-15,0.0875646125288316,NORMAL
2022-11-16,0.0956095696255303,NORMAL
2022-11-17,0.029536266963333,NORMAL
2022-11-18,0.0498097946539185,NORMAL
2022-11-19,0.0811238559407993,NORMAL
2022-11-20,0.0691021730565313,NORMAL
2022-11-21,0.0381782222459149,NORMAL
2022-11-22,0.0461368364427748,NORMAL
2022-11-23,0.0522056974326778,NORMAL
2022-11-24,0.1679944954600888,NORMAL
2022-11-25,0.2621577150504411,NORMAL
2022-11-26,0.2960983650303838,NORMAL
2022-11-27,0.10383909706742,NORMAL
2022-11-28,0.094690052124821,NORMAL
2022-11-29,0.1038668722863605,NORMAL
2022-11-30,0.1088845732900396,NORMAL
2022-12-01,0.2709844935943791,NORMAL
2022-12-02,0.0895377876770991,NORMAL
2022-12-03,0.0875295973696281,NORMAL
2022-12-04,0.0779129726369769,NORMAL
2022-12-05,0.0372654193014067,NORMAL
2022-12-06,0.0186101937212855,NORMAL
2022-12-07,0.1263618951567886,NORMAL
2022-12-08,0.0612558487555309,NORMAL
2022-12-09,0.0490587067014772,NORMAL
2022-12-10,0.0338391496778789,NORMAL
2022-12-11,0.0261699268300911,NORMAL
2022-12-12,0.0344529319654299,NORMAL
2022-12-13,0.0142580081881896,NORMAL
2022-12-14,0.8998758206550379,CRITICAL
2022-12-15,0.922124694950086,CRITICAL
2022-12-16,0.6798024690155754,CRITICAL
2022-12-17,0.4170360009772048,NORMAL
2022-12-18,0.3091028464442008,NORMAL
2022-12-19,0.3176366283070814,NORMAL
2022-12-20,0.3065904321432959,NORMAL
2022-12-21,0.0228959995260885,NORMAL
2022-12-22,0.2133144207396084,NORMAL
2022-12-23,0.0637813439384649,NORMAL
2022-12-24,0.095548784976551,NORMAL
2022-12-25,0.1393244894763134,NORMAL
2022-12-26,0.1833437400245386,NORMAL
2022-12-27,0.1410498573901727,NORMAL
2022-12-28,0.0363670733769334,NORMAL
2022-12-29,0.0743630826113209,NORMAL
2022-12-30,0.1270220420692714,NORMAL
2022-12-31,0.1070992483535487,NORMAL
2023-01-01,0.1224104743180547,NORMAL
2023-01-02,0.1588368907154357,NORMAL
2023-01-03,0.1816158233373963,NORMAL
2023-01-04,0.1888471022686475,NORMAL
2023-01-05,0.1788670795993021,NORMAL
2023-01-06,0.1797506617944489,NORMAL
2023-01-07,0.2420432682669917,NORMAL
2023-01-08,0.251145182983663,NORMAL
2023-01-09,0.1173711165719492,NORMAL
2023-01-10,0.2103786700513148,NORMAL
2023-01-11,0.2039382054823399,NORMAL
2023-01-12,0.3171335487522947,NORMAL
2023-01-13,0.4858522352321203,NORMAL
2023-01-14,0.4072878251125673,NORMAL
2023-01-15,0.4595076331462379,NORMAL
2023-01-16,0.4520056487992495,NORMAL
2023-01-17,0.4484214132767704,NORMAL
2023-01-18,0.4101517412519384,NORMAL
2023-01-19,0.5106576091414406,NORMAL
2023-01-20,0.4291864150808999,NORMAL
2023-01-21,0.5159168190255096,NORMAL
2023-01-22,0.4383328618850212,NORMAL
2023-01-23,0.4513385193999638,NORMAL
2023-01-24,0.4396025651359267,NORMAL
2023-01-25,0.0162237566070725,NORMAL
2023-01-26,0.1454883804201617,NORMAL
2023-01-27,0.2697061205852112,NORMAL
2023-01-28,0.3219603045672117,NORMAL
2023-01-29,0.3503020290631327,NORMAL
2023-01-30,0.359669917564656,NORMAL
2023-01-31,0.3798153302469051,NORMAL
2023-02-01,0.0343027888317021,NORMAL
2023-02-02,0.1856052253427258,NORMAL
2023-02-03,0.0632010475129015,NORMAL
2023-02-04,0.0588986131760135,NORMAL
2023-02-05,0.1715387484335325,NORMAL
2023-02-06,0.1974359655941039,NORMAL
2023-02-07,0.2210530750268695,NORMAL
2023-02-08,0.0973363563149414,NORMAL
2023-02-09,0.0175365538529704,NORMAL
2023-02-10,0.1978428413834131,NORMAL
2023-02-11,0.0842188318602246,NORMAL
2023-02-12,0.1116341513129426,NORMAL
2023-02-13,0.1457686804472167,NORMAL
2023-02-14,0.2056922662909071,NORMAL
2023-02-15,0.0853987075325536,NORMAL
2023-02-16,0.3035611637585192,NORMAL
2023-02-17,0.4597283658107809,NORMAL
2023-02-18,0.4454855927322456,NORMAL
2023-02-19,0.6588477672763059,CRITICAL
2023-02-20,0.6609876531989359,WARNING
2023-02-21,0.5997960630172247,WARNING
2023-02-22,0.8403291560213866,CRITICAL
2023-02-23,0.682096166622791,WARNING
2023-02-24,0.526964759633198,WARNING
2023-02-25,0.5903510892761339,WARNING
2023-02-26,0.5632435466840912,WARNING
2023-02-27,0.6503524633953092,WARNING
2023-02-28,0.7473164864004684,CRITICAL
2023-03-01,0.4043275898550875,NORMAL
2023-03-02,0.4631883187252311,NORMAL
2023-03-03,0.4870145461479523,WARNING
2023-03-04,0.4561800148142216,NORMAL
2023-03-05,0.506130789830307,WARNING
2023-03-06,0.5429560003446832,WARNING
2023-03-07,0.5738209479540205,CRITICAL
2023-03-08,0.1800192534502912,NORMAL
2023-03-09,0.2204515261391081,NORMAL
2023-03-10,0.318702187341661,NORMAL
2023-03-11,0.3173308541214207,NORMAL
2023-03-12,0.3604933635167592,NORMAL
2023-03-13,0.3943818734441573,NORMAL
2023-03-14,0.4021126086134939,NORMAL
2023-03-15,0.1161515763299156,NORMAL
2023-03-16,0.0372338166908999,NORMAL
2023-03-17,0.1033615230369504,NORMAL
2023-03-18,0.1614922971137156,NORMAL
2023-03-19,0.1846937786906499,NORMAL
2023-03-20,0.2361835846029581,NORMAL
2023-03-21,0.2781964062902584,NORMAL
2023-03-22,0.1262251673191037,NORMAL
2023-03-23,0.3905829618288702,NORMAL
2023-03-24,0.4258993887560993,NORMAL
2023-03-25,0.4076730354005611,NORMAL
2023-03-26,0.3633365488137409,NORMAL
2023-03-27,0.3498486011242366,NORMAL
2023-03-28,0.3439184198652125,NORMAL
2023-03-29,0.1704987145716761,NORMAL
2023-03-30,0.1555498614638023,NORMAL
2023-03-31,0.054865165484567,NORMAL
2023-04-01,0.0694168427914725,NORMAL
2023-04-02,0.1245743023042143,NORMAL
2023-04-03,0.184989544327105,NORMAL
2023-04-04,0.1294037165953597,NORMAL
2023-04-05,0.3433802314345962,NORMAL
2023-04-06,0.2120760486432372,NORMAL
2023-04-07,0.1893113797618499,NORMAL
2023-04-08,0.1397142534831463,NORMAL
2023-04-09,0.1564153095712975,NORMAL
2023-04-10,0.1451376018378772,NORMAL
2023-04-11,0.1520036535216971,NORMAL
2023-04-12,0.4997069262868673,NORMAL
2023-04-13,0.3253212180239166,NORMAL
2023-04-14,0.2377832249262652,NORMAL
2023-04-15,0.1895778970445527,NORMAL
2023-04-16,0.2924786258852196,NORMAL
2023-04-17,0.280647062663626,NORMAL
2023-04-18,0.1180275086297207,NORMAL
2023-04-19,0.3808941615389868,NORMAL
2023-04-20,0.0789634844703798,NORMAL
2023-04-21,0.1345791003473721,NORMAL
2023-04-22,0.2323011549579855,NORMAL
2023-04-23,0.1843889289494956,NORMAL
2023-04-24,0.1501740564109358,NORMAL
2023-04-25,0.1278002474442977,NORMAL
2023-04-26,0.8159638098592568,WARNING
2023-04-27,0.4619385976658316,NORMAL
2023-04-28,0.7639167194286755,WARNING
2023-04-29,0.8839495740143173,CRITICAL
2023-04-30,0.8523646841741075,WARNING
2023-05-01,0.7971718311764444,WARNING
2023-05-02,0.7014772243753278,NORMAL
2023-05-03,0.1929163883193312,NORMAL
2023-05-04,0.393094200845579,NORMAL
2023-05-05,0.3116442786382332,NORMAL
2023-05-06,0.2788913201512594,NORMAL
2023-05-07,0.2861096277340495,NORMAL
2023-05-08,0.2188111639528551,NORMAL
2023-05-09,0.18811810190082,NORMAL
2023-05-10,0.2969559283928331,NORMAL
2023-05-11,0.1668632646411956,NORMAL
2023-05-12,0.0988170107806003,NORMAL
2023-05-13,0.1504524364271863,NORMAL
2023-05-14,0.151508563695791,NORMAL
2023-05-15,0.0359215754322085,NORMAL
2023-05-16,0.0983446082815581,NORMAL
2023-05-17,0.6333148401188945,NORMAL
2023-05-18,0.7613386342593477,WARNING
2023-05-19,0.6934133685542581,NORMAL
2023-05-20,0.1059763129193475,NORMAL
2023-05-21,0.3025500168786955,NORMAL
2023-05-22,0.4777221623430282,NORMAL
2023-05-23,0.411109277985415,NORMAL
2023-05-24,0.8298506264404748,WARNING
2023-05-25,0.989232564318468,CRITICAL
2023-05-26,0.709838925096525,NORMAL
2023-05-27,1.1143088055817787,CRITICAL
2023-05-28,1.209111972328926,CRITICAL
2023-05-29,1.2419544044359998,CRITICAL
2023-05-30,1.1890931930409645,CRITICAL
2023-05-31,0.3108246087538681,NORMAL
2023-06-01,0.4522550153675767,NORMAL
2023-06-02,0.5653589647034277,NORMAL
2023-06-03,0.6759134959300841,NORMAL
2023-06-04,0.6922551453104394,NORMAL
2023-06-05,0.7313480493781732,NORMAL
2023-06-06,0.7561882443431868,NORMAL
2023-06-07,0.0344511116078541,NORMAL
2023-06-08,0.2017852597768152,NORMAL
2023-06-09,0.3187860454708285,NORMAL
2023-06-10,0.3988527579139823,NORMAL
2023-06-11,0.4530029631224593,NORMAL
2023-06-12,0.4923559823857183,NORMAL
2023-06-13,0.5186011481017413,NORMAL
2023-06-14,0.466982955775734,NORMAL
2023-06-15,0.2794970632801811,NORMAL
2023-06-16,0.2239328360780298,NORMAL
2023-06-17,0.2928258563649359,NORMAL
2023-06-18,0.3283929388214621,NORMAL
2023-06-19,0.36195040419648,NORMAL
2023-06-20,0.3581704654545875,NORMAL
2023-06-21,0.5021662622735896,NORMAL
2023-06-22,0.2309880972883788,NORMAL
2023-06-23,0.2230061529721843,NORMAL
2023-06-24,0.2378265443882936,NORMAL
2023-06-25,0.0884465534389645,NORMAL
2023-06-26,0.2135588659554046,NORMAL
2023-06-27,0.1988517132914998,NORMAL
2023-06-28,0.9809698303300786,CRITICAL
2023-06-29,0.7246022114057203,NORMAL
2023-06-30,0.4293823907396289,NORMAL
2023-07-01,0.4336558025583803,NORMAL
2023-07-02,0.4601126673189852,NORMAL
2023-07-03,0.4773808448058543,NORMAL
2023-07-04,0.4466295344715589,NORMAL
2023-07-05,0.0526296835284225,NORMAL
2023-07-06,0.3637794525596705,NORMAL
2023-07-07,0.1954840255001708,NORMAL
2023-07-08,0.1073610404244424,NORMAL
2023-07-09,0.0679812562504057,NORMAL
2023-07-10,0.1143151435880485,NORMAL
2023-07-11,0.1348972524775864,NORMAL
2023-07-12,0.2880491588363229,NORMAL
2023-07-13,0.4718212696353433,NORMAL
2023-07-14,0.1192880872484171,NORMAL
2023-07-15,0.2400646870810144,NORMAL
2023-07-16,0.5212346620611181,NORMAL
2023-07-17,0.587175431650166,NORMAL
2023-07-18,0.580995148628471,NORMAL
2023-07-19,0.0613381884098431,NORMAL
2023-07-20,0.1262303264479547,NORMAL
2023-07-21,0.053060913925893,NORMAL
2023-07-22,0.097666038701367,NORMAL
2023-07-23,0.6839535438955238,WARNING
2023-07-24,0.6347211938162887,NORMAL
2023-07-25,0.5414788596425295,NORMAL
2023-07-26,1.274610194302099,CRITICAL
2023-07-27,1.2193805204635109,CRITICAL
2023-07-28,1.0772642156808592,CRITICAL
2023-07-29,0.968288764300956,WARNING
2023-07-30,0.7642148261443428,WARNING
2023-07-31,0.7112177186463219,WARNING
2023-08-01,0.6896369618714736,NORMAL
2023-08-02,0.1344159186249452,NORMAL
2023-08-03,0.2731847551894515,NORMAL
2023-08-04,0.2747418496086951,NORMAL
2023-08-05,0.473383522081756,NORMAL
2023-08-06,0.4365766460718115,NORMAL
2023-08-07,0.4362370862663761,NORMAL
2023-08-08,0.456782273472782,NORMAL
2023-08-09,0.5073331745848124,NORMAL
2023-08-10,0.1874669549281801,NORMAL
2023-08-11,0.1965008809261381,NORMAL
2023-08-12,0.3781016323747281,NORMAL
2023-08-13,0.3340733167379455,NORMAL
2023-08-14,0.3189967718438991,NORMAL
2023-08-15,0.3624524214397008,NORMAL
2023-08-16,0.341218951379364,NORMAL
2023-08-17,0.1157779925115338,NORMAL
2023-08-18,0.5745627612674846,NORMAL
2023-08-19,0.5577134820081093,NORMAL
2023-08-20,0.3865393805495574,NORMAL
2023-08-21,0.4938296968496464,NORMAL
2023-08-22,0.5594869268425128,NORMAL
2023-08-23,0.1145276011488088,NORMAL
2023-08-24,0.2199132303803604,NORMAL
2023-08-25,0.2954928845004528,NORMAL
2023-08-26,0.2144513084362661,NORMAL
2023-08-27,0.273181594677816,NORMAL
2023-08-28,0.237907942777845,NORMAL
2023-08-29,0.1175387971644593,NORMAL
2023-08-30,1.596270404432082,CRITICAL
2023-08-31,0.8829464307450927,WARNING
2023-09-01,0.6076691219591147,WARNING
2023-09-02,0.5288216131788723,NORMAL
2023-09-03,0.4472309911990423,NORMAL
2023-09-04,0.4020661153785368,NORMAL
2023-09-05,0.3559476554523978,NORMAL
2023-09-06,0.1400846724559309,NORMAL
2023-09-07,0.1132729667886601,NORMAL
2023-09-08,0.1817905253430151,NORMAL
2023-09-09,0.2042971009463579,NORMAL
2023-09-10,0.1271671777493609,NORMAL
2023-09-11,0.0942548167259486,NORMAL
2023-09-12,0.1151068813441324,NORMAL
2023-09-13,0.0476192150862934,NORMAL
2023-09-14,0.0566101463475514,NORMAL
2023-09-15,0.0402010325517044,NORMAL
2023-09-16,0.1684636207017211,NORMAL
2023-09-17,0.1628233898599594,NORMAL
2023-09-18,0.2450286598648646,NORMAL
2023-09-19,0.2301993161302959,NORMAL
2023-09-20,0.286674233777342,NORMAL
2023-09-21,0.7770094679050464,CRITICAL
2023-09-22,0.4995675042964684,NORMAL
2023-09-23,0.4666649081912631,NORMAL
2023-09-24,0.3669995736825033,NORMAL
2023-09-25,0.3492151192438416,NORMAL
2023-09-26,0.3192331844581945,NORMAL
2023-09-27,0.7235358661631459,WARNING
2023-09-28,0.2427921505727604,NORMAL
2023-09-29,0.0571782165794069,NORMAL
2023-09-30,0.212696143980295,NORMAL
2023-10-01,0.1579038336467037,NORMAL
2023-10-02,0.1259289739549516,NORMAL
2023-10-03,0.1735010138975045,NORMAL
2023-10-04,0.3027337110851133,NORMAL
2023-10-05,0.1757205112944059,NORMAL
2023-10-06,0.2619496359210909,NORMAL
2023-10-07,0.3005038200753643,NORMAL
2023-10-08,0.3436258203150687,NORMAL
2023-10-09,0.310004122422371,NORMAL
2023-10-10,0.3223566289001669,NORMAL
2023-10-11,0.1964848141521464,NORMAL
2023-10-12,0.1078395893411902,NORMAL
2023-10-13,0.0226024457738869,NORMAL
2023-10-14,0.1505779182155156,NORMAL
2023-10-15,0.1193731678808789,NORMAL
2023-10-16,0.1165144873883548,NORMAL
2023-10-17,0.1569635514813047,NORMAL
2023-10-18,0.2884197676275309,NORMAL
2023-10-19,0.0344898362241306,NORMAL
2023-10-20,0.0671300866380632,NORMAL
2023-10-21,0.075828126307748,NORMAL
2023-10-22,0.0180647340862529,NORMAL
2023-10-23,0.038431582792553,NORMAL
2023-10-24,0.0478943393374308,NORMAL
2023-10-25,0.0276914383033514,NORMAL
2023-10-26,0.1777806954557411,NORMAL
2023-10-27,0.1384437633362844,NORMAL
2023-10-28,0.1973821814034989,NORMAL
2023-10-29,0.1705655818794783,NORMAL
2023-10-30,0.1174522241143265,NORMAL
2023-10-31,0.1351990340728626,NORMAL
2023-11-01,0.0964351863776919,NORMAL
2023-11-02,0.1689608648323405,NORMAL
2023-11-03,0.0201590285125327,NORMAL
2023-11-04,0.4062091482725227,NORMAL
2023-11-05,0.0722654564424538,NORMAL
2023-11-06,0.0516273825484982,NORMAL
2023-11-07,0.2564640918781082,NORMAL
2023-11-08,0.4678076515905243,NORMAL
2023-11-09,0.3108991679824077,NORMAL
2023-11-10,0.0748457791036428,NORMAL
2023-11-11,0.164586027016484,NORMAL
2023-11-12,0.0854319062749713,NORMAL
2023-11-13,0.0608417302548099,NORMAL
2023-11-14,0.0635284865150174,NORMAL
2023-11-15,0.0987747957228702,NORMAL
2023-11-16,0.4712202152590055,NORMAL
2023-11-17,0.5384287916237791,CRITICAL
2023-11-18,0.5792442154630144,CRITICAL
2023-11-19,0.663255416631429,CRITICAL
2023-11-20,0.5487532423908229,CRITICAL
2023-11-21,0.5306879730596215,WARNING
2023-11-22,0.3229943949786237,NORMAL
2023-11-23,0.3227167830820637,NORMAL
2023-11-24,0.1577160487227547,NORMAL
2023-11-25,0.0574714741812274,NORMAL
2023-11-26,0.1347239222568582,NORMAL
2023-11-27,0.1340824187926295,NORMAL
2023-11-28,0.1476745344032395,NORMAL
2023-11-29,0.4678467154867849,NORMAL
2023-11-30,0.6749945042153818,CRITICAL
2023-12-01,0.5795068041482531,WARNING
2023-12-02,0.551661907387247,WARNING
2023-12-03,0.5082942945822897,WARNING
2023-12-04,0.5865560656154307,CRITICAL
2023-12-05,0.6520817644874978,CRITICAL
2023-12-06,0.7573967045164473,CRITICAL
2023-12-07,0.6470903013300877,CRITICAL
2023-12-08,0.6660942966901229,CRITICAL
2023-12-09,0.5677727974021217,WARNING
2023-12-10,0.1762965827812235,NORMAL
2023-12-11,0.2411283903814902,NORMAL
2023-12-12,0.1294380135856251,NORMAL
2023-12-13,0.3331453650043975,NORMAL
2023-12-14,0.2263606388017773,NORMAL
2023-12-15,0.2047013584006119,NORMAL
2023-12-16,0.347341960198096,NORMAL
2023-12-17,0.3320561713042119,NORMAL
2023-12-18,0.3688937472487095,NORMAL
2023-12-19,0.4868279369482333,NORMAL
2023-12-20,0.539624164331092,WARNING
2023-12-21,0.3794868645290738,NORMAL
2023-12-22,0.3926215721216369,NORMAL
2023-12-23,0.509872638914678,WARNING
2023-12-24,0.6169945188362875,CRITICAL
2023-12-25,0.7000098860154527,CRITICAL
2023-12-26,0.6680730617520273,CRITICAL
2023-12-27,0.4301185243283383,NORMAL
2023-12-28,0.6919922693863173,CRITICAL
2023-12-29,0.6310400932834548,WARNING
2023-12-30,0.6337596771349405,WARNING
2023-12-31,0.6224160653988751,WARNING
2024-01-01,0.7689327892834503,CRITICAL
2024-01-02,0.7757251792714788,CRITICAL
2024-01-03,0.0485349287524432,NORMAL
2024-01-04,0.6285868923308111,WARNING
2024-01-05,0.5154277632121935,NORMAL
2024-01-06,0.5304528029409057,NORMAL
2024-01-07,0.6312106175514826,WARNING
2024-01-08,0.5917040399752223,WARNING
2024-01-09,0.5688004349244029,NORMAL
2024-01-10,0.2520181233630559,NORMAL
2024-01-11,0.7876944136684607,CRITICAL
2024-01-12,0.4189023884721763,NORMAL
2024-01-13,0.4744066193466132,NORMAL
2024-01-14,0.5698078216079216,NORMAL
2024-01-15,0.3864554944909544,NORMAL
2024-01-16,0.3745784144601027,NORMAL
2024-01-17,0.5854656397346867,WARNING
2024-01-18,0.1533427209304809,NORMAL
2024-01-19,0.1294517979859186,NORMAL
2024-01-20,0.1186011162617011,NORMAL
2024-01-21,0.1057801276956958,NORMAL
2024-01-22,0.1032548627945569,NORMAL
2024-01-23,0.1667068861238926,NORMAL
2024-01-24,0.6558086424262525,WARNING
2024-01-25,0.4240778100460983,NORMAL
2024-01-26,0.5179722042638552,NORMAL
2024-01-27,0.4200681246053316,NORMAL
2024-01-28,0.3908782694339004,NORMAL
2024-01-29,0.3374589761917132,NORMAL
2024-01-30,0.2987603676478301,NORMAL
2024-01-31,0.1930149434009585,NORMAL
2024-02-01,0.1325471613995722,NORMAL
2024-02-02,0.1149008791858476,NORMAL
2024-02-03,0.0647011949334683,NORMAL
2024-02-04,0.1199527269772586,NORMAL
2024-02-05,0.097214665139098,NORMAL
2024-02-06,0.0830696397876372,NORMAL
2024-02-07,0.4671122955965173,NORMAL
2024-02-08,0.3508040580824828,NORMAL
2024-02-09,0.326795903938003,NORMAL
2024-02-10,0.3734398035428688,NORMAL
2024-02-11,0.3739491567867704,NORMAL
2024-02-12,0.4490791526852956,NORMAL
2024-02-13,0.4345988599391841,NORMAL
2024-02-14,0.605039205245202,WARNING
2024-02-15,0.2590106661072335,NORMAL
2024-02-16,0.044298074915767,NORMAL
2024-02-17,0.155235057077202,NORMAL
2024-02-18,0.2093280022379839,NORMAL
2024-02-19,0.185593495378102,NORMAL
2024-02-20,0.1898418201362202,NORMAL
2024-02-21,0.654062411520186,WARNING
2024-02-22,0.8752217053145451,CRITICAL
2024-02-23,0.8339529707738529,CRITICAL
2024-02-24,0.6435279270272568,WARNING
2024-02-25,0.46413404686212,NORMAL
2024-02-26,0.46061513044858,NORMAL
2024-02-27,0.3540082338005473,NORMAL
2024-02-28,0.0870370529881341,NORMAL
2024-02-29,0.1409554455089151,NORMAL
2024-03-01,0.1024882970939682,NORMAL
2024-03-02,0.1186854792339314,NORMAL
2024-03-03,0.0889477392734472,NORMAL
2024-03-04,0.0761952287557783,NORMAL
2024-03-05,0.0857729690549554,NORMAL
2024-03-06,0.3103332177252478,NORMAL
2024-03-07,0.3406721380934094,NORMAL
2024-03-08,0.3723032041564758,NORMAL
2024-03-09,0.3842140401692502,NORMAL
2024-03-10,0.2487694330876247,NORMAL
2024-03-11,0.2724129002237608,NORMAL
2024-03-12,0.2656704112237277,NORMAL
2024-03-13,0.0280945956064927,NORMAL
2024-03-14,0.0358345033464128,NORMAL
2024-03-15,0.2658604215803128,NORMAL
2024-03-16,0.1295844889667116,NORMAL
2024-03-17,0.0832861159964216,NORMAL
2024-03-18,0.1927994771411868,NORMAL
2024-03-19,0.1770775082970947,NORMAL
2024-03-20,0.3424841718772786,NORMAL
2024-03-21,0.1867579246857669,NORMAL
2024-03-22,0.05019099338277,NORMAL
2024-03-23,0.1153751300201819,NORMAL
2024-03-24,0.1968046142060928,NORMAL
2024-03-25,0.121747070961318,NORMAL
2024-03-26,0.0691851631109574,NORMAL
2024-03-27,0.1422342022253505,NORMAL
2024-03-28,0.5516645767025172,CRITICAL
2024-03-29,0.4398098564245806,NORMAL
2024-03-30,0.4101045086703353,NORMAL
2024-03-31,0.4977226616808027,WARNING
2024-04-01,0.3957271944934459,NORMAL
2024-04-02,0.2324602790242345,NORMAL
2024-04-03,0.3838210666925191,NORMAL
2024-04-04,0.4600423924532257,NORMAL
2024-04-05,0.1021220181371748,NORMAL
2024-04-06,0.1514094631474573,NORMAL
2024-04-07,0.0300984118407061,NORMAL
2024-04-08,0.0915966219375047,NORMAL
2024-04-09,0.0851684300474292,NORMAL
2024-04-10,0.2504157731441096,NORMAL
2024-04-11,0.0776073177422952,NORMAL
2024-04-12,0.2610644642563591,NORMAL
2024-04-13,0.544865132377426,NORMAL
2024-04-14,0.6075689147349822,NORMAL
2024-04-15,0.8677885039268279,CRITICAL
2024-04-16,0.8567118875953367,WARNING
2024-04-17,0.0479773580645231,NORMAL
2024-04-18,0.2270852713663742,NORMAL
2024-04-19,0.1854488382063634,NORMAL
2024-04-20,0.2432295889656396,NORMAL
2024-04-21,0.406426467737294,NORMAL
2024-04-22,0.387686103261219,NORMAL
2024-04-23,0.3646078322237293,NORMAL
2024-04-24,0.6807878214233599,NORMAL
2024-04-25,0.6600333583195546,NORMAL
2024-04-26,0.5268920258282489,NORMAL
2024-04-27,0.6027299779854981,NORMAL
2024-04-28,0.575982074274226,NORMAL
2024-04-29,0.5840753194591894,NORMAL
2024-04-30,0.6095909626147364,NORMAL
2024-05-01,0.2427235517638052,NORMAL
2024-05-02,0.26412886296329,NORMAL
2024-05-03,0.3309079471354241,NORMAL
2024-05-04,0.3512027107365806,NORMAL
2024-05-05,0.3666634199274752,NORMAL
2024-05-06,0.3458011679793861,NORMAL
2024-05-07,0.371485961443169,NORMAL
2024-05-08,0.3450435394231791,NORMAL
2024-05-09,0.197065711454261,NORMAL
2024-05-10,0.3463148201899937,NORMAL
2024-05-11,0.7023485987989818,NORMAL
2024-05-12,0.5332677371253202,NORMAL
2024-05-13,0.5256413053102139,NORMAL
2024-05-14,0.5305179203466945,NORMAL
2024-05-15,0.2068247928410316,NORMAL
2024-05-16,0.4321959196372988,NORMAL
2024-05-17,0.3500615979527242,NORMAL
2024-05-18,0.0918672547721425,NORMAL
2024-05-19,0.1084661847910548,NORMAL
2024-05-20,0.1175343588236548,NORMAL
2024-05-21,0.1602618242893748,NORMAL
2024-05-22,0.0381735834788598,NORMAL
2024-05-23,0.0957625696038489,NORMAL
2024-05-24,0.0576752377998408,NORMAL
2024-05-25,0.0818753396688684,NORMAL
2024-05-26,0.3484097750171908,NORMAL
2024-05-27,0.3356116467125424,NORMAL
2024-05-28,0.297632490415087,NORMAL
2024-05-29,0.4473904614641398,NORMAL
2024-05-30,0.4498764995512115,NORMAL
2024-05-31,0.2949454148904841,NORMAL
2024-06-01,0.2448770606892646,NORMAL
2024-06-02,0.1362198722601472,NORMAL
2024-06-03,0.0758866094244907,NORMAL
2024-06-04,0.1929871918452312,NORMAL
2024-06-05,0.0723167845970065,NORMAL
2024-06-06,0.1743043270814315,NORMAL
2024-06-07,0.2795876177257184,NORMAL
2024-06-08,0.6660797001479944,NORMAL
2024-06-09,0.5554596402173461,NORMAL
2024-06-10,0.4385145575553228,NORMAL
2024-06-11,0.4793523028343725,NORMAL
2024-06-12,0.2347728729363198,NORMAL
2024-06-13,0.1735338237248057,NORMAL
2024-06-14,0.2352167409585288,NORMAL
2024-06-15,0.2125607487195701,NORMAL
2024-06-16,0.2989455334842902,NORMAL
2024-06-17,0.2821428632385069,NORMAL
2024-06-18,0.2544804239465225,NORMAL
2024-06-19,0.0647318228945959,NORMAL
2024-06-20,0.3411223565077127,NORMAL
2024-06-21,0.3356106653437534,NORMAL
2024-06-22,0.5519454461745087,NORMAL
2024-06-23,0.6136257746730421,NORMAL
2024-06-24,0.7489461365309512,NORMAL
2024-06-25,0.735596904064926,NORMAL
2024-06-26,0.195756013749347,NORMAL
2024-06-27,0.2922957056390089,NORMAL
2024-06-28,0.3214229922513439,NORMAL
2024-06-29,0.3957330240019168,NORMAL
2024-06-30,0.4586336030839033,NORMAL
2024-07-01,0.4622035982553029,NORMAL
2024-07-02,0.4435859966354945,NORMAL
2024-07-03,0.1531864949828537,NORMAL
2024-07-04,0.1544832804574622,NORMAL
2024-07-05,0.2135933622560845,NORMAL
2024-07-06,0.2469427201733553,NORMAL
2024-07-07,0.2747007384375134,NORMAL
2024-07-08,0.2813456076382248,NORMAL
2024-07-09,0.2886915339659924,NORMAL
2024-07-10,0.2375589427552393,NORMAL
2024-07-11,0.2677477777183238,NORMAL
2024-07-12,0.3465869755382685,NORMAL
2024-07-13,0.3514597531978167,NORMAL
2024-07-14,0.4223477953718546,NORMAL
2024-07-15,0.3688560357104195,NORMAL
2024-07-16,0.377705311778496,NORMAL
2024-07-17,0.4593226268195901,NORMAL
2024-07-18,0.4750354294042104,NORMAL
2024-07-19,0.8299963038972544,WARNING
2024-07-20,0.6783487554411298,NORMAL
2024-07-21,1.4551494425169462,CRITICAL
2024-07-22,0.9642738498836908,WARNING
2024-07-23,1.0641237162639343,CRITICAL
2024-07-24,1.4314544437644732,CRITICAL
2024-07-25,1.1498778855830738,CRITICAL
2024-07-26,0.8958202814858826,WARNING
2024-07-27,1.0789301127570317,CRITICAL
2024-07-28,1.0981969538935792,CRITICAL
2024-07-29,1.0018850388582283,WARNING
2024-07-30,0.9298730827481928,WARNING
2024-07-31,0.125608028584877,NORMAL
2024-08-01,0.3544278251542089,NORMAL
2024-08-02,0.3347615522412722,NORMAL
2024-08-03,0.348964359626532,NORMAL
2024-08-04,0.3382581238255047,NORMAL
2024-08-05,0.4348567984140427,NORMAL
2024-08-06,0.418066712498202,NORMAL
2024-08-07,0.113101090993979,NORMAL
2024-08-08,0.4592165035473712,NORMAL
2024-08-09,0.2110208155759124,NORMAL
2024-08-10,0.1678825587673826,NORMAL
2024-08-11,1.2429777031776104,CRITICAL
2024-08-12,1.2397574799243245,CRITICAL
2024-08-13,1.0780061594185413,WARNING
2024-08-14,0.0752940910156905,NORMAL
2024-08-15,0.214773236743233,NORMAL
2024-08-16,0.3520537150173272,NORMAL
2024-08-17,0.4504151962955059,NORMAL
2024-08-18,0.6194471743240528,NORMAL
2024-08-19,1.087557584318536,WARNING
2024-08-20,1.2414767658657204,CRITICAL
2024-08-21,0.2482686714655975,NORMAL
2024-08-22,0.1659380538116007,NORMAL
2024-08-23,0.1977187407578815,NORMAL
2024-08-24,0.2518822622862536,NORMAL
2024-08-25,0.3588905868294222,NORMAL
2024-08-26,0.4038537075706608,NORMAL
2024-08-27,0.4012968919213327,NORMAL
2024-08-28,0.0704283949517921,NORMAL
2024-08-29,0.2389611366138775,NORMAL
2024-08-30,0.5031364027898106,NORMAL
2024-09-13,0.3729595597415601,NORMAL
2024-09-14,0.2488244662322074,NORMAL
2024-09-15,0.2031953957899009,NORMAL
2024-09-16,0.1756055777511829,NORMAL
2024-09-17,0.1558933849614448,NORMAL
2024-09-18,0.0200510747087637,NORMAL
2024-09-19,0.0205258295280145,NORMAL
2024-09-20,0.063621227118601,NORMAL
2024-09-21,0.0418337000575093,NORMAL
2024-09-22,0.0226856494668706,NORMAL
2024-09-23,0.0373560233075231,NORMAL
2024-09-24,0.0246997659917869,NORMAL
2024-09-25,0.8382964974622849,CRITICAL
2024-09-26,0.386365893833042,NORMAL
2024-09-27,0.2641617481485017,NORMAL
2024-09-28,0.2506951976969026,NORMAL
2024-09-29,0.204987721698072,NORMAL
2024-09-30,0.1499515807492188,NORMAL
2024-10-01,0.1733097456329834,NORMAL
2024-10-02,0.109770758415549,NORMAL
2024-10-03,0.0879203382648132,NORMAL
2024-10-04,0.0461445799870022,NORMAL
2024-10-05,0.051900462294824,NORMAL
2024-10-06,0.0344012610460876,NORMAL
2024-10-07,0.0815716260675086,NORMAL
2024-10-08,0.1160188583612109,NORMAL
2024-10-09,0.241082051571635,NORMAL
2024-10-10,1.1880666480937054,CRITICAL
2024-10-11,0.4881029368262041,WARNING
2024-10-12,0.3563454344815371,NORMAL
2024-10-13,0.3721963545683203,NORMAL
2024-10-14,0.4729475488898371,WARNING
2024-10-15,0.5192504093338414,WARNING
2024-10-16,0.2701534281671442,NORMAL
2024-10-17,0.035970395034474,NORMAL
2024-10-18,0.0469346868811495,NORMAL
2024-10-19,0.1199907934853918,NORMAL
2024-10-20,0.1725310305734617,NORMAL
2024-10-21,0.1951029525105747,NORMAL
2024-10-22,0.1939539571080471,NORMAL
2024-10-23,0.1166650963913422,NORMAL
2024-10-24,0.2251064046130023,NORMAL
2024-10-25,0.118954283298497,NORMAL
2024-10-26,0.2423473060603054,NORMAL
2024-10-27,0.2716103363110813,NORMAL
2024-10-28,0.2723816325079026,NORMAL
2024-10-29,0.2706987010110704,NORMAL
2024-10-30,0.4608027564775697,NORMAL
2024-10-31,0.3267294084994993,NORMAL
2024-11-01,0.2552411249129437,NORMAL
2024-11-02,0.2673404442718466,NORMAL
2024-11-03,0.2761520193652209,NORMAL
2024-11-04,0.2587497729524569,NORMAL
2024-11-05,0.2480328157752092,NORMAL
2024-11-06,0.3611764543006057,NORMAL
2024-11-07,0.2724026090583381,NORMAL
2024-11-08,0.3222307275193942,NORMAL
2024-11-09,0.3176012282165014,NORMAL
2024-11-10,0.3254663206324628,NORMAL
2024-11-11,0.3620350032194481,NORMAL
2024-11-12,0.3050658714150654,NORMAL
2024-11-13,0.2683723062244626,NORMAL
2024-11-14,0.2213341151772963,NORMAL
2024-11-15,0.2652327070791018,NORMAL
2024-11-16,0.2190594349135751,NORMAL
2024-11-17,0.2454783782796991,NORMAL
2024-11-18,0.2524156593673859,NORMAL
2024-11-19,0.2755733215449558,NORMAL
2024-11-20,0.126366126326027,NORMAL
2024-11-21,0.0492452071046568,NORMAL
2024-11-22,0.1038510710745619,NORMAL
2024-11-23,0.1461859574311586,NORMAL
2024-11-24,0.1737714299009701,NORMAL
2024-11-25,0.2166406416672263,NORMAL
2024-11-26,0.3190699589837832,NORMAL
2024-11-27,0.3233741987401829,NORMAL
2024-11-28,0.2197838308253729,NORMAL
2024-11-29,0.2483484981914491,NORMAL
2024-11-30,0.2403627617572448,NORMAL
2024-12-01,0.2358680379331058,NORMAL
2024-12-02,0.2494780590165592,NORMAL
2024-12-03,0.2447853910722484,NORMAL
2024-12-04,0.0350106091957874,NORMAL
2024-12-05,0.0965416219997665,NORMAL
2024-12-06,0.1984183551094281,NORMAL
2024-12-07,0.2334917595088882,NORMAL
2024-12-08,0.2532935608858797,NORMAL
2024-12-09,0.3001307089782377,NORMAL
2024-12-10,0.3020392136451407,NORMAL
2024-12-11,0.3570787990124611,NORMAL
2024-12-12,0.2798241307042191,NORMAL
2024-12-13,0.2850172957644538,NORMAL
2024-12-14,0.265108201684438,NORMAL
2024-12-15,0.2276255840817524,NORMAL
2024-12-16,0.2387521404760577,NORMAL
2024-12-17,0.257207367267897,NORMAL
2024-12-18,0.4323367297853559,NORMAL
2024-12-19,0.4262964590147537,NORMAL
2024-12-20,0.3981755499334737,NORMAL
2024-12-21,0.3754522206432567,NORMAL
2024-12-22,0.3059703046463333,NORMAL
2024-12-23,0.2890687445140561,NORMAL
2024-12-24,0.2614009312394074,NORMAL
2024-12-25,0.4908586094093011,NORMAL
2024-12-26,0.0831425475920397,NORMAL
2024-12-27,0.0565859805852299,NORMAL
2024-12-28,0.1072964396928439,NORMAL
2024-12-29,0.0795776613879575,NORMAL
2024-12-30,0.0646107382576729,NORMAL
2024-12-31,0.0687991488348343,NORMAL
2025-01-01,0.2127601892017463,NORMAL
2025-01-02,0.1584592727647616,NORMAL
2025-01-03,0.204671425443012,NORMAL
2025-01-04,0.2950044988749012,NORMAL
2025-01-05,0.2872961503405356,NORMAL
2025-01-06,0.2495487219960757,NORMAL
2025-01-07,0.21986195125812,NORMAL
2025-01-08,0.1846084810910347,NORMAL
2025-01-09,0.2679834574931497,NORMAL
2025-01-10,0.3420068043453095,NORMAL
2025-01-11,0.4234939391656183,NORMAL
2025-01-12,0.3881972606195722,NORMAL
2025-01-13,0.3319930230407076,NORMAL
2025-01-14,0.2873745922667149,NORMAL
2025-01-15,0.1379105822702642,NORMAL
2025-01-16,0.2729925267157865,NORMAL
2025-01-17,0.1301862251382872,NORMAL
2025-01-18,0.143159778724611,NORMAL
2025-01-19,0.1295069130424298,NORMAL
2025-01-20,0.087409649123524,NORMAL
2025-01-21,0.0797140879532172,NORMAL
2025-01-22,0.7005014649679436,CRITICAL
2025-01-23,0.4279253850715815,NORMAL
2025-01-24,0.4936150383567451,NORMAL
2025-01-25,0.5971715865372861,WARNING
2025-01-26,0.3419211811445601,NORMAL
2025-01-27,0.0919353235908139,NORMAL
2025-01-28,0.1047438534192607,NORMAL
2025-01-29,0.5951710012051259,WARNING
2025-01-30,0.3023052032601855,NORMAL
2025-01-31,0.0662896469529473,NORMAL
2025-02-01,0.0851529867844367,NORMAL
2025-02-02,0.1571358020115469,NORMAL
2025-02-03,0.1628997882067558,NORMAL
2025-02-04,0.1551572262741402,NORMAL
2025-02-05,0.4255828371828973,NORMAL
2025-02-06,0.1559643654049924,NORMAL
2025-02-07,0.0248321305781313,NORMAL
2025-02-08,0.2720273483842872,NORMAL
2025-02-09,0.2563537052668816,NORMAL
2025-02-10,0.265767630749502,NORMAL
2025-02-11,0.2624877115998238,NORMAL
2025-02-12,0.196610344229263,NORMAL
2025-02-13,0.2074583622123118,NORMAL
2025-02-14,0.1420510853328779,NORMAL
2025-02-15,0.1755994755865143,NORMAL
2025-02-16,0.0965022997994213,NORMAL
2025-02-17,0.1625685696805959,NORMAL
2025-02-18,0.2353847725132554,NORMAL
2025-02-19,0.7837849992506154,CRITICAL
2025-02-20,0.844262327333311,CRITICAL
2025-02-21,0.798585260997985,CRITICAL
2025-02-22,0.8652242081234485,CRITICAL
2025-02-23,0.8334540240455619,CRITICAL
2025-02-24,0.7343171598557101,WARNING
2025-02-25,0.6116145919062456,WARNING
2025-02-26,0.3694360775579656,NORMAL
2025-02-27,0.0655345000698428,NORMAL
2025-02-28,0.0769434217921487,NORMAL
2025-03-01,0.1831499154007865,NORMAL
2025-03-02,0.2738454206718113,NORMAL
2025-03-03,0.3521873036879528,NORMAL
2025-03-04,0.4263312169614578,NORMAL
2025-03-05,0.4215710407064474,NORMAL
2025-03-06,0.3689136555490133,NORMAL
2025-03-07,0.3079486756578284,NORMAL
2025-03-08,0.3290334983801014,NORMAL
2025-03-09,0.3421788984894191,NORMAL
2025-03-10,0.2846665642988449,NORMAL
2025-03-11,0.3229383908612195,NORMAL
2025-03-12,0.7567637940631065,CRITICAL
2025-03-13,0.4117373555818703,NORMAL
2025-03-14,0.4501580656936556,NORMAL
2025-03-15,0.4886224014868342,WARNING
2025-03-16,0.4713412427860731,NORMAL
2025-03-17,0.4525499701616415,NORMAL
2025-03-18,0.4520995274986603,NORMAL
2025-03-19,0.1945353469581301,NORMAL
2025-03-20,0.1014020322019159,NORMAL
2025-03-21,0.0550681288703423,NORMAL
2025-03-22,0.1101099059510995,NORMAL
2025-03-23,0.1372450821676435,NORMAL
2025-03-24,0.1354557362653783,NORMAL
2025-03-25,0.1984162210137038,NORMAL
2025-03-26,0.2897087983787548,NORMAL
2025-03-27,0.5551518142553771,CRITICAL
2025-03-28,0.5280920144424466,WARNING
2025-03-29,0.502995815736256,WARNING
2025-03-30,0.5166006302658025,WARNING
2025-03-31,0.5132211946801853,WARNING
2025-04-01,0.4943429511390765,NORMAL
2025-04-02,0.755445721649734,WARNING
2025-04-03,0.4733455709389091,NORMAL
2025-04-04,0.360236302972774,NORMAL
2025-04-05,0.3944384209830797,NORMAL
2025-04-06,0.4123952069233111,NORMAL
2025-04-07,0.3925004862283828,NORMAL
2025-04-08,0.3893292364023583,NORMAL
2025-04-09,0.0550465865282701,NORMAL
2025-04-10,0.070827304470414,NORMAL
2025-04-11,0.1797086610870953,NORMAL
2025-04-12,0.183510027321372,NORMAL
2025-04-13,0.1841821198021745,NORMAL
2025-04-14,0.2761385342207208,NORMAL
2025-04-15,0.2982145164127449,NORMAL
2025-04-16,0.3837140334565198,NORMAL
2025-04-17,0.352477740121019,NORMAL
2025-04-18,0.3950408877797592,NORMAL
2025-04-19,0.4496034683496799,NORMAL
2025-04-20,0.4611208372273813,NORMAL
2025-04-21,0.4914892693637693,NORMAL
2025-04-22,0.530628107097641,NORMAL
2025-04-23,0.0234348573263255,NORMAL
2025-04-24,0.0885138799647367,NORMAL
2025-04-25,0.2041894473479602,NORMAL
2025-04-26,0.214791140495765,NORMAL
2025-04-27,0.23587104133535,NORMAL
2025-04-28,0.3135356131201784,NORMAL
2025-04-29,0.3079076752245964,NORMAL
2025-04-30,0.1844084270674168,NORMAL
2025-05-01,0.2844963229999504,NORMAL
2025-05-02,0.1830708859482074,NORMAL
2025-05-03,0.193035509790618,NORMAL
2025-05-04,0.2183873930954936,NORMAL
2025-05-05,0.2440224389864861,NORMAL
2025-05-06,0.2544605222003962,NORMAL
2025-05-07,0.1524369630851418,NORMAL
2025-05-08,0.1690889474054212,NORMAL
2025-05-09,0.7974481278542717,WARNING
2025-05-10,0.4365729841233999,NORMAL
2025-05-11,0.2871560388460209,NORMAL
2025-05-12,0.2494592262267944,NORMAL
2025-05-13,0.1775139990278548,NORMAL
2025-05-14,0.6022944281976949,NORMAL
2025-05-15,0.0567493035744778,NORMAL
2025-05-16,0.0429407082905405,NORMAL
2025-05-17,0.2836217262761803,NORMAL
2025-05-18,0.1186740893588264,NORMAL
2025-05-19,0.0423356872605769,NORMAL
2025-05-20,0.116018475905321,NORMAL
2025-05-21,0.4536446633667671,NORMAL
2025-05-22,0.5328142056728902,NORMAL
2025-05-23,0.5753444930847649,NORMAL
2025-05-24,0.5449548732742014,NORMAL
2025-05-25,0.5241342124706961,NORMAL
2025-05-26,0.5525371400539056,NORMAL
2025-05-27,0.5470041435619339,NORMAL
2025-05-28,0.194977034924058,NORMAL
2025-05-29,0.3258339442537524,NORMAL
2025-05-30,0.4416272387951423,NORMAL
2025-05-31,0.5651315535391961,NORMAL
2025-06-01,0.5534209957350038,NORMAL
2025-06-02,0.4935489371859726,NORMAL
2025-06-03,0.5282105404911619,NORMAL
2025-06-04,0.263785298784737,NORMAL
2025-06-05,0.2704980068781843,NORMAL
2025-06-06,0.3628512213921235,NORMAL
2025-06-07,0.3282378983761345,NORMAL
2025-06-08,0.385170652949579,NORMAL
2025-06-09,0.4287677551483322,NORMAL
2025-06-10,0.1131371711437855,NORMAL
2025-06-11,1.1987719755197608,CRITICAL
2025-06-12,0.8655217167866612,WARNING
2025-06-13,0.621388797308287,NORMAL
2025-06-14,0.3511548326936999,NORMAL
2025-06-15,0.4166854498449736,NORMAL
2025-06-16,0.2691181005628387,NORMAL
2025-06-17,0.425574376126868,NORMAL
2025-06-18,0.9798332108596506,CRITICAL
2025-06-19,0.6984196873965202,NORMAL
2025-06-20,0.0371118545077871,NORMAL
2025-06-21,0.0813361616955627,NORMAL
2025-06-22,0.0590444290964277,NORMAL
2025-06-23,0.1532166555662342,NORMAL
2025-06-24,0.261602431478903,NORMAL
2025-06-25,0.2564876741859765,NORMAL
2025-06-26,0.3534255326886072,NORMAL
2025-06-27,0.3907747900089369,NORMAL
2025-06-28,0.0970325152491066,NORMAL
2025-06-29,0.4905300921666252,NORMAL
2025-06-30,0.5057728284848074,NORMAL
2025-07-01,0.5951361406370665,NORMAL
2025-07-02,0.462424373247914,NORMAL
2025-07-03,0.1000925630898699,NORMAL
2025-07-04,0.1491069609794859,NORMAL
2025-07-05,0.2591449414840637,NORMAL
2025-07-06,0.1766708955490926,NORMAL
2025-07-07,0.17666295288445,NORMAL
2025-07-08,0.1917292078285978,NORMAL
2025-07-09,0.2495428724880617,NORMAL
2025-07-10,0.2347572081969275,NORMAL
2025-07-11,0.236147402643042,NORMAL
2025-07-12,0.2489747781045697,NORMAL
2025-07-13,0.2168270101538686,NORMAL
2025-07-14,0.1783609487449768,NORMAL
2025-07-15,0.1324798071705031,NORMAL
2025-07-16,0.1921074861404169,NORMAL
2025-07-17,0.1694565837502432,NORMAL
2025-07-18,0.664110305530993,NORMAL
2025-07-19,0.3299167241404402,NORMAL
2025-07-20,0.3502719054314928,NORMAL
2025-07-21,0.3436355645702011,NORMAL
2025-07-22,0.2768863261279045,NORMAL
2025-07-23,0.1193348891537086,NORMAL
2025-07-24,0.0608236082353478,NORMAL
2025-07-25,0.1133428359850102,NORMAL
2025-07-26,0.0572699783166328,NORMAL
2025-07-27,0.0368482286069308,NORMAL
2025-07-28,0.0691937903483382,NORMAL
2025-07-29,0.0982011840614791,NORMAL
2025-07-30,1.3891854480881982,CRITICAL
2025-07-31,0.1293182255496792,NORMAL
2025-08-01,0.1285712302542806,NORMAL
2025-08-02,0.0977995441774304,NORMAL
2025-08-03,0.099154574228522,NORMAL
2025-08-04,0.1479523774759181,NORMAL
2025-08-05,0.2112805211133773,NORMAL
2025-08-06,0.2950893811691199,NORMAL
2025-08-07,0.3462059626062322,NORMAL
2025-08-08,0.2974807258610387,NORMAL
2025-08-09,0.1916752236997167,NORMAL
2025-08-10,0.1473263041507822,NORMAL
2025-08-11,0.1718549606155976,NORMAL
2025-08-12,0.1727727228144899,NORMAL
2025-08-13,0.991450118992552,WARNING
2025-08-14,1.1583197146876412,WARNING
2025-08-15,1.1569737341566275,WARNING
2025-08-16,2.0651478378663484,CRITICAL
2025-08-17,1.317220782834543,CRITICAL
2025-08-18,0.9461583942868912,WARNING
2025-08-19,0.7130972385230144,NORMAL
2025-08-20,0.0741219044167462,NORMAL
2025-08-21,0.1956586993939298,NORMAL
2025-08-22,0.203592688391773,NORMAL
2025-08-23,0.2114556200464485,NORMAL
2025-08-24,0.1221107930806151,NORMAL
2025-08-25,0.0919311102456041,NORMAL
2025-08-26,0.1344362402464947,NORMAL
2025-08-27,0.3364355773705715,NORMAL
2025-08-28,0.3586185408055949,NORMAL
2025-08-29,0.3758041391730448,NORMAL
2025-08-30,0.4350257814403171,NORMAL
2025-08-31,0.4408387829807678,NORMAL
2025-09-01,0.3859933484906037,NORMAL
2025-09-02,0.4070436782511895,NORMAL
2025-09-03,0.3273824748883659,NORMAL
2025-09-04,0.3312807251264371,NORMAL
2025-09-05,0.3403013356647675,NORMAL
2025-09-06,0.3969982402680119,NORMAL
2025-09-07,0.4242548116057975,NORMAL
2025-09-08,0.4568945122995885,NORMAL
2025-09-09,0.478051135797302,NORMAL
2025-09-10,0.0423735735069818,NORMAL
2025-09-11,0.1532825158156524,NORMAL
2025-09-12,0.2635244919065488,NORMAL
2025-09-13,0.300611463909583,NORMAL
2025-09-14,0.3087714614020003,NORMAL
2025-09-15,0.3321714035075943,NORMAL
2025-09-16,0.3432790875245515,NORMAL
2025-09-17,0.1016628068775779,NORMAL
2025-09-18,0.1259643675879456,NORMAL
2025-09-19,0.2813457353251252,NORMAL
2025-09-20,0.319515184274685,NORMAL
2025-09-21,0.3286367623761781,NORMAL
2025-09-22,0.3663546125405439,NORMAL
2025-09-23,0.3961956711891539,NORMAL
2025-09-24,0.2148694021631485,NORMAL
2025-09-25,0.0533086463933291,NORMAL
2025-09-26,0.0594487448708508,NORMAL
2025-09-27,0.1651121702978276,NORMAL
2025-09-28,0.2471853436419538,NORMAL
2025-09-29,0.2570953189142117,NORMAL
2025-09-30,0.324682782902383,NORMAL
2025-10-01,0.2539220998633411,NORMAL
2025-10-02,0.2055510664883303,NORMAL
2025-10-03,0.2371152219459403,NORMAL
2025-10-04,0.2691911849637067,NORMAL
2025-10-05,0.2267026869648606,NORMAL
2025-10-06,0.2136610276138667,NORMAL
2025-10-07,0.2749287775265842,NORMAL
2025-10-08,0.2953751912015334,NORMAL
2025-10-09,0.2214461905018768,NORMAL
2025-10-10,0.0391466242578137,NORMAL
2025-10-11,0.1026500826382385,NORMAL
2025-10-12,0.0828596154937924,NORMAL
2025-10-13,0.1422200734190113,NORMAL
2025-10-14,0.1901574907826446,NORMAL
2025-10-15,0.2634099763183604,NORMAL
2025-10-16,0.2546228684666828,NORMAL
2025-10-17,0.1487473237481878,NORMAL
2025-10-18,0.2121860018881587,NORMAL
2025-10-19,0.1645831263397832,NORMAL
2025-10-20,0.1413313603120646,NORMAL
2025-10-21,0.1249453775498107,NORMAL
2025-10-22,0.0945751848459487,NORMAL
2025-10-23,0.0353629090391495,NORMAL
2025-10-24,0.2110363243268429,NORMAL
2025-10-25,0.4324184763207033,NORMAL
2025-10-26,0.4357877701888816,NORMAL
2025-10-27,0.5210415530183139,WARNING
2025-10-28,0.4812704755370371,WARNING
2025-10-29,0.4755304826215815,WARNING
2025-10-30,0.3294029136342965,NORMAL
2025-10-31,0.2208166560291515,NORMAL
2025-11-01,0.3760743980595789,NORMAL
2025-11-02,0.2585206280528082,NORMAL
2025-11-03,0.2835950371429145,NORMAL
2025-11-04,0.3671087757527052,NORMAL
2025-11-05,0.2939726758387094,NORMAL
2025-11-06,0.2040854114027794,NORMAL
2025-11-07,0.222073017860064,NORMAL
2025-11-08,0.0715665880697542,NORMAL
2025-11-09,0.1336501295480202,NORMAL
2025-11-10,0.1053846349251066,NORMAL
2025-11-11,0.1989568704738658,NORMAL
2025-11-12,0.4643162033851125,NORMAL
2025-11-13,0.2305758846643385,NORMAL
2025-11-14,0.1470245310023235,NORMAL
2025-11-15,0.2395917439626679,NORMAL
2025-11-16,0.2473229475308918,NORMAL
2025-11-17,0.2114286033058746,NORMAL
2025-11-18,0.2221687237752258,NORMAL
2025-11-19,0.050504073856846,NORMAL
2025-11-20,0.2373317782148734,NORMAL
2025-11-21,0.2158744291581792,NORMAL
2025-11-22,0.2069937762520768,NORMAL
2025-11-23,0.2240997852203942,NORMAL
2025-11-24,0.1238694623417517,NORMAL
2025-11-25,0.1096967502979593,NORMAL
2025-11-26,0.1429601192230574,NORMAL
2025-11-27,0.0728207836470117,NORMAL
2025-11-28,0.0826156512018181,NORMAL
2025-11-29,0.0294085568101017,NORMAL
2025-11-30,0.0847953967222952,NORMAL
2025-12-01,0.1487385079069597,NORMAL
2025-12-02,0.1423946373283554,NORMAL
2025-12-03,0.1767580833812857,NORMAL
2025-12-04,0.1701694357585526,NORMAL
2025-12-05,0.1501247265417506,NORMAL
2025-12-06,0.1427022875956228,NORMAL
2025-12-07,0.1539569212936946,NORMAL
2025-12-08,0.171238576855718,NORMAL
2025-12-09,0.169618820243053,NORMAL
2025-12-10,0.1727473684642668,NORMAL
2025-12-11,0.1865914480894228,NORMAL
2025-12-12,0.1819833211682447,NORMAL
2025-12-13,0.1609088107216864,NORMAL
2025-12-14,0.1584937483356337,NORMAL
2025-12-15,0.1686781082769356,NORMAL
2025-12-16,0.172473117615075,NORMAL
2025-12-17,0.1686157403962009,NORMAL
2025-12-18,0.162797411191568,NORMAL
