date,score,level,n_predictions,month,is_anomaly
2014-01-08,0.1687768192276875,NORMAL,2,1,False
2014-01-09,0.0261124482466982,NORMAL,2,1,False
2014-01-10,0.0828048629728881,NORMAL,2,1,False
2014-01-11,0.0710833050651327,NORMAL,2,1,False
2014-01-12,0.1236528295874033,NORMAL,2,1,False
2014-01-13,0.0443731258384171,NORMAL,2,1,False
2014-01-14,0.0345869174940886,NORMAL,2,1,False
2014-01-15,0.5637040288237457,NORMAL,3,1,False
2014-01-16,0.1074514627769004,NORMAL,3,1,False
2014-01-17,0.3327186736920636,NORMAL,3,1,False
2014-01-18,0.3059483109779572,NORMAL,3,1,False
2014-01-19,0.3902292107219752,NORMAL,3,1,False
2014-01-20,0.492871608190045,NORMAL,3,1,False
2014-01-21,0.4705434894902335,NORMAL,3,1,False
2014-01-22,0.2136394353143982,NORMAL,4,1,False
2014-01-23,0.7066815700003762,NORMAL,4,1,False
2014-01-24,0.4417832625134368,NORMAL,4,1,False
2014-01-25,0.2390703054446387,NORMAL,4,1,False
2014-01-26,0.2592061268703897,NORMAL,4,1,False
2014-01-27,0.6199062938468168,NORMAL,4,1,False
2014-01-28,0.3116606346577701,NORMAL,4,1,False
2014-01-29,1.0474337356162151,NORMAL,5,1,False
2014-01-30,0.5574493551417767,NORMAL,5,1,False
2014-01-31,0.206241235654422,NORMAL,4,1,False
2014-02-01,0.3476236828732686,NORMAL,4,2,False
2014-02-02,0.8196103829345188,NORMAL,4,2,False
2014-02-03,0.3802926928951567,NORMAL,4,2,False
2014-02-04,0.2674179470492086,NORMAL,4,2,False
2014-02-05,0.3326391309024115,NORMAL,5,2,False
2014-02-06,0.1812528762165973,NORMAL,5,2,False
2014-02-07,0.0781118557573635,NORMAL,4,2,False
2014-02-08,0.0946734964924531,NORMAL,4,2,False
2014-02-09,0.0588260897143442,NORMAL,4,2,False
2014-02-10,0.0723096503910462,NORMAL,4,2,False
2014-02-11,0.1236765014801554,NORMAL,4,2,False
2014-02-12,0.2074005839144523,NORMAL,5,2,False
2014-02-13,0.1025731266428504,NORMAL,5,2,False
2014-02-14,0.3898901278077665,NORMAL,4,2,False
2014-02-15,0.4225953134244375,NORMAL,4,2,False
2014-02-16,0.2259611323605919,NORMAL,4,2,False
2014-02-17,0.0952270817839945,NORMAL,4,2,False
2014-02-18,0.1711482143910366,NORMAL,4,2,False
2014-02-19,0.2998905827468253,NORMAL,5,2,False
2014-02-20,0.2290820352490143,NORMAL,5,2,False
2014-02-21,0.1856846365497229,NORMAL,4,2,False
2014-02-22,0.16088093102679,NORMAL,4,2,False
2014-02-23,0.2671862646773339,NORMAL,4,2,False
2014-02-24,0.4612446355250094,NORMAL,4,2,False
2014-02-25,0.4164264895425338,NORMAL,4,2,False
2014-02-26,0.6804197496628824,CRITICAL,5,2,True
2014-02-27,0.2897798699678888,NORMAL,5,2,False
2014-02-28,0.0578272517129787,NORMAL,4,2,False
2014-03-01,0.1006033655071765,NORMAL,4,3,False
2014-03-02,0.1360432508720158,NORMAL,4,3,False
2014-03-03,0.1357150323305039,NORMAL,4,3,False
2014-03-04,0.1654910206637522,NORMAL,4,3,False
2014-03-05,0.218668317463143,NORMAL,5,3,False
2014-03-06,0.1228119486501336,NORMAL,5,3,False
2014-03-07,0.1265639975160195,NORMAL,4,3,False
2014-03-08,0.2650512856315465,NORMAL,4,3,False
2014-03-09,0.2628292422024726,NORMAL,4,3,False
2014-03-10,0.1830705247831336,NORMAL,4,3,False
2014-03-11,0.2776984931915135,NORMAL,4,3,False
2014-03-12,0.0897033653687026,NORMAL,5,3,False
2014-03-13,0.0537174537404893,NORMAL,5,3,False
2014-03-14,0.233119286404195,NORMAL,4,3,False
2014-03-15,0.3523673208480175,NORMAL,4,3,False
2014-03-16,0.0758616500139114,NORMAL,4,3,False
2014-03-17,0.2201452370806836,NORMAL,4,3,False
2014-03-18,0.0714517358486285,NORMAL,4,3,False
2014-03-19,0.1118095827738094,NORMAL,5,3,False
2014-03-20,0.0911552261770492,NORMAL,5,3,False
2014-03-21,0.1917086329697231,NORMAL,4,3,False
2014-03-22,0.132233220742732,NORMAL,4,3,False
2014-03-23,0.1022335745710991,NORMAL,4,3,False
2014-03-24,0.3786048266748311,NORMAL,4,3,False
2014-03-25,0.3315212336018985,NORMAL,4,3,False
2014-03-26,0.1284212490771602,NORMAL,5,3,False
2014-03-27,0.0925144461507402,NORMAL,5,3,False
2014-03-28,0.0634842656412942,NORMAL,4,3,False
2014-03-29,0.2072677632843292,NORMAL,4,3,False
2014-03-30,0.0830111357007774,NORMAL,4,3,False
2014-03-31,0.1580371295010609,NORMAL,4,3,False
2014-04-01,0.1203357953397749,NORMAL,4,4,False
2014-04-02,0.4258795975258724,NORMAL,5,4,False
2014-04-03,0.2986541806143095,NORMAL,5,4,False
2014-04-04,0.0348261160468734,NORMAL,4,4,False
2014-04-05,0.0328515960199011,NORMAL,4,4,False
2014-04-06,0.1192647740662505,NORMAL,4,4,False
2014-04-07,0.0911042546581309,NORMAL,4,4,False
2014-04-08,0.0758593411085179,NORMAL,4,4,False
2014-04-09,0.3499008247071575,NORMAL,5,4,False
2014-04-10,0.3450571835477055,NORMAL,5,4,False
2014-04-11,0.1445587916098787,NORMAL,4,4,False
2014-04-12,0.1120238509109399,NORMAL,4,4,False
2014-04-13,0.0738474484905003,NORMAL,4,4,False
2014-04-14,0.1749100900812496,NORMAL,4,4,False
2014-04-15,0.077597506211543,NORMAL,4,4,False
2014-04-16,0.113950586158544,NORMAL,5,4,False
2014-04-17,0.0078274932317705,NORMAL,5,4,False
2014-04-18,0.1064616020379825,NORMAL,4,4,False
2014-04-19,0.0352549297707199,NORMAL,4,4,False
2014-04-20,0.3043200218722236,NORMAL,4,4,False
2014-04-21,0.2700969172305403,NORMAL,4,4,False
2014-04-22,0.2262654448254585,NORMAL,4,4,False
2014-04-23,0.0328322438581652,NORMAL,5,4,False
2014-04-24,0.152661468175552,NORMAL,5,4,False
2014-04-25,0.1983087147287942,NORMAL,4,4,False
2014-04-26,0.1769374357478413,NORMAL,4,4,False
2014-04-27,0.2121139684984761,NORMAL,4,4,False
2014-04-28,0.2557816867417741,NORMAL,4,4,False
2014-04-29,0.0927261037731565,NORMAL,4,4,False
2014-04-30,0.4378209381047441,WARNING,5,4,True
2014-05-01,0.2630558227263657,NORMAL,5,5,False
2014-05-02,0.028599758146013,NORMAL,4,5,False
2014-05-03,0.0730969260330671,NORMAL,4,5,False
2014-05-04,0.0795522798048691,NORMAL,4,5,False
2014-05-05,0.1622750122453171,NORMAL,4,5,False
2014-05-06,0.140442700899478,NORMAL,4,5,False
2014-05-07,0.1998851558472318,NORMAL,5,5,False
2014-05-08,0.3767531152526319,NORMAL,5,5,False
2014-05-09,0.4860701280654936,WARNING,4,5,True
2014-05-10,0.5164902261655754,WARNING,4,5,True
2014-05-11,0.2491556363052854,NORMAL,4,5,False
2014-05-12,0.2706383650428087,NORMAL,4,5,False
2014-05-13,0.2193364448988638,NORMAL,4,5,False
2014-05-14,0.3984104030861172,NORMAL,5,5,False
2014-05-15,0.2264032863618626,NORMAL,5,5,False
2014-05-16,0.5933583426839104,CRITICAL,4,5,True
2014-05-17,0.6865983835468689,CRITICAL,4,5,True
2014-05-18,0.5628960128220516,WARNING,4,5,True
2014-05-19,0.4469853159809511,NORMAL,4,5,False
2014-05-20,0.2730256525011196,NORMAL,4,5,False
2014-05-21,0.0630544826292215,NORMAL,5,5,False
2014-05-22,0.3495656929182209,NORMAL,5,5,False
2014-05-23,0.2985950599658448,NORMAL,4,5,False
2014-05-24,0.4146810286122845,NORMAL,4,5,False
2014-05-25,0.1464801754948217,NORMAL,4,5,False
2014-05-26,0.1211730241843858,NORMAL,4,5,False
2014-05-27,0.0725170216898452,NORMAL,4,5,False
2014-05-28,0.1591557247972884,NORMAL,5,5,False
2014-05-29,0.4401749965840878,NORMAL,5,5,False
2014-05-30,0.6921872428716914,CRITICAL,4,5,True
2014-05-31,0.5749395406961304,WARNING,4,5,True
2014-06-01,0.6362804644336761,CRITICAL,4,6,True
2014-06-02,0.6252112534265138,CRITICAL,4,6,True
2014-06-03,0.6349676263047112,CRITICAL,4,6,True
2014-06-04,0.022586474091574,NORMAL,5,6,False
2014-06-05,0.1533763849992859,NORMAL,5,6,False
2014-06-06,0.0839469254883448,NORMAL,4,6,False
2014-06-07,0.2605939192884822,NORMAL,4,6,False
2014-06-08,0.2333715336825641,NORMAL,4,6,False
2014-06-09,0.379749758112662,NORMAL,4,6,False
2014-06-10,0.3620987022554289,NORMAL,4,6,False
2014-06-11,0.1199534235159671,NORMAL,5,6,False
2014-06-12,0.0467923867421233,NORMAL,5,6,False
2014-06-13,0.0373323198743736,NORMAL,4,6,False
2014-06-14,0.1067834245980444,NORMAL,4,6,False
2014-06-15,0.1051288505827412,NORMAL,4,6,False
2014-06-16,0.2465040569802923,NORMAL,4,6,False
2014-06-17,0.3322994103069457,NORMAL,4,6,False
2014-06-18,0.030109232665437,NORMAL,5,6,False
2014-06-19,0.1999911762325643,NORMAL,5,6,False
2014-06-20,0.3533401118752763,NORMAL,4,6,False
2014-06-21,0.4236417463468194,NORMAL,4,6,False
2014-06-22,0.4096735803166586,NORMAL,4,6,False
2014-06-23,0.330759247862495,NORMAL,4,6,False
2014-06-24,0.2973648637294268,NORMAL,4,6,False
2014-06-25,0.0164776156667371,NORMAL,5,6,False
2014-06-26,0.0528957085938051,NORMAL,5,6,False
2014-06-27,0.0843772338617216,NORMAL,4,6,False
2014-06-28,0.1795145689344699,NORMAL,4,6,False
2014-06-29,0.2851113042053795,NORMAL,4,6,False
2014-06-30,0.3693548818705275,NORMAL,4,6,False
2014-07-01,0.4433762499081976,NORMAL,4,7,False
2014-07-02,0.0413145281386185,NORMAL,5,7,False
2014-07-03,0.0837013945051931,NORMAL,5,7,False
2014-07-04,0.1315647185838059,NORMAL,4,7,False
2014-07-05,0.311034168427032,NORMAL,4,7,False
2014-07-06,0.2167672252982709,NORMAL,4,7,False
2014-07-07,0.3318013079665859,NORMAL,4,7,False
2014-07-08,0.106699709029257,NORMAL,4,7,False
2014-07-09,0.1262968389106404,NORMAL,5,7,False
2014-07-10,0.0320125122878481,NORMAL,5,7,False
2014-07-11,0.1475936720882943,NORMAL,4,7,False
2014-07-12,0.3366462607490813,NORMAL,4,7,False
2014-07-13,0.3611068176341883,NORMAL,4,7,False
2014-07-14,0.4380267877720778,NORMAL,4,7,False
2014-07-15,0.5224848535855048,WARNING,4,7,True
2014-07-16,0.1624239361792727,NORMAL,5,7,False
2014-07-17,0.0496934097201162,NORMAL,5,7,False
2014-07-18,0.067094834389568,NORMAL,4,7,False
2014-07-19,0.1619781878177116,NORMAL,4,7,False
2014-07-20,0.1400899969576681,NORMAL,4,7,False
2014-07-21,0.2686226028223241,NORMAL,4,7,False
2014-07-22,0.1304567903280552,NORMAL,4,7,False
2014-07-23,0.142576899052511,NORMAL,5,7,False
2014-07-24,0.1289109637796978,NORMAL,5,7,False
2014-07-25,0.3706028531631827,NORMAL,4,7,False
2014-07-26,0.3468158744565274,NORMAL,4,7,False
2014-07-27,0.3470579982362448,NORMAL,4,7,False
2014-07-28,0.201878767484676,NORMAL,4,7,False
2014-07-29,0.2112024158082786,NORMAL,4,7,False
2014-07-30,0.0547769026234162,NORMAL,5,7,False
2014-07-31,0.0184529483554121,NORMAL,5,7,False
2014-08-01,0.0536660825447288,NORMAL,4,8,False
2014-08-02,0.0669856658867431,NORMAL,4,8,False
2014-08-03,0.096142585689139,NORMAL,4,8,False
2014-08-04,0.0807626280249364,NORMAL,4,8,False
2014-08-05,0.0592051997528307,NORMAL,4,8,False
2014-08-06,0.0853557802742589,NORMAL,5,8,False
2014-08-07,0.1581545765626862,NORMAL,5,8,False
2014-08-08,0.2696205345886091,NORMAL,4,8,False
2014-08-09,0.1598161732978428,NORMAL,4,8,False
2014-08-10,0.0174448743817715,NORMAL,4,8,False
2014-08-11,0.0697672983194581,NORMAL,4,8,False
2014-08-12,0.028285402194493,NORMAL,4,8,False
2014-08-13,0.3261534307009904,NORMAL,5,8,False
2014-08-14,0.0803804506301047,NORMAL,5,8,False
2014-08-15,0.1373965879337257,NORMAL,4,8,False
2014-08-16,0.1154631436232185,NORMAL,4,8,False
2014-08-17,0.0937313045148704,NORMAL,4,8,False
2014-08-18,0.0364077600323571,NORMAL,4,8,False
2014-08-19,0.0731909917922758,NORMAL,4,8,False
2014-08-20,0.2192684867217592,NORMAL,5,8,False
2014-08-21,0.3150673044256673,NORMAL,5,8,False
2014-08-22,0.2318313241689986,NORMAL,4,8,False
2014-08-23,0.2391539313729183,NORMAL,4,8,False
2014-08-24,0.1689297935955499,NORMAL,4,8,False
2014-08-25,0.1478874246422554,NORMAL,4,8,False
2014-08-26,0.1475052632517662,NORMAL,4,8,False
2014-08-27,0.0053438599995604,NORMAL,5,8,False
2014-08-28,0.0469492061319256,NORMAL,5,8,False
2014-08-29,0.084788686109745,NORMAL,4,8,False
2014-08-30,0.158987122490501,NORMAL,4,8,False
2014-08-31,0.1851838519178653,NORMAL,4,8,False
2014-09-01,0.1649654154813137,NORMAL,4,9,False
2014-09-02,0.2574402049189367,NORMAL,4,9,False
2014-09-03,0.2340445121843028,NORMAL,5,9,False
2014-09-04,0.3777765573239755,NORMAL,5,9,False
2014-09-05,0.2363442649505528,NORMAL,4,9,False
2014-09-06,0.2037147952584432,NORMAL,4,9,False
2014-09-07,0.2839552259555576,NORMAL,4,9,False
2014-09-08,0.500355373793885,WARNING,4,9,True
2014-09-09,0.3692055798924986,NORMAL,4,9,False
2014-09-10,0.3273072740452918,NORMAL,5,9,False
2014-09-11,0.3157953879179019,NORMAL,5,9,False
2014-09-12,0.2292914237638331,NORMAL,4,9,False
2014-09-13,0.1130652848612058,NORMAL,4,9,False
2014-09-14,0.2011993323442774,NORMAL,4,9,False
2014-09-15,0.1987839284635624,NORMAL,4,9,False
2014-09-16,0.0937479602665974,NORMAL,4,9,False
2014-09-17,0.1191699517970771,NORMAL,5,9,False
2014-09-18,0.0640381856331261,NORMAL,5,9,False
2014-09-19,0.1703439632610595,NORMAL,4,9,False
2014-09-20,0.171961012705373,NORMAL,4,9,False
2014-09-21,0.1468699926530624,NORMAL,4,9,False
2014-09-22,0.1624752221085828,NORMAL,4,9,False
2014-09-23,0.1982903257282963,NORMAL,4,9,False
2014-09-24,0.2703776755570918,NORMAL,5,9,False
2014-09-25,0.2193877300266061,NORMAL,5,9,False
2014-09-26,0.4121338875291976,NORMAL,4,9,False
2014-09-27,0.5168706583500698,WARNING,4,9,True
2014-09-28,0.3069041972645564,NORMAL,4,9,False
2014-09-29,0.1370093653276302,NORMAL,4,9,False
2014-09-30,0.1911809639316382,NORMAL,4,9,False
2014-10-01,0.3933770344389963,NORMAL,5,10,False
2014-10-02,0.5161187862436193,WARNING,5,10,True
2014-10-03,0.3795631551890111,NORMAL,4,10,False
2014-10-04,0.1915837090054028,NORMAL,4,10,False
2014-10-05,0.1832052855017672,NORMAL,4,10,False
2014-10-06,0.3341975958882303,NORMAL,4,10,False
2014-10-07,0.4626354052825263,WARNING,4,10,True
2014-10-08,0.1298054977825433,NORMAL,5,10,False
2014-10-09,0.0904546497824306,NORMAL,5,10,False
2014-10-10,0.1746409215633852,NORMAL,4,10,False
2014-10-11,0.3302082479346638,NORMAL,4,10,False
2014-10-12,0.1662834579639244,NORMAL,4,10,False
2014-10-13,0.1851429937157864,NORMAL,4,10,False
2014-10-14,0.4369300884476857,NORMAL,4,10,False
2014-10-15,0.6335224463471432,CRITICAL,5,10,True
2014-10-16,0.2856651827756795,NORMAL,5,10,False
2014-10-17,0.1480052207394324,NORMAL,4,10,False
2014-10-18,0.3195354948516472,NORMAL,4,10,False
2014-10-19,0.549484470537179,WARNING,4,10,True
2014-10-20,0.1229749943024149,NORMAL,4,10,False
2014-10-21,0.0969678932810175,NORMAL,4,10,False
2014-10-22,0.5791671897541757,CRITICAL,5,10,True
2014-10-23,0.91894828751793,CRITICAL,5,10,True
2014-10-24,0.8313037575430705,CRITICAL,4,10,True
2014-10-25,0.7372043543482686,CRITICAL,4,10,True
2014-10-26,0.6373427980008367,CRITICAL,4,10,True
2014-10-27,0.2181978228828576,NORMAL,4,10,False
2014-10-28,0.2511758491984578,NORMAL,4,10,False
2014-10-29,0.4749919884490228,WARNING,5,10,True
2014-10-30,0.3066681906616883,NORMAL,5,10,False
2014-10-31,0.374872043194237,NORMAL,4,10,False
2014-11-01,0.7459820353962859,CRITICAL,4,11,True
2014-11-02,0.7827305502213514,CRITICAL,4,11,True
2014-11-03,0.6978881628640539,CRITICAL,4,11,True
2014-11-04,0.6510308338681864,CRITICAL,4,11,True
2014-11-05,0.1893528797017268,NORMAL,5,11,False
2014-11-06,0.6312090770302793,WARNING,5,11,True
2014-11-07,0.3916393557702596,NORMAL,4,11,False
2014-11-16,0.1620172969557871,NORMAL,4,11,False
2014-11-17,0.1980926808216974,NORMAL,4,11,False
2014-11-18,0.2608475027023791,NORMAL,4,11,False
2014-11-19,0.2874669618041007,NORMAL,5,11,False
2014-11-20,0.6210000560769446,WARNING,5,11,True
2014-11-21,0.5094209764182338,NORMAL,4,11,False
2014-11-22,0.1813198087814768,NORMAL,4,11,False
2014-11-23,0.330647505592564,NORMAL,4,11,False
2014-11-24,0.1979103466347888,NORMAL,4,11,False
2014-11-25,0.3386123989069473,NORMAL,4,11,False
2014-11-26,0.904982081534869,CRITICAL,5,11,True
2014-11-27,0.1416876383584104,NORMAL,5,11,False
2014-11-28,0.0476037315695574,NORMAL,4,11,False
2014-11-29,0.2054025008513798,NORMAL,4,11,False
2014-11-30,0.4370296148835433,NORMAL,4,11,False
2014-12-01,0.4918855562390151,NORMAL,4,12,False
2014-12-02,0.5632124575381374,WARNING,4,12,True
2014-12-03,0.0664307736371617,NORMAL,5,12,False
2014-12-04,0.3100422745582599,NORMAL,5,12,False
2014-12-05,0.2184225032648248,NORMAL,4,12,False
2014-12-06,0.3601379726853816,NORMAL,4,12,False
2014-12-07,0.3522847065926948,NORMAL,4,12,False
2014-12-08,0.3519436763067555,NORMAL,4,12,False
2014-12-09,0.3379026345877081,NORMAL,4,12,False
2014-12-10,1.0309341528678633,CRITICAL,5,12,True
2014-12-11,0.593387112013878,WARNING,5,12,True
2014-12-12,0.7261635011775656,CRITICAL,4,12,True
2014-12-13,0.5376843976311841,WARNING,4,12,True
2014-12-14,0.3325788976921456,NORMAL,4,12,False
2014-12-15,0.3494969704414731,NORMAL,4,12,False
2014-12-16,0.4812439997122039,NORMAL,4,12,False
2014-12-17,0.2437978653851783,NORMAL,5,12,False
2014-12-18,0.4080041075134897,NORMAL,5,12,False
2014-12-19,0.254961220138531,NORMAL,4,12,False
2014-12-20,0.1598401712894816,NORMAL,4,12,False
2014-12-21,0.3750324056973128,NORMAL,4,12,False
2014-12-22,0.3377455653792687,NORMAL,4,12,False
2014-12-23,0.319758527139755,NORMAL,4,12,False
2014-12-24,0.2757610464120487,NORMAL,5,12,False
2014-12-25,0.2005331416415714,NORMAL,5,12,False
2014-12-26,0.2382598986307267,NORMAL,4,12,False
2014-12-27,0.1182240026179188,NORMAL,4,12,False
2014-12-28,0.3037373106854817,NORMAL,4,12,False
2014-12-29,0.3440824590789907,NORMAL,4,12,False
2014-12-30,0.3021161470249777,NORMAL,4,12,False
2014-12-31,0.0510015314034894,NORMAL,5,12,False
2015-01-01,0.1791088873710173,NORMAL,5,1,False
2015-01-02,0.1085054451407437,NORMAL,4,1,False
2015-01-03,0.2484944716006167,NORMAL,4,1,False
2015-01-04,0.1624983970886963,NORMAL,4,1,False
2015-01-05,0.2813590501072015,NORMAL,4,1,False
2015-01-06,0.1696450842176977,NORMAL,4,1,False
2015-01-07,0.6638332049349557,WARNING,5,1,True
2015-01-08,0.4147152569520751,NORMAL,5,1,False
2015-01-09,0.126520778700075,NORMAL,4,1,False
2015-01-10,0.0918103410190282,NORMAL,4,1,False
2015-01-11,0.2551227967274719,NORMAL,4,1,False
2015-01-12,0.3438865237425758,NORMAL,4,1,False
2015-01-13,0.1846848436416287,NORMAL,4,1,False
2015-01-14,0.0867134302378809,NORMAL,5,1,False
2015-01-15,0.1334975424560209,NORMAL,5,1,False
2015-01-16,0.42583283921178,NORMAL,4,1,False
2015-01-17,0.3841085888171608,NORMAL,4,1,False
2015-01-18,0.4745138352924956,NORMAL,4,1,False
2015-01-19,0.2902521531247466,NORMAL,4,1,False
2015-01-20,0.1608179852053765,NORMAL,4,1,False
2015-01-21,0.082936997415987,NORMAL,5,1,False
2015-01-22,0.1824996752658885,NORMAL,5,1,False
2015-01-23,0.4522631188317624,NORMAL,4,1,False
2015-01-24,0.1803663510320217,NORMAL,4,1,False
2015-01-25,0.2271870228126397,NORMAL,4,1,False
2015-01-26,0.2404929577871633,NORMAL,4,1,False
2015-01-27,0.0927909254434613,NORMAL,4,1,False
2015-01-28,0.028139241914808,NORMAL,5,1,False
2015-01-29,0.3197779566990187,NORMAL,5,1,False
2015-01-30,0.2037623474535328,NORMAL,4,1,False
2015-01-31,0.0453865178796544,NORMAL,4,1,False
2015-02-01,0.0552041015569223,NORMAL,4,2,False
2015-02-02,0.0385826107736063,NORMAL,4,2,False
2015-02-03,0.125659001177722,NORMAL,4,2,False
2015-02-04,0.4127309482334362,NORMAL,5,2,False
2015-02-05,0.4203255164866469,NORMAL,5,2,False
2015-02-06,0.6340250805096563,CRITICAL,4,2,True
2015-02-07,0.3235502095469867,NORMAL,4,2,False
2015-02-08,0.2215313731317549,NORMAL,4,2,False
2015-02-09,0.3415431473692365,NORMAL,4,2,False
2015-02-10,0.4579124247844716,WARNING,4,2,True
2015-02-11,0.3180454000637602,NORMAL,5,2,False
2015-02-12,0.1273328163590717,NORMAL,5,2,False
2015-02-13,0.1257417044497389,NORMAL,4,2,False
2015-02-14,0.0700591382087414,NORMAL,4,2,False
2015-02-15,0.2315524159095452,NORMAL,4,2,False
2015-02-16,0.0816178281889122,NORMAL,4,2,False
2015-02-17,0.0979824378843601,NORMAL,4,2,False
2015-02-18,0.4850211375616993,WARNING,5,2,True
2015-02-19,0.3399810204016025,NORMAL,5,2,False
2015-02-20,0.0427911663219564,NORMAL,4,2,False
2015-02-21,0.3894921287352223,NORMAL,4,2,False
2015-02-22,0.6063294092373877,CRITICAL,4,2,True
2015-02-23,0.3817141690522707,NORMAL,4,2,False
2015-02-24,0.2093610779903565,NORMAL,4,2,False
2015-02-25,0.2508076089779874,NORMAL,5,2,False
2015-02-26,0.0803982544908848,NORMAL,5,2,False
2015-02-27,0.3186051480777594,NORMAL,4,2,False
2015-02-28,0.0627414996088866,NORMAL,4,2,False
2015-03-01,0.3367297869877396,WARNING,4,3,True
2015-03-02,0.2320707609928836,NORMAL,4,3,False
2015-03-03,0.1803929656192703,NORMAL,4,3,False
2015-03-04,0.3863435858832171,CRITICAL,5,3,True
2015-03-05,0.3763675020655438,CRITICAL,5,3,True
2015-03-06,0.1046835921294537,NORMAL,4,3,False
2015-03-07,0.0645245879188711,NORMAL,4,3,False
2015-03-08,0.1728303668164766,NORMAL,4,3,False
2015-03-09,0.1581650744390885,NORMAL,4,3,False
2015-03-10,0.0933366724604575,NORMAL,4,3,False
2015-03-11,0.6291001640182343,CRITICAL,5,3,True
2015-03-12,0.4920184555142819,CRITICAL,5,3,True
2015-03-13,0.1745723050573254,NORMAL,4,3,False
2015-03-14,0.1652991097852838,NORMAL,4,3,False
2015-03-15,0.3307295049004864,NORMAL,4,3,False
2015-03-16,0.2749359790216656,NORMAL,4,3,False
2015-03-17,0.1072445502126981,NORMAL,4,3,False
2015-03-18,0.2784438224601037,NORMAL,5,3,False
2015-03-19,0.3590460665084081,WARNING,5,3,True
2015-03-20,0.1474257309692209,NORMAL,4,3,False
2015-03-21,0.2752395725560803,NORMAL,4,3,False
2015-03-22,0.0460843974932405,NORMAL,4,3,False
2015-03-23,0.1643415965628085,NORMAL,4,3,False
2015-03-24,0.2323857793067255,NORMAL,4,3,False
2015-03-25,0.5024104424151709,CRITICAL,5,3,True
2015-03-26,0.6687116625761979,CRITICAL,5,3,True
2015-03-27,0.7485472941015916,CRITICAL,4,3,True
2015-03-28,0.6669902101916234,CRITICAL,4,3,True
2015-03-29,0.503097805954352,WARNING,4,3,True
2015-03-30,0.5407742035581176,WARNING,4,3,True
2015-03-31,0.2531782777779675,NORMAL,4,3,False
2015-04-01,0.1972815051679305,NORMAL,5,4,False
2015-04-02,0.5654868205770086,CRITICAL,5,4,True
2015-04-03,0.3115998921693605,NORMAL,4,4,False
2015-04-04,0.0489771544991641,NORMAL,4,4,False
2015-04-05,0.2841207376094777,NORMAL,4,4,False
2015-04-06,0.0655876683724377,NORMAL,4,4,False
2015-04-07,0.0625724375398337,NORMAL,4,4,False
2015-04-08,0.5115517548817059,CRITICAL,5,4,True
2015-04-09,0.4157329644840098,WARNING,5,4,True
2015-04-10,0.1107315882845824,NORMAL,4,4,False
2015-04-11,0.0911180120990533,NORMAL,4,4,False
2015-04-12,0.2000836289834368,NORMAL,4,4,False
2015-04-13,0.2281826438638559,NORMAL,4,4,False
2015-04-14,0.4687942864861054,CRITICAL,4,4,True
2015-04-15,0.5190205487958952,CRITICAL,5,4,True
2015-04-16,0.2805340420615131,NORMAL,5,4,False
2015-04-17,0.1030267684728596,NORMAL,4,4,False
2015-04-18,0.3188792449280887,NORMAL,4,4,False
2015-04-19,0.2226322569112084,NORMAL,4,4,False
2015-04-20,0.1289111701470018,NORMAL,4,4,False
2015-04-21,0.1608772062566333,NORMAL,4,4,False
2015-04-22,0.0282034262831352,NORMAL,5,4,False
2015-04-23,0.0261671848445809,NORMAL,5,4,False
2015-04-24,0.2464703354862535,NORMAL,4,4,False
2015-04-25,0.0877831888131318,NORMAL,4,4,False
2015-04-26,0.2258963764119276,NORMAL,4,4,False
2015-04-27,0.0319862553309898,NORMAL,4,4,False
2015-04-28,0.1729172955210975,NORMAL,4,4,False
2015-04-29,0.2565198475750992,NORMAL,5,4,False
2015-04-30,0.0471734716945449,NORMAL,5,4,False
2015-05-01,0.1762288393912819,NORMAL,4,5,False
2015-05-02,0.0362509571795456,NORMAL,4,5,False
2015-05-03,0.2369045445136841,NORMAL,4,5,False
2015-05-04,0.2272963855476712,NORMAL,4,5,False
2015-05-05,0.3263954042361274,NORMAL,4,5,False
2015-05-06,0.702816705402084,CRITICAL,5,5,True
2015-05-07,0.4876449724817949,NORMAL,5,5,False
2015-05-08,0.4773487305693855,NORMAL,4,5,False
2015-05-09,0.5747161402641409,NORMAL,4,5,False
2015-05-10,0.5764974464776108,NORMAL,4,5,False
2015-05-11,0.3376046837936366,NORMAL,4,5,False
2015-05-12,0.2691939268167478,NORMAL,4,5,False
2015-05-13,0.2659747777562258,NORMAL,5,5,False
2015-05-14,0.851081334926077,CRITICAL,5,5,True
2015-05-15,0.751384486302647,CRITICAL,4,5,True
2015-05-16,0.6164124678588626,NORMAL,4,5,False
2015-05-17,0.6176239447560425,NORMAL,4,5,False
2015-05-18,0.4337712907587792,NORMAL,4,5,False
2015-05-19,0.4095956171176864,NORMAL,4,5,False
2015-05-20,0.4107094848412759,NORMAL,5,5,False
2015-05-21,0.2045913450173103,NORMAL,5,5,False
2015-05-22,0.2717105037286652,NORMAL,4,5,False
2015-05-23,0.3468997544390513,NORMAL,4,5,False
2015-05-24,0.3005337433138578,NORMAL,4,5,False
2015-05-25,0.4686158794600224,NORMAL,4,5,False
2015-05-26,0.5397858654334972,NORMAL,4,5,False
2015-05-27,0.0332153147399117,NORMAL,5,5,False
2015-05-28,0.2002373253213831,NORMAL,5,5,False
2015-05-29,0.276230547038995,NORMAL,4,5,False
2015-05-30,0.0767494590487076,NORMAL,4,5,False
2015-05-31,0.1918412421336865,NORMAL,4,5,False
2015-06-01,0.1127499741168401,NORMAL,4,6,False
2015-06-02,0.3139053709936241,NORMAL,4,6,False
2015-06-03,0.0442985095269695,NORMAL,5,6,False
2015-06-04,0.0707297602126905,NORMAL,5,6,False
2015-06-05,0.195845615761775,NORMAL,4,6,False
2015-06-06,0.3274621963492416,NORMAL,4,6,False
2015-06-07,0.1385840088282894,NORMAL,4,6,False
2015-06-08,0.1545067107540901,NORMAL,4,6,False
2015-06-09,0.1928540560993263,NORMAL,4,6,False
2015-06-10,0.476537142426537,WARNING,5,6,True
2015-06-11,0.3392551961397609,NORMAL,5,6,False
2015-06-12,0.3303072342809099,NORMAL,4,6,False
2015-06-13,0.4496056577188394,WARNING,4,6,True
2015-06-14,0.452926749751852,WARNING,4,6,True
2015-06-15,0.423389666646909,NORMAL,4,6,False
2015-06-16,0.4285196510208764,NORMAL,4,6,False
2015-06-17,0.1910220128321053,NORMAL,5,6,False
2015-06-18,0.323127345515147,NORMAL,5,6,False
2015-06-19,0.499356397816019,WARNING,4,6,True
2015-06-20,0.4634898736470134,WARNING,4,6,True
2015-06-21,0.3742981916911652,NORMAL,4,6,False
2015-06-22,0.3786974771774358,NORMAL,4,6,False
2015-06-23,0.516011955601057,WARNING,4,6,True
2015-06-24,0.0595359061261173,NORMAL,5,6,False
2015-06-25,0.0590373134983426,NORMAL,5,6,False
2015-06-26,0.2020030967842011,NORMAL,4,6,False
2015-06-27,0.3835796860158546,NORMAL,4,6,False
2015-06-28,0.3982849871835264,NORMAL,4,6,False
2015-06-29,0.3865726445695451,NORMAL,4,6,False
2015-06-30,0.3479959142253294,NORMAL,4,6,False
2015-07-01,0.1243386142001004,NORMAL,5,7,False
2015-07-02,0.4275904466226304,WARNING,5,7,True
2015-07-03,0.638581692602718,CRITICAL,4,7,True
2015-07-04,0.675309710253103,CRITICAL,4,7,True
2015-07-05,0.7545487323829646,CRITICAL,4,7,True
2015-07-06,0.7049263452603821,CRITICAL,4,7,True
2015-07-07,0.7440050194581486,CRITICAL,4,7,True
2015-07-08,0.5682463338454484,NORMAL,5,7,False
2015-07-09,0.5808311813822513,NORMAL,5,7,False
2015-07-10,0.5247632057261962,NORMAL,4,7,False
2015-07-11,0.3921525424825515,NORMAL,4,7,False
2015-07-12,0.3114020350804597,NORMAL,4,7,False
2015-07-13,0.2453224102624639,NORMAL,4,7,False
2015-07-14,0.5205128666864642,NORMAL,4,7,False
2015-07-15,0.9624015136969364,CRITICAL,5,7,True
2015-07-16,0.7234593671369111,WARNING,5,7,True
2015-07-17,0.5964803519177534,NORMAL,4,7,False
2015-07-18,0.6046152341347983,NORMAL,4,7,False
2015-07-19,0.7074869443962608,WARNING,4,7,True
2015-07-20,0.7120398649796599,WARNING,4,7,True
2015-07-21,0.603384247996883,NORMAL,4,7,False
2015-07-22,0.0480168808671093,NORMAL,5,7,False
2015-07-23,0.1170480455015853,NORMAL,5,7,False
2015-07-24,0.1352681951917709,NORMAL,4,7,False
2015-07-25,0.0852999294599243,NORMAL,4,7,False
2015-07-26,0.1375672313335404,NORMAL,4,7,False
2015-07-27,0.2558115088984928,NORMAL,4,7,False
2015-07-28,0.353525442799886,NORMAL,4,7,False
2015-07-29,0.5537027978539988,NORMAL,5,7,False
2015-07-30,0.649890232492886,NORMAL,5,7,False
2015-07-31,0.7051688437569896,WARNING,4,7,True
2015-08-01,0.7315650656264622,CRITICAL,4,8,True
2015-08-02,0.5069177550110526,CRITICAL,4,8,True
2015-08-03,0.3125796933924148,WARNING,4,8,True
2015-08-04,0.3746868651848823,WARNING,4,8,True
2015-08-05,0.6545124840521352,CRITICAL,5,8,True
2015-08-06,0.8461719592902698,CRITICAL,5,8,True
2015-08-07,0.9287828917118872,CRITICAL,4,8,True
2015-08-08,0.7281398430136414,WARNING,4,8,True
2015-08-09,0.656870331546133,NORMAL,4,8,False
2015-08-10,0.6631952650319509,NORMAL,4,8,False
2015-08-11,0.6673832688947561,WARNING,4,8,True
2015-08-12,0.0492576903545301,NORMAL,5,8,False
2015-08-13,0.0879329517516173,NORMAL,5,8,False
2015-08-14,0.1431938058645375,NORMAL,4,8,False
2015-08-15,0.2051311574907935,NORMAL,4,8,False
2015-08-16,0.3130913489334015,NORMAL,4,8,False
2015-08-17,0.3319764144225104,NORMAL,4,8,False
2015-08-18,0.372261299197217,NORMAL,4,8,False
2015-08-19,0.1542006448122276,NORMAL,5,8,False
2015-08-20,0.0311129844244012,NORMAL,5,8,False
2015-08-21,0.2182547321672298,NORMAL,4,8,False
2015-08-22,0.1883356243814077,NORMAL,4,8,False
2015-08-23,0.0766780791097077,NORMAL,4,8,False
2015-08-24,0.1321402597748445,NORMAL,4,8,False
2015-08-25,0.1006829099159976,NORMAL,4,8,False
2015-08-26,0.2418216316353374,NORMAL,5,8,False
2015-08-27,0.3703530545818884,NORMAL,5,8,False
2015-08-28,0.2273442185331042,NORMAL,4,8,False
2015-08-29,0.1878713784039431,NORMAL,4,8,False
2015-08-30,0.1432174887798388,NORMAL,4,8,False
2015-08-31,0.0645185949346281,NORMAL,4,8,False
2015-09-01,0.0856490644625872,NORMAL,4,9,False
2015-09-02,0.2178294344245681,NORMAL,5,9,False
2015-09-03,0.0231973499542648,NORMAL,5,9,False
2015-09-04,0.0618728798243259,NORMAL,4,9,False
2015-09-05,0.0344004665225946,NORMAL,4,9,False
2015-09-06,0.0865535619707039,NORMAL,4,9,False
2015-09-07,0.0276444421851071,NORMAL,4,9,False
2015-09-08,0.0360615840209501,NORMAL,4,9,False
2015-09-09,0.1589022042114382,NORMAL,5,9,False
2015-09-10,0.0579501060226801,NORMAL,5,9,False
2015-09-11,0.2948883218073787,NORMAL,4,9,False
2015-09-12,0.4081832295327524,WARNING,4,9,True
2015-09-13,0.2842160637371603,NORMAL,4,9,False
2015-09-14,0.1291743767376749,NORMAL,4,9,False
2015-09-15,0.1006426904504174,NORMAL,4,9,False
2015-09-16,0.1374353309316568,NORMAL,5,9,False
2015-09-17,0.096188660421194,NORMAL,5,9,False
2015-09-18,0.2262352123017625,NORMAL,4,9,False
2015-09-19,0.2846414297000251,NORMAL,4,9,False
2015-09-20,0.3101951624559929,NORMAL,4,9,False
2015-09-21,0.359706017782845,NORMAL,4,9,False
2015-09-22,0.3697718210119515,WARNING,4,9,True
2015-09-23,0.0711252344084829,NORMAL,5,9,False
2015-09-24,0.0285388256024658,NORMAL,5,9,False
2015-09-25,0.2637256334755041,NORMAL,4,9,False
2015-09-26,0.2937301425876329,NORMAL,4,9,False
2015-09-27,0.2160310339596667,NORMAL,4,9,False
2015-09-28,0.070444158938083,NORMAL,4,9,False
2015-09-29,0.1384999285280306,NORMAL,4,9,False
2015-09-30,0.9128296490611812,CRITICAL,5,9,True
2015-10-01,1.502915225622706,CRITICAL,5,10,True
2015-10-02,1.3420627571289263,CRITICAL,4,10,True
2015-10-03,0.6964821649983881,NORMAL,4,10,False
2015-10-04,0.336073714611134,NORMAL,4,10,False
2015-10-05,0.5518672846969258,NORMAL,4,10,False
2015-10-06,0.5232826540239821,NORMAL,4,10,False
2015-10-07,0.2286724001391204,NORMAL,5,10,False
2015-10-08,0.4458472273412884,NORMAL,5,10,False
2015-10-09,0.4932459400198398,NORMAL,4,10,False
2015-10-10,0.7198484222111001,NORMAL,4,10,False
2015-10-11,0.6433866388840985,NORMAL,4,10,False
2015-10-12,0.4658741813888302,NORMAL,4,10,False
2015-10-13,0.3762357592430989,NORMAL,4,10,False
2015-10-14,0.169085504075729,NORMAL,5,10,False
2015-10-15,0.2972367158535874,NORMAL,5,10,False
2015-10-16,0.439815845153922,NORMAL,4,10,False
2015-10-17,0.4534031221342359,NORMAL,4,10,False
2015-10-18,0.2071374607502865,NORMAL,4,10,False
2015-10-19,0.524655427789649,NORMAL,4,10,False
2015-10-20,0.3152634493563366,NORMAL,4,10,False
2015-10-21,0.1713730304045952,NORMAL,5,10,False
2015-10-22,0.4552537789450021,NORMAL,5,10,False
2015-10-23,0.728488476528359,WARNING,4,10,True
2015-10-24,0.2391069660909398,NORMAL,4,10,False
2015-10-25,0.1588740477367617,NORMAL,4,10,False
2015-10-26,0.6771144593970876,NORMAL,4,10,False
2015-10-27,0.7933921055498776,WARNING,4,10,True
2015-10-28,0.506221528367657,NORMAL,5,10,False
2015-10-29,0.4802573621285589,NORMAL,5,10,False
2015-10-30,0.5050617166972626,NORMAL,4,10,False
2015-10-31,0.4604929269659411,NORMAL,4,10,False
2015-11-01,0.2321265982469345,NORMAL,4,11,False
2015-11-02,0.2049237611284839,NORMAL,4,11,False
2015-11-03,0.1871291449600979,NORMAL,4,11,False
2015-11-04,0.2320231129070823,NORMAL,5,11,False
2015-11-05,0.5214126906229337,NORMAL,5,11,False
2015-11-06,0.5826047973926957,NORMAL,4,11,False
2015-11-07,0.3620433158954885,NORMAL,4,11,False
2015-11-08,0.0420101083880242,NORMAL,4,11,False
2015-11-09,0.128307887988262,NORMAL,4,11,False
2015-11-10,0.0552714781436514,NORMAL,4,11,False
2015-11-11,0.1243585216668065,NORMAL,5,11,False
2015-11-12,0.1494504827897541,NORMAL,5,11,False
2015-11-13,0.5185301292874251,NORMAL,4,11,False
2015-11-14,0.8147502421087346,CRITICAL,4,11,True
2015-11-15,0.547425757224911,NORMAL,4,11,False
2015-11-16,0.3587780519180482,NORMAL,4,11,False
2015-11-17,0.3141960703461504,NORMAL,4,11,False
2015-11-18,0.1714831365102136,NORMAL,5,11,False
2015-11-19,0.1476301486578436,NORMAL,5,11,False
2015-11-20,0.1767468823013868,NORMAL,4,11,False
2015-11-21,0.0808073568695675,NORMAL,4,11,False
2015-11-22,0.1074363617369049,NORMAL,4,11,False
2015-11-23,0.0635706691286231,NORMAL,4,11,False
2015-11-24,0.1495137459978594,NORMAL,4,11,False
2015-11-25,0.6382640647386362,NORMAL,5,11,False
2015-11-26,0.680307502308488,WARNING,5,11,True
2015-11-27,0.6674997258862194,NORMAL,4,11,False
2015-11-28,0.4548780148871931,NORMAL,4,11,False
2015-11-29,0.4963797145770537,NORMAL,4,11,False
2015-11-30,0.5424535184667737,NORMAL,4,11,False
2015-12-01,0.5735669403363093,WARNING,4,12,True
2015-12-02,1.12469452744515,CRITICAL,5,12,True
2015-12-03,1.0502665666588826,CRITICAL,5,12,True
2015-12-04,0.7953382632293292,WARNING,4,12,True
2015-12-05,0.3924748556850433,NORMAL,4,12,False
2015-12-06,0.1131325820453339,NORMAL,4,12,False
2015-12-07,0.1477203145188382,NORMAL,4,12,False
2015-12-08,0.2734156268207093,NORMAL,4,12,False
2015-12-09,0.3592734538088973,NORMAL,5,12,False
2015-12-10,0.2664570974373481,NORMAL,5,12,False
2015-12-11,0.0641786921325904,NORMAL,4,12,False
2015-12-12,0.2088414681727852,NORMAL,4,12,False
2015-12-13,0.2073849695946634,NORMAL,4,12,False
2015-12-14,0.4866434649104265,NORMAL,4,12,False
2015-12-15,0.6076853112570817,NORMAL,4,12,False
2015-12-16,0.3249485074891553,NORMAL,5,12,False
2015-12-17,0.3237057163236739,NORMAL,5,12,False
2015-12-18,0.4566243086619824,NORMAL,4,12,False
2015-12-19,0.377290153329902,NORMAL,4,12,False
2015-12-20,0.158327158075732,NORMAL,4,12,False
2015-12-21,0.150708002740549,NORMAL,4,12,False
2015-12-22,0.2012773779016929,NORMAL,4,12,False
2015-12-23,0.5489839414108446,NORMAL,5,12,False
2015-12-24,0.2951626176437209,NORMAL,5,12,False
2015-12-25,0.5313201872672599,NORMAL,4,12,False
2015-12-26,0.3028805483080016,NORMAL,4,12,False
2015-12-27,0.1902592802598798,NORMAL,4,12,False
2015-12-28,0.2479217822492788,NORMAL,4,12,False
2015-12-29,0.225644790951855,NORMAL,4,12,False
2015-12-30,0.0117786338560253,NORMAL,5,12,False
2015-12-31,0.163490272552176,NORMAL,5,12,False
2016-01-01,0.5318888240122749,WARNING,4,1,True
2016-01-02,0.390112464659406,NORMAL,4,1,False
2016-01-03,0.4076656445181243,NORMAL,4,1,False
2016-01-04,0.4545836709640179,NORMAL,4,1,False
2016-01-05,0.422620624791794,NORMAL,4,1,False
2016-01-06,0.129087493239488,NORMAL,5,1,False
2016-01-07,0.1319426313874694,NORMAL,5,1,False
2016-01-08,0.2328271246868789,NORMAL,4,1,False
2016-01-09,0.3504014958162337,NORMAL,4,1,False
2016-01-10,0.1009107698600164,NORMAL,4,1,False
2016-01-11,0.1269183709790818,NORMAL,4,1,False
2016-01-12,0.3163390935719652,NORMAL,4,1,False
2016-01-13,0.4016151233661586,NORMAL,5,1,False
2016-01-14,0.0943729662509339,NORMAL,5,1,False
2016-01-15,0.104961052773666,NORMAL,4,1,False
2016-01-16,0.2323885876316153,NORMAL,4,1,False
2016-01-17,0.0705181809895946,NORMAL,4,1,False
2016-01-18,0.2197422862436282,NORMAL,4,1,False
2016-01-19,0.1201300017169838,NORMAL,4,1,False
2016-01-20,0.625603724969707,CRITICAL,5,1,True
2016-01-21,0.3794425226953578,NORMAL,5,1,False
2016-01-22,0.299248697666045,NORMAL,4,1,False
2016-01-23,0.1182008879664854,NORMAL,4,1,False
2016-01-24,0.2463650584774863,NORMAL,4,1,False
2016-01-25,0.3640680815909899,NORMAL,4,1,False
2016-01-26,0.3535300800427348,NORMAL,4,1,False
2016-01-27,0.2511451769759621,NORMAL,5,1,False
2016-01-28,0.6291988672835486,CRITICAL,5,1,True
2016-01-29,0.5968589202605235,WARNING,4,1,True
2016-01-30,0.3302099463251838,NORMAL,4,1,False
2016-01-31,0.245594205651886,NORMAL,4,1,False
2016-02-01,0.1667200446382993,NORMAL,4,2,False
2016-02-02,0.0984896673317191,NORMAL,4,2,False
2016-02-03,0.4049948602906763,NORMAL,5,2,False
2016-02-04,0.3414559699042446,NORMAL,5,2,False
2016-02-05,0.1598287078606662,NORMAL,4,2,False
2016-02-06,0.2486317393701381,NORMAL,4,2,False
2016-02-07,0.3715505918760715,NORMAL,4,2,False
2016-02-08,0.4748190426693703,WARNING,4,2,True
2016-02-09,0.2476177731780283,NORMAL,4,2,False
2016-02-10,0.1430995155021513,NORMAL,5,2,False
2016-02-11,0.0930609123362144,NORMAL,5,2,False
2016-02-12,0.1706153634652797,NORMAL,4,2,False
2016-02-13,0.1156484759058835,NORMAL,4,2,False
2016-02-14,0.1182146098136229,NORMAL,4,2,False
2016-02-15,0.3052749288315504,NORMAL,4,2,False
2016-02-16,0.316928097538945,NORMAL,4,2,False
2016-02-17,0.1096177361045551,NORMAL,5,2,False
2016-02-18,0.2091804604860487,NORMAL,5,2,False
2016-02-19,0.2795313744243357,NORMAL,4,2,False
2016-02-20,0.2599203869392676,NORMAL,4,2,False
2016-02-21,0.2598689573723693,NORMAL,4,2,False
2016-02-22,0.3230557681910795,NORMAL,4,2,False
2016-02-23,0.3448216868583072,NORMAL,4,2,False
2016-02-24,0.3131963315833329,NORMAL,5,2,False
2016-02-25,0.3344152705441434,NORMAL,5,2,False
2016-02-26,0.3999164420492529,NORMAL,4,2,False
2016-02-27,0.2964879012828769,NORMAL,4,2,False
2016-02-28,0.2568767071613367,NORMAL,4,2,False
2016-02-29,0.2586678596597076,NORMAL,4,2,False
2016-03-01,0.4388747973046238,NORMAL,4,3,False
2016-03-02,0.0089590436043318,NORMAL,5,3,False
2016-03-03,0.364711501494899,NORMAL,5,3,False
2016-03-04,0.3633327314003359,NORMAL,4,3,False
2016-03-05,0.2541385244760146,NORMAL,4,3,False
2016-03-06,0.2554729578056181,NORMAL,4,3,False
2016-03-07,0.161247016324063,NORMAL,4,3,False
2016-03-08,0.1338077653944543,NORMAL,4,3,False
2016-03-09,0.2721192877601256,NORMAL,5,3,False
2016-03-10,0.0914277198086484,NORMAL,5,3,False
2016-03-11,0.0654886231385894,NORMAL,4,3,False
2016-03-12,0.2550832728814455,NORMAL,4,3,False
2016-03-13,0.0289312802805807,NORMAL,4,3,False
2016-03-14,0.0612546434411899,NORMAL,4,3,False
2016-03-15,0.2510288877425167,NORMAL,4,3,False
2016-03-16,0.0744597563880688,NORMAL,5,3,False
2016-03-17,0.1023290265275927,NORMAL,5,3,False
2016-03-18,0.1043179093371098,NORMAL,4,3,False
2016-03-19,0.4098262681526179,NORMAL,4,3,False
2016-03-20,0.3514590264186654,NORMAL,4,3,False
2016-03-21,0.2630093904610702,NORMAL,4,3,False
2016-03-22,0.2264177340020193,NORMAL,4,3,False
2016-03-23,0.2642635619192047,NORMAL,5,3,False
2016-03-24,0.2716517791763467,NORMAL,5,3,False
2016-03-25,0.0665900422723966,NORMAL,4,3,False
2016-03-26,0.1484758648345715,NORMAL,4,3,False
2016-03-27,0.1374464700502955,NORMAL,4,3,False
2016-03-28,0.381737625765188,NORMAL,4,3,False
2016-03-29,0.2829680820838129,NORMAL,4,3,False
2016-03-30,0.3446794107249987,NORMAL,5,3,False
2016-03-31,0.0528673501860131,NORMAL,5,3,False
2016-04-01,0.1848139199925985,NORMAL,4,4,False
2016-04-02,0.0685692006556409,NORMAL,4,4,False
2016-04-03,0.1340821974490725,NORMAL,4,4,False
2016-04-04,0.0452087682774777,NORMAL,4,4,False
2016-04-05,0.0628775790533371,NORMAL,4,4,False
2016-04-06,0.3707580698788457,NORMAL,5,4,False
2016-04-07,0.4166964009342695,WARNING,5,4,True
2016-04-08,0.2570505944535411,NORMAL,4,4,False
2016-04-09,0.0914761098588027,NORMAL,4,4,False
2016-04-10,0.2467431917678027,NORMAL,4,4,False
2016-04-11,0.2147900908309373,NORMAL,4,4,False
2016-04-12,0.0789450129345824,NORMAL,4,4,False
2016-04-13,0.1146313037509371,NORMAL,5,4,False
2016-04-14,0.1726708882641936,NORMAL,5,4,False
2016-04-15,0.1633649639496424,NORMAL,4,4,False
2016-04-16,0.0159860497810888,NORMAL,4,4,False
2016-04-17,0.2107255132415871,NORMAL,4,4,False
2016-04-18,0.051039666762447,NORMAL,4,4,False
2016-04-19,0.0326674248465096,NORMAL,4,4,False
2016-04-20,0.3898059574815637,WARNING,5,4,True
2016-04-21,0.5770801684378153,CRITICAL,5,4,True
2016-04-22,0.3884189035787572,NORMAL,4,4,False
2016-04-23,0.0153139922427733,NORMAL,4,4,False
2016-04-24,0.1135579550377195,NORMAL,4,4,False
2016-04-25,0.2354838661491959,NORMAL,4,4,False
2016-04-26,0.3494277583641214,NORMAL,4,4,False
2016-04-27,0.5244240935099521,CRITICAL,5,4,True
2016-04-28,0.4490292174169298,WARNING,5,4,True
2016-04-29,0.4273446395609412,WARNING,4,4,True
2016-04-30,0.4741852863344197,WARNING,4,4,True
2016-05-01,0.4087812547573261,NORMAL,4,5,False
2016-05-02,0.3174493836986499,NORMAL,4,5,False
2016-05-03,0.4186244606800391,NORMAL,4,5,False
2016-05-04,0.5176474983187906,NORMAL,5,5,False
2016-05-05,0.2725758803788193,NORMAL,5,5,False
2016-05-06,0.0721172687196946,NORMAL,4,5,False
2016-05-07,0.3255766552993317,NORMAL,4,5,False
2016-05-08,0.3027295919913064,NORMAL,4,5,False
2016-05-09,0.2554237018831794,NORMAL,4,5,False
2016-05-10,0.2431391633537907,NORMAL,4,5,False
2016-05-11,0.5552694243871384,NORMAL,5,5,False
2016-05-12,0.4098719948281076,NORMAL,5,5,False
2016-05-13,0.2675886530203734,NORMAL,4,5,False
2016-05-14,0.2170455999094652,NORMAL,4,5,False
2016-05-15,0.0920083312263977,NORMAL,4,5,False
2016-05-16,0.1475315950643115,NORMAL,4,5,False
2016-05-17,0.0571893159984443,NORMAL,4,5,False
2016-05-18,0.2332433878218553,NORMAL,5,5,False
2016-05-19,0.4540714695915359,NORMAL,5,5,False
2016-05-20,0.5113750475500033,NORMAL,4,5,False
2016-05-21,0.7605654827919361,CRITICAL,4,5,True
2016-05-22,0.7314409467317364,CRITICAL,4,5,True
2016-05-23,0.4835750698711092,NORMAL,4,5,False
2016-05-24,0.0352026398207189,NORMAL,4,5,False
2016-05-25,0.2426498760161854,NORMAL,5,5,False
2016-05-26,0.4739934736991649,NORMAL,5,5,False
2016-05-27,0.5688880407675511,NORMAL,4,5,False
2016-05-28,0.4843170549230551,NORMAL,4,5,False
2016-05-29,0.5458023256247109,NORMAL,4,5,False
2016-05-30,0.5314746898402464,NORMAL,4,5,False
2016-05-31,0.7187819755966798,CRITICAL,4,5,True
2016-06-01,0.3622382400268707,NORMAL,5,6,False
2016-06-02,0.1942279910739777,NORMAL,5,6,False
2016-06-03,0.1130369225642192,NORMAL,4,6,False
2016-06-04,0.4073466802241769,NORMAL,4,6,False
2016-06-05,0.4264252493930398,NORMAL,4,6,False
2016-06-06,0.5515906346029238,CRITICAL,4,6,True
2016-06-07,0.54341473863874,CRITICAL,4,6,True
2016-06-08,0.031625627998883,NORMAL,5,6,False
2016-06-09,0.2008403129042599,NORMAL,5,6,False
2016-06-10,0.0783601101062026,NORMAL,4,6,False
2016-06-11,0.1033503797506642,NORMAL,4,6,False
2016-06-12,0.1642765519733507,NORMAL,4,6,False
2016-06-13,0.1546739873471691,NORMAL,4,6,False
2016-06-14,0.2672164605662993,NORMAL,4,6,False
2016-06-15,0.2315292345153805,NORMAL,5,6,False
2016-06-16,0.2132042001719977,NORMAL,5,6,False
2016-06-17,0.3712893000677349,NORMAL,4,6,False
2016-06-18,0.4579945599660793,NORMAL,4,6,False
2016-06-19,0.4966024119723841,WARNING,4,6,True
2016-06-20,0.5284685869388298,WARNING,4,6,True
2016-06-21,0.5007864604221407,WARNING,4,6,True
2016-06-22,0.0227396402678568,NORMAL,5,6,False
2016-06-23,0.1264456934242419,NORMAL,5,6,False
2016-06-24,0.1103116452422477,NORMAL,4,6,False
2016-06-25,0.1879597120157906,NORMAL,4,6,False
2016-06-26,0.329965942143158,NORMAL,4,6,False
2016-06-27,0.3683501235353789,NORMAL,4,6,False
2016-06-28,0.3948029550211634,NORMAL,4,6,False
2016-06-29,0.0696281888585541,NORMAL,5,6,False
2016-06-30,0.1568795593103008,NORMAL,5,6,False
2016-07-01,0.0606461852657774,NORMAL,4,7,False
2016-07-02,0.1541179669590122,NORMAL,4,7,False
2016-07-03,0.2757769317245328,NORMAL,4,7,False
2016-07-04,0.4057488409125671,NORMAL,4,7,False
2016-07-05,0.4430729768022041,NORMAL,4,7,False
2016-07-06,0.0347858399825699,NORMAL,5,7,False
2016-07-07,0.0540761864421636,NORMAL,5,7,False
2016-07-08,0.1098081559204152,NORMAL,4,7,False
2016-07-09,0.1319804158240819,NORMAL,4,7,False
2016-07-10,0.1267505739413624,NORMAL,4,7,False
2016-07-11,0.204241798836672,NORMAL,4,7,False
2016-07-12,0.1409387635412054,NORMAL,4,7,False
2016-07-13,0.2435556084883973,NORMAL,5,7,False
2016-07-14,0.4907091403644851,NORMAL,5,7,False
2016-07-15,0.352128642634431,NORMAL,4,7,False
2016-07-16,0.312997730168586,NORMAL,4,7,False
2016-07-17,0.3205370387455308,NORMAL,4,7,False
2016-07-18,0.343064751157229,NORMAL,4,7,False
2016-07-19,0.3712633657348509,NORMAL,4,7,False
2016-07-20,0.1578264499303412,NORMAL,5,7,False
2016-07-21,0.0655239363322248,NORMAL,5,7,False
2016-07-22,0.137958799597543,NORMAL,4,7,False
2016-07-23,0.33838888977119,NORMAL,4,7,False
2016-07-24,0.257582774528328,NORMAL,4,7,False
2016-07-25,0.110805353747917,NORMAL,4,7,False
2016-07-26,0.1583467110615686,NORMAL,4,7,False
2016-07-27,0.0242055129047556,NORMAL,5,7,False
2016-07-28,0.1411690616503746,NORMAL,5,7,False
2016-07-29,0.2326786173750785,NORMAL,4,7,False
2016-07-30,0.3417498281929818,NORMAL,4,7,False
2016-07-31,0.3508523657016782,NORMAL,4,7,False
2016-08-01,0.3242193610312522,NORMAL,4,8,False
2016-08-02,0.2562554309818525,NORMAL,4,8,False
2016-08-03,0.1150197632647871,NORMAL,5,8,False
2016-08-04,0.0763902803399659,NORMAL,5,8,False
2016-08-05,0.2059638016474154,NORMAL,4,8,False
2016-08-06,0.0646807590697215,NORMAL,4,8,False
2016-08-07,0.0654987310443194,NORMAL,4,8,False
2016-08-08,0.220157720903169,NORMAL,4,8,False
2016-08-09,0.1397651352047959,NORMAL,4,8,False
2016-08-10,0.2316881653412632,NORMAL,5,8,False
2016-08-11,0.1741588620161751,NORMAL,5,8,False
2016-08-12,0.1655724971629695,NORMAL,4,8,False
2016-08-13,0.1033350727277273,NORMAL,4,8,False
2016-08-14,0.0368176013905797,NORMAL,4,8,False
2016-08-15,0.0817843402432575,NORMAL,4,8,False
2016-08-16,0.0984701654482895,NORMAL,4,8,False
2016-08-17,0.067495002016512,NORMAL,5,8,False
2016-08-18,0.1168839709814172,NORMAL,5,8,False
2016-08-19,0.2528630615620268,NORMAL,4,8,False
2016-08-20,0.2851680378541458,NORMAL,4,8,False
2016-08-21,0.2123994626467842,NORMAL,4,8,False
2016-08-22,0.2199690515088986,NORMAL,4,8,False
2016-08-23,0.1567376953065834,NORMAL,4,8,False
2016-08-24,0.2964553025892698,NORMAL,5,8,False
2016-08-25,0.0362846547709753,NORMAL,5,8,False
2016-08-26,0.2239926306546457,NORMAL,4,8,False
2016-08-27,0.2263328701822298,NORMAL,4,8,False
2016-08-28,0.226899405064043,NORMAL,4,8,False
2016-08-29,0.2616459212947692,NORMAL,4,8,False
2016-08-30,0.04468256282335,NORMAL,4,8,False
2016-08-31,0.9971339831751176,CRITICAL,5,8,True
2016-09-01,0.5326536506804193,CRITICAL,5,9,True
2016-09-02,0.0404968688554483,NORMAL,4,9,False
2016-09-03,0.1966815254193852,NORMAL,4,9,False
2016-09-04,0.2057206335954361,NORMAL,4,9,False
2016-09-05,0.1003653362589227,NORMAL,4,9,False
2016-09-06,0.0145489586139306,NORMAL,4,9,False
2016-09-07,0.0866826729270597,NORMAL,5,9,False
2016-09-08,0.2011623580607711,NORMAL,5,9,False
2016-09-09,0.2821283168226606,NORMAL,4,9,False
2016-09-10,0.3300299303814287,NORMAL,4,9,False
2016-09-11,0.3370441787905726,NORMAL,4,9,False
2016-09-12,0.2990574634754667,NORMAL,4,9,False
2016-09-13,0.2309393889682273,NORMAL,4,9,False
2016-09-14,0.1720649855333532,NORMAL,5,9,False
2016-09-15,0.4864402102217187,CRITICAL,5,9,True
2016-09-16,0.3663814659145312,NORMAL,4,9,False
2016-09-17,0.1177891101363,NORMAL,4,9,False
2016-09-18,0.1194158095435262,NORMAL,4,9,False
2016-09-19,0.1727535014011312,NORMAL,4,9,False
2016-09-20,0.1351406931614809,NORMAL,4,9,False
2016-09-21,0.0208540842410276,NORMAL,5,9,False
2016-09-22,0.1913266312484382,NORMAL,5,9,False
2016-09-23,0.2540763087043884,NORMAL,4,9,False
2016-09-24,0.4062581093982794,WARNING,4,9,True
2016-09-25,0.2884661057813431,NORMAL,4,9,False
2016-09-26,0.1578273883683355,NORMAL,4,9,False
2016-09-27,0.2160621063949622,NORMAL,4,9,False
2016-09-28,0.283430862373134,NORMAL,5,9,False
2016-09-29,0.1573647846443154,NORMAL,5,9,False
2016-09-30,0.344621400785682,NORMAL,4,9,False
2016-10-01,0.4124679700097687,NORMAL,4,10,False
2016-10-02,0.1935006531992978,NORMAL,4,10,False
2016-10-03,0.36606109905923,NORMAL,4,10,False
2016-10-04,0.1069522307532685,NORMAL,4,10,False
2016-10-05,0.280191762021392,NORMAL,5,10,False
2016-10-06,0.0298532087348878,NORMAL,5,10,False
2016-10-07,0.2035654190245716,NORMAL,4,10,False
2016-10-08,0.5779414102627007,NORMAL,4,10,False
2016-10-09,0.3847727246186358,NORMAL,4,10,False
2016-10-10,0.352890892247475,NORMAL,4,10,False
2016-10-11,0.3238776151886522,NORMAL,4,10,False
2016-10-12,0.116117258572407,NORMAL,5,10,False
2016-10-13,0.0468408584101915,NORMAL,5,10,False
2016-10-14,0.0572057330829536,NORMAL,4,10,False
2016-10-15,0.2307956747812197,NORMAL,4,10,False
2016-10-16,0.3993532426515835,NORMAL,4,10,False
2016-10-17,0.3026712248521602,NORMAL,4,10,False
2016-10-18,0.1968943730700406,NORMAL,4,10,False
2016-10-19,0.1665727292114683,NORMAL,5,10,False
2016-10-20,0.296965313689009,NORMAL,5,10,False
2016-10-21,0.059243801473526,NORMAL,4,10,False
2016-10-22,0.0443732113938586,NORMAL,4,10,False
2016-10-23,0.1992475691325798,NORMAL,4,10,False
2016-10-24,0.271684734165517,NORMAL,4,10,False
2016-10-25,0.4793886510874717,NORMAL,4,10,False
2016-10-26,0.8355532902016655,CRITICAL,5,10,True
2016-10-27,0.629938656125165,NORMAL,5,10,False
2016-10-28,0.4032118741291435,NORMAL,4,10,False
2016-10-29,0.4030672149832049,NORMAL,4,10,False
2016-10-30,0.2867800572732688,NORMAL,4,10,False
2016-10-31,0.3063086360213998,NORMAL,4,10,False
2016-11-01,0.2394656041401832,NORMAL,4,11,False
2016-11-02,0.5832440835801824,NORMAL,5,11,False
2016-11-03,0.3753281784608539,NORMAL,5,11,False
2016-11-04,0.6018878739328853,NORMAL,4,11,False
2016-11-05,0.2803181301039847,NORMAL,4,11,False
2016-11-06,0.1031095946780567,NORMAL,4,11,False
2016-11-07,0.1137360968358903,NORMAL,4,11,False
2016-11-08,0.1177541684190053,NORMAL,4,11,False
2016-11-09,0.0801593549620064,NORMAL,5,11,False
2016-11-10,0.6349596895273921,NORMAL,5,11,False
2016-11-11,0.7941828275823857,CRITICAL,4,11,True
2016-11-12,0.4261451390935055,NORMAL,4,11,False
2016-11-13,0.4928820825695689,NORMAL,4,11,False
2016-11-14,0.6187712670983057,NORMAL,4,11,False
2016-11-15,0.330335189045767,NORMAL,4,11,False
2016-11-16,0.0684743188705112,NORMAL,5,11,False
2016-11-17,0.1796901134729463,NORMAL,5,11,False
2016-11-18,0.302855776352305,NORMAL,4,11,False
2016-11-19,0.3274684783035383,NORMAL,4,11,False
2016-11-20,0.2530743230488778,NORMAL,4,11,False
2016-11-21,0.1582691151718033,NORMAL,4,11,False
2016-11-22,0.1762795386494266,NORMAL,4,11,False
2016-11-23,0.100346124703398,NORMAL,5,11,False
2016-11-24,0.2990022826022595,NORMAL,5,11,False
2016-11-25,0.2836527439508984,NORMAL,4,11,False
2016-11-26,0.5632385196163651,NORMAL,4,11,False
2016-11-27,0.3441838862437683,NORMAL,4,11,False
2016-11-28,0.2345724727267186,NORMAL,4,11,False
2016-11-29,0.0502984986352987,NORMAL,4,11,False
2016-11-30,1.4366209364250162,CRITICAL,5,11,True
2016-12-01,1.034685758469522,CRITICAL,5,12,True
2016-12-02,0.6853836300688763,WARNING,4,12,True
2016-12-03,0.9392802860506996,WARNING,4,12,True
2016-12-04,0.6453084315396754,NORMAL,4,12,False
2016-12-05,0.4974777233575151,NORMAL,4,12,False
2016-12-06,0.4200253579559088,NORMAL,4,12,False
2016-12-07,0.2919115030014492,NORMAL,5,12,False
2016-12-08,0.5008123433204668,NORMAL,5,12,False
2016-12-09,0.2438609644996471,NORMAL,4,12,False
2016-12-10,0.1839154611154229,NORMAL,4,12,False
2016-12-11,0.2156371145983993,NORMAL,4,12,False
2016-12-12,0.349166768104138,NORMAL,4,12,False
2016-12-13,0.1756377825858631,NORMAL,4,12,False
2016-12-14,0.1055827119879159,NORMAL,5,12,False
2016-12-15,0.2580914138783171,NORMAL,5,12,False
2016-12-16,0.4886928100441278,NORMAL,4,12,False
2016-12-17,0.4064621243052026,NORMAL,4,12,False
2016-12-18,0.2936889828399098,NORMAL,4,12,False
2016-12-19,0.2952489941800747,NORMAL,4,12,False
2016-12-20,0.2006809001568653,NORMAL,4,12,False
2016-12-21,0.3524115295608441,NORMAL,5,12,False
2016-12-22,0.2557768215617812,NORMAL,5,12,False
2016-12-23,0.2155920744570064,NORMAL,4,12,False
2016-12-24,0.1012984732506432,NORMAL,4,12,False
2016-12-25,0.2773157819767826,NORMAL,4,12,False
2016-12-26,0.132179495773589,NORMAL,4,12,False
2016-12-27,0.1542429529517365,NORMAL,4,12,False
2016-12-28,0.5979852791533788,NORMAL,5,12,False
2016-12-29,0.2124790080462452,NORMAL,5,12,False
2016-12-30,0.3915816417273175,NORMAL,4,12,False
2016-12-31,0.2241334089437924,NORMAL,4,12,False
2017-01-01,0.4253717601539046,NORMAL,4,1,False
2017-01-02,0.3988627434592594,NORMAL,4,1,False
2017-01-03,0.4689589656217331,NORMAL,4,1,False
2017-01-04,0.6288473521214144,CRITICAL,5,1,True
2017-01-05,0.5465009227456836,NORMAL,5,1,False
2017-01-06,0.1160239841439679,NORMAL,4,1,False
2017-01-07,0.1334442220080758,NORMAL,4,1,False
2017-01-08,0.2673113136728453,NORMAL,4,1,False
2017-01-09,0.354591645909169,NORMAL,4,1,False
2017-01-10,0.2599226644422777,NORMAL,4,1,False
2017-01-11,0.0647021365409999,NORMAL,5,1,False
2017-01-12,0.276339096170278,NORMAL,5,1,False
2017-01-13,0.2543911109526589,NORMAL,4,1,False
2017-01-14,0.181889293354951,NORMAL,4,1,False
2017-01-15,0.2324718488181934,NORMAL,4,1,False
2017-01-16,0.2907029047004353,NORMAL,4,1,False
2017-01-17,0.1925793180137986,NORMAL,4,1,False
2017-01-18,0.1376431187627179,NORMAL,5,1,False
2017-01-19,0.2367100999209876,NORMAL,5,1,False
2017-01-20,0.2366495669776182,NORMAL,4,1,False
2017-01-21,0.2593164238817231,NORMAL,4,1,False
2017-01-22,0.1699477474897837,NORMAL,4,1,False
2017-01-23,0.1216650680867942,NORMAL,4,1,False
2017-01-24,0.0827881555696261,NORMAL,4,1,False
2017-01-25,0.393680536982911,NORMAL,5,1,False
2017-01-26,1.0925786401041406,CRITICAL,5,1,True
2017-01-27,0.590131925228367,WARNING,4,1,True
2017-01-28,0.2570490747754069,NORMAL,4,1,False
2017-01-29,0.1990295658350833,NORMAL,4,1,False
2017-01-30,0.2104352088324912,NORMAL,4,1,False
2017-01-31,0.3330228104289454,NORMAL,4,1,False
2017-02-01,0.23480852616939,NORMAL,5,2,False
2017-02-02,0.0260877302003714,NORMAL,5,2,False
2017-02-03,0.0478704410160341,NORMAL,4,2,False
2017-02-04,0.1266290991481673,NORMAL,4,2,False
2017-02-05,0.181752174756818,NORMAL,4,2,False
2017-02-06,0.1444339379523272,NORMAL,4,2,False
2017-02-07,0.1523349172037875,NORMAL,4,2,False
2017-02-08,0.5189242504727635,CRITICAL,5,2,True
2017-02-09,0.553896747487908,CRITICAL,5,2,True
2017-02-10,0.4324803795041813,NORMAL,4,2,False
2017-02-11,0.2725234059169969,NORMAL,4,2,False
2017-02-12,0.1178709392277237,NORMAL,4,2,False
2017-02-13,0.0352231398344501,NORMAL,4,2,False
2017-02-14,0.0505706967102279,NORMAL,4,2,False
2017-02-15,1.0949655714807955,CRITICAL,5,2,True
2017-02-16,1.0019665107872255,CRITICAL,5,2,True
2017-02-17,0.4207599995214921,NORMAL,4,2,False
2017-02-18,0.2931895984918447,NORMAL,4,2,False
2017-02-19,0.5523051169490998,WARNING,4,2,True
2017-02-20,0.2451912580481699,NORMAL,4,2,False
2017-02-21,0.167948532565606,NORMAL,4,2,False
2017-02-22,0.986659965296701,CRITICAL,5,2,True
2017-02-23,0.4603602850257121,NORMAL,5,2,False
2017-02-24,0.5541132557983458,WARNING,4,2,True
2017-02-25,0.4108835870766564,NORMAL,4,2,False
2017-02-26,0.2066604267441081,NORMAL,4,2,False
2017-02-27,0.3207247130671454,NORMAL,4,2,False
2017-02-28,0.3556727063458338,NORMAL,4,2,False
2017-03-01,0.2543610434519633,NORMAL,5,3,False
2017-03-02,0.0587297435261274,NORMAL,5,3,False
2017-03-03,0.1329764855673636,NORMAL,4,3,False
2017-03-04,0.2714647697598348,NORMAL,4,3,False
2017-03-05,0.1713165230091962,NORMAL,4,3,False
2017-03-06,0.0695614875315779,NORMAL,4,3,False
2017-03-07,0.2073452999653662,NORMAL,4,3,False
2017-03-08,0.2650560921264535,NORMAL,5,3,False
2017-03-09,0.093237202690669,NORMAL,5,3,False
2017-03-10,0.1924006238679645,NORMAL,4,3,False
2017-03-11,0.1699779604433881,NORMAL,4,3,False
2017-03-12,0.1896099892988856,NORMAL,4,3,False
2017-03-13,0.290578431791307,NORMAL,4,3,False
2017-03-14,0.29627336626902,NORMAL,4,3,False
2017-03-15,0.1076734912477094,NORMAL,5,3,False
2017-03-16,0.200039565672644,NORMAL,5,3,False
2017-03-17,0.1273916602035686,NORMAL,4,3,False
2017-03-18,0.1104022859784646,NORMAL,4,3,False
2017-03-19,0.048264882818899,NORMAL,4,3,False
2017-03-20,0.1152738188509217,NORMAL,4,3,False
2017-03-21,0.1253785245430156,NORMAL,4,3,False
2017-03-22,0.1215230484336648,NORMAL,5,3,False
2017-03-23,0.275868150377431,NORMAL,5,3,False
2017-03-24,0.2172434257062581,NORMAL,4,3,False
2017-03-25,0.0970421358041884,NORMAL,4,3,False
2017-03-26,0.0993090492672138,NORMAL,4,3,False
2017-03-27,0.0821400018847994,NORMAL,4,3,False
2017-03-28,0.0350974467748688,NORMAL,4,3,False
2017-03-29,0.0606030954571057,NORMAL,5,3,False
2017-03-30,0.4963816686327276,WARNING,5,3,True
2017-04-02,0.069759959945183,NORMAL,4,4,False
2017-04-03,0.0844663966226297,NORMAL,4,4,False
2017-04-04,0.0426870161428607,NORMAL,4,4,False
2017-04-05,0.1124380609100983,NORMAL,5,4,False
2017-04-06,0.0702935757642625,NORMAL,5,4,False
2017-04-07,0.1804803697350348,NORMAL,4,4,False
2017-04-08,0.1403997710242737,NORMAL,4,4,False
2017-04-09,0.2135726966930542,NORMAL,4,4,False
2017-04-10,0.0923548458518421,NORMAL,4,4,False
2017-04-11,0.0798589853623282,NORMAL,4,4,False
2017-04-12,0.0843865812336126,NORMAL,5,4,False
2017-04-13,0.4198417196032807,NORMAL,5,4,False
2017-04-14,0.4519053812437241,WARNING,4,4,True
2017-04-15,0.2084665169944922,NORMAL,4,4,False
2017-04-16,0.2233568004315083,NORMAL,4,4,False
2017-04-17,0.1390403474917671,NORMAL,4,4,False
2017-04-18,0.2268542856515698,NORMAL,4,4,False
2017-04-19,0.7841902751156204,CRITICAL,5,4,True
2017-04-20,0.7388452357354014,CRITICAL,5,4,True
2017-04-21,0.6284628148380982,CRITICAL,4,4,True
2017-04-22,0.3420283734882542,NORMAL,4,4,False
2017-04-23,0.3545510118268574,NORMAL,4,4,False
2017-04-24,0.4407681121155957,NORMAL,4,4,False
2017-04-25,0.3914497968660525,NORMAL,4,4,False
2017-04-26,0.0090775326355924,NORMAL,5,4,False
2017-04-27,0.2906940641524569,NORMAL,5,4,False
2017-04-28,0.3599379126481558,NORMAL,4,4,False
2017-04-29,0.4927767882804283,WARNING,4,4,True
2017-04-30,0.0914789532679803,NORMAL,4,4,False
2017-05-01,0.2689182987327074,NORMAL,4,5,False
2017-05-02,0.2030178829939118,NORMAL,4,5,False
2017-05-03,0.1198958811762623,NORMAL,5,5,False
2017-05-04,0.11172881650894,NORMAL,5,5,False
2017-05-05,0.2087355141866788,NORMAL,4,5,False
2017-05-06,0.5045101984588964,NORMAL,4,5,False
2017-05-07,0.130075557297496,NORMAL,4,5,False
2017-05-08,0.1746411089350044,NORMAL,4,5,False
2017-05-09,0.0949083632496891,NORMAL,4,5,False
2017-05-10,0.0316648761188485,NORMAL,5,5,False
2017-05-11,0.0555155530559706,NORMAL,5,5,False
2017-05-12,0.2868649432001217,NORMAL,4,5,False
2017-05-13,0.4603931046231737,NORMAL,4,5,False
2017-05-14,0.3959535822591278,NORMAL,4,5,False
2017-05-15,0.4739071665577032,NORMAL,4,5,False
2017-05-16,0.3905681061597236,NORMAL,4,5,False
2017-05-17,0.1185497123322932,NORMAL,5,5,False
2017-05-18,0.0405069361917757,NORMAL,5,5,False
2017-05-19,0.4388011460871017,NORMAL,4,5,False
2017-05-20,0.8825632389410433,CRITICAL,4,5,True
2017-05-21,0.9501882908373508,CRITICAL,4,5,True
2017-05-22,0.9032177919741332,CRITICAL,4,5,True
2017-05-23,0.7255302841339436,WARNING,4,5,True
2017-05-24,0.3209155221164356,NORMAL,5,5,False
2017-05-25,0.651565073889026,WARNING,5,5,True
2017-05-26,0.6997764989110681,WARNING,4,5,True
2017-05-27,0.7257435042910786,WARNING,4,5,True
2017-05-28,0.6750197051573855,NORMAL,4,5,False
2017-05-29,0.7514699154575281,CRITICAL,4,5,True
2017-05-30,0.741627844567567,WARNING,4,5,True
2017-05-31,0.4052221641555897,NORMAL,5,5,False
2017-06-01,0.6452799871757328,CRITICAL,5,6,True
2017-06-02,0.8812319927991719,CRITICAL,4,6,True
2017-06-03,0.9513729313523596,CRITICAL,4,6,True
2017-06-04,1.110098102708779,CRITICAL,4,6,True
2017-06-05,1.2145586048077035,CRITICAL,4,6,True
2017-06-06,1.1009223163157589,CRITICAL,4,6,True
2017-06-07,0.0544021617344461,NORMAL,5,6,False
2017-06-08,0.1806071458910126,NORMAL,5,6,False
2017-06-09,0.4210533976152517,NORMAL,4,6,False
2017-06-10,0.8561911430785167,CRITICAL,4,6,True
2017-06-11,1.1364900775079918,CRITICAL,4,6,True
2017-06-12,1.2025537198264613,CRITICAL,4,6,True
2017-06-13,1.0852264791663022,CRITICAL,4,6,True
2017-06-14,0.1294672983320492,NORMAL,5,6,False
2017-06-15,0.6478072216322097,WARNING,5,6,True
2017-06-16,0.707332292148249,WARNING,4,6,True
2017-06-17,0.7209149535747028,WARNING,4,6,True
2017-06-18,0.6982246234801399,WARNING,4,6,True
2017-06-19,0.7473023718660808,WARNING,4,6,True
2017-06-20,0.8384294274891214,WARNING,4,6,True
2017-06-21,0.4284167612918083,NORMAL,5,6,False
2017-06-22,0.6948064525117935,NORMAL,5,6,False
2017-06-23,0.7830132159664488,WARNING,4,6,True
2017-06-24,0.7763004680122838,WARNING,4,6,True
2017-06-25,0.9040339602430972,WARNING,4,6,True
2017-06-26,0.983494066129414,WARNING,4,6,True
2017-06-27,1.0376900255277408,CRITICAL,4,6,True
2017-06-28,0.4157530978403908,NORMAL,5,6,False
2017-06-29,0.3888918073562841,NORMAL,5,6,False
2017-06-30,0.2299609471315158,NORMAL,4,6,False
2017-07-01,0.4353335611507731,NORMAL,4,7,False
2017-07-02,0.6702819442752355,WARNING,4,7,True
2017-07-03,0.7655963397354701,CRITICAL,4,7,True
2017-07-04,0.8752014850365368,CRITICAL,4,7,True
2017-07-05,0.5224894442952436,NORMAL,5,7,False
2017-07-06,0.5501883491689836,NORMAL,5,7,False
2017-07-07,0.4779323556984913,NORMAL,4,7,False
2017-07-08,0.4452197419222322,NORMAL,4,7,False
2017-07-09,0.5438530398983878,NORMAL,4,7,False
2017-07-10,0.5934842593322307,NORMAL,4,7,False
2017-07-11,0.6211822335874685,NORMAL,4,7,False
2017-07-12,0.2660350762789528,NORMAL,5,7,False
2017-07-13,0.3452469914118262,NORMAL,5,7,False
2017-07-14,0.4587862701601107,NORMAL,4,7,False
2017-07-15,0.7051823689707858,WARNING,4,7,True
2017-07-16,0.8483739302525541,CRITICAL,4,7,True
2017-07-17,0.8433418426851372,CRITICAL,4,7,True
2017-07-18,0.7465261034044468,WARNING,4,7,True
2017-07-19,0.2008564344747741,NORMAL,5,7,False
2017-07-20,0.4228677337767509,NORMAL,5,7,False
2017-07-21,0.6905640772924293,NORMAL,4,7,False
2017-07-22,0.7366722116432453,WARNING,4,7,True
2017-07-23,0.6110350433821637,NORMAL,4,7,False
2017-07-24,0.6953089464078296,NORMAL,4,7,False
2017-07-25,0.822710266016638,CRITICAL,4,7,True
2017-07-26,0.2727880050413252,NORMAL,5,7,False
2017-07-27,0.2296669888389322,NORMAL,5,7,False
2017-07-28,0.5364590079837072,NORMAL,4,7,False
2017-07-29,0.5611042952586747,NORMAL,4,7,False
2017-07-30,0.5071961695025332,NORMAL,4,7,False
2017-07-31,0.5899036316385223,NORMAL,4,7,False
2017-08-01,0.6626775363589575,WARNING,4,8,True
2017-08-02,0.3135041395994175,NORMAL,5,8,False
2017-08-03,0.2617573802880259,NORMAL,5,8,False
2017-08-04,0.5782789257212425,NORMAL,4,8,False
2017-08-05,0.2593505344467528,NORMAL,4,8,False
2017-08-06,0.2963015614507918,NORMAL,4,8,False
2017-08-07,0.3495485503374144,NORMAL,4,8,False
2017-08-08,0.2228829703859942,NORMAL,4,8,False
2017-08-09,0.3225540392560171,NORMAL,5,8,False
2017-08-10,0.4506385217125755,NORMAL,5,8,False
2017-08-11,0.6042315129770159,WARNING,4,8,True
2017-08-12,0.6094035981319256,WARNING,4,8,True
2017-08-13,0.6678539142855793,CRITICAL,4,8,True
2017-08-14,0.6305908602166764,NORMAL,4,8,False
2017-08-15,0.5933963808447941,NORMAL,4,8,False
2017-08-16,0.2832102841062156,NORMAL,5,8,False
2017-08-17,0.3375216438717771,NORMAL,5,8,False
2017-08-18,0.4034963321638531,NORMAL,4,8,False
2017-08-19,0.4286644559982766,NORMAL,4,8,False
2017-08-20,0.3713675244663256,NORMAL,4,8,False
2017-08-21,0.2636137131190167,NORMAL,4,8,False
2017-08-22,0.3609115613592831,NORMAL,4,8,False
2017-08-23,0.2005072970703193,NORMAL,5,8,False
2017-08-24,0.1302588135667333,NORMAL,5,8,False
2017-08-25,0.1961576994030864,NORMAL,4,8,False
2017-08-26,0.1953159072050573,NORMAL,4,8,False
2017-08-27,0.2673596981406028,NORMAL,4,8,False
2017-08-28,0.2777144278676142,NORMAL,4,8,False
2017-08-29,0.2925967768555034,NORMAL,4,8,False
2017-08-30,0.1457987650907272,NORMAL,5,8,False
2017-08-31,0.3184310319771884,NORMAL,5,8,False
2017-09-01,0.3511587747968349,NORMAL,4,9,False
2017-09-02,0.3859150474574732,WARNING,4,9,True
2017-09-03,0.3697279964860182,NORMAL,4,9,False
2017-09-04,0.2432568171683851,NORMAL,4,9,False
2017-09-05,0.0787414367677037,NORMAL,4,9,False
2017-09-06,0.01958219142472,NORMAL,5,9,False
2017-09-07,0.0783028115045348,NORMAL,5,9,False
2017-09-08,0.3925720591152014,WARNING,4,9,True
2017-09-09,0.4601033895307896,CRITICAL,4,9,True
2017-09-10,0.2986599073296659,NORMAL,4,9,False
2017-09-11,0.1994274363873357,NORMAL,4,9,False
2017-09-12,0.3144788984543394,NORMAL,4,9,False
2017-09-13,0.3078152541781747,NORMAL,5,9,False
2017-09-14,0.4578703561082019,CRITICAL,5,9,True
2017-09-15,0.3416211463540971,NORMAL,4,9,False
2017-09-16,0.0438385187398362,NORMAL,4,9,False
2017-09-17,0.2347344599189172,NORMAL,4,9,False
2017-09-18,0.2604872545076018,NORMAL,4,9,False
2017-09-19,0.1943769704538149,NORMAL,4,9,False
2017-09-20,0.4469148689675536,WARNING,5,9,True
2017-09-21,0.2597766549045152,NORMAL,5,9,False
2017-09-22,0.0753985359819209,NORMAL,4,9,False
2017-09-23,0.0954805794702375,NORMAL,4,9,False
2017-09-24,0.0923571669626501,NORMAL,4,9,False
2017-09-25,0.2007848698295999,NORMAL,4,9,False
2017-09-26,0.1023209815628847,NORMAL,4,9,False
2017-09-27,0.1889813674045015,NORMAL,5,9,False
2017-09-28,0.1325299920899953,NORMAL,5,9,False
2017-09-29,0.1517028285722519,NORMAL,4,9,False
2017-09-30,0.1558445081111361,NORMAL,4,9,False
2017-10-01,0.1024841217919317,NORMAL,4,10,False
2017-10-02,0.2328566967332045,NORMAL,4,10,False
2017-10-03,0.273155496263491,NORMAL,4,10,False
2017-10-04,0.0252699524946058,NORMAL,5,10,False
2017-10-05,0.4228445912327784,NORMAL,5,10,False
2017-10-06,0.3825020384447101,NORMAL,4,10,False
2017-10-07,0.1456233186794525,NORMAL,4,10,False
2017-10-08,0.0504722436880223,NORMAL,4,10,False
2017-10-09,0.0597481163992884,NORMAL,4,10,False
2017-10-10,0.0806995500578963,NORMAL,4,10,False
2017-10-11,0.5311884775725698,NORMAL,5,10,False
2017-10-12,0.4432971882523192,NORMAL,5,10,False
2017-10-13,0.4449255549980903,NORMAL,4,10,False
2017-10-14,0.2373939056004797,NORMAL,4,10,False
2017-10-15,0.0881228009564115,NORMAL,4,10,False
2017-10-16,0.1553102009359938,NORMAL,4,10,False
2017-10-17,0.0763586965757928,NORMAL,4,10,False
2017-10-18,0.5674093160996494,NORMAL,5,10,False
2017-10-19,0.5990192362646797,NORMAL,5,10,False
2017-10-20,0.61854173217088,NORMAL,4,10,False
2017-10-21,0.2551927686268017,NORMAL,4,10,False
2017-10-22,0.1625148488263705,NORMAL,4,10,False
2017-10-23,0.2648260890264507,NORMAL,4,10,False
2017-10-24,0.3707629159769994,NORMAL,4,10,False
2017-10-25,0.2859795896596452,NORMAL,5,10,False
2017-10-26,0.0379208325876638,NORMAL,5,10,False
2017-10-27,0.1230323619723732,NORMAL,4,10,False
2017-10-28,0.1588587704491287,NORMAL,4,10,False
2017-10-29,0.1023017044545642,NORMAL,4,10,False
2017-10-30,0.114570649190157,NORMAL,4,10,False
2017-10-31,0.3177271161060295,NORMAL,4,10,False
2017-11-01,0.1285990553226723,NORMAL,5,11,False
2017-11-02,0.3750922115296684,NORMAL,5,11,False
2017-11-03,0.5648556370756185,NORMAL,4,11,False
2017-11-04,0.2570143157585134,NORMAL,4,11,False
2017-11-05,0.059930112467335,NORMAL,4,11,False
2017-11-06,0.0619516172733859,NORMAL,4,11,False
2017-11-07,0.0691807881126834,NORMAL,4,11,False
2017-11-08,0.4356319310369845,NORMAL,5,11,False
2017-11-09,0.2189473634765565,NORMAL,5,11,False
2017-11-10,0.3456775078703792,NORMAL,4,11,False
2017-11-11,0.1329596101415006,NORMAL,4,11,False
2017-11-12,0.134443634882229,NORMAL,4,11,False
2017-11-13,0.2555411844232899,NORMAL,4,11,False
2017-11-14,0.2101050888501171,NORMAL,4,11,False
2017-11-15,0.4788187274023048,NORMAL,5,11,False
2017-11-16,0.4660623199994109,NORMAL,5,11,False
2017-11-17,0.373907471413641,NORMAL,4,11,False
2017-11-18,0.3272357485018402,NORMAL,4,11,False
2017-11-19,0.2924807619583833,NORMAL,4,11,False
2017-11-20,0.2060687064655712,NORMAL,4,11,False
2017-11-21,0.0925844403569039,NORMAL,4,11,False
2017-11-22,0.0269295873414002,NORMAL,5,11,False
2017-11-23,0.1031417823839257,NORMAL,5,11,False
2017-11-24,0.2323310476253471,NORMAL,4,11,False
2017-11-25,0.1761256457047168,NORMAL,4,11,False
2017-11-26,0.2978754553450962,NORMAL,4,11,False
2017-11-27,0.0944044244020704,NORMAL,4,11,False
2017-11-28,0.0402240433270169,NORMAL,4,11,False
2017-11-29,0.8549158614595207,CRITICAL,5,11,True
2017-11-30,0.5556387717778091,NORMAL,5,11,False
2017-12-01,0.2445803367199049,NORMAL,4,12,False
2017-12-02,0.1439725716386388,NORMAL,4,12,False
2017-12-03,0.2588721236588553,NORMAL,4,12,False
2017-12-04,0.1099549240230938,NORMAL,4,12,False
2017-12-05,0.0126894428094134,NORMAL,4,12,False
2017-12-06,0.2312256376431827,NORMAL,5,12,False
2017-12-07,0.3476843868860706,NORMAL,5,12,False
2017-12-08,0.0284089289277657,NORMAL,4,12,False
2017-12-09,0.2596225833944225,NORMAL,4,12,False
2017-12-10,0.246014511534003,NORMAL,4,12,False
2017-12-11,0.0320117611229174,NORMAL,4,12,False
2017-12-12,0.065151022987759,NORMAL,4,12,False
2017-12-13,0.5066128812463419,NORMAL,5,12,False
2017-12-14,0.2045751361353837,NORMAL,5,12,False
2017-12-15,0.130842217114934,NORMAL,4,12,False
2017-12-16,0.1288423287176027,NORMAL,4,12,False
2017-12-17,0.1777240331758168,NORMAL,4,12,False
2017-12-18,0.1550916830754468,NORMAL,4,12,False
2017-12-19,0.0424748463003856,NORMAL,4,12,False
2017-12-20,0.2444758433420873,NORMAL,5,12,False
2017-12-21,0.4167993012996252,NORMAL,5,12,False
2017-12-22,0.3429047065867636,NORMAL,4,12,False
2017-12-23,0.2641647165602451,NORMAL,4,12,False
2017-12-24,0.308952341987776,NORMAL,4,12,False
2017-12-25,0.2211132812328839,NORMAL,4,12,False
2017-12-26,0.0895045081906872,NORMAL,4,12,False
2017-12-27,0.119285643274066,NORMAL,5,12,False
2017-12-28,0.1388126221224576,NORMAL,5,12,False
2017-12-29,0.235891300218913,NORMAL,4,12,False
2017-12-30,0.0969324499017466,NORMAL,4,12,False
2017-12-31,0.0796171810061136,NORMAL,4,12,False
2018-01-01,0.0400339123769938,NORMAL,4,1,False
2018-01-02,0.0387240761642949,NORMAL,4,1,False
2018-01-03,0.1950269070443927,NORMAL,5,1,False
2018-01-04,0.0152594214218118,NORMAL,5,1,False
2018-01-05,0.3293442152618255,NORMAL,4,1,False
2018-01-06,0.2402022488340455,NORMAL,4,1,False
2018-01-07,0.3038917676531932,NORMAL,4,1,False
2018-01-08,0.4943014873685229,NORMAL,4,1,False
2018-01-09,0.4372526174907397,NORMAL,4,1,False
2018-01-10,0.8216152922177539,CRITICAL,5,1,True
2018-01-11,0.8687568537114362,CRITICAL,5,1,True
2018-01-12,0.623523865778222,WARNING,4,1,True
2018-01-13,0.5633273793031077,NORMAL,4,1,False
2018-01-14,0.1852208855682941,NORMAL,4,1,False
2018-01-15,0.2953369612821664,NORMAL,4,1,False
2018-01-16,0.2154448959186523,NORMAL,4,1,False
2018-01-17,0.3407932212698051,NORMAL,5,1,False
2018-01-18,0.0712963048688335,NORMAL,5,1,False
2018-01-19,0.13754946424742,NORMAL,4,1,False
2018-01-20,0.0792854102143319,NORMAL,4,1,False
2018-01-21,0.1908326280783797,NORMAL,4,1,False
2018-01-22,0.0654701559466696,NORMAL,4,1,False
2018-01-23,0.0469785439148143,NORMAL,4,1,False
2018-01-24,0.5690462596024656,WARNING,5,1,True
2018-01-25,0.5805720708489222,WARNING,5,1,True
2018-01-26,0.3476233009589868,NORMAL,4,1,False
2018-01-27,0.1303087926591027,NORMAL,4,1,False
2018-01-28,0.1097423928872331,NORMAL,4,1,False
2018-01-29,0.1315912615194365,NORMAL,4,1,False
2018-01-30,0.0988100950842926,NORMAL,4,1,False
2018-01-31,0.5889161746692669,WARNING,5,1,True
2018-02-01,0.5180796071379655,WARNING,5,2,True
2018-02-02,0.5086911319847351,WARNING,4,2,True
2018-02-03,0.435740211103935,NORMAL,4,2,False
2018-02-04,0.3368567473650354,NORMAL,4,2,False
2018-02-05,0.2618964814986383,NORMAL,4,2,False
2018-02-06,0.2291937158497619,NORMAL,4,2,False
2018-02-07,0.18703813494431,NORMAL,5,2,False
2018-02-08,0.6241266855668715,CRITICAL,5,2,True
2018-02-09,0.541348048036523,WARNING,4,2,True
2018-02-10,0.3216968337073685,NORMAL,4,2,False
2018-02-11,0.3668440298999416,NORMAL,4,2,False
2018-02-12,0.2715777734173337,NORMAL,4,2,False
2018-02-13,0.2529750293490673,NORMAL,4,2,False
2018-02-14,0.1105939411284888,NORMAL,5,2,False
2018-02-15,0.2433250214148828,NORMAL,5,2,False
2018-02-16,0.0572879443695372,NORMAL,4,2,False
2018-02-17,0.3483255377844998,NORMAL,4,2,False
2018-02-18,0.3657778143216769,NORMAL,4,2,False
2018-02-19,0.2533554134758359,NORMAL,4,2,False
2018-02-20,0.2292301405572239,NORMAL,4,2,False
2018-02-21,0.2618605309564762,NORMAL,5,2,False
2018-02-22,0.2567264385426069,NORMAL,5,2,False
2018-02-23,0.1515932640517289,NORMAL,4,2,False
2018-02-24,0.3937501137909409,NORMAL,4,2,False
2018-02-25,0.2632119666381811,NORMAL,4,2,False
2018-02-26,0.2600196186640419,NORMAL,4,2,False
2018-02-27,0.2209605772647195,NORMAL,4,2,False
2018-02-28,0.8697264828669967,CRITICAL,5,2,True
2018-03-01,0.9995020129520448,CRITICAL,5,3,True
2018-03-02,0.6501629479534189,CRITICAL,4,3,True
2018-03-03,0.6745994314197227,CRITICAL,4,3,True
2018-03-04,0.1600627310035123,NORMAL,4,3,False
2018-03-05,0.0471971353677627,NORMAL,4,3,False
2018-03-06,0.2038955612524873,NORMAL,4,3,False
2018-03-07,0.0943551925937749,NORMAL,5,3,False
2018-03-08,0.1496799252214391,NORMAL,5,3,False
2018-03-09,0.2884985921631149,NORMAL,4,3,False
2018-03-10,0.3815197265555564,NORMAL,4,3,False
2018-03-11,0.2444189708732168,NORMAL,4,3,False
2018-03-12,0.5700820759478096,WARNING,4,3,True
2018-03-13,0.4376481395656594,WARNING,4,3,True
2018-03-14,0.3485877270881388,NORMAL,5,3,False
2018-03-15,0.8161373058368786,CRITICAL,5,3,True
2018-03-16,0.5839839062499086,WARNING,4,3,True
2018-03-17,0.2681648531304177,NORMAL,4,3,False
2018-03-18,0.2486445214346261,NORMAL,4,3,False
2018-03-19,0.5583226201082824,WARNING,4,3,True
2018-03-20,0.5274157736583126,WARNING,4,3,True
2018-03-21,0.964445859170934,CRITICAL,5,3,True
2018-03-22,0.9601098338967948,CRITICAL,5,3,True
2018-03-23,0.737367209314085,CRITICAL,4,3,True
2018-03-24,0.5764831173514924,WARNING,4,3,True
2018-03-25,0.5118347645387747,NORMAL,4,3,False
2018-03-26,0.5060147614515069,NORMAL,4,3,False
2018-03-27,0.5765969337531562,WARNING,4,3,True
2018-03-28,0.871323659515859,CRITICAL,5,3,True
2018-03-29,1.1964501864062649,CRITICAL,5,3,True
2018-03-30,0.8765851564863799,CRITICAL,4,3,True
2018-03-31,0.5704122999092359,NORMAL,4,3,False
2018-04-01,0.3374118180944593,NORMAL,4,4,False
2018-04-02,0.2939290708421828,NORMAL,4,4,False
2018-04-03,0.5689860998933364,CRITICAL,4,4,True
2018-04-04,0.2205605080179127,NORMAL,5,4,False
2018-04-05,0.1233565894410625,NORMAL,5,4,False
2018-04-06,0.3548810384737371,NORMAL,4,4,False
2018-04-07,0.4860209085493327,WARNING,4,4,True
2018-04-08,0.4306290444457719,NORMAL,4,4,False
2018-04-09,0.2412490201816238,NORMAL,4,4,False
2018-04-10,0.3472297534069929,NORMAL,4,4,False
2018-04-11,0.4289933281147059,NORMAL,5,4,False
2018-04-12,0.4972315730077103,WARNING,5,4,True
2018-04-13,0.6680359327738518,CRITICAL,4,4,True
2018-04-14,0.0813751456424577,NORMAL,4,4,False
2018-04-15,0.1673177739134904,NORMAL,4,4,False
2018-04-16,0.1696332703078157,NORMAL,4,4,False
2018-04-17,0.0865317845522358,NORMAL,4,4,False
2018-04-18,0.2729497354054529,NORMAL,5,4,False
2018-04-19,0.3595489792459362,NORMAL,5,4,False
2018-04-20,0.2736545105238471,NORMAL,4,4,False
2018-04-21,0.5489957006412252,CRITICAL,4,4,True
2018-04-22,0.7649846143063356,CRITICAL,4,4,True
2018-04-23,0.5814798003260683,CRITICAL,4,4,True
2018-04-24,0.3791214248745929,NORMAL,4,4,False
2018-04-25,0.5381573673412241,WARNING,5,4,True
2018-04-26,0.2295238871725781,NORMAL,5,4,False
2018-04-27,0.0604735699536256,NORMAL,4,4,False
2018-04-28,0.2173483904535522,NORMAL,4,4,False
2018-04-29,0.1663955926149665,NORMAL,4,4,False
2018-04-30,0.281986661039207,NORMAL,4,4,False
2018-05-01,0.3375750359973128,NORMAL,4,5,False
2018-05-02,0.0386729110067342,NORMAL,5,5,False
2018-05-03,0.20797103608077,NORMAL,5,5,False
2018-05-04,0.2657408206226708,NORMAL,4,5,False
2018-05-05,0.2205051984725511,NORMAL,4,5,False
2018-05-06,0.1451095703561083,NORMAL,4,5,False
2018-05-07,0.257271607860526,NORMAL,4,5,False
2018-05-08,0.4525913265228999,NORMAL,4,5,False
2018-05-09,0.2174696324057691,NORMAL,5,5,False
2018-05-10,0.2233454724159441,NORMAL,5,5,False
2018-05-11,0.1593973982044048,NORMAL,4,5,False
2018-05-12,0.1821856676757006,NORMAL,4,5,False
2018-05-13,0.1229285346720544,NORMAL,4,5,False
2018-05-14,0.1545377214734581,NORMAL,4,5,False
2018-05-15,0.1456849365328343,NORMAL,4,5,False
2018-05-16,0.2492577993143066,NORMAL,5,5,False
2018-05-17,0.826168416318814,CRITICAL,5,5,True
2018-05-18,0.8508589994806399,CRITICAL,4,5,True
2018-05-19,1.048563317471298,CRITICAL,4,5,True
2018-05-20,1.072156500057199,CRITICAL,4,5,True
2018-05-21,1.0169463530735832,CRITICAL,4,5,True
2018-05-22,0.8411838573161533,WARNING,4,5,True
2018-05-23,0.1047887066297392,NORMAL,5,5,False
2018-05-24,0.1932202983514402,NORMAL,5,5,False
2018-05-25,0.6746483106704652,NORMAL,4,5,False
2018-05-26,0.8686044733731318,CRITICAL,4,5,True
2018-05-27,0.8921800430902085,CRITICAL,4,5,True
2018-05-28,0.9851185647869884,CRITICAL,4,5,True
2018-05-29,1.0609041451795471,CRITICAL,4,5,True
2018-05-30,0.3777937152471434,NORMAL,5,5,False
2018-05-31,0.6037488388240752,NORMAL,5,5,False
2018-06-01,0.5789126148992999,NORMAL,4,6,False
2018-06-02,0.6507324170856917,NORMAL,4,6,False
2018-06-03,0.8043089835705698,NORMAL,4,6,False
2018-06-04,0.9173103617258456,WARNING,4,6,True
2018-06-05,0.9553468775057548,WARNING,4,6,True
2018-06-06,0.4129276483073485,NORMAL,5,6,False
2018-06-07,0.6863041915807098,NORMAL,5,6,False
2018-06-08,0.9310282360102768,WARNING,4,6,True
2018-06-09,1.0676253634509705,CRITICAL,4,6,True
2018-06-10,1.0035533072745508,WARNING,4,6,True
2018-06-11,1.0041507282346285,WARNING,4,6,True
2018-06-12,1.1024304334522403,CRITICAL,4,6,True
2018-06-13,0.6411271128748496,NORMAL,5,6,False
2018-06-14,0.7817848282793743,NORMAL,5,6,False
2018-06-15,0.8488312441812897,NORMAL,4,6,False
2018-06-16,0.75694121808289,NORMAL,4,6,False
2018-06-17,0.963083333662677,WARNING,4,6,True
2018-06-18,0.880347473631785,NORMAL,4,6,False
2018-06-19,0.9432619001625776,NORMAL,4,6,False
2018-06-20,0.3611231103248791,NORMAL,5,6,False
2018-06-21,0.5876158091690334,NORMAL,5,6,False
2018-06-22,0.6166218662585924,NORMAL,4,6,False
2018-06-23,0.8827422222771685,NORMAL,4,6,False
2018-06-24,1.0995720393689636,CRITICAL,4,6,True
2018-06-25,1.028939021959424,WARNING,4,6,True
2018-06-26,0.9052455140249286,NORMAL,4,6,False
2018-06-27,0.1084698873774064,NORMAL,5,6,False
2018-06-28,0.2212013157426983,NORMAL,5,6,False
2018-06-29,0.4270488400836045,NORMAL,4,6,False
2018-07-20,0.4879583759759203,NORMAL,4,7,False
2018-07-21,0.5147912542790686,NORMAL,4,7,False
2018-07-22,0.5863380421853636,NORMAL,4,7,False
2018-07-23,0.6806429687745154,NORMAL,4,7,False
2018-07-24,0.7189534185108234,WARNING,4,7,True
2018-07-25,1.0375699705504893,CRITICAL,5,7,True
2018-07-26,0.3491603330300621,NORMAL,5,7,False
2018-07-27,0.1062577240026008,NORMAL,4,7,False
2018-07-28,0.103810611943443,NORMAL,4,7,False
2018-07-29,0.1445351873811174,NORMAL,4,7,False
2018-07-30,0.1508995677188768,NORMAL,4,7,False
2018-07-31,0.1596844332096083,NORMAL,4,7,False
2018-08-01,0.4348097247759878,NORMAL,5,8,False
2018-08-02,0.3322450286047341,NORMAL,5,8,False
2018-08-03,0.1595254917709021,NORMAL,4,8,False
2018-08-04,0.0292007858786627,NORMAL,4,8,False
2018-08-05,0.1395834661884654,NORMAL,4,8,False
2018-08-06,0.1421526900806194,NORMAL,4,8,False
2018-08-07,0.0897091748715268,NORMAL,4,8,False
2018-08-08,0.1085135971826397,NORMAL,5,8,False
2018-08-09,0.0447718084282438,NORMAL,5,8,False
2018-08-10,0.0083489914667967,NORMAL,4,8,False
2018-08-11,0.0994417252311261,NORMAL,4,8,False
2018-08-12,0.1126615697999863,NORMAL,4,8,False
2018-08-13,0.1022382843849616,NORMAL,4,8,False
2018-08-14,0.1106672112400753,NORMAL,4,8,False
2018-08-15,0.3046539410414497,NORMAL,5,8,False
2018-08-16,0.3364765397454525,NORMAL,5,8,False
2018-08-17,0.0372097037974718,NORMAL,4,8,False
2018-08-18,0.2077637156931532,NORMAL,4,8,False
2018-08-19,0.1675148233793601,NORMAL,4,8,False
2018-08-20,0.1886362816258205,NORMAL,4,8,False
2018-08-21,0.3307041898160359,NORMAL,4,8,False
2018-08-22,0.5557823365570396,NORMAL,5,8,False
2018-08-23,0.5686545292398065,NORMAL,5,8,False
2018-08-24,0.3324931233729403,NORMAL,4,8,False
2018-08-25,0.0490639001749017,NORMAL,4,8,False
2018-08-26,0.0578649116955218,NORMAL,4,8,False
2018-08-27,0.1043382624251076,NORMAL,4,8,False
2018-08-28,0.0811719544671131,NORMAL,4,8,False
2018-08-29,0.3768257621829398,NORMAL,5,8,False
2018-08-30,0.3371431687697095,NORMAL,5,8,False
2018-08-31,0.1639532669707057,NORMAL,4,8,False
2018-09-01,0.1461537313356294,NORMAL,4,9,False
2018-09-02,0.4241629495662458,WARNING,4,9,True
2018-09-03,0.6595009750747198,CRITICAL,4,9,True
2018-09-04,0.7179241104589079,CRITICAL,4,9,True
2018-09-05,0.2051391478105074,NORMAL,5,9,False
2018-09-06,0.0637494168566726,NORMAL,5,9,False
2018-09-07,0.2071409160689057,NORMAL,4,9,False
2018-09-08,0.4433653832191052,WARNING,4,9,True
2018-09-09,0.5295628907931351,CRITICAL,4,9,True
2018-09-10,0.421858331706439,WARNING,4,9,True
2018-09-11,0.3051312995081764,NORMAL,4,9,False
2018-09-12,0.3893204940680328,NORMAL,5,9,False
2018-09-13,0.381575433409588,NORMAL,5,9,False
2018-09-14,0.2794254561859167,NORMAL,4,9,False
2018-09-15,0.3887290883697057,NORMAL,4,9,False
2018-09-16,0.4319146397345669,WARNING,4,9,True
2018-09-17,0.3043014266515604,NORMAL,4,9,False
2018-09-18,0.2924223540344497,NORMAL,4,9,False
2018-09-19,0.0703415161522721,NORMAL,5,9,False
2018-09-20,0.2000589406600326,NORMAL,5,9,False
2018-09-21,0.5072761897753258,CRITICAL,4,9,True
2018-09-22,0.6039948709358776,CRITICAL,4,9,True
2018-09-23,0.4502953193161189,WARNING,4,9,True
2018-09-24,0.3534924241553477,NORMAL,4,9,False
2018-09-25,0.2802426184597077,NORMAL,4,9,False
2018-09-26,0.0169639487778599,NORMAL,5,9,False
2018-09-27,0.1870189205214145,NORMAL,5,9,False
2018-09-28,0.3507949659262949,NORMAL,4,9,False
2018-09-29,0.4463111481744458,WARNING,4,9,True
2018-09-30,0.6444642181406499,CRITICAL,4,9,True
2018-10-01,0.6341442761925471,NORMAL,4,10,False
2018-10-02,0.5545117328581111,NORMAL,4,10,False
2018-10-03,0.5052623693651936,NORMAL,5,10,False
2018-10-04,0.4646786761378464,NORMAL,5,10,False
2018-10-05,0.197901804536165,NORMAL,4,10,False
2018-10-06,0.187663927192011,NORMAL,4,10,False
2018-10-07,0.2980767506005404,NORMAL,4,10,False
2018-10-08,0.2826070131666267,NORMAL,4,10,False
2018-10-09,0.2623254999899302,NORMAL,4,10,False
2018-10-10,0.0426910238464738,NORMAL,5,10,False
2018-10-11,0.0405096676346469,NORMAL,5,10,False
2018-10-12,0.0973611471339801,NORMAL,4,10,False
2018-10-13,0.2069643466096843,NORMAL,4,10,False
2018-10-14,0.3183410177125704,NORMAL,4,10,False
2018-10-15,0.2451115317945496,NORMAL,4,10,False
2018-10-16,0.2422627285024432,NORMAL,4,10,False
2018-10-17,0.0890978969526395,NORMAL,5,10,False
2018-10-18,0.0885221451404551,NORMAL,5,10,False
2018-10-19,0.220072440817889,NORMAL,4,10,False
2018-10-20,0.2940283834738341,NORMAL,4,10,False
2018-10-21,0.368987962135465,NORMAL,4,10,False
2018-10-22,0.531434152761402,NORMAL,4,10,False
2018-10-23,0.6703078696054047,WARNING,4,10,True
2018-10-24,0.1429137608277642,NORMAL,5,10,False
2018-10-25,0.1500314112874916,NORMAL,5,10,False
2018-10-26,0.623723015652122,NORMAL,4,10,False
2018-10-27,0.7053161669994884,WARNING,4,10,True
2018-10-28,0.6906355462685907,WARNING,4,10,True
2018-10-29,0.4113498850851699,NORMAL,4,10,False
2018-10-30,0.3180302692574669,NORMAL,4,10,False
2018-10-31,0.0653115832727252,NORMAL,5,10,False
2018-11-01,0.0886712817430041,NORMAL,5,11,False
2018-11-02,0.1271031158107545,NORMAL,4,11,False
2018-11-03,0.2863289476623718,NORMAL,4,11,False
2018-11-04,0.0826735966005276,NORMAL,4,11,False
2018-11-05,0.1096832472889482,NORMAL,4,11,False
2018-11-06,0.2077968228007437,NORMAL,4,11,False
2018-11-07,0.2681430633605259,NORMAL,5,11,False
2018-11-08,0.59539695317186,NORMAL,5,11,False
2018-11-09,0.944496482538092,CRITICAL,4,11,True
2018-11-10,0.6298472234098388,NORMAL,4,11,False
2018-11-11,0.5391694306546577,NORMAL,4,11,False
2018-11-12,0.5314115913373969,NORMAL,4,11,False
2018-11-13,0.4965562104551455,NORMAL,4,11,False
2018-11-14,0.2740277179919324,NORMAL,5,11,False
2018-11-15,0.381646780961566,NORMAL,5,11,False
2018-11-16,0.3693422543419004,NORMAL,4,11,False
2018-11-17,0.489082738951277,NORMAL,4,11,False
2018-11-18,0.535050034473785,NORMAL,4,11,False
2018-11-19,0.4680398030363457,NORMAL,4,11,False
2018-11-20,0.4900278719188478,NORMAL,4,11,False
2018-11-21,0.3536514522545202,NORMAL,5,11,False
2018-11-22,0.1984997837928031,NORMAL,5,11,False
2018-11-23,0.3823312816209973,NORMAL,4,11,False
2018-11-24,0.4913573815188674,NORMAL,4,11,False
2018-11-25,0.5178391786699185,NORMAL,4,11,False
2018-11-26,0.7823491456661625,CRITICAL,4,11,True
2018-11-27,0.616979811566262,NORMAL,4,11,False
2018-11-28,0.4725620835850692,NORMAL,5,11,False
2018-11-29,0.4367195920970731,NORMAL,5,11,False
2018-11-30,0.0964054573431396,NORMAL,4,11,False
2018-12-01,0.1093364192729938,NORMAL,4,12,False
2018-12-02,0.4537445473622825,NORMAL,4,12,False
2018-12-03,0.2993355846824285,NORMAL,4,12,False
2018-12-04,0.1746446110613004,NORMAL,4,12,False
2018-12-05,0.0299812367868406,NORMAL,5,12,False
2018-12-06,0.2144901424811183,NORMAL,5,12,False
2018-12-07,0.3043182646035682,NORMAL,4,12,False
2018-12-08,0.4668808457671492,NORMAL,4,12,False
2018-12-09,0.348477142725919,NORMAL,4,12,False
2018-12-10,0.2621979123831346,NORMAL,4,12,False
2018-12-11,0.373125058914357,NORMAL,4,12,False
2018-12-12,0.537210879613665,NORMAL,5,12,False
2018-12-13,0.3713608209476407,NORMAL,5,12,False
2018-12-14,0.217134732976875,NORMAL,4,12,False
2018-12-15,0.6996180258282857,CRITICAL,4,12,True
2018-12-16,0.8813080607648196,CRITICAL,4,12,True
2018-12-17,0.9604152004457476,CRITICAL,4,12,True
2018-12-18,0.9425003770255864,CRITICAL,4,12,True
2018-12-19,0.1421009170794339,NORMAL,5,12,False
2018-12-20,0.3004602733030305,NORMAL,5,12,False
2018-12-21,0.1283336226144047,NORMAL,4,12,False
2018-12-22,0.1374545390733052,NORMAL,4,12,False
2018-12-23,0.2085061659887593,NORMAL,4,12,False
2018-12-24,0.2058276406142409,NORMAL,4,12,False
2018-12-25,0.3542321014782595,NORMAL,4,12,False
2018-12-26,0.4753515891998868,NORMAL,5,12,False
2018-12-27,0.2636312640401489,NORMAL,5,12,False
2018-12-28,0.2210414667715227,NORMAL,4,12,False
2018-12-29,0.2862202250317909,NORMAL,4,12,False
2018-12-30,0.3811568250689459,NORMAL,4,12,False
2018-12-31,0.2689753797168505,NORMAL,4,12,False
2019-01-01,0.1078708361353423,NORMAL,4,1,False
2019-01-02,0.0554115714480632,NORMAL,5,1,False
2019-01-03,0.056055075095653,NORMAL,5,1,False
2019-01-04,0.4413335202508306,NORMAL,4,1,False
2019-01-05,0.2528465731865685,NORMAL,4,1,False
2019-01-06,0.2339933921218591,NORMAL,4,1,False
2019-01-07,0.3629941838062301,NORMAL,4,1,False
2019-01-08,0.3419882982895717,NORMAL,4,1,False
2019-01-09,0.6280394502157067,CRITICAL,5,1,True
2019-01-10,0.3909904989901473,NORMAL,5,1,False
2019-01-11,0.211754246492795,NORMAL,4,1,False
2019-01-12,0.3351864614462512,NORMAL,4,1,False
2019-01-13,0.2686923541306456,NORMAL,4,1,False
2019-01-14,0.3139064248654259,NORMAL,4,1,False
2019-01-15,0.3388670382489192,NORMAL,4,1,False
2019-01-16,0.5382407430497063,NORMAL,5,1,False
2019-01-17,0.0225694736593226,NORMAL,5,1,False
2019-01-18,0.0396731637959871,NORMAL,4,1,False
2019-01-19,0.3096253039711552,NORMAL,4,1,False
2019-01-20,0.3931783322212979,NORMAL,4,1,False
2019-01-21,0.471998323358856,NORMAL,4,1,False
2019-01-22,0.5451754476139102,NORMAL,4,1,False
2019-01-23,0.6574495137182238,CRITICAL,5,1,True
2019-01-24,0.602143111712148,WARNING,5,1,True
2019-01-25,0.5036185927671671,NORMAL,4,1,False
2019-01-26,0.3729116488778955,NORMAL,4,1,False
2019-01-27,0.2380310839501367,NORMAL,4,1,False
2019-01-28,0.0977037393505026,NORMAL,4,1,False
2019-01-29,0.1184706759769675,NORMAL,4,1,False
2019-01-30,0.0913186828386213,NORMAL,5,1,False
2019-01-31,0.0237611702105503,NORMAL,5,1,False
2019-02-01,0.3366979491287202,NORMAL,4,2,False
2019-02-02,0.2805230037031193,NORMAL,4,2,False
2019-02-03,0.2643728635734376,NORMAL,4,2,False
2019-02-04,0.1028885304749051,NORMAL,4,2,False
2019-02-05,0.102216628782933,NORMAL,4,2,False
2019-02-06,0.0146455605193215,NORMAL,5,2,False
2019-02-07,0.0498967030289402,NORMAL,5,2,False
2019-02-08,0.0243294007156305,NORMAL,4,2,False
2019-02-09,0.0144237343255605,NORMAL,4,2,False
2019-02-10,0.0241745622970385,NORMAL,4,2,False
2019-02-11,0.0687236789207746,NORMAL,4,2,False
2019-02-12,0.0317377178568877,NORMAL,4,2,False
2019-02-13,0.0947276263743725,NORMAL,5,2,False
2019-02-14,0.2320364753126876,NORMAL,5,2,False
2019-02-15,0.5460543278764545,WARNING,4,2,True
2019-02-16,0.5667679485859407,WARNING,4,2,True
2019-02-17,0.5878512008484676,WARNING,4,2,True
2019-02-18,0.5071317677923193,NORMAL,4,2,False
2019-02-19,0.4769566710133962,NORMAL,4,2,False
2019-02-20,0.1557068911868258,NORMAL,5,2,False
2019-02-21,0.0934317443015061,NORMAL,5,2,False
2019-02-22,0.0864525565622548,NORMAL,4,2,False
2019-02-23,0.1738725376703507,NORMAL,4,2,False
2019-02-24,0.2928358052520167,NORMAL,4,2,False
2019-02-25,0.1733389157397047,NORMAL,4,2,False
2019-02-26,0.0978431734790433,NORMAL,4,2,False
2019-02-27,0.5369409763593933,WARNING,5,2,True
2019-02-28,0.5691659201115837,WARNING,5,2,True
2019-03-01,0.3284680845795408,NORMAL,4,3,False
2019-03-02,0.5010450651459634,NORMAL,4,3,False
2019-03-03,0.3769252621945581,NORMAL,4,3,False
2019-03-04,0.2985390605024447,NORMAL,4,3,False
2019-03-05,0.2603821445150883,NORMAL,4,3,False
2019-03-06,0.3431339348950719,NORMAL,5,3,False
2019-03-07,0.0389411272211569,NORMAL,5,3,False
2019-03-08,0.2954877034467145,NORMAL,4,3,False
2019-03-09,0.1429473591369325,NORMAL,4,3,False
2019-03-10,0.1591822164590261,NORMAL,4,3,False
2019-03-11,0.5100567864666327,NORMAL,4,3,False
2019-03-12,0.5042384655176656,NORMAL,4,3,False
2019-03-13,0.48136549907658,NORMAL,5,3,False
2019-03-14,0.4493573396459904,NORMAL,5,3,False
2019-03-15,0.3851957138264665,NORMAL,4,3,False
2019-03-16,0.3148629715771387,NORMAL,4,3,False
2019-03-17,0.1857512871447274,NORMAL,4,3,False
2019-03-18,0.1754324314212064,NORMAL,4,3,False
2019-03-19,0.1705181712721132,NORMAL,4,3,False
2019-03-20,0.5306514586448751,NORMAL,5,3,False
2019-03-21,0.2819549499368051,NORMAL,5,3,False
2019-03-22,0.3916476454638862,NORMAL,4,3,False
2019-03-23,0.226097769664817,NORMAL,4,3,False
2019-03-24,0.2058017260332661,NORMAL,4,3,False
2019-03-25,0.1288757715897417,NORMAL,4,3,False
2019-03-26,0.1796253907625124,NORMAL,4,3,False
2019-03-27,0.0519464167245019,NORMAL,5,3,False
2019-03-28,0.1000883602633431,NORMAL,5,3,False
2019-03-29,0.0585248298636515,NORMAL,4,3,False
2019-03-30,0.0999293289147306,NORMAL,4,3,False
2019-03-31,0.0592914145658051,NORMAL,4,3,False
2019-04-01,0.0323042703123103,NORMAL,4,4,False
2019-04-02,0.0594614165473355,NORMAL,4,4,False
2019-04-03,0.6622962009102038,CRITICAL,5,4,True
2019-04-04,0.8104404421815943,CRITICAL,5,4,True
2019-04-05,0.6730457848045696,CRITICAL,4,4,True
2019-04-06,0.5274307305726753,WARNING,4,4,True
2019-04-07,0.3862240075007965,NORMAL,4,4,False
2019-04-08,0.1973694749715659,NORMAL,4,4,False
2019-04-09,0.0787989758388683,NORMAL,4,4,False
2019-04-10,0.4250480781439459,NORMAL,5,4,False
2019-04-11,0.3627367171730271,NORMAL,5,4,False
2019-04-12,0.4419329078018936,NORMAL,4,4,False
2019-04-13,0.3175319575203219,NORMAL,4,4,False
2019-04-14,0.2719253837158446,NORMAL,4,4,False
2019-04-15,0.3598605469498117,NORMAL,4,4,False
2019-04-16,0.4983362140773032,NORMAL,4,4,False
2019-04-17,0.1620409493729864,NORMAL,5,4,False
2019-04-18,0.4845085971329342,NORMAL,5,4,False
2019-04-19,0.6421269474966165,CRITICAL,4,4,True
2019-04-20,0.258913135716556,NORMAL,4,4,False
2019-04-21,0.37018606664672,NORMAL,4,4,False
2019-04-22,0.2455807946147185,NORMAL,4,4,False
2019-04-23,0.1901068717637374,NORMAL,4,4,False
2019-04-24,0.6853353585787817,CRITICAL,5,4,True
2019-04-25,0.4937891773757458,NORMAL,5,4,False
2019-04-26,0.4273932062176896,NORMAL,4,4,False
2019-04-27,0.2913201200444306,NORMAL,4,4,False
2019-04-28,0.2051377474312714,NORMAL,4,4,False
2019-04-29,0.2042543755369195,NORMAL,4,4,False
2019-04-30,0.063568748025953,NORMAL,4,4,False
2019-05-01,0.2323402059653663,NORMAL,5,5,False
2019-05-02,0.310083320399183,NORMAL,5,5,False
2019-05-03,0.3902756989678509,NORMAL,4,5,False
2019-05-04,0.2692551060886105,NORMAL,4,5,False
2019-05-05,0.3643276779401784,NORMAL,4,5,False
2019-05-06,0.2724103262502529,NORMAL,4,5,False
2019-05-07,0.1293239038697617,NORMAL,4,5,False
2019-05-08,0.2885615173097453,NORMAL,5,5,False
2019-05-09,0.19075961356672,NORMAL,5,5,False
2019-05-10,0.3246253644715774,NORMAL,4,5,False
2019-05-11,0.4849646627474556,NORMAL,4,5,False
2019-05-12,0.5176136322229652,NORMAL,4,5,False
2019-05-13,0.4003448064843776,NORMAL,4,5,False
2019-05-14,0.3985417403291317,NORMAL,4,5,False
2019-05-15,0.0291175819607433,NORMAL,5,5,False
2019-05-16,0.0418610459578639,NORMAL,5,5,False
2019-05-17,0.339550293934846,NORMAL,4,5,False
2019-05-18,0.5669022728361501,NORMAL,4,5,False
2019-05-19,0.3951748095685478,NORMAL,4,5,False
2019-05-20,0.1557052377850951,NORMAL,4,5,False
2019-05-21,0.0758269525706501,NORMAL,4,5,False
2019-05-22,0.8121555454787761,WARNING,5,5,True
2019-05-23,0.99549186241142,CRITICAL,5,5,True
2019-05-24,0.68687796206068,NORMAL,4,5,False
2019-05-25,0.8434983623617308,WARNING,4,5,True
2019-05-26,1.1166484540662358,CRITICAL,4,5,True
2019-05-27,0.7895410954920992,WARNING,4,5,True
2019-05-28,0.618057616771359,NORMAL,4,5,False
2019-05-29,0.2852323242401403,NORMAL,5,5,False
2019-05-30,0.298167051757884,NORMAL,5,5,False
2019-05-31,0.3893231060503347,NORMAL,4,5,False
2019-06-01,0.5165690422577481,NORMAL,4,6,False
2019-06-02,0.5277680064104853,NORMAL,4,6,False
2019-06-03,0.7510664325594756,NORMAL,4,6,False
2019-06-04,0.8100342801713949,NORMAL,4,6,False
2019-06-05,0.2161203721463147,NORMAL,5,6,False
2019-06-06,0.3568096702328938,NORMAL,5,6,False
2019-06-07,0.365315995475181,NORMAL,4,6,False
2019-06-08,0.3864175409204886,NORMAL,4,6,False
2019-06-09,0.467717971220134,NORMAL,4,6,False
2019-06-10,0.5114215859533517,NORMAL,4,6,False
2019-06-11,0.521500257055249,NORMAL,4,6,False
2019-06-12,0.1668165997532761,NORMAL,5,6,False
2019-06-13,0.1585588188984492,NORMAL,5,6,False
2019-06-14,0.1750968871842925,NORMAL,4,6,False
2019-06-15,0.4793500971298268,NORMAL,4,6,False
2019-06-16,0.5667415546959519,NORMAL,4,6,False
2019-06-17,0.4964950474777989,NORMAL,4,6,False
2019-06-18,0.5053989637133345,NORMAL,4,6,False
2019-06-19,0.1995134015259575,NORMAL,5,6,False
2019-06-20,0.3187650363971822,NORMAL,5,6,False
2019-06-21,0.5434620148288059,NORMAL,4,6,False
2019-06-22,0.5630037099246087,NORMAL,4,6,False
2019-06-23,0.5833713270984612,NORMAL,4,6,False
2019-06-24,0.5541625264642396,NORMAL,4,6,False
2019-06-25,0.5534001121375585,NORMAL,4,6,False
2019-06-26,0.0511145681186004,NORMAL,5,6,False
2019-06-27,0.0951572128697064,NORMAL,5,6,False
2019-06-28,0.0762190404675898,NORMAL,4,6,False
2019-06-29,0.169045482947949,NORMAL,4,6,False
2019-06-30,0.1934495069431405,NORMAL,4,6,False
2019-07-01,0.2991903826376298,NORMAL,4,7,False
2019-07-02,0.3371280947794783,NORMAL,4,7,False
2019-07-03,0.1909705684967403,NORMAL,5,7,False
2019-07-04,0.2028738449480543,NORMAL,5,7,False
2019-07-05,0.144742434908177,NORMAL,4,7,False
2019-07-06,0.2674625871697745,NORMAL,4,7,False
2019-07-07,0.5056729273743431,NORMAL,4,7,False
2019-07-08,0.5081786609309327,NORMAL,4,7,False
2019-07-09,0.4904267250165893,NORMAL,4,7,False
2019-07-10,0.220979964866414,NORMAL,5,7,False
2019-07-11,0.1796712003944755,NORMAL,5,7,False
2019-07-12,0.1345350190527137,NORMAL,4,7,False
2019-07-13,0.2282169910864188,NORMAL,4,7,False
2019-07-14,0.3174317996064164,NORMAL,4,7,False
2019-07-15,0.4149311801542873,NORMAL,4,7,False
2019-07-16,0.4021203618366887,NORMAL,4,7,False
2019-07-17,0.44663711649269,NORMAL,5,7,False
2019-07-18,0.3360995302504831,NORMAL,5,7,False
2019-07-19,0.2229013832269908,NORMAL,4,7,False
2019-07-20,0.1766325213440782,NORMAL,4,7,False
2019-07-21,0.1782584578493856,NORMAL,4,7,False
2019-07-22,0.2204052702946771,NORMAL,4,7,False
2019-07-23,0.172524035870955,NORMAL,4,7,False
2019-07-24,0.2447560310530672,NORMAL,5,7,False
2019-07-25,0.0888687460175504,NORMAL,5,7,False
2019-07-26,0.0713188549263372,NORMAL,4,7,False
2019-07-27,0.1695802276777086,NORMAL,4,7,False
2019-07-28,0.0291106307430283,NORMAL,4,7,False
2019-07-29,0.0395913496387669,NORMAL,4,7,False
2019-07-30,0.0344938401982336,NORMAL,4,7,False
2019-07-31,0.1220041631794455,NORMAL,5,7,False
2019-08-01,0.4286108165266528,NORMAL,5,8,False
2019-08-02,0.5652603156003996,NORMAL,4,8,False
2019-08-03,0.4907216068166731,NORMAL,4,8,False
2019-08-04,0.4045339701581767,NORMAL,4,8,False
2019-08-05,0.3826154033172051,NORMAL,4,8,False
2019-08-06,0.3547677112185748,NORMAL,4,8,False
2019-08-07,0.2024753238437823,NORMAL,5,8,False
2019-08-08,0.3385817139834368,NORMAL,5,8,False
2019-08-09,0.3871179002210417,NORMAL,4,8,False
2019-08-10,0.2512743112824184,NORMAL,4,8,False
2019-08-11,0.2552156288293222,NORMAL,4,8,False
2019-08-12,0.2213820100735961,NORMAL,4,8,False
2019-08-13,0.2067444652830525,NORMAL,4,8,False
2019-08-14,0.3643823073785255,NORMAL,5,8,False
2019-08-15,0.352611766634024,NORMAL,5,8,False
2019-08-16,0.5587367892959683,NORMAL,4,8,False
2019-08-17,0.6036817429030901,WARNING,4,8,True
2019-08-18,0.4159451613039662,NORMAL,4,8,False
2019-08-19,0.1608101651181842,NORMAL,4,8,False
2019-08-20,0.185327859262452,NORMAL,4,8,False
2019-08-21,1.0131272740271635,CRITICAL,5,8,True
2019-08-22,0.6576652140834204,WARNING,5,8,True
2019-08-23,0.3554661493769332,NORMAL,4,8,False
2019-08-24,0.2395159702061815,NORMAL,4,8,False
2019-08-25,0.2575579769218256,NORMAL,4,8,False
2019-08-26,0.3601109141846319,NORMAL,4,8,False
2019-08-27,0.531348778141316,NORMAL,4,8,False
2019-08-28,0.0666321849469354,NORMAL,5,8,False
2019-08-29,0.2274121925348976,NORMAL,5,8,False
2019-08-30,0.263273601759824,NORMAL,4,8,False
2019-08-31,0.146963776608052,NORMAL,4,8,False
2019-09-01,0.1822555505067332,NORMAL,4,9,False
2019-09-02,0.0955033886916798,NORMAL,4,9,False
2019-09-03,0.1362553481069049,NORMAL,4,9,False
2019-09-04,0.2880370583917007,NORMAL,5,9,False
2019-09-05,0.413304878893492,NORMAL,5,9,False
2019-09-06,0.3343104338295913,NORMAL,4,9,False
2019-09-07,0.4410618260330116,NORMAL,4,9,False
2019-09-08,0.791486655026029,CRITICAL,4,9,True
2019-09-09,0.4458703033467981,NORMAL,4,9,False
2019-09-10,0.2924346312191913,NORMAL,4,9,False
2019-09-11,0.018701508866501,NORMAL,5,9,False
2019-09-12,0.2732919042739907,NORMAL,5,9,False
2019-09-13,0.6897388340278885,CRITICAL,4,9,True
2019-09-14,0.5451327221903448,CRITICAL,4,9,True
2019-09-15,0.6681762578300938,CRITICAL,4,9,True
2019-09-16,0.4581665336398605,WARNING,4,9,True
2019-09-17,0.5819347177261632,CRITICAL,4,9,True
2019-09-18,0.0903896057208093,NORMAL,5,9,False
2019-09-19,0.0558182710616044,NORMAL,5,9,False
2019-09-20,0.1318028484022582,NORMAL,4,9,False
2019-09-21,0.109591779160115,NORMAL,4,9,False
2019-09-22,0.1096201749047816,NORMAL,4,9,False
2019-09-23,0.3498303996716855,NORMAL,4,9,False
2019-09-24,0.2751528472606329,NORMAL,4,9,False
2019-09-25,0.3011092713915664,NORMAL,5,9,False
2019-09-26,0.1578929865615413,NORMAL,5,9,False
2019-09-27,0.2798501057149531,NORMAL,4,9,False
2019-09-28,0.5984065071609731,CRITICAL,4,9,True
2019-09-29,0.4324231689043639,NORMAL,4,9,False
2019-09-30,0.5236803755284395,WARNING,4,9,True
2019-10-01,0.5481484503453207,NORMAL,4,10,False
2019-10-02,0.0229602362629194,NORMAL,5,10,False
2019-10-03,0.259549905793812,NORMAL,5,10,False
2019-10-04,0.2235786003417908,NORMAL,4,10,False
2019-10-05,0.1427447601276267,NORMAL,4,10,False
2019-10-06,0.1992673584197939,NORMAL,4,10,False
2019-10-07,0.4934966013615461,NORMAL,4,10,False
2019-10-08,0.4844077227737828,NORMAL,4,10,False
2019-10-09,0.402709239790769,NORMAL,5,10,False
2019-10-10,0.1371358505821073,NORMAL,5,10,False
2019-10-11,0.3332698780050359,NORMAL,4,10,False
2019-10-12,0.3346692457043833,NORMAL,4,10,False
2019-10-13,0.1989781925132712,NORMAL,4,10,False
2019-10-14,0.1714449945776239,NORMAL,4,10,False
2019-10-15,0.1704761376881839,NORMAL,4,10,False
2019-10-16,0.0088924957343812,NORMAL,5,10,False
2019-10-17,0.0509207255129612,NORMAL,5,10,False
2019-10-18,0.183783961757679,NORMAL,4,10,False
2019-10-19,0.4002522673998821,NORMAL,4,10,False
2019-10-20,0.5808707717594851,NORMAL,4,10,False
2019-10-21,0.4375131316368969,NORMAL,4,10,False
2019-10-22,0.4266438128942503,NORMAL,4,10,False
2019-10-23,0.034006481820606,NORMAL,5,10,False
2019-10-24,0.1866706175039579,NORMAL,5,10,False
2019-10-25,0.3376945474700273,NORMAL,4,10,False
2019-10-26,0.3937113821816767,NORMAL,4,10,False
2019-10-27,0.6248256766489214,NORMAL,4,10,False
2019-10-28,0.7430643895977761,CRITICAL,4,10,True
2019-10-29,0.6871168884002699,WARNING,4,10,True
2019-10-30,0.0327878430024122,NORMAL,5,10,False
2019-10-31,0.1410540578205213,NORMAL,5,10,False
2019-11-01,0.385772690726248,NORMAL,4,11,False
2019-11-02,0.3247074760231773,NORMAL,4,11,False
2019-11-03,0.3626623343995916,NORMAL,4,11,False
2019-11-04,0.1360335758779322,NORMAL,4,11,False
2019-11-05,0.2435385266971866,NORMAL,4,11,False
2019-11-06,0.0520092070826542,NORMAL,5,11,False
2019-11-07,0.1393174298752267,NORMAL,5,11,False
2019-11-08,0.1825573375946919,NORMAL,4,11,False
2019-11-09,0.2356722378830977,NORMAL,4,11,False
2019-11-10,0.6757180082968761,WARNING,4,11,True
2019-11-11,0.5836863228586714,NORMAL,4,11,False
2019-11-12,0.2879248964300823,NORMAL,4,11,False
2019-11-13,0.434228222339496,NORMAL,5,11,False
2019-11-14,0.4335184598281804,NORMAL,5,11,False
2019-11-15,0.4195118799805519,NORMAL,4,11,False
2019-11-16,0.2826513563180513,NORMAL,4,11,False
2019-11-17,0.3211545295892992,NORMAL,4,11,False
2019-11-18,0.6889439415713129,WARNING,4,11,True
2019-11-19,0.4792376899128243,NORMAL,4,11,False
2019-11-20,0.583360755969368,NORMAL,5,11,False
2019-11-21,0.1818957452863754,NORMAL,5,11,False
2019-11-22,0.2633454471081986,NORMAL,4,11,False
2019-11-23,0.1685346400131232,NORMAL,4,11,False
2019-11-24,0.159324331669833,NORMAL,4,11,False
2019-11-25,0.1466112743535552,NORMAL,4,11,False
2019-11-26,0.2368275394138269,NORMAL,4,11,False
2019-11-27,0.7098844548516329,WARNING,5,11,True
2019-11-28,0.2572379836667499,NORMAL,5,11,False
2019-11-29,0.148941499534423,NORMAL,4,11,False
2019-11-30,0.3933111096492746,NORMAL,4,11,False
2019-12-01,0.4711084474355655,NORMAL,4,12,False
2019-12-02,0.6266956527022928,WARNING,4,12,True
2019-12-03,0.4873215619335083,NORMAL,4,12,False
2019-12-04,0.6471466522403514,WARNING,5,12,True
2019-12-05,0.6223957329148467,WARNING,5,12,True
2019-12-06,0.1165010029001834,NORMAL,4,12,False
2019-12-07,0.1032592338698326,NORMAL,4,12,False
2019-12-08,0.2268445906356601,NORMAL,4,12,False
2019-12-09,0.4154887713231665,NORMAL,4,12,False
2019-12-10,0.3178553328269703,NORMAL,4,12,False
2019-12-11,0.1223440077096951,NORMAL,5,12,False
2019-12-12,0.0648568672959479,NORMAL,5,12,False
2019-12-13,0.2045884269991341,NORMAL,4,12,False
2019-12-14,0.1656430406661159,NORMAL,4,12,False
2019-12-15,0.1601155521691806,NORMAL,4,12,False
2019-12-16,0.2613018116320359,NORMAL,4,12,False
2019-12-17,0.3056046627394213,NORMAL,4,12,False
2019-12-18,0.4384689494646874,NORMAL,5,12,False
2019-12-19,0.1366819522373611,NORMAL,5,12,False
2019-12-20,0.0946137180121205,NORMAL,4,12,False
2019-12-21,0.1415946427565085,NORMAL,4,12,False
2019-12-22,0.064220956326321,NORMAL,4,12,False
2019-12-23,0.0610219925899636,NORMAL,4,12,False
2019-12-24,0.0683857556123237,NORMAL,4,12,False
2019-12-25,0.4151633535532927,NORMAL,5,12,False
2019-12-26,0.3009166320372266,NORMAL,5,12,False
2019-12-27,0.3405014340605616,NORMAL,4,12,False
2019-12-28,0.2630142021234177,NORMAL,4,12,False
2019-12-29,0.4343462046391362,NORMAL,4,12,False
2019-12-30,0.281210348767893,NORMAL,4,12,False
2019-12-31,0.3261946659992055,NORMAL,4,12,False
2020-01-01,0.0353402245606903,NORMAL,5,1,False
2020-01-02,0.1971375475355177,NORMAL,5,1,False
2020-01-03,0.2720330951350468,NORMAL,4,1,False
2020-01-04,0.2229771915503278,NORMAL,4,1,False
2020-01-05,0.1094538520789859,NORMAL,4,1,False
2020-01-06,0.2039357850348709,NORMAL,4,1,False
2020-01-07,0.2997594917758081,NORMAL,4,1,False
2020-01-08,0.2345893256942308,NORMAL,5,1,False
2020-01-09,0.078594955606038,NORMAL,5,1,False
2020-01-10,0.2485334642398872,NORMAL,4,1,False
2020-01-11,0.2457605306204575,NORMAL,4,1,False
2020-01-12,0.3211150687293903,NORMAL,4,1,False
2020-01-13,0.2697111655195253,NORMAL,4,1,False
2020-01-14,0.1375887441791427,NORMAL,4,1,False
2020-01-15,0.1945660263109791,NORMAL,5,1,False
2020-01-16,0.2116327486825076,NORMAL,5,1,False
2020-01-17,0.289783288867913,NORMAL,4,1,False
2020-01-18,0.4904367399304258,NORMAL,4,1,False
2020-01-19,0.6026838583373035,WARNING,4,1,True
2020-01-20,0.4523374171259632,NORMAL,4,1,False
2020-01-21,0.4176274695646292,NORMAL,4,1,False
2020-01-22,0.1231056660530509,NORMAL,5,1,False
2020-01-23,0.0332411775849464,NORMAL,5,1,False
2020-01-24,0.391437276333486,NORMAL,4,1,False
2020-01-25,0.2758166405841141,NORMAL,4,1,False
2020-01-26,0.1640827851786093,NORMAL,4,1,False
2020-01-27,0.1000105096333801,NORMAL,4,1,False
2020-01-28,0.1365270996705387,NORMAL,4,1,False
2020-01-29,0.0127969870244679,NORMAL,5,1,False
2020-01-30,0.1871573413035182,NORMAL,5,1,False
2020-01-31,0.2844529563445054,NORMAL,4,1,False
2020-02-01,0.3248849236766304,NORMAL,4,2,False
2020-02-02,0.2685649274502068,NORMAL,4,2,False
2020-02-03,0.3176659847078428,NORMAL,4,2,False
2020-02-04,0.250313672075415,NORMAL,4,2,False
2020-02-05,0.4685963411665335,NORMAL,5,2,False
2020-02-06,0.110507052670096,NORMAL,5,2,False
2020-02-07,0.1699013161125745,NORMAL,4,2,False
2020-02-08,0.0719496063427696,NORMAL,4,2,False
2020-02-09,0.4622729018076091,NORMAL,4,2,False
2020-02-10,0.3054301654633721,NORMAL,4,2,False
2020-02-11,0.5224982952357482,NORMAL,4,2,False
2020-02-12,0.1390983264352673,NORMAL,5,2,False
2020-02-13,0.1087267913588141,NORMAL,5,2,False
2020-02-14,0.5545466943514388,WARNING,4,2,True
2020-02-15,0.3614283058794506,NORMAL,4,2,False
2020-02-16,0.163095352346481,NORMAL,4,2,False
2020-02-17,0.104710644373306,NORMAL,4,2,False
2020-02-18,0.1597407894528979,NORMAL,4,2,False
2020-02-19,0.3387441778684474,NORMAL,5,2,False
2020-02-20,0.3773810292608974,NORMAL,5,2,False
2020-02-21,0.0233659276205475,NORMAL,4,2,False
2020-02-22,0.2765024148753967,NORMAL,4,2,False
2020-02-23,0.3258156887803009,NORMAL,4,2,False
2020-02-24,0.1808640459874402,NORMAL,4,2,False
2020-02-25,0.0449790452971155,NORMAL,4,2,False
2020-02-26,0.0391707529877106,NORMAL,5,2,False
2020-02-27,0.1956075363964706,NORMAL,5,2,False
2020-02-28,0.6363353381725101,CRITICAL,4,2,True
2020-02-29,0.5478276788151307,WARNING,4,2,True
2020-03-01,0.4156991146041777,NORMAL,4,3,False
2020-03-02,0.3255080531832283,NORMAL,4,3,False
2020-03-03,0.3081792209111001,NORMAL,4,3,False
2020-03-04,0.3929103309554063,NORMAL,5,3,False
2020-03-05,0.4088241953524654,NORMAL,5,3,False
2020-03-06,0.5205092094804805,NORMAL,4,3,False
2020-03-07,0.5976607290223885,WARNING,4,3,True
2020-03-08,0.5560368985525153,NORMAL,4,3,False
2020-03-09,0.3649730392227824,NORMAL,4,3,False
2020-03-10,0.5472285751125912,NORMAL,4,3,False
2020-03-11,0.1666624115949911,NORMAL,5,3,False
2020-03-12,0.209617713037721,NORMAL,5,3,False
2020-03-13,0.127181178599593,NORMAL,4,3,False
2020-03-14,0.3915179549183969,NORMAL,4,3,False
2020-03-15,0.1588733296402881,NORMAL,4,3,False
2020-03-16,0.2313068945021584,NORMAL,4,3,False
2020-03-17,0.4241467645470996,NORMAL,4,3,False
2020-03-18,0.4909303563317332,NORMAL,5,3,False
2020-03-19,0.2448058195352592,NORMAL,5,3,False
2020-03-20,0.1882699080059971,NORMAL,4,3,False
2020-03-21,0.0791702874955286,NORMAL,4,3,False
2020-03-22,0.1541607277959634,NORMAL,4,3,False
2020-03-23,0.2362650229344526,NORMAL,4,3,False
2020-03-24,0.1997317456544289,NORMAL,4,3,False
2020-03-25,0.6467938533839523,WARNING,5,3,True
2020-03-26,0.2682912628083119,NORMAL,5,3,False
2020-03-27,0.1636689948878315,NORMAL,4,3,False
2020-03-28,0.1618839039801259,NORMAL,4,3,False
2020-03-29,0.2951680274307461,NORMAL,4,3,False
2020-03-30,0.2779847848338603,NORMAL,4,3,False
2020-03-31,0.215706692451133,NORMAL,4,3,False
2020-04-01,0.1604615098844009,NORMAL,5,4,False
2020-04-02,0.0188931599506227,NORMAL,5,4,False
2020-04-03,0.0775534136100756,NORMAL,4,4,False
2020-04-04,0.2679022472451801,NORMAL,4,4,False
2020-04-05,0.2012615932882711,NORMAL,4,4,False
2020-04-06,0.0514287326881711,NORMAL,4,4,False
2020-04-07,0.0406347051155491,NORMAL,4,4,False
2020-04-08,0.1889418532722609,NORMAL,5,4,False
2020-04-09,0.3020549813467155,NORMAL,5,4,False
2020-04-10,0.1845615736389053,NORMAL,4,4,False
2020-04-11,0.0722564699709012,NORMAL,4,4,False
2020-04-12,0.0247168047148271,NORMAL,4,4,False
2020-04-13,0.1416614662839357,NORMAL,4,4,False
2020-04-14,0.1309983955106623,NORMAL,4,4,False
2020-04-15,0.3132720643998697,NORMAL,5,4,False
2020-04-16,0.2030812053009947,NORMAL,5,4,False
2020-04-17,0.0873590826526563,NORMAL,4,4,False
2020-04-18,0.1214188116163096,NORMAL,4,4,False
2020-04-19,0.0560752441014509,NORMAL,4,4,False
2020-04-20,0.3248016040039865,NORMAL,4,4,False
2020-04-21,0.2443673316661668,NORMAL,4,4,False
2020-04-22,0.494471710924774,NORMAL,5,4,False
2020-04-23,0.3964555553461364,NORMAL,5,4,False
2020-04-24,0.1275948889843942,NORMAL,4,4,False
2020-04-25,0.312324451994852,NORMAL,4,4,False
2020-04-26,0.4604635296085585,NORMAL,4,4,False
2020-04-27,0.327541267744266,NORMAL,4,4,False
2020-04-28,0.2283632514439625,NORMAL,4,4,False
2020-04-29,0.3025989259842346,NORMAL,5,4,False
2020-04-30,0.0569906620548313,NORMAL,5,4,False
2020-05-01,0.3195055776988037,NORMAL,4,5,False
2020-05-02,0.0497023080193461,NORMAL,4,5,False
2020-05-03,0.2543460314931409,NORMAL,4,5,False
2020-05-04,0.2684233582350491,NORMAL,4,5,False
2020-05-05,0.2348215389679314,NORMAL,4,5,False
2020-05-06,0.4484448834373841,NORMAL,5,5,False
2020-05-07,0.2040320219052242,NORMAL,5,5,False
2020-05-08,0.1149558478299181,NORMAL,4,5,False
2020-05-09,0.1117933658592581,NORMAL,4,5,False
2020-05-10,0.1657035651128268,NORMAL,4,5,False
2020-05-11,0.2004935141944422,NORMAL,4,5,False
2020-05-12,0.0752401780325641,NORMAL,4,5,False
2020-05-13,0.67848310250658,NORMAL,5,5,False
2020-05-14,0.3861693197086696,NORMAL,5,5,False
2020-05-15,0.7099911230748465,NORMAL,4,5,False
2020-05-16,0.5852557054725833,NORMAL,4,5,False
2020-05-17,0.5903878036758534,NORMAL,4,5,False
2020-05-18,0.7334637632434065,NORMAL,4,5,False
2020-05-19,0.6960169244470624,NORMAL,4,5,False
2020-05-20,0.3685921543476875,NORMAL,5,5,False
2020-05-21,0.4051660884214828,NORMAL,5,5,False
2020-05-22,0.4626125526828925,NORMAL,4,5,False
2020-05-23,0.4457146422594791,NORMAL,4,5,False
2020-05-24,0.4152255695663197,NORMAL,4,5,False
2020-05-25,0.3937778052868044,NORMAL,4,5,False
2020-05-26,0.4908520109905265,NORMAL,4,5,False
2020-05-27,0.2235992183575001,NORMAL,5,5,False
2020-05-28,0.4758794358713727,NORMAL,5,5,False
2020-05-29,0.6908617334083083,NORMAL,4,5,False
2020-05-30,0.6734341162597393,NORMAL,4,5,False
2020-05-31,0.7000462987927321,NORMAL,4,5,False
2020-06-01,0.5659476784325909,NORMAL,4,6,False
2020-06-02,0.6244634536728537,NORMAL,4,6,False
2020-06-03,0.0269710339337791,NORMAL,5,6,False
2020-06-04,0.5328678825170571,NORMAL,5,6,False
2020-06-05,0.8656233720274336,NORMAL,4,6,False
2020-06-06,0.8974191951082843,NORMAL,4,6,False
2020-06-07,0.8185602723342689,NORMAL,4,6,False
2020-06-08,0.815532877958221,NORMAL,4,6,False
2020-06-09,0.9303330065092836,WARNING,4,6,True
2020-06-10,0.0675378877919244,NORMAL,5,6,False
2020-06-11,0.1069838551272771,NORMAL,5,6,False
2020-06-12,0.2262644899185894,NORMAL,4,6,False
2020-06-13,0.3752217061585164,NORMAL,4,6,False
2020-06-14,0.1957784514662217,NORMAL,4,6,False
2020-06-15,0.4121369605503779,NORMAL,4,6,False
2020-06-16,0.512000307471611,NORMAL,4,6,False
2020-06-17,0.3881686981818513,NORMAL,5,6,False
2020-06-18,0.7062275985404877,NORMAL,5,6,False
2020-06-19,0.7437446054399783,NORMAL,4,6,False
2020-06-20,0.6838696976758194,NORMAL,4,6,False
2020-06-21,0.5210725282915248,NORMAL,4,6,False
2020-06-22,0.7863527171261443,NORMAL,4,6,False
2020-06-23,0.6423268347586025,NORMAL,4,6,False
2020-06-24,0.1725644745234303,NORMAL,5,6,False
2020-06-25,0.2319996457473453,NORMAL,5,6,False
2020-06-26,0.2341702862391589,NORMAL,4,6,False
2020-06-27,0.3325937648540963,NORMAL,4,6,False
2020-06-28,0.3796482797024237,NORMAL,4,6,False
2020-06-29,0.4295491360932074,NORMAL,4,6,False
2020-06-30,0.4724014923358184,NORMAL,4,6,False
2020-07-01,0.3455295107123704,NORMAL,5,7,False
2020-07-02,0.5386695297305294,NORMAL,5,7,False
2020-07-03,0.5896337456675829,NORMAL,4,7,False
2020-07-04,0.3665745076424948,NORMAL,4,7,False
2020-07-05,0.2236264026251205,NORMAL,4,7,False
2020-07-06,0.163092547870053,NORMAL,4,7,False
2020-07-07,0.2889870968104169,NORMAL,4,7,False
2020-07-08,0.2473962042802256,NORMAL,5,7,False
2020-07-09,0.3551979368616865,NORMAL,5,7,False
2020-07-10,0.5422199006572166,NORMAL,4,7,False
2020-07-11,0.6074943919362732,NORMAL,4,7,False
2020-07-12,0.626903896433341,NORMAL,4,7,False
2020-07-13,0.5515394163354488,NORMAL,4,7,False
2020-07-14,0.4932471365797589,NORMAL,4,7,False
2020-07-15,0.19288443197456,NORMAL,5,7,False
2020-07-16,0.0567589271370304,NORMAL,5,7,False
2020-07-17,0.1344169467573018,NORMAL,4,7,False
2020-07-18,0.295471276800851,NORMAL,4,7,False
2020-07-19,0.3134871309370396,NORMAL,4,7,False
2020-07-20,0.1294533404643634,NORMAL,4,7,False
2020-07-21,0.3237692127466887,NORMAL,4,7,False
2020-07-22,0.2728611567071768,NORMAL,5,7,False
2020-07-23,0.2884963065899704,NORMAL,5,7,False
2020-07-24,0.2851054196661475,NORMAL,4,7,False
2020-07-25,0.301420204114297,NORMAL,4,7,False
2020-07-26,0.3588917113876257,NORMAL,4,7,False
2020-07-27,0.3865392400719168,NORMAL,4,7,False
2020-07-28,0.4238617220213344,NORMAL,4,7,False
2020-07-29,0.1985901652767643,NORMAL,5,7,False
2020-07-30,0.1397620364617168,NORMAL,5,7,False
2020-07-31,0.0505375725113406,NORMAL,4,7,False
2020-08-01,0.0580801103100204,NORMAL,4,8,False
2020-08-02,0.1207241324981596,NORMAL,4,8,False
2020-08-03,0.1189502811460602,NORMAL,4,8,False
2020-08-04,0.1816969538336001,NORMAL,4,8,False
2020-08-05,0.2516851174091712,NORMAL,5,8,False
2020-08-06,0.3264219970660855,NORMAL,5,8,False
2020-08-07,0.2976178988573857,NORMAL,4,8,False
2020-08-08,0.1650070282035553,NORMAL,4,8,False
2020-08-09,0.2269225127010854,NORMAL,4,8,False
2020-08-10,0.1778428014164999,NORMAL,4,8,False
2020-08-11,0.0504495834560386,NORMAL,4,8,False
2020-08-12,0.6427702326085655,WARNING,5,8,True
2020-08-13,0.279090628605143,NORMAL,5,8,False
2020-08-14,0.3194252340264061,NORMAL,4,8,False
2020-08-15,0.1103715581718275,NORMAL,4,8,False
2020-08-16,0.3032883394770395,NORMAL,4,8,False
2020-08-17,0.3122978486924473,NORMAL,4,8,False
2020-08-18,0.2042463129053705,NORMAL,4,8,False
2020-08-19,0.5861974336236869,WARNING,5,8,True
2020-08-20,0.6612511234977062,CRITICAL,5,8,True
2020-08-21,0.5059462288809694,NORMAL,4,8,False
2020-08-22,0.3147042303309195,NORMAL,4,8,False
2020-08-23,0.1466616720986085,NORMAL,4,8,False
2020-08-24,0.048424179851385,NORMAL,4,8,False
2020-08-25,0.0433205815573007,NORMAL,4,8,False
2020-08-26,0.5444634934976921,NORMAL,5,8,False
2020-08-27,0.1499845367128859,NORMAL,5,8,False
2020-08-28,0.1762365732617268,NORMAL,4,8,False
2020-08-29,0.0572776843704432,NORMAL,4,8,False
2020-08-30,0.0417958718344011,NORMAL,4,8,False
2020-08-31,0.0923210234046971,NORMAL,4,8,False
2020-09-01,0.1746240206735443,NORMAL,4,9,False
2020-09-02,0.1508063859522264,NORMAL,5,9,False
2020-09-03,0.5339086597218666,WARNING,5,9,True
2020-09-04,0.7786874953046224,CRITICAL,4,9,True
2020-09-05,0.2743790891501433,NORMAL,4,9,False
2020-09-06,0.0880456823547505,NORMAL,4,9,False
2020-09-07,0.1038600410614584,NORMAL,4,9,False
2020-09-08,0.6204320534217356,CRITICAL,4,9,True
2020-09-09,0.1917397977949874,NORMAL,5,9,False
2020-09-10,0.6769452617640375,CRITICAL,5,9,True
2020-09-11,0.8878525729425176,CRITICAL,4,9,True
2020-09-12,0.7631726616554156,CRITICAL,4,9,True
2020-09-13,0.4953691178117742,NORMAL,4,9,False
2020-09-14,0.3035984673781011,NORMAL,4,9,False
2020-09-15,0.2343258585993761,NORMAL,4,9,False
2020-09-16,0.898665209857913,CRITICAL,5,9,True
2020-09-17,0.8876207438007004,CRITICAL,5,9,True
2020-09-18,0.7609022369551222,CRITICAL,4,9,True
2020-09-19,0.4897928705268418,NORMAL,4,9,False
2020-09-20,0.3273038794370559,NORMAL,4,9,False
2020-09-21,0.260356541983427,NORMAL,4,9,False
2020-09-22,0.310185088390275,NORMAL,4,9,False
2020-09-23,0.1818658669296227,NORMAL,5,9,False
2020-09-24,0.3258913786657655,NORMAL,5,9,False
2020-09-25,0.3876142990047509,NORMAL,4,9,False
2020-09-26,0.3896831178100154,NORMAL,4,9,False
2020-09-27,0.5655469119252826,WARNING,4,9,True
2020-09-28,0.6735378668610097,WARNING,4,9,True
2020-09-29,0.669371976461561,WARNING,4,9,True
2020-09-30,0.0953875395925721,NORMAL,5,9,False
2020-10-01,0.3061566891468987,NORMAL,5,10,False
2020-10-02,0.6225855532916927,NORMAL,4,10,False
2020-10-03,0.6088546090369381,NORMAL,4,10,False
2020-10-04,0.8274764023292716,CRITICAL,4,10,True
2020-10-05,0.7262214804553374,CRITICAL,4,10,True
2020-10-06,0.554792671196015,NORMAL,4,10,False
2020-10-07,0.1185383217995237,NORMAL,5,10,False
2020-10-08,0.0359046184947505,NORMAL,5,10,False
2020-10-09,0.3948702107001581,NORMAL,4,10,False
2020-10-10,0.6708362356134001,WARNING,4,10,True
2020-10-11,0.733759953914225,CRITICAL,4,10,True
2020-10-12,0.6737729183795822,WARNING,4,10,True
2020-10-13,0.7048833458104435,WARNING,4,10,True
2020-10-14,0.3162578864993234,NORMAL,5,10,False
2020-10-15,0.189863893567502,NORMAL,5,10,False
2020-10-16,0.4020936597220662,NORMAL,4,10,False
2020-10-17,0.6330703093914868,NORMAL,4,10,False
2020-10-18,0.4470413878888205,NORMAL,4,10,False
2020-10-19,0.5521604740560853,NORMAL,4,10,False
2020-10-20,0.6050300874551848,NORMAL,4,10,False
2020-10-21,0.8030639776048427,CRITICAL,5,10,True
2020-10-22,0.3936476228766819,NORMAL,5,10,False
2020-10-23,0.4234984688660777,NORMAL,4,10,False
2020-10-24,0.621056875541199,NORMAL,4,10,False
2020-10-25,0.5067514241654788,NORMAL,4,10,False
2020-10-26,0.5198086641893341,NORMAL,4,10,False
2020-10-27,0.5589235811341573,NORMAL,4,10,False
2020-10-28,0.0723313443088478,NORMAL,5,10,False
2020-10-29,0.1379053855444438,NORMAL,5,10,False
2020-10-30,0.146858152034614,NORMAL,4,10,False
2020-10-31,0.8188313200038304,CRITICAL,4,10,True
2020-11-01,0.7739014264849452,CRITICAL,4,11,True
2020-11-02,0.6583005630994374,WARNING,4,11,True
2020-11-03,0.6220548564058141,NORMAL,4,11,False
2020-11-04,0.2057745251955033,NORMAL,5,11,False
2020-11-05,0.278406743543409,NORMAL,5,11,False
2020-11-06,0.6684129528032245,WARNING,4,11,True
2020-11-07,0.5422349757009148,NORMAL,4,11,False
2020-11-08,0.3954235867967362,NORMAL,4,11,False
2020-11-09,0.3092006943337453,NORMAL,4,11,False
2020-11-10,0.3378626028049906,NORMAL,4,11,False
2020-11-11,0.3677196442109746,NORMAL,5,11,False
2020-11-12,0.5676393348138749,NORMAL,5,11,False
2020-11-13,0.1196078253831238,NORMAL,4,11,False
2020-11-14,0.3334076923949608,NORMAL,4,11,False
2020-11-15,0.4674592877320434,NORMAL,4,11,False
2020-11-16,0.2931396380377812,NORMAL,4,11,False
2020-11-17,0.5073155542583129,NORMAL,4,11,False
2020-11-18,0.0983230757344065,NORMAL,5,11,False
2020-11-19,0.5666274508981148,NORMAL,5,11,False
2020-11-20,0.3914901509352725,NORMAL,4,11,False
2020-11-21,0.3376616627451637,NORMAL,4,11,False
2020-11-22,0.3961753775072903,NORMAL,4,11,False
2020-11-23,0.5234971034480966,NORMAL,4,11,False
2020-11-24,0.4447557753002082,NORMAL,4,11,False
2020-11-25,0.2059271924995166,NORMAL,5,11,False
2020-11-26,0.0973721969016185,NORMAL,5,11,False
2020-11-27,0.1886802751292577,NORMAL,4,11,False
2020-11-28,0.3103046727947032,NORMAL,4,11,False
2020-11-29,0.3935093673820203,NORMAL,4,11,False
2020-11-30,0.3599808229485612,NORMAL,4,11,False
2020-12-01,0.3071911700360129,NORMAL,4,12,False
2020-12-02,0.5174721938015964,NORMAL,5,12,False
2020-12-03,0.6198598912975036,WARNING,5,12,True
2020-12-04,0.649037818457399,WARNING,4,12,True
2020-12-05,0.6067772779074369,WARNING,4,12,True
2020-12-06,0.66715731360789,WARNING,4,12,True
2020-12-07,0.6192431297194166,WARNING,4,12,True
2020-12-08,0.600959892831121,NORMAL,4,12,False
2020-12-09,0.6261621648107183,WARNING,5,12,True
2020-12-10,0.5627163984349243,NORMAL,5,12,False
2020-12-11,0.4001286968027783,NORMAL,4,12,False
2020-12-12,0.4297529287453787,NORMAL,4,12,False
2020-12-13,0.4099376767738519,NORMAL,4,12,False
2020-12-14,0.3647436243862981,NORMAL,4,12,False
2020-12-15,0.3218927091271679,NORMAL,4,12,False
2020-12-16,0.190442083487495,NORMAL,5,12,False
2020-12-17,0.4796502791050901,NORMAL,5,12,False
2020-12-18,0.3927197936595976,NORMAL,4,12,False
2020-12-19,0.2927869249332358,NORMAL,4,12,False
2020-12-20,0.4064407930852689,NORMAL,4,12,False
2020-12-21,0.5640918918235075,NORMAL,4,12,False
2020-12-22,0.6186420355286797,WARNING,4,12,True
2020-12-23,0.4456483361549329,NORMAL,5,12,False
2020-12-24,0.1899441887524053,NORMAL,5,12,False
2020-12-25,0.2275759094384227,NORMAL,4,12,False
2020-12-26,0.0852679929733859,NORMAL,4,12,False
2020-12-27,0.1171291275117875,NORMAL,4,12,False
2020-12-28,0.1854225567361322,NORMAL,4,12,False
2020-12-29,0.1276587043838908,NORMAL,4,12,False
2020-12-30,0.7343386927607679,CRITICAL,5,12,True
2020-12-31,0.6166469185444026,NORMAL,5,12,False
2021-01-01,0.2602336303287179,NORMAL,4,1,False
2021-01-02,0.2233210221708736,NORMAL,4,1,False
2021-01-03,0.2460549871276935,NORMAL,4,1,False
2021-01-04,0.2430122927770619,NORMAL,4,1,False
2021-01-05,0.2481004579368233,NORMAL,4,1,False
2021-01-06,0.5388069765046751,NORMAL,5,1,False
2021-01-07,0.4336533022326894,NORMAL,5,1,False
2021-01-08,0.517654878629096,NORMAL,4,1,False
2021-01-09,0.5270591238318268,NORMAL,4,1,False
2021-01-10,0.3844354730009297,NORMAL,4,1,False
2021-01-11,0.466845164837866,NORMAL,4,1,False
2021-01-12,0.6921141256464641,CRITICAL,4,1,True
2021-01-13,0.1124256356848759,NORMAL,5,1,False
2021-01-14,0.575978643507402,WARNING,5,1,True
2021-01-15,0.4653397797645231,NORMAL,4,1,False
2021-01-16,0.404056549026012,NORMAL,4,1,False
2021-01-17,0.1457221319129032,NORMAL,4,1,False
2021-01-18,0.2369377653510729,NORMAL,4,1,False
2021-01-19,0.3175251407630277,NORMAL,4,1,False
2021-01-20,0.8658834470534033,CRITICAL,5,1,True
2021-01-21,0.3622659383914783,NORMAL,5,1,False
2021-01-22,0.2403859544658877,NORMAL,4,1,False
2021-01-23,0.3282806602600747,NORMAL,4,1,False
2021-01-24,0.2547838250147609,NORMAL,4,1,False
2021-01-25,0.265509607599689,NORMAL,4,1,False
2021-01-26,0.4714031421354596,NORMAL,4,1,False
2021-01-27,0.18355702617465,NORMAL,5,1,False
2021-01-28,0.0292946315343103,NORMAL,5,1,False
2021-01-29,0.1288269422453916,NORMAL,4,1,False
2021-01-30,0.1778520662375369,NORMAL,4,1,False
2021-01-31,0.1128716723920518,NORMAL,4,1,False
2021-02-01,0.2986829153334512,NORMAL,4,2,False
2021-02-02,0.2365231624157483,NORMAL,4,2,False
2021-02-03,0.1242774374669347,NORMAL,5,2,False
2021-02-04,0.1110263183396517,NORMAL,5,2,False
2021-02-05,0.4853317673703363,NORMAL,4,2,False
2021-02-06,0.1971200970410953,NORMAL,4,2,False
2021-02-07,0.0659968158372662,NORMAL,4,2,False
2021-02-08,0.0595567071651242,NORMAL,4,2,False
2021-02-09,0.2351794706409931,NORMAL,4,2,False
2021-02-10,0.0195509643015669,NORMAL,5,2,False
2021-02-11,0.2042561683322305,NORMAL,5,2,False
2021-02-12,0.1558808016564104,NORMAL,4,2,False
2021-02-13,0.0842354184054348,NORMAL,4,2,False
2021-02-14,0.0462929043511328,NORMAL,4,2,False
2021-02-15,0.2599082795294742,NORMAL,4,2,False
2021-02-16,0.3179039772802589,NORMAL,4,2,False
2021-02-17,0.0233227529089242,NORMAL,5,2,False
2021-02-18,0.0343866403842635,NORMAL,5,2,False
2021-02-19,0.6959508902525222,CRITICAL,4,2,True
2021-02-20,0.4223786684055403,NORMAL,4,2,False
2021-02-21,0.2406029159440986,NORMAL,4,2,False
2021-02-22,0.1072804053532258,NORMAL,4,2,False
2021-02-23,0.1306791771533972,NORMAL,4,2,False
2021-02-24,0.1981443941870827,NORMAL,5,2,False
2021-02-25,0.1564992033389585,NORMAL,5,2,False
2021-02-26,0.0584499345226881,NORMAL,4,2,False
2021-02-27,0.4323208758209036,NORMAL,4,2,False
2021-02-28,0.2424758325593543,NORMAL,4,2,False
2021-03-01,0.1078190668877993,NORMAL,4,3,False
2021-03-02,0.2382937567570147,NORMAL,4,3,False
2021-03-03,0.899624259757043,CRITICAL,5,3,True
2021-03-04,0.8122890953114423,CRITICAL,5,3,True
2021-03-05,0.0290858520552079,NORMAL,4,3,False
2021-03-06,0.176823344951699,NORMAL,4,3,False
2021-03-07,0.2331452901753934,NORMAL,4,3,False
2021-03-08,0.3295850238657663,NORMAL,4,3,False
2021-03-09,0.3962260505401171,NORMAL,4,3,False
2021-03-10,0.3789623261411699,NORMAL,5,3,False
2021-03-11,0.2767506762714474,NORMAL,5,3,False
2021-03-12,0.3015789462803582,NORMAL,4,3,False
2021-03-13,0.0524490909844926,NORMAL,4,3,False
2021-03-14,0.2392182842358224,NORMAL,4,3,False
2021-03-15,0.5555938449785762,NORMAL,4,3,False
2021-03-16,0.2197369746646922,NORMAL,4,3,False
2021-03-17,0.583089282958807,WARNING,5,3,True
2021-03-18,0.3957881416444412,NORMAL,5,3,False
2021-03-19,0.2998337100562186,NORMAL,4,3,False
2021-03-20,0.0678705609222112,NORMAL,4,3,False
2021-03-21,0.2968385559930682,NORMAL,4,3,False
2021-03-22,0.2420851944321666,NORMAL,4,3,False
2021-03-23,0.3045633433223902,NORMAL,4,3,False
2021-03-24,0.6994913501582074,CRITICAL,5,3,True
2021-03-25,0.4692627811550403,NORMAL,5,3,False
2021-03-26,0.3533278236478548,NORMAL,4,3,False
2021-03-27,0.081793986869515,NORMAL,4,3,False
2021-03-28,0.3080362329892268,NORMAL,4,3,False
2021-03-29,0.3285047684066864,NORMAL,4,3,False
2021-03-30,0.0942201421850928,NORMAL,4,3,False
2021-03-31,0.678949855926291,CRITICAL,5,3,True
2021-04-01,0.623300336924816,CRITICAL,5,4,True
2021-04-02,0.178127550273017,NORMAL,4,4,False
2021-04-03,0.412485625865653,NORMAL,4,4,False
2021-04-04,0.2766067953966542,NORMAL,4,4,False
2021-04-05,0.0717198108460118,NORMAL,4,4,False
2021-04-06,0.1660058004453286,NORMAL,4,4,False
2021-04-07,0.3286229921520351,NORMAL,5,4,False
2021-04-08,0.1845306394793819,NORMAL,5,4,False
2021-04-09,0.3036688872180056,NORMAL,4,4,False
2021-04-10,0.130333738024454,NORMAL,4,4,False
2021-04-14,0.2553802043111576,NORMAL,5,4,False
2021-04-15,0.2514054338133619,NORMAL,5,4,False
2021-04-16,0.3215415633234834,NORMAL,4,4,False
2021-04-17,0.0305181425411672,NORMAL,4,4,False
2021-04-18,0.0351563700826672,NORMAL,4,4,False
2021-04-19,0.0941464968262071,NORMAL,4,4,False
2021-04-20,0.2319811678141174,NORMAL,4,4,False
2021-04-21,0.2670885269180563,NORMAL,5,4,False
2021-04-22,0.083698715410069,NORMAL,5,4,False
2021-04-23,0.2106205424008364,NORMAL,4,4,False
2021-04-24,0.2814951716006462,NORMAL,4,4,False
2021-04-25,0.1801004781789822,NORMAL,4,4,False
2021-04-26,0.1278205024760121,NORMAL,4,4,False
2021-04-27,0.2789051406230919,NORMAL,4,4,False
2021-04-28,0.0671874103464074,NORMAL,5,4,False
2021-04-29,0.0334762687760975,NORMAL,5,4,False
2021-04-30,0.0926918624186615,NORMAL,4,4,False
2021-05-01,0.2626697481387636,NORMAL,4,5,False
2021-05-02,0.304009257353234,NORMAL,4,5,False
2021-05-03,0.1677063793819536,NORMAL,4,5,False
2021-05-04,0.0678291357639987,NORMAL,4,5,False
2021-05-05,0.288397096912281,NORMAL,5,5,False
2021-05-06,0.0278946034350916,NORMAL,5,5,False
2021-05-07,0.2107776761962281,NORMAL,4,5,False
2021-05-08,0.2843310829260707,NORMAL,4,5,False
2021-05-09,0.0282664153485561,NORMAL,4,5,False
2021-05-10,0.2173048307136513,NORMAL,4,5,False
2021-05-11,0.1980042768212454,NORMAL,4,5,False
2021-05-12,0.6814546061767314,NORMAL,5,5,False
2021-05-13,0.0895156540509057,NORMAL,5,5,False
2021-05-14,0.0927232449283264,NORMAL,4,5,False
2021-05-15,0.1547669135549965,NORMAL,4,5,False
2021-05-16,0.1017205813436792,NORMAL,4,5,False
2021-05-17,0.1182150863516461,NORMAL,4,5,False
2021-05-18,0.1233136504906706,NORMAL,4,5,False
2021-05-19,0.3412311101597631,NORMAL,5,5,False
2021-05-20,0.2799952359275323,NORMAL,5,5,False
2021-05-21,0.3161199383637923,NORMAL,4,5,False
2021-05-22,0.2821310157426869,NORMAL,4,5,False
2021-05-23,0.2569913646603852,NORMAL,4,5,False
2021-05-24,0.1629414107425796,NORMAL,4,5,False
2021-05-25,0.1688246180411584,NORMAL,4,5,False
2021-05-26,0.2090475043806128,NORMAL,5,5,False
2021-05-27,0.2519122591812622,NORMAL,5,5,False
2021-05-28,0.3230365488990732,NORMAL,4,5,False
2021-05-29,0.3962357986734626,NORMAL,4,5,False
2021-05-30,0.4991771344361606,NORMAL,4,5,False
2021-05-31,0.5516941098741623,NORMAL,4,5,False
2021-06-01,0.4572598936123492,NORMAL,4,6,False
2021-06-02,0.1197045058225571,NORMAL,5,6,False
2021-06-03,0.3421746150653273,NORMAL,5,6,False
2021-06-04,0.4962373384388954,NORMAL,4,6,False
2021-06-05,0.2968980991963428,NORMAL,4,6,False
2021-06-06,0.1882234791364606,NORMAL,4,6,False
2021-06-07,0.4524713859622243,NORMAL,4,6,False
2021-06-08,0.4993615213307292,NORMAL,4,6,False
2021-06-09,0.1892063246331884,NORMAL,5,6,False
2021-06-10,0.3184193578572408,NORMAL,5,6,False
2021-06-11,0.4801068776792095,NORMAL,4,6,False
2021-06-12,0.2906679447682405,NORMAL,4,6,False
2021-06-13,0.2638652877917719,NORMAL,4,6,False
2021-06-14,0.2514578676370201,NORMAL,4,6,False
2021-06-15,0.2389980861433772,NORMAL,4,6,False
2021-06-16,0.2084410484531361,NORMAL,5,6,False
2021-06-17,0.1403813121539938,NORMAL,5,6,False
2021-06-18,0.3005540291937094,NORMAL,4,6,False
2021-06-19,0.1709011033013602,NORMAL,4,6,False
2021-06-20,0.0984203472390543,NORMAL,4,6,False
2021-06-21,0.2489920279537357,NORMAL,4,6,False
2021-06-22,0.1487405111240704,NORMAL,4,6,False
2021-06-23,0.0081723304641597,NORMAL,5,6,False
2021-06-24,0.4293646503344271,NORMAL,5,6,False
2021-06-25,0.5774301135385349,NORMAL,4,6,False
2021-06-26,0.40344043680148,NORMAL,4,6,False
2021-06-27,0.2782807223827159,NORMAL,4,6,False
2021-06-28,0.2529872660881662,NORMAL,4,6,False
2021-06-29,0.2401470558633965,NORMAL,4,6,False
2021-06-30,0.0975045186144926,NORMAL,5,6,False
2021-07-01,0.0589814764666593,NORMAL,5,7,False
2021-07-02,0.1021910094593224,NORMAL,4,7,False
2021-07-03,0.1923769339143944,NORMAL,4,7,False
2021-07-04,0.1498237439530877,NORMAL,4,7,False
2021-07-05,0.1364285295538718,NORMAL,4,7,False
2021-07-06,0.1438095081928797,NORMAL,4,7,False
2021-07-07,0.1335857861420301,NORMAL,5,7,False
2021-07-08,0.0983080107425053,NORMAL,5,7,False
2021-07-09,0.1235318842472114,NORMAL,4,7,False
2021-07-10,0.1879119120279485,NORMAL,4,7,False
2021-07-11,0.2451328923321328,NORMAL,4,7,False
2021-07-12,0.2510055132842521,NORMAL,4,7,False
2021-07-13,0.2427429717178657,NORMAL,4,7,False
2021-07-14,0.1160747042084543,NORMAL,5,7,False
2021-07-15,0.2919624005964643,NORMAL,5,7,False
2021-07-16,0.327413321686594,NORMAL,4,7,False
2021-07-17,0.1994755745412277,NORMAL,4,7,False
2021-07-18,0.1625884324568731,NORMAL,4,7,False
2021-07-19,0.2040979882400494,NORMAL,4,7,False
2021-07-20,0.2548470181005521,NORMAL,4,7,False
2021-07-21,0.1422911834690134,NORMAL,5,7,False
2021-07-22,0.0544575916658848,NORMAL,5,7,False
2021-07-23,0.0746402087300424,NORMAL,4,7,False
2021-07-24,0.0741582930076673,NORMAL,4,7,False
2021-07-25,0.13790238194245,NORMAL,4,7,False
2021-07-26,0.3029812780729189,NORMAL,4,7,False
2021-07-27,0.2155280606164858,NORMAL,4,7,False
2021-07-28,0.2035367943773582,NORMAL,5,7,False
2021-07-29,0.1272460531008382,NORMAL,5,7,False
2021-07-30,0.0636898045611274,NORMAL,4,7,False
2021-07-31,0.1399501374768005,NORMAL,4,7,False
2021-08-01,0.0484700042668115,NORMAL,4,8,False
2021-08-02,0.1151697334134856,NORMAL,4,8,False
2021-08-03,0.092032842022246,NORMAL,4,8,False
2021-08-04,0.079052126991043,NORMAL,5,8,False
2021-08-05,0.2468687729419597,NORMAL,5,8,False
2021-08-06,0.1765973615952778,NORMAL,4,8,False
2021-08-07,0.020059394177205,NORMAL,4,8,False
2021-08-08,0.0494506303897697,NORMAL,4,8,False
2021-08-09,0.0392330432655764,NORMAL,4,8,False
2021-08-10,0.0350365559535152,NORMAL,4,8,False
2021-08-11,0.143737123305212,NORMAL,5,8,False
2021-08-12,0.0654714006678055,NORMAL,5,8,False
2021-08-13,0.0182328432028183,NORMAL,4,8,False
2021-08-14,0.0269706582018853,NORMAL,4,8,False
2021-08-15,0.0369031184366625,NORMAL,4,8,False
2021-08-16,0.0405538004809155,NORMAL,4,8,False
2021-08-17,0.0213200732136812,NORMAL,4,8,False
2021-08-18,0.1609544102225883,NORMAL,5,8,False
2021-08-19,0.2388857825995334,NORMAL,5,8,False
2021-08-20,0.2817537251918652,NORMAL,4,8,False
2021-08-21,0.4286010240461008,NORMAL,4,8,False
2021-08-22,0.6750257880238046,CRITICAL,4,8,True
2021-08-23,0.6154369177698049,WARNING,4,8,True
2021-08-24,0.6270048750540497,WARNING,4,8,True
2021-08-25,0.0665870822668374,NORMAL,5,8,False
2021-08-26,0.0473082754744308,NORMAL,5,8,False
2021-08-27,0.2569087305430589,NORMAL,4,8,False
2021-08-28,0.2770418936436644,NORMAL,4,8,False
2021-08-29,0.185188236859778,NORMAL,4,8,False
2021-08-30,0.1328090136542825,NORMAL,4,8,False
2021-08-31,0.1542900768386123,NORMAL,4,8,False
2021-09-01,0.3638683051964245,NORMAL,5,9,False
2021-09-02,0.4090245541073106,NORMAL,5,9,False
2021-09-03,0.3153186136168016,NORMAL,4,9,False
2021-09-04,0.1412818344787201,NORMAL,4,9,False
2021-09-05,0.0750520769341168,NORMAL,4,9,False
2021-09-06,0.1738366712880298,NORMAL,4,9,False
2021-09-07,0.3900982631591775,NORMAL,4,9,False
2021-09-08,0.3741145727876306,NORMAL,5,9,False
2021-09-09,0.3177656681251655,NORMAL,5,9,False
2021-09-10,0.3289428281261932,NORMAL,4,9,False
2021-09-11,0.3878646926898424,NORMAL,4,9,False
2021-09-12,0.2252837727856981,NORMAL,4,9,False
2021-09-13,0.1854523610807882,NORMAL,4,9,False
2021-09-14,0.1247649540816888,NORMAL,4,9,False
2021-09-15,0.2568689077272672,NORMAL,5,9,False
2021-09-16,0.5899308494138665,WARNING,5,9,True
2021-09-17,0.5090559977464504,NORMAL,4,9,False
2021-09-18,0.3594520784408511,NORMAL,4,9,False
2021-09-19,0.3282517546481418,NORMAL,4,9,False
2021-09-20,0.4140263714188374,NORMAL,4,9,False
2021-09-21,0.7334948122142109,CRITICAL,4,9,True
2021-09-22,0.0774163942526013,NORMAL,5,9,False
2021-09-23,0.6201959438661598,WARNING,5,9,True
2021-09-24,0.6477816570388516,WARNING,4,9,True
2021-09-25,0.4827126092586089,NORMAL,4,9,False
2021-09-26,0.3284153658668109,NORMAL,4,9,False
2021-09-27,0.178467226775215,NORMAL,4,9,False
2021-09-28,0.2802927764187268,NORMAL,4,9,False
2021-09-29,0.0865262973877256,NORMAL,5,9,False
2021-09-30,0.0403327855703966,NORMAL,5,9,False
2021-10-01,0.0836431956207804,NORMAL,4,10,False
2021-10-02,0.0764265118324606,NORMAL,4,10,False
2021-10-03,0.2598758628534883,NORMAL,4,10,False
2021-10-04,0.1882944114493533,NORMAL,4,10,False
2021-10-05,0.1875399224106269,NORMAL,4,10,False
2021-10-06,0.257474347019124,NORMAL,5,10,False
2021-10-07,0.5416803978701605,NORMAL,5,10,False
2021-10-08,0.3528089134910681,NORMAL,4,10,False
2021-10-09,0.577967325366156,NORMAL,4,10,False
2021-10-10,0.7617699205717485,CRITICAL,4,10,True
2021-10-11,0.3337014003979129,NORMAL,4,10,False
2021-10-12,0.2268356217866889,NORMAL,4,10,False
2021-10-13,0.6915184993774164,WARNING,5,10,True
2021-10-14,0.6552404550991457,NORMAL,5,10,False
2021-10-15,0.5358945411544963,NORMAL,4,10,False
2021-10-16,0.4601539477249993,NORMAL,4,10,False
2021-10-17,0.546556845311831,NORMAL,4,10,False
2021-10-18,0.5188500630092168,NORMAL,4,10,False
2021-10-19,0.4379536868819432,NORMAL,4,10,False
2021-10-20,0.3970588910699884,NORMAL,5,10,False
2021-10-21,0.3594117842003849,NORMAL,5,10,False
2021-10-22,0.30233991952834,NORMAL,4,10,False
2021-10-23,0.3318731976923638,NORMAL,4,10,False
2021-10-24,0.4508648675163664,NORMAL,4,10,False
2021-10-25,0.5588809602923077,NORMAL,4,10,False
2021-10-26,0.6236692250987038,NORMAL,4,10,False
2021-10-27,0.0570645483932608,NORMAL,5,10,False
2021-10-28,0.4560819219031704,NORMAL,5,10,False
2021-10-29,0.240558239794365,NORMAL,4,10,False
2021-10-30,0.1731970078267526,NORMAL,4,10,False
2021-10-31,0.2382170322250064,NORMAL,4,10,False
2021-11-01,0.1943998872730516,NORMAL,4,11,False
2021-11-02,0.1846036958674404,NORMAL,4,11,False
2021-11-03,0.7234192960772907,CRITICAL,5,11,True
2021-11-04,0.4069267260386847,NORMAL,5,11,False
2021-11-05,0.3309424595586924,NORMAL,4,11,False
2021-11-06,0.0447235191866872,NORMAL,4,11,False
2021-11-07,0.0550980718925283,NORMAL,4,11,False
2021-11-08,0.6118539270750194,NORMAL,4,11,False
2021-11-09,0.888416315220574,CRITICAL,4,11,True
2021-11-10,0.0391034579745738,NORMAL,5,11,False
2021-11-11,0.0727155467639229,NORMAL,5,11,False
2021-11-12,0.2576724340348502,NORMAL,4,11,False
2021-11-13,0.236563147150852,NORMAL,4,11,False
2021-11-14,0.3473111252503675,NORMAL,4,11,False
2021-11-15,0.4311693734712855,NORMAL,4,11,False
2021-11-16,0.3697793462720023,NORMAL,4,11,False
2021-11-17,0.7286494860302923,CRITICAL,5,11,True
2021-11-18,0.7769671862130625,CRITICAL,5,11,True
2021-11-19,0.1954263947553093,NORMAL,4,11,False
2021-11-20,0.0633591925836591,NORMAL,4,11,False
2021-11-21,0.2129425627080884,NORMAL,4,11,False
2021-11-22,0.5541687147150597,NORMAL,4,11,False
2021-11-23,0.5875870085505525,NORMAL,4,11,False
2021-11-24,0.2056259732498603,NORMAL,5,11,False
2021-11-25,0.4385003238897695,NORMAL,5,11,False
2021-11-26,0.6999005845757372,WARNING,4,11,True
2021-11-27,0.6875148253944949,WARNING,4,11,True
2021-11-28,0.344707273845278,NORMAL,4,11,False
2021-11-29,0.3442684085435156,NORMAL,4,11,False
2021-11-30,0.185033705390237,NORMAL,4,11,False
2021-12-01,0.2868203605959233,NORMAL,5,12,False
2021-12-02,0.917475359961408,CRITICAL,5,12,True
2021-12-03,0.2757641598876654,NORMAL,4,12,False
2021-12-04,0.0296705584954796,NORMAL,4,12,False
2021-12-05,0.2891137661573513,NORMAL,4,12,False
2021-12-06,0.1016382253707463,NORMAL,4,12,False
2021-12-07,0.0649353727009651,NORMAL,4,12,False
2021-12-08,0.1428325405863618,NORMAL,5,12,False
2021-12-09,0.439327928172553,NORMAL,5,12,False
2021-12-10,0.4356245601845301,NORMAL,4,12,False
2021-12-11,0.3663616549585599,NORMAL,4,12,False
2021-12-12,0.448838007226055,NORMAL,4,12,False
2021-12-13,0.528966794618599,NORMAL,4,12,False
2021-12-14,0.6061037008778573,NORMAL,4,12,False
2021-12-15,0.5003885716916199,NORMAL,5,12,False
2021-12-16,0.4163630375137414,NORMAL,5,12,False
2021-12-17,0.1971836023961488,NORMAL,4,12,False
2021-12-18,0.1459789672298277,NORMAL,4,12,False
2021-12-19,0.328962008420413,NORMAL,4,12,False
2021-12-20,0.4736798068191715,NORMAL,4,12,False
2021-12-21,0.1235609967789652,NORMAL,4,12,False
2021-12-22,0.5055530178639495,NORMAL,5,12,False
2021-12-23,0.2943708861510662,NORMAL,5,12,False
2021-12-24,0.3339474416072363,NORMAL,4,12,False
2022-01-01,0.1435843242133191,NORMAL,4,1,False
2022-01-02,0.1098473423582061,NORMAL,4,1,False
2022-01-03,0.1092812556268162,NORMAL,4,1,False
2022-01-04,0.1481864124571242,NORMAL,4,1,False
2022-01-05,0.2487712704683428,NORMAL,5,1,False
2022-01-06,0.0794424766274568,NORMAL,5,1,False
2022-01-07,0.343708386352253,NORMAL,4,1,False
2022-01-08,0.4017071200667966,NORMAL,4,1,False
2022-01-09,0.3017091678962137,NORMAL,4,1,False
2022-01-10,0.3609954758911228,NORMAL,4,1,False
2022-01-11,0.3492841264197058,NORMAL,4,1,False
2022-01-12,0.2289239809402432,NORMAL,5,1,False
2022-01-13,0.2249674761237209,NORMAL,5,1,False
2022-01-14,0.1638552073813103,NORMAL,4,1,False
2022-01-15,0.4434490421878549,NORMAL,4,1,False
2022-01-16,0.2633885897153292,NORMAL,4,1,False
2022-01-17,0.1890833486607009,NORMAL,4,1,False
2022-01-18,0.0795976019074026,NORMAL,4,1,False
2022-01-19,0.0645719875202657,NORMAL,5,1,False
2022-01-20,0.0751285792467444,NORMAL,5,1,False
2022-01-21,0.0770272251500126,NORMAL,4,1,False
2022-01-22,0.2387108471644481,NORMAL,4,1,False
2022-01-23,0.2406056364990527,NORMAL,4,1,False
2022-01-24,0.296339596317895,NORMAL,4,1,False
2022-01-25,0.430270545987065,NORMAL,4,1,False
2022-01-26,0.1627246348522178,NORMAL,5,1,False
2022-01-27,0.2063285849300246,NORMAL,5,1,False
2022-01-28,0.1557662098487445,NORMAL,4,1,False
2022-01-29,0.2762197230723063,NORMAL,4,1,False
2022-01-30,0.2029613871593455,NORMAL,4,1,False
2022-01-31,0.1111591411385812,NORMAL,4,1,False
2022-02-01,0.134535426691627,NORMAL,4,2,False
2022-02-02,0.1220669683001792,NORMAL,5,2,False
2022-02-03,0.0740721968967839,NORMAL,5,2,False
2022-02-04,0.1623990944352054,NORMAL,4,2,False
2022-02-05,0.1935178948018358,NORMAL,4,2,False
2022-02-06,0.1253047193400754,NORMAL,4,2,False
2022-02-07,0.0992149006606943,NORMAL,4,2,False
2022-02-08,0.1043889530875004,NORMAL,4,2,False
2022-02-09,0.2219298959846243,NORMAL,5,2,False
2022-02-10,0.0743175307845269,NORMAL,5,2,False
2022-02-11,0.0970119613139343,NORMAL,4,2,False
2022-02-12,0.0929124949391308,NORMAL,4,2,False
2022-02-13,0.0956537373577913,NORMAL,4,2,False
2022-02-14,0.0722986453483677,NORMAL,4,2,False
2022-02-15,0.1893224582181989,NORMAL,4,2,False
2022-02-16,0.059517867377254,NORMAL,5,2,False
2022-02-17,0.301756837268716,NORMAL,5,2,False
2022-02-18,0.0962051615274924,NORMAL,4,2,False
2022-02-19,0.0973646331895492,NORMAL,4,2,False
2022-02-20,0.1180645028632853,NORMAL,4,2,False
2022-02-21,0.0351952042695893,NORMAL,4,2,False
2022-02-22,0.1032810946084281,NORMAL,4,2,False
2022-02-23,0.1701912987819641,NORMAL,5,2,False
2022-02-24,0.5021006690967547,NORMAL,5,2,False
2022-02-25,0.7176388015998395,CRITICAL,4,2,True
2022-02-26,0.7549954683616044,CRITICAL,4,2,True
2022-02-27,0.5840064439794445,WARNING,4,2,True
2022-02-28,0.3894116227063209,NORMAL,4,2,False
2022-03-01,0.4464414290073813,NORMAL,4,3,False
2022-03-02,0.210481119884204,NORMAL,5,3,False
2022-03-03,0.0956205125518795,NORMAL,5,3,False
2022-03-04,0.5483995089574701,NORMAL,4,3,False
2022-03-05,0.2223195737019731,NORMAL,4,3,False
2022-03-06,0.2713813518751378,NORMAL,4,3,False
2022-03-07,0.1936459519204941,NORMAL,4,3,False
2022-03-08,0.1434580730803465,NORMAL,4,3,False
2022-03-09,0.05705092977441,NORMAL,5,3,False
2022-03-10,0.3277979878518964,NORMAL,5,3,False
2022-03-11,0.0179226704721195,NORMAL,4,3,False
2022-03-12,0.0250087635468972,NORMAL,4,3,False
2022-03-13,0.0256997853599962,NORMAL,4,3,False
2022-03-14,0.0647830554877537,NORMAL,4,3,False
2022-03-15,0.1221784762188238,NORMAL,4,3,False
2022-03-16,0.4904763363306521,NORMAL,5,3,False
2022-03-17,0.7045850086882675,CRITICAL,5,3,True
2022-03-18,0.3201586545647636,NORMAL,4,3,False
2022-03-19,0.1578946573839499,NORMAL,4,3,False
2022-03-20,0.1588282153970024,NORMAL,4,3,False
2022-03-21,0.1510157190767058,NORMAL,4,3,False
2022-03-22,0.116629061760825,NORMAL,4,3,False
2022-03-23,0.5323809060498462,NORMAL,5,3,False
2022-03-24,0.225927339024346,NORMAL,5,3,False
2022-03-25,0.2665608381859045,NORMAL,4,3,False
2022-03-26,0.243644870633098,NORMAL,4,3,False
2022-03-27,0.1964057690921444,NORMAL,4,3,False
2022-03-28,0.0689777842389837,NORMAL,4,3,False
2022-03-29,0.0499573954184541,NORMAL,4,3,False
2022-03-30,0.9223882525434706,CRITICAL,5,3,True
2022-03-31,0.6989025193367304,CRITICAL,5,3,True
2022-04-01,0.5295804081532552,WARNING,4,4,True
2022-04-02,0.2671081016346117,NORMAL,4,4,False
2022-04-03,0.0759186718009282,NORMAL,4,4,False
2022-04-04,0.0202502687174687,NORMAL,4,4,False
2022-04-05,0.0099299030850414,NORMAL,4,4,False
2022-04-06,0.5484696942914493,WARNING,5,4,True
2022-04-07,0.1157718385645244,NORMAL,5,4,False
2022-04-08,0.3356388735671067,NORMAL,4,4,False
2022-04-09,0.0821114033878646,NORMAL,4,4,False
2022-04-10,0.2021101846281573,NORMAL,4,4,False
2022-04-11,0.076379112512554,NORMAL,4,4,False
2022-04-12,0.2341900605401288,NORMAL,4,4,False
2022-04-13,0.2028497986327487,NORMAL,5,4,False
2022-04-14,0.2646502851421202,NORMAL,5,4,False
2022-04-15,0.1145000827836476,NORMAL,4,4,False
2022-04-16,0.2514075766467314,NORMAL,4,4,False
2022-04-17,0.0907455459821748,NORMAL,4,4,False
2022-04-18,0.0821854053814497,NORMAL,4,4,False
2022-04-19,0.3086368614312268,NORMAL,4,4,False
2022-04-20,0.4541973848934946,NORMAL,5,4,False
2022-04-21,0.0300705131573844,NORMAL,5,4,False
2022-04-22,0.1757810221237307,NORMAL,4,4,False
2022-04-23,0.122837344677107,NORMAL,4,4,False
2022-04-24,0.2318703205789931,NORMAL,4,4,False
2022-04-25,0.1311533442994034,NORMAL,4,4,False
2022-04-26,0.0882270376244784,NORMAL,4,4,False
2022-04-27,1.1450054732752752,CRITICAL,5,4,True
2022-04-28,1.004765726242442,CRITICAL,5,4,True
2022-04-29,0.6577444652771616,CRITICAL,4,4,True
2022-04-30,0.2780001463306439,NORMAL,4,4,False
2022-05-01,0.3295141793490223,NORMAL,4,5,False
2022-05-02,0.3177052581575397,NORMAL,4,5,False
2022-05-03,0.1306246811535493,NORMAL,4,5,False
2022-05-04,0.0967255128232768,NORMAL,5,5,False
2022-05-05,0.0891314341321865,NORMAL,5,5,False
2022-05-06,0.3596456006796041,NORMAL,4,5,False
2022-05-07,0.5022945684507001,NORMAL,4,5,False
2022-05-08,0.4828590358330077,NORMAL,4,5,False
2022-05-09,0.337580702002115,NORMAL,4,5,False
2022-05-10,0.2221957140876421,NORMAL,4,5,False
2022-05-11,0.1907017033860757,NORMAL,5,5,False
2022-05-12,0.2404192755280549,NORMAL,5,5,False
2022-05-13,0.157610711038644,NORMAL,4,5,False
2022-05-14,0.1321281897116272,NORMAL,4,5,False
2022-05-15,0.0577050298086545,NORMAL,4,5,False
2022-05-16,0.1133126920355564,NORMAL,4,5,False
2022-05-17,0.1705413736577158,NORMAL,4,5,False
2022-05-18,0.651767514992102,NORMAL,5,5,False
2022-05-19,0.3457515605197556,NORMAL,5,5,False
2022-05-20,0.235478086656235,NORMAL,4,5,False
2022-05-21,0.246977575580393,NORMAL,4,5,False
2022-05-22,0.409593552069892,NORMAL,4,5,False
2022-05-23,0.3394388901492524,NORMAL,4,5,False
2022-05-24,0.4934631546247235,NORMAL,4,5,False
2022-05-25,0.0904217765100934,NORMAL,5,5,False
2022-05-26,0.2285695660438934,NORMAL,5,5,False
2022-05-27,0.210372620667942,NORMAL,4,5,False
2022-05-28,0.1583429806589207,NORMAL,4,5,False
2022-05-29,0.0756916545330343,NORMAL,4,5,False
2022-05-30,0.2291407888998016,NORMAL,4,5,False
2022-05-31,0.2819750013520895,NORMAL,4,5,False
2022-06-01,0.075391389535756,NORMAL,5,6,False
2022-06-02,0.4220325584078674,NORMAL,5,6,False
2022-06-03,0.6751434101126893,NORMAL,4,6,False
2022-06-04,0.6621902778220847,NORMAL,4,6,False
2022-06-05,0.6052166871968552,NORMAL,4,6,False
2022-06-06,0.6351819200353616,NORMAL,4,6,False
2022-06-07,0.6403867593496534,NORMAL,4,6,False
2022-06-08,0.2147405269596105,NORMAL,5,6,False
2022-06-09,0.3080750059829765,NORMAL,5,6,False
2022-06-10,0.4876831581330651,NORMAL,4,6,False
2022-06-11,0.5400546041011826,NORMAL,4,6,False
2022-06-12,0.4329761515443861,NORMAL,4,6,False
2022-06-13,0.4744037464785229,NORMAL,4,6,False
2022-06-14,0.5910002408427417,NORMAL,4,6,False
2022-06-15,0.2389553140663073,NORMAL,5,6,False
2022-06-16,0.2646502999053613,NORMAL,5,6,False
2022-06-17,0.1631879519107342,NORMAL,4,6,False
2022-06-18,0.1465788280987263,NORMAL,4,6,False
2022-06-19,0.2428412373900625,NORMAL,4,6,False
2022-06-20,0.2198098252476457,NORMAL,4,6,False
2022-06-21,0.1551755693654653,NORMAL,4,6,False
2022-06-22,0.4472340524252217,NORMAL,5,6,False
2022-06-23,0.2970864151654403,NORMAL,5,6,False
2022-06-24,0.0424699023455583,NORMAL,4,6,False
2022-06-25,0.2650470173848521,NORMAL,4,6,False
2022-06-26,0.5957630109751095,NORMAL,4,6,False
2022-06-27,0.6282026662580305,NORMAL,4,6,False
2022-06-28,0.4860247102435364,NORMAL,4,6,False
2022-06-29,0.5566392277789827,NORMAL,5,6,False
2022-06-30,0.6939587517648811,NORMAL,5,6,False
2022-07-01,0.7163430570894185,WARNING,4,7,True
2022-07-02,0.6116462853809115,NORMAL,4,7,False
2022-07-03,0.533226765334995,NORMAL,4,7,False
2022-07-04,0.5481892295191267,NORMAL,4,7,False
2022-07-05,0.5896386272177891,NORMAL,4,7,False
2022-07-06,0.1163821395644462,NORMAL,5,7,False
2022-07-07,0.0379119546319647,NORMAL,5,7,False
2022-07-08,0.1360175265635287,NORMAL,4,7,False
2022-07-09,0.0993750202111844,NORMAL,4,7,False
2022-07-10,0.3426997001728404,NORMAL,4,7,False
2022-07-11,0.4588188655658018,NORMAL,4,7,False
2022-07-12,0.5081364410298864,NORMAL,4,7,False
2022-07-13,0.211601693298466,NORMAL,5,7,False
2022-07-14,0.2374343478380431,NORMAL,5,7,False
2022-07-15,0.0526441940698961,NORMAL,4,7,False
2022-07-16,0.1867278070735763,NORMAL,4,7,False
2022-07-17,0.1961563466601815,NORMAL,4,7,False
2022-07-18,0.2059816101169251,NORMAL,4,7,False
2022-07-19,0.3039328380835072,NORMAL,4,7,False
2022-07-20,0.3334252592058148,NORMAL,5,7,False
2022-07-21,0.3404066821264414,NORMAL,5,7,False
2022-07-22,0.4445241028950215,NORMAL,4,7,False
2022-07-23,0.431242053927721,NORMAL,4,7,False
2022-07-24,0.3996033865414732,NORMAL,4,7,False
2022-07-25,0.4894274019837625,NORMAL,4,7,False
2022-07-26,0.5502379140577414,NORMAL,4,7,False
2022-07-27,0.2745641309266767,NORMAL,5,7,False
2022-07-28,0.2896557107096907,NORMAL,5,7,False
2022-07-29,0.2035804656679489,NORMAL,4,7,False
2022-07-30,0.255277984406386,NORMAL,4,7,False
2022-07-31,0.2306276112304313,NORMAL,4,7,False
2022-08-01,0.2565193040676302,NORMAL,4,8,False
2022-08-02,0.3246956135989255,NORMAL,4,8,False
2022-08-03,0.1964216731717102,NORMAL,5,8,False
2022-08-04,0.1483563062982739,NORMAL,5,8,False
2022-08-05,0.5069954464589536,NORMAL,4,8,False
2022-08-06,0.1698703653965272,NORMAL,4,8,False
2022-08-07,0.1184231068771053,NORMAL,4,8,False
2022-08-08,0.0824011661174724,NORMAL,4,8,False
2022-08-09,0.0959269467445736,NORMAL,4,8,False
2022-08-10,0.073653056071026,NORMAL,5,8,False
2022-08-11,0.2211126786909319,NORMAL,5,8,False
2022-08-12,0.3929466905420692,NORMAL,4,8,False
2022-08-13,0.3876429561362931,NORMAL,4,8,False
2022-08-14,0.390210327117945,NORMAL,4,8,False
2022-08-15,0.2793493995572904,NORMAL,4,8,False
2022-08-16,0.3763800606399792,NORMAL,4,8,False
2022-08-17,0.1918395334790575,NORMAL,5,8,False
2022-08-18,0.073874777338526,NORMAL,5,8,False
2022-08-19,0.3843456934239264,NORMAL,4,8,False
2022-08-20,0.1873272311562769,NORMAL,4,8,False
2022-08-21,0.1206729432914621,NORMAL,4,8,False
2022-08-22,0.22504720215548,NORMAL,4,8,False
2022-08-23,0.0831796061664465,NORMAL,4,8,False
2022-08-24,0.1807140495216677,NORMAL,5,8,False
2022-08-25,0.1396275863209892,NORMAL,5,8,False
2022-08-26,0.0750973814732719,NORMAL,4,8,False
2022-08-27,0.1724139306891761,NORMAL,4,8,False
2022-08-28,0.293182939404376,NORMAL,4,8,False
2022-08-29,0.3137415113123024,NORMAL,4,8,False
2022-08-30,0.2482459810562335,NORMAL,4,8,False
2022-08-31,0.3297243499197582,NORMAL,5,8,False
2022-09-01,0.1075225058066464,NORMAL,5,9,False
2022-09-02,0.1727708843575814,NORMAL,4,9,False
2022-09-03,0.1340731000804081,NORMAL,4,9,False
2022-09-04,0.0776333886623736,NORMAL,4,9,False
2022-09-05,0.1601186433696298,NORMAL,4,9,False
2022-09-06,0.1713143781889944,NORMAL,4,9,False
2022-09-07,0.229343544584915,NORMAL,5,9,False
2022-09-08,0.4088689554991784,NORMAL,5,9,False
2022-09-09,0.6071722179036901,WARNING,4,9,True
2022-09-10,0.4516355062852538,NORMAL,4,9,False
2022-09-11,0.2665844639822526,NORMAL,4,9,False
2022-09-12,0.2001381865872211,NORMAL,4,9,False
2022-09-13,0.4203225014550573,NORMAL,4,9,False
2022-09-14,0.1282106469312737,NORMAL,5,9,False
2022-09-15,0.3551418200779205,NORMAL,5,9,False
2022-09-16,0.4450406612525623,NORMAL,4,9,False
2022-09-17,0.5346400891279887,NORMAL,4,9,False
2022-09-18,0.4261661860103401,NORMAL,4,9,False
2022-09-19,0.2259745870228477,NORMAL,4,9,False
2022-09-20,0.2152340363870566,NORMAL,4,9,False
2022-09-21,0.3649890347387511,NORMAL,5,9,False
2022-09-22,0.2131311875395742,NORMAL,5,9,False
2022-09-23,0.2176148580565435,NORMAL,4,9,False
2022-09-24,0.1050876837159125,NORMAL,4,9,False
2022-09-25,0.1227798950287998,NORMAL,4,9,False
2022-09-26,0.1171679231810426,NORMAL,4,9,False
2022-09-27,0.0458089912369411,NORMAL,4,9,False
2022-09-28,0.2363107895113848,NORMAL,5,9,False
2022-09-29,0.1501681604926034,NORMAL,5,9,False
2022-09-30,0.1553112906202756,NORMAL,4,9,False
2022-10-01,0.2512624254576703,NORMAL,4,10,False
2022-10-02,0.1080305305849715,NORMAL,4,10,False
2022-10-03,0.1507857675604254,NORMAL,4,10,False
2022-10-04,0.2265385577440793,NORMAL,4,10,False
2022-10-05,0.0826203743305503,NORMAL,5,10,False
2022-10-06,0.0951730094420564,NORMAL,5,10,False
2022-10-07,0.1279542921042512,NORMAL,4,10,False
2022-10-08,0.1118389982779801,NORMAL,4,10,False
2022-10-09,0.2131505145735678,NORMAL,4,10,False
2022-10-10,0.3052937505004217,NORMAL,4,10,False
2022-10-11,0.2159765990594028,NORMAL,4,10,False
2022-10-12,0.3348677083009004,NORMAL,5,10,False
2022-10-13,0.1036324741504721,NORMAL,5,10,False
2022-10-14,0.0389945884112138,NORMAL,4,10,False
2022-10-15,0.028184779770986,NORMAL,4,10,False
2022-10-16,0.0287381551037115,NORMAL,4,10,False
2022-10-17,0.0365336119252977,NORMAL,4,10,False
2022-10-18,0.0518415810011685,NORMAL,4,10,False
2022-10-19,0.2728032068295309,NORMAL,5,10,False
2022-10-20,0.1527963620052432,NORMAL,5,10,False
2022-10-21,0.2850336160718322,NORMAL,4,10,False
2022-10-22,0.028198366319656,NORMAL,4,10,False
2022-10-23,0.066297781950422,NORMAL,4,10,False
2022-10-24,0.0387643340805498,NORMAL,4,10,False
2022-10-25,0.1007571963454913,NORMAL,4,10,False
2022-10-26,0.1546692108440316,NORMAL,5,10,False
2022-10-27,0.4480926480721105,NORMAL,5,10,False
2022-10-28,0.353313002034446,NORMAL,4,10,False
2022-10-29,0.214477875505523,NORMAL,4,10,False
2022-10-30,0.0220099783617842,NORMAL,4,10,False
2022-10-31,0.2982612333973928,NORMAL,4,10,False
2022-11-01,0.2458613073107006,NORMAL,4,11,False
2022-11-02,0.1844952684049896,NORMAL,5,11,False
2022-11-03,0.1135882595200389,NORMAL,5,11,False
2022-11-04,0.0696626795213687,NORMAL,4,11,False
2022-11-05,0.0409703826921607,NORMAL,4,11,False
2022-11-06,0.0457905281511125,NORMAL,4,11,False
2022-11-07,0.0709444804298417,NORMAL,4,11,False
2022-11-08,0.1067274216320584,NORMAL,4,11,False
2022-11-09,0.1105541278040091,NORMAL,5,11,False
2022-11-10,0.4002630542098135,NORMAL,5,11,False
2022-11-11,0.0285382367128399,NORMAL,4,11,False
2022-11-12,0.0667828728933188,NORMAL,4,11,False
2022-11-13,0.0811320205204382,NORMAL,4,11,False
2022-11-14,0.2021773981643148,NORMAL,4,11,False
2022-11-15,0.2421016803911458,NORMAL,4,11,False
2022-11-16,0.0072485638653042,NORMAL,5,11,False
2022-11-17,0.0952464356446278,NORMAL,5,11,False
2022-11-18,0.312065410357511,NORMAL,4,11,False
2022-11-19,0.1008470114742599,NORMAL,4,11,False
2022-11-20,0.0817476235005077,NORMAL,4,11,False
2022-11-21,0.0921817352867889,NORMAL,4,11,False
2022-11-22,0.102730657913372,NORMAL,4,11,False
2022-11-23,0.3476546987651267,NORMAL,5,11,False
2022-11-24,0.4575243619109581,NORMAL,5,11,False
2022-11-25,0.8946295918765553,CRITICAL,4,11,True
2022-11-26,0.4975157074435808,NORMAL,4,11,False
2022-11-27,0.2592942089389389,NORMAL,4,11,False
2022-11-28,0.2591974653484958,NORMAL,4,11,False
2022-11-29,0.3766994881611189,NORMAL,4,11,False
2022-11-30,0.4337297156082844,NORMAL,5,11,False
2022-12-01,0.2751746349951873,NORMAL,5,12,False
2022-12-02,0.0409527776913154,NORMAL,4,12,False
2022-12-03,0.0702640703139248,NORMAL,4,12,False
2022-12-04,0.2039374077483596,NORMAL,4,12,False
2022-12-05,0.0656450942406413,NORMAL,4,12,False
2022-12-06,0.3317557451906294,NORMAL,4,12,False
2022-12-07,0.2846227310839605,NORMAL,5,12,False
2022-12-08,0.3971007774276865,NORMAL,5,12,False
2022-12-09,0.229772843041685,NORMAL,4,12,False
2022-12-10,0.2809865111102811,NORMAL,4,12,False
2022-12-11,0.2753129087799099,NORMAL,4,12,False
2022-12-12,0.2288446848556233,NORMAL,4,12,False
2022-12-13,0.1600652509933228,NORMAL,4,12,False
2022-12-14,0.5723250424808095,NORMAL,5,12,False
2022-12-15,0.4893936960012737,NORMAL,5,12,False
2022-12-16,0.5417377243502955,NORMAL,4,12,False
2022-12-17,0.2737977203776601,NORMAL,4,12,False
2022-12-18,0.146927235053556,NORMAL,4,12,False
2022-12-19,0.1769885788070056,NORMAL,4,12,False
2022-12-20,0.1723877370182533,NORMAL,4,12,False
2022-12-21,0.690779699252723,CRITICAL,5,12,True
2022-12-22,0.3600464880125792,NORMAL,5,12,False
2022-12-23,0.234036189383736,NORMAL,4,12,False
2022-12-24,0.0327922138027262,NORMAL,4,12,False
2022-12-25,0.0853738574726993,NORMAL,4,12,False
2022-12-26,0.1497737835404794,NORMAL,4,12,False
2022-12-27,0.1012927755421329,NORMAL,4,12,False
2022-12-28,0.2705702080357561,NORMAL,5,12,False
2022-12-29,0.0914583003450143,NORMAL,5,12,False
2022-12-30,0.1247182280779935,NORMAL,4,12,False
2022-12-31,0.2400680226316049,NORMAL,4,12,False
2023-01-01,0.0860438832307348,NORMAL,4,1,False
2023-01-02,0.0680301624139276,NORMAL,4,1,False
2023-01-03,0.073087727398299,NORMAL,4,1,False
2023-01-04,0.0025866081286042,NORMAL,5,1,False
2023-01-05,0.1190645094598168,NORMAL,5,1,False
2023-01-06,0.2311504851923472,NORMAL,4,1,False
2023-01-07,0.23935382249037,NORMAL,4,1,False
2023-01-08,0.2380878486247703,NORMAL,4,1,False
2023-01-09,0.0278027789208653,NORMAL,4,1,False
2023-01-10,0.1999176366088331,NORMAL,4,1,False
2023-01-11,0.2897899499358262,NORMAL,5,1,False
2023-01-12,0.2008540230778233,NORMAL,5,1,False
2023-01-13,0.2006854287068296,NORMAL,4,1,False
2023-01-14,0.4986181640592382,NORMAL,4,1,False
2023-01-15,0.1497630426342486,NORMAL,4,1,False
2023-01-16,0.1117683611370947,NORMAL,4,1,False
2023-01-17,0.060721089994443,NORMAL,4,1,False
2023-01-18,0.1073093632609389,NORMAL,5,1,False
2023-01-19,0.1243855507150042,NORMAL,5,1,False
2023-01-20,0.2835029147950436,NORMAL,4,1,False
2023-01-21,0.2825232810271955,NORMAL,4,1,False
2023-01-22,0.3805528549632203,NORMAL,4,1,False
2023-01-23,0.312752024077781,NORMAL,4,1,False
2023-01-24,0.1280243574914847,NORMAL,4,1,False
2023-01-25,0.2985991545523434,NORMAL,5,1,False
2023-01-26,0.0137717302744417,NORMAL,5,1,False
2023-01-27,0.0998451967540611,NORMAL,4,1,False
2023-01-28,0.2498883145982166,NORMAL,4,1,False
2023-01-29,0.2227133953170976,NORMAL,4,1,False
2023-01-30,0.118201684810891,NORMAL,4,1,False
2023-01-31,0.1734115204210466,NORMAL,4,1,False
2023-02-01,0.3487357729222495,NORMAL,5,2,False
2023-02-02,0.4062458127388313,NORMAL,5,2,False
2023-02-03,0.1948815657257872,NORMAL,4,2,False
2023-02-04,0.0853296333092111,NORMAL,4,2,False
2023-02-05,0.0938383046086887,NORMAL,4,2,False
2023-02-06,0.1635313354075753,NORMAL,4,2,False
2023-02-07,0.1472921381633786,NORMAL,4,2,False
2023-02-08,0.1846067684213555,NORMAL,5,2,False
2023-02-09,0.2392407303610839,NORMAL,5,2,False
2023-02-10,0.217359544846526,NORMAL,4,2,False
2023-02-11,0.1540615805993583,NORMAL,4,2,False
2023-02-12,0.1535272086824498,NORMAL,4,2,False
2023-02-13,0.068535636428765,NORMAL,4,2,False
2023-02-14,0.2036994675110552,NORMAL,4,2,False
2023-02-15,0.1449326381568789,NORMAL,5,2,False
2023-02-16,0.4016689898476738,NORMAL,5,2,False
2023-02-17,0.4373375501415827,NORMAL,4,2,False
2023-02-18,0.3163893994805732,NORMAL,4,2,False
2023-02-19,0.4148951979077269,NORMAL,4,2,False
2023-02-20,0.0946049916264866,NORMAL,4,2,False
2023-02-21,0.1173008882240886,NORMAL,4,2,False
2023-02-22,0.6937440318257934,CRITICAL,5,2,True
2023-02-23,0.4533350432581224,NORMAL,5,2,False
2023-02-24,0.1323296245103268,NORMAL,4,2,False
2023-02-25,0.0447114706969357,NORMAL,4,2,False
2023-02-26,0.0806666128754007,NORMAL,4,2,False
2023-02-27,0.2982044927577125,NORMAL,4,2,False
2023-02-28,0.255969189105887,NORMAL,4,2,False
2023-03-01,0.4069221247829419,NORMAL,5,3,False
2023-03-02,0.1977826705081646,NORMAL,5,3,False
2023-03-03,0.352874076841324,NORMAL,4,3,False
2023-03-04,0.4092750594711592,NORMAL,4,3,False
2023-03-05,0.0926378209230441,NORMAL,4,3,False
2023-03-06,0.0815891535883814,NORMAL,4,3,False
2023-03-07,0.0735959921885006,NORMAL,4,3,False
2023-03-08,0.5920479576789236,WARNING,5,3,True
2023-03-09,0.0466235425309017,NORMAL,5,3,False
2023-03-10,0.1116426845916969,NORMAL,4,3,False
2023-03-11,0.5591969234880172,NORMAL,4,3,False
2023-03-12,0.4862732445870188,NORMAL,4,3,False
2023-03-13,0.2415564123346464,NORMAL,4,3,False
2023-03-14,0.1339149706531243,NORMAL,4,3,False
2023-03-15,0.0979128167607631,NORMAL,5,3,False
2023-03-16,0.4685200369013385,NORMAL,5,3,False
2023-03-17,0.3420177297928578,NORMAL,4,3,False
2023-03-18,0.1973887408848596,NORMAL,4,3,False
2023-03-19,0.0951713321609749,NORMAL,4,3,False
2023-03-20,0.0230255439494797,NORMAL,4,3,False
2023-03-21,0.0463490381278547,NORMAL,4,3,False
2023-03-22,0.0951784229554252,NORMAL,5,3,False
2023-03-23,0.5874009274429729,WARNING,5,3,True
2023-03-24,0.8182598263983701,CRITICAL,4,3,True
2023-03-25,0.7001059935188548,CRITICAL,4,3,True
2023-03-26,0.5153657530437772,NORMAL,4,3,False
2023-03-27,0.4496878392208269,NORMAL,4,3,False
2023-03-28,0.4747655784819322,NORMAL,4,3,False
2023-03-29,0.5478547291581896,NORMAL,5,3,False
2023-03-30,0.1614901216108522,NORMAL,5,3,False
2023-03-31,0.0820325528334676,NORMAL,4,3,False
2023-04-01,0.1083980950377249,NORMAL,4,4,False
2023-04-02,0.1586251696606395,NORMAL,4,4,False
2023-04-03,0.2768408599031202,NORMAL,4,4,False
2023-04-04,0.3956993034108565,NORMAL,4,4,False
2023-04-05,0.5464660840223016,WARNING,5,4,True
2023-04-06,0.7700565086201643,CRITICAL,5,4,True
2023-04-07,0.5379003497646175,WARNING,4,4,True
2023-04-08,0.3473426806692022,NORMAL,4,4,False
2023-04-09,0.4877350147018051,NORMAL,4,4,False
2023-04-10,0.5062242759108393,NORMAL,4,4,False
2023-04-11,0.4418611924802063,NORMAL,4,4,False
2023-04-12,0.6395251073130184,CRITICAL,5,4,True
2023-04-13,0.8108129048904108,CRITICAL,5,4,True
2023-04-14,0.8291538827074512,CRITICAL,4,4,True
2023-04-15,0.4877092621286381,NORMAL,4,4,False
2023-04-16,0.4117523843092422,NORMAL,4,4,False
2023-04-17,0.4782874928969001,NORMAL,4,4,False
2023-04-18,0.3370518266872295,NORMAL,4,4,False
2023-04-19,0.040054391871415,NORMAL,5,4,False
2023-04-20,0.0214866789400807,NORMAL,5,4,False
2023-04-21,0.543995307065131,WARNING,4,4,True
2023-04-22,0.7356569538434843,CRITICAL,4,4,True
2023-04-23,0.7550926008698882,CRITICAL,4,4,True
2023-04-24,0.5404151165960108,WARNING,4,4,True
2023-04-25,0.2273184609666554,NORMAL,4,4,False
2023-04-26,0.1584623571058064,NORMAL,5,4,False
2023-04-27,0.0502201515207783,NORMAL,5,4,False
2023-04-28,0.2424052186724364,NORMAL,4,4,False
2023-04-29,0.0344105276985144,NORMAL,4,4,False
2023-04-30,0.099864498975463,NORMAL,4,4,False
2023-05-01,0.2199857843193998,NORMAL,4,5,False
2023-05-02,0.134800739530047,NORMAL,4,5,False
2023-05-03,0.4411356182107833,NORMAL,5,5,False
2023-05-04,0.515265731010821,NORMAL,5,5,False
2023-05-05,0.5067182100751293,NORMAL,4,5,False
2023-05-06,0.5279248608602387,NORMAL,4,5,False
2023-05-07,0.4790295788217824,NORMAL,4,5,False
2023-05-08,0.3732683808084739,NORMAL,4,5,False
2023-05-09,0.4846890630802318,NORMAL,4,5,False
2023-05-10,0.5814403224311601,NORMAL,5,5,False
2023-05-11,0.3267537604505448,NORMAL,5,5,False
2023-05-12,0.104018574232596,NORMAL,4,5,False
2023-05-13,0.0794198800947707,NORMAL,4,5,False
2023-05-14,0.1104794637736245,NORMAL,4,5,False
2023-05-15,0.1385047639585295,NORMAL,4,5,False
2023-05-16,0.1972193110372658,NORMAL,4,5,False
2023-05-17,0.7022367333370798,WARNING,5,5,True
2023-05-18,0.7184276425063044,WARNING,5,5,True
2023-05-19,0.6164266545154611,NORMAL,4,5,False
2023-05-20,0.2970497339999897,NORMAL,4,5,False
2023-05-21,0.5286849843259709,NORMAL,4,5,False
2023-05-22,0.6369208758746858,NORMAL,4,5,False
2023-05-23,0.601988359970356,NORMAL,4,5,False
2023-05-24,0.0841713185226342,NORMAL,5,5,False
2023-05-25,0.2388290890069379,NORMAL,5,5,False
2023-05-26,0.4534850021562809,NORMAL,4,5,False
2023-05-27,0.6816231284380099,NORMAL,4,5,False
2023-05-28,0.7753378370252786,WARNING,4,5,True
2023-05-29,0.8493932174334653,CRITICAL,4,5,True
2023-05-30,0.8027223171452137,WARNING,4,5,True
2023-05-31,0.3372462843756749,NORMAL,5,5,False
2023-06-01,0.2613257754677133,NORMAL,5,6,False
2023-06-02,0.1586791672099146,NORMAL,4,6,False
2023-06-03,0.2802810149966787,NORMAL,4,6,False
2023-06-04,0.4025596722656675,NORMAL,4,6,False
2023-06-05,0.417244158732042,NORMAL,4,6,False
2023-06-06,0.4206668227344445,NORMAL,4,6,False
2023-06-07,0.1228508184987611,NORMAL,5,6,False
2023-06-08,0.3926302429255827,NORMAL,5,6,False
2023-06-09,0.5625116937481203,NORMAL,4,6,False
2023-06-10,0.789028025447065,NORMAL,4,6,False
2023-06-11,0.8822514114684449,WARNING,4,6,True
2023-06-12,0.8516507854929762,NORMAL,4,6,False
2023-06-13,0.8085985504948983,NORMAL,4,6,False
2023-06-14,0.325472938226418,NORMAL,5,6,False
2023-06-15,0.4792800016800707,NORMAL,5,6,False
2023-06-16,0.5598987082019843,NORMAL,4,6,False
2023-06-17,0.8425550990629759,NORMAL,4,6,False
2023-06-18,0.8822802204713266,WARNING,4,6,True
2023-06-19,0.7442575616833248,NORMAL,4,6,False
2023-06-20,0.733407939227399,NORMAL,4,6,False
2023-06-21,0.3478776953726624,NORMAL,5,6,False
2023-06-22,0.5924204597275038,NORMAL,5,6,False
2023-06-23,0.6981373547312237,NORMAL,4,6,False
2023-06-24,0.7252358944502011,NORMAL,4,6,False
2023-06-25,0.6662088589910535,NORMAL,4,6,False
2023-06-26,0.6559073235850079,NORMAL,4,6,False
2023-06-27,0.6352445599850894,NORMAL,4,6,False
2023-06-28,0.2668588191675445,NORMAL,5,6,False
2023-06-29,0.3115078071056429,NORMAL,5,6,False
2023-06-30,0.4204239026931594,NORMAL,4,6,False
2023-07-01,0.5614159342658107,NORMAL,4,7,False
2023-07-02,0.7875532480103044,CRITICAL,4,7,True
2023-07-03,0.7540585649722223,CRITICAL,4,7,True
2023-07-04,0.6568438043833672,WARNING,4,7,True
2023-07-05,0.6107916665262871,NORMAL,5,7,False
2023-07-06,0.1016993577608235,NORMAL,5,7,False
2023-07-07,0.3232362020429882,NORMAL,4,7,False
2023-07-08,0.4428501525779736,NORMAL,4,7,False
2023-07-09,0.4409125158755498,NORMAL,4,7,False
2023-07-10,0.476381876745066,NORMAL,4,7,False
2023-07-11,0.6195744950062438,NORMAL,4,7,False
2023-07-12,0.3335566514837842,NORMAL,5,7,False
2023-07-13,0.3053841093441796,NORMAL,5,7,False
2023-07-14,0.0997226205750257,NORMAL,4,7,False
2023-07-15,0.1418242982056233,NORMAL,4,7,False
2023-07-16,0.1885055620076925,NORMAL,4,7,False
2023-07-17,0.4091248966775213,NORMAL,4,7,False
2023-07-18,0.4534300676386179,NORMAL,4,7,False
2023-07-19,0.1293916777365346,NORMAL,5,7,False
2023-07-20,0.0328437301518213,NORMAL,5,7,False
2023-07-21,0.3037241305223121,NORMAL,4,7,False
2023-07-22,0.3500531977247706,NORMAL,4,7,False
2023-07-23,0.2674584648840882,NORMAL,4,7,False
2023-07-24,0.2590119319983642,NORMAL,4,7,False
2023-07-25,0.1126217681078614,NORMAL,4,7,False
2023-07-26,0.1196214860649738,NORMAL,5,7,False
2023-07-27,0.0536811294192857,NORMAL,5,7,False
2023-07-28,0.1108389857664416,NORMAL,4,7,False
2023-07-29,0.1104416556856018,NORMAL,4,7,False
2023-07-30,0.0239470935409513,NORMAL,4,7,False
2023-07-31,0.1407155867979074,NORMAL,4,7,False
2023-08-01,0.0402349699956191,NORMAL,4,8,False
2023-08-02,0.2544478264126043,NORMAL,5,8,False
2023-08-03,0.2988877248603891,NORMAL,5,8,False
2023-08-04,0.264291771199966,NORMAL,4,8,False
2023-08-05,0.1788720678611144,NORMAL,4,8,False
2023-08-06,0.0308534244805984,NORMAL,4,8,False
2023-08-07,0.0206808060096415,NORMAL,4,8,False
2023-08-08,0.0180398699723063,NORMAL,4,8,False
2023-08-09,0.0783007702774417,NORMAL,5,8,False
2023-08-10,0.0922335751895339,NORMAL,5,8,False
2023-08-11,0.0630895199109485,NORMAL,4,8,False
2023-08-12,0.263100183239472,NORMAL,4,8,False
2023-08-13,0.2045200647572036,NORMAL,4,8,False
2023-08-14,0.1107658980116382,NORMAL,4,8,False
2023-08-15,0.0826083882193332,NORMAL,4,8,False
2023-08-16,0.0568837822698575,NORMAL,5,8,False
2023-08-17,0.1014110702600239,NORMAL,5,8,False
2023-08-18,0.3714954202717543,NORMAL,4,8,False
2023-08-19,0.2873094255529428,NORMAL,4,8,False
2023-08-20,0.2444014394968228,NORMAL,4,8,False
2023-08-21,0.4146332976313946,NORMAL,4,8,False
2023-08-22,0.5905576560878459,WARNING,4,8,True
2023-08-23,0.5364034946727875,NORMAL,5,8,False
2023-08-24,0.5682785559057177,WARNING,5,8,True
2023-08-25,0.3567358573480313,NORMAL,4,8,False
2023-08-26,0.302776286605506,NORMAL,4,8,False
2023-08-27,0.3472521991955444,NORMAL,4,8,False
2023-08-28,0.328734008707335,NORMAL,4,8,False
2023-08-29,0.2210422026476656,NORMAL,4,8,False
2023-08-30,0.7475862640953458,CRITICAL,5,8,True
2023-08-31,0.5145797326170318,NORMAL,5,8,False
2023-09-01,0.4121216941668117,NORMAL,4,9,False
2023-09-02,0.352496126111432,NORMAL,4,9,False
2023-09-03,0.2711297440518684,NORMAL,4,9,False
2023-09-04,0.1913634211636957,NORMAL,4,9,False
2023-09-05,0.1278461982243084,NORMAL,4,9,False
2023-09-06,0.2609396460493358,NORMAL,5,9,False
2023-09-07,0.426466924737397,NORMAL,5,9,False
2023-09-08,0.4061492468802984,NORMAL,4,9,False
2023-09-09,0.2360123332055285,NORMAL,4,9,False
2023-09-10,0.3701754190946802,NORMAL,4,9,False
2023-09-11,0.5192890147783351,NORMAL,4,9,False
2023-09-12,0.2997844030573913,NORMAL,4,9,False
2023-09-13,0.0419829036887468,NORMAL,5,9,False
2023-09-14,0.1549882864125942,NORMAL,5,9,False
2023-09-15,0.22150276553081,NORMAL,4,9,False
2023-09-16,0.1904537058266882,NORMAL,4,9,False
2023-09-17,0.3820347569844371,NORMAL,4,9,False
2023-09-18,0.5248818413649526,NORMAL,4,9,False
2023-09-19,0.4315118599497105,NORMAL,4,9,False
2023-09-20,0.5300303286667452,NORMAL,5,9,False
2023-09-21,0.1258522294914306,NORMAL,5,9,False
2023-09-22,0.1519169472796802,NORMAL,4,9,False
2023-09-23,0.2813283935152612,NORMAL,4,9,False
2023-09-24,0.1279826246812291,NORMAL,4,9,False
2023-09-25,0.1721145584922353,NORMAL,4,9,False
2023-09-26,0.2468388587986433,NORMAL,4,9,False
2023-09-27,0.495528135252253,NORMAL,5,9,False
2023-09-28,0.2434197599685173,NORMAL,5,9,False
2023-09-29,0.2224688605474144,NORMAL,4,9,False
2023-09-30,0.3813319773036184,NORMAL,4,9,False
2023-10-01,0.293663214072823,NORMAL,4,10,False
2023-10-02,0.2283221981538719,NORMAL,4,10,False
2023-10-03,0.3227328882355882,NORMAL,4,10,False
2023-10-04,0.2308569147202609,NORMAL,5,10,False
2023-10-05,0.1123992582750985,NORMAL,5,10,False
2023-10-06,0.1973262811921791,NORMAL,4,10,False
2023-10-07,0.2468883493776928,NORMAL,4,10,False
2023-10-08,0.1335982119513865,NORMAL,4,10,False
2023-10-09,0.0612848955225232,NORMAL,4,10,False
2023-10-10,0.0805513306490409,NORMAL,4,10,False
2023-10-11,0.1156340376023306,NORMAL,5,10,False
2023-10-12,0.2742593810216747,NORMAL,5,10,False
2023-10-13,0.5690840650411895,NORMAL,4,10,False
2023-10-14,0.796810519318021,CRITICAL,4,10,True
2023-10-15,0.6735332525719231,WARNING,4,10,True
2023-10-16,0.4594576182329134,NORMAL,4,10,False
2023-10-17,0.4765878021418296,NORMAL,4,10,False
2023-10-18,0.5000634681473276,NORMAL,5,10,False
2023-10-19,0.2460323326250877,NORMAL,5,10,False
2023-10-20,0.2527323087395994,NORMAL,4,10,False
2023-10-21,0.264264538197507,NORMAL,4,10,False
2023-10-22,0.3031376117302132,NORMAL,4,10,False
2023-10-23,0.373128138143812,NORMAL,4,10,False
2023-10-24,0.4397527452547712,NORMAL,4,10,False
2023-10-25,0.0093876659989162,NORMAL,5,10,False
2023-10-26,0.1595588648631142,NORMAL,5,10,False
2023-10-27,0.1101253538172726,NORMAL,4,10,False
2023-10-28,0.1459529540729867,NORMAL,4,10,False
2023-10-29,0.1973559455719805,NORMAL,4,10,False
2023-10-30,0.1831803210891635,NORMAL,4,10,False
2023-10-31,0.2905462074955913,NORMAL,4,10,False
2023-11-01,0.2027403611651262,NORMAL,5,11,False
2023-11-02,0.5344161152931246,NORMAL,5,11,False
2023-11-03,0.1827948229476135,NORMAL,4,11,False
2023-11-04,0.243916154283776,NORMAL,4,11,False
2023-11-05,0.1151453133234814,NORMAL,4,11,False
2023-11-06,0.4984288768306673,NORMAL,4,11,False
2023-11-07,0.4232056202294795,NORMAL,4,11,False
2023-11-08,0.1904741784932388,NORMAL,5,11,False
2023-11-09,0.0421023240438232,NORMAL,5,11,False
2023-11-10,0.1584535969335671,NORMAL,4,11,False
2023-11-11,0.20507134316855,NORMAL,4,11,False
2023-11-12,0.1242599340396193,NORMAL,4,11,False
2023-11-13,0.1944225585026519,NORMAL,4,11,False
2023-11-14,0.2111850770005881,NORMAL,4,11,False
2023-11-15,0.16262054630804,NORMAL,5,11,False
2023-11-16,0.5760976167950003,NORMAL,5,11,False
2023-11-17,0.4730317959716638,NORMAL,4,11,False
2023-11-18,0.614369399588318,NORMAL,4,11,False
2023-11-19,0.5897201829872621,NORMAL,4,11,False
2023-11-20,0.505206012887964,NORMAL,4,11,False
2023-11-21,0.5144463946861014,NORMAL,4,11,False
2023-11-22,0.0346395140896047,NORMAL,5,11,False
2023-11-23,0.0766376644231425,NORMAL,5,11,False
2023-11-24,0.2667234354833792,NORMAL,4,11,False
2023-11-25,0.3055604019169018,NORMAL,4,11,False
2023-11-26,0.1006655256421508,NORMAL,4,11,False
2023-11-27,0.3151752275414831,NORMAL,4,11,False
2023-11-28,0.3041020056152841,NORMAL,4,11,False
2023-11-29,0.1336518470074838,NORMAL,5,11,False
2023-11-30,0.1374287788218601,NORMAL,5,11,False
2023-12-01,0.0599163060355101,NORMAL,4,12,False
2023-12-02,0.1482022210955949,NORMAL,4,12,False
2023-12-03,0.2432839174253714,NORMAL,4,12,False
2023-12-04,0.4192805504796122,NORMAL,4,12,False
2023-12-05,0.4758922044860416,NORMAL,4,12,False
2023-12-06,0.3606539735245334,NORMAL,5,12,False
2023-12-07,0.1004170757205615,NORMAL,5,12,False
2023-12-08,0.3184936980105038,NORMAL,4,12,False
2023-12-09,0.3775816814421898,NORMAL,4,12,False
2023-12-10,0.5919018806306178,NORMAL,4,12,False
2023-12-11,0.4739327525416574,NORMAL,4,12,False
2023-12-12,0.3017934705069197,NORMAL,4,12,False
2023-12-13,0.3148796617437347,NORMAL,5,12,False
2023-12-14,0.2421870660749452,NORMAL,5,12,False
2023-12-15,0.1880008698112533,NORMAL,4,12,False
2023-12-16,0.4610623414303461,NORMAL,4,12,False
2023-12-17,0.3366100548304058,NORMAL,4,12,False
2023-12-18,0.1857458486842635,NORMAL,4,12,False
2023-12-19,0.1939917893179253,NORMAL,4,12,False
2023-12-20,0.3852623275608631,NORMAL,5,12,False
2023-12-21,0.3065571884325545,NORMAL,5,12,False
2023-12-22,0.2725932530551988,NORMAL,4,12,False
2023-12-23,0.2278059277037422,NORMAL,4,12,False
2023-12-24,0.4155771689035275,NORMAL,4,12,False
2023-12-25,0.5072984753320198,NORMAL,4,12,False
2023-12-26,0.3559054244368512,NORMAL,4,12,False
2023-12-27,0.1760976880186605,NORMAL,5,12,False
2023-12-28,0.1812162070764026,NORMAL,5,12,False
2023-12-29,0.3259025373171567,NORMAL,4,12,False
2023-12-30,0.3084922574954648,NORMAL,4,12,False
2023-12-31,0.0836669743638242,NORMAL,4,12,False
2024-01-01,0.3230338812952757,NORMAL,4,1,False
2024-01-02,0.3225519111849683,NORMAL,4,1,False
2024-01-03,0.3239022815359839,NORMAL,5,1,False
2024-01-04,0.6482625476206864,CRITICAL,5,1,True
2024-01-05,0.2060844977671795,NORMAL,4,1,False
2024-01-06,0.1063416383489306,NORMAL,4,1,False
2024-01-07,0.0664559700514155,NORMAL,4,1,False
2024-01-08,0.2526719175139613,NORMAL,4,1,False
2024-01-09,0.168558791151237,NORMAL,4,1,False
2024-01-10,0.7232322311378566,CRITICAL,5,1,True
2024-01-11,0.6490752887007238,CRITICAL,5,1,True
2024-01-12,0.1459958287910753,NORMAL,4,1,False
2024-01-13,0.0432597581764128,NORMAL,4,1,False
2024-01-14,0.1759815141283522,NORMAL,4,1,False
2024-01-15,0.0660700846278739,NORMAL,4,1,False
2024-01-16,0.1187187444458503,NORMAL,4,1,False
2024-01-17,0.2503734029785313,NORMAL,5,1,False
2024-01-18,0.4272619941720976,NORMAL,5,1,False
2024-01-19,0.4786801265168517,NORMAL,4,1,False
2024-01-20,0.4097294864050351,NORMAL,4,1,False
2024-01-21,0.1882880380095146,NORMAL,4,1,False
2024-01-22,0.1267406637844589,NORMAL,4,1,False
2024-01-23,0.1196620117601301,NORMAL,4,1,False
2024-01-24,0.0143125569538013,NORMAL,5,1,False
2024-01-25,0.0527638192729656,NORMAL,5,1,False
2024-01-26,0.0421908207702798,NORMAL,4,1,False
2024-01-27,0.0170275007991297,NORMAL,4,1,False
2024-01-28,0.1092986245348557,NORMAL,4,1,False
2024-01-29,0.0590163203027095,NORMAL,4,1,False
2024-01-30,0.0248225094435516,NORMAL,4,1,False
2024-01-31,0.0957119943727466,NORMAL,5,1,False
2024-02-01,0.1094828578914152,NORMAL,5,2,False
2024-02-02,0.0498175562131561,NORMAL,4,2,False
2024-02-03,0.0591815116887158,NORMAL,4,2,False
2024-02-04,0.0233382871688335,NORMAL,4,2,False
2024-02-05,0.0285769837788986,NORMAL,4,2,False
2024-02-06,0.1295236320681206,NORMAL,4,2,False
2024-02-07,0.3337898893351988,NORMAL,5,2,False
2024-02-08,0.3565674295793605,NORMAL,5,2,False
2024-02-09,0.3378466846365531,NORMAL,4,2,False
2024-02-10,0.3103112714568957,NORMAL,4,2,False
2024-02-11,0.3389071044968548,NORMAL,4,2,False
2024-02-12,0.5285451964930047,WARNING,4,2,True
2024-02-13,0.5006933339321692,NORMAL,4,2,False
2024-02-14,1.0864498271527718,CRITICAL,5,2,True
2024-02-15,0.7277606439120318,CRITICAL,5,2,True
2024-02-16,0.1430075191697583,NORMAL,4,2,False
2024-02-17,0.2129864159806907,NORMAL,4,2,False
2024-02-18,0.1197344409706957,NORMAL,4,2,False
2024-02-19,0.3652100340299842,NORMAL,4,2,False
2024-02-20,0.4681147639807566,NORMAL,4,2,False
2024-02-21,0.0147683404150737,NORMAL,5,2,False
2024-02-22,0.0614459546785147,NORMAL,5,2,False
2024-02-23,0.0513062610291501,NORMAL,4,2,False
2024-02-24,0.2309291373859632,NORMAL,4,2,False
2024-02-25,0.2860645566516073,NORMAL,4,2,False
2024-02-26,0.1272647333418276,NORMAL,4,2,False
2024-02-27,0.2104385655660428,NORMAL,4,2,False
2024-02-28,0.0962034078833442,NORMAL,5,2,False
2024-02-29,0.2357546813401062,NORMAL,5,2,False
2024-03-01,0.5276510667731399,NORMAL,4,3,False
2024-03-02,0.651149757905444,WARNING,4,3,True
2024-03-03,0.513759238983781,NORMAL,4,3,False
2024-03-04,0.2917547934900948,NORMAL,4,3,False
2024-03-05,0.2097757417589787,NORMAL,4,3,False
2024-03-06,0.0552373849759791,NORMAL,5,3,False
2024-03-07,0.2794147139069175,NORMAL,5,3,False
2024-03-08,0.1217136368393449,NORMAL,4,3,False
2024-03-09,0.0367197350483897,NORMAL,4,3,False
2024-03-10,0.1149077020483447,NORMAL,4,3,False
2024-03-11,0.1381829969033106,NORMAL,4,3,False
2024-03-12,0.1765169892938697,NORMAL,4,3,False
2024-03-13,0.3175031321870434,NORMAL,5,3,False
2024-03-14,0.2374329953636577,NORMAL,5,3,False
2024-03-15,0.1142114035421133,NORMAL,4,3,False
2024-03-16,0.0856636044211734,NORMAL,4,3,False
2024-03-17,0.1198805825176272,NORMAL,4,3,False
2024-03-18,0.1039500015782124,NORMAL,4,3,False
2024-03-19,0.0744184613873652,NORMAL,4,3,False
2024-03-20,0.114913087301837,NORMAL,5,3,False
2024-03-21,0.009645618850174,NORMAL,5,3,False
2024-03-22,0.2232546785062184,NORMAL,4,3,False
2024-03-23,0.1322815130202448,NORMAL,4,3,False
2024-03-24,0.2538625729231255,NORMAL,4,3,False
2024-03-25,0.1750348438049122,NORMAL,4,3,False
2024-03-26,0.1041078695962682,NORMAL,4,3,False
2024-03-27,0.6860998168486923,CRITICAL,5,3,True
2024-03-28,1.1328652580577707,CRITICAL,5,3,True
2024-03-29,0.8931355904301613,CRITICAL,4,3,True
2024-03-30,0.483184052289551,NORMAL,4,3,False
2024-03-31,0.255006728916947,NORMAL,4,3,False
2024-04-01,0.1217993010531499,NORMAL,4,4,False
2024-04-02,0.0779232673212785,NORMAL,4,4,False
2024-04-03,0.0080061286069136,NORMAL,5,4,False
2024-04-04,0.2198541875636326,NORMAL,5,4,False
2024-04-05,0.0976226444843265,NORMAL,4,4,False
2024-04-06,0.2880763861981289,NORMAL,4,4,False
2024-04-07,0.0135114571590229,NORMAL,4,4,False
2024-04-08,0.3322497098102956,NORMAL,4,4,False
2024-04-09,0.2676855684186663,NORMAL,4,4,False
2024-04-10,0.6225948918755402,WARNING,5,4,True
2024-04-11,0.5540721183711556,WARNING,5,4,True
2024-04-12,0.6167675051310542,WARNING,4,4,True
2024-04-13,0.3664262091240325,NORMAL,4,4,False
2024-04-14,0.2943413872631998,NORMAL,4,4,False
2024-04-15,0.3780846624869528,NORMAL,4,4,False
2024-04-16,0.3581070254171963,NORMAL,4,4,False
2024-04-17,0.355270587467469,NORMAL,5,4,False
2024-04-18,0.1856876298431826,NORMAL,5,4,False
2024-04-19,0.4050419331024363,NORMAL,4,4,False
2024-04-20,0.3076120779799817,NORMAL,4,4,False
2024-04-21,0.261781277807609,NORMAL,4,4,False
2024-04-22,0.1918332783326666,NORMAL,4,4,False
2024-04-23,0.217483719448836,NORMAL,4,4,False
2024-04-24,0.5961714216947642,WARNING,5,4,True
2024-04-25,0.4802710310930542,NORMAL,5,4,False
2024-04-26,0.0861817328897504,NORMAL,4,4,False
2024-04-27,0.1519928041949252,NORMAL,4,4,False
2024-04-28,0.3696472896385127,NORMAL,4,4,False
2024-04-29,0.2252024047942971,NORMAL,4,4,False
2024-04-30,0.0578575501807226,NORMAL,4,4,False
2024-05-01,0.0258688016374308,NORMAL,5,5,False
2024-05-02,0.1625794471907741,NORMAL,5,5,False
2024-05-03,0.3345610368123626,NORMAL,4,5,False
2024-05-04,0.1703236499211289,NORMAL,4,5,False
2024-05-05,0.3013808874249614,NORMAL,4,5,False
2024-05-06,0.3854318307846844,NORMAL,4,5,False
2024-05-07,0.4952134934055352,NORMAL,4,5,False
2024-05-08,0.4362136440408644,NORMAL,5,5,False
2024-05-09,0.1320967207844853,NORMAL,5,5,False
2024-05-10,0.302392850568854,NORMAL,4,5,False
2024-05-11,0.6133007858394486,NORMAL,4,5,False
2024-05-12,0.2673807822120972,NORMAL,4,5,False
2024-05-13,0.2303480626597322,NORMAL,4,5,False
2024-05-14,0.1115523509410606,NORMAL,4,5,False
2024-05-15,0.6777429738644181,NORMAL,5,5,False
2024-05-16,0.2559585662815289,NORMAL,5,5,False
2024-05-17,0.0762133726616212,NORMAL,4,5,False
2024-05-18,0.40157578790319,NORMAL,4,5,False
2024-05-19,0.624160723586329,NORMAL,4,5,False
2024-05-20,0.5867686480387103,NORMAL,4,5,False
2024-05-21,0.4342959602380847,NORMAL,4,5,False
2024-05-22,0.3015836157526813,NORMAL,5,5,False
2024-05-23,0.3340563628884239,NORMAL,5,5,False
2024-05-24,0.5542528636761729,NORMAL,4,5,False
2024-05-25,0.5289201878054235,NORMAL,4,5,False
2024-05-26,0.1583598388333539,NORMAL,4,5,False
2024-05-27,0.1342765227400209,NORMAL,4,5,False
2024-05-28,0.28996420557038,NORMAL,4,5,False
2024-05-29,0.4098405680501533,NORMAL,5,5,False
2024-05-30,0.3722618236643727,NORMAL,5,5,False
2024-05-31,0.4240221873370955,NORMAL,4,5,False
2024-06-01,0.4863461957262551,NORMAL,4,6,False
2024-06-02,0.5287803720952589,NORMAL,4,6,False
2024-06-03,0.5005183735478494,NORMAL,4,6,False
2024-06-04,0.5318303188383705,NORMAL,4,6,False
2024-06-05,0.0496634885897594,NORMAL,5,6,False
2024-06-06,0.1052362953544295,NORMAL,5,6,False
2024-06-07,0.2465758136449684,NORMAL,4,6,False
2024-06-08,0.3284369654279843,NORMAL,4,6,False
2024-06-09,0.2398670893338429,NORMAL,4,6,False
2024-06-10,0.1950694330828538,NORMAL,4,6,False
2024-06-11,0.2698340563997343,NORMAL,4,6,False
2024-06-12,0.3620979968728147,NORMAL,5,6,False
2024-06-13,0.2138378525184213,NORMAL,5,6,False
2024-06-14,0.1446149503896853,NORMAL,4,6,False
2024-06-15,0.2066529698717205,NORMAL,4,6,False
2024-06-16,0.1361188917664549,NORMAL,4,6,False
2024-06-17,0.1646470549561816,NORMAL,4,6,False
2024-06-18,0.2693777829769398,NORMAL,4,6,False
2024-06-19,0.1904334760682904,NORMAL,5,6,False
2024-06-20,0.0866550551096638,NORMAL,5,6,False
2024-06-21,0.0563368814112175,NORMAL,4,6,False
2024-06-22,0.2351255181442461,NORMAL,4,6,False
2024-06-23,0.2057096364552162,NORMAL,4,6,False
2024-06-24,0.2027579310035321,NORMAL,4,6,False
2024-06-25,0.1195507521660434,NORMAL,4,6,False
2024-06-26,0.1159134360795139,NORMAL,5,6,False
2024-06-27,0.0726209660594089,NORMAL,5,6,False
2024-06-28,0.2298669504423232,NORMAL,4,6,False
2024-06-29,0.2623059360696019,NORMAL,4,6,False
2024-06-30,0.187301816208641,NORMAL,4,6,False
2024-07-01,0.0202795614243196,NORMAL,4,7,False
2024-07-02,0.042222389814871,NORMAL,4,7,False
2024-07-03,0.4595118193512623,NORMAL,5,7,False
2024-07-04,0.3518890502136345,NORMAL,5,7,False
2024-07-05,0.3742373483139159,NORMAL,4,7,False
2024-07-06,0.3093737782581184,NORMAL,4,7,False
2024-07-07,0.2780641265311265,NORMAL,4,7,False
2024-07-08,0.111921873967141,NORMAL,4,7,False
2024-07-09,0.1242665087015071,NORMAL,4,7,False
2024-07-10,0.2372942083515946,NORMAL,5,7,False
2024-07-11,0.2481748222285784,NORMAL,5,7,False
2024-07-12,0.1422559140381988,NORMAL,4,7,False
2024-07-13,0.0226528317472823,NORMAL,4,7,False
2024-07-14,0.0732021369846092,NORMAL,4,7,False
2024-07-15,0.0344399019872615,NORMAL,4,7,False
2024-07-16,0.1136993631624311,NORMAL,4,7,False
2024-07-17,0.5358313740783988,NORMAL,5,7,False
2024-07-18,0.5093993688874096,NORMAL,5,7,False
2024-07-19,0.4598792348744404,NORMAL,4,7,False
2024-07-20,0.3322207295369325,NORMAL,4,7,False
2024-07-21,0.6804492654139567,WARNING,4,7,True
2024-07-22,0.5365883294619885,NORMAL,4,7,False
2024-07-23,0.4950537116217823,NORMAL,4,7,False
2024-07-24,0.2366387445320812,NORMAL,5,7,False
2024-07-25,0.2518781313428458,NORMAL,5,7,False
2024-07-26,0.3176731045507491,NORMAL,4,7,False
2024-07-27,0.2081365257194299,NORMAL,4,7,False
2024-07-28,0.0843225321126216,NORMAL,4,7,False
2024-07-29,0.16584922625309,NORMAL,4,7,False
2024-07-30,0.1466848081885841,NORMAL,4,7,False
2024-07-31,0.350643132882174,NORMAL,5,7,False
2024-08-01,0.4549634854393014,NORMAL,5,8,False
2024-08-02,0.191116959713369,NORMAL,4,8,False
2024-08-03,0.043767825852379,NORMAL,4,8,False
2024-08-04,0.1592898608536316,NORMAL,4,8,False
2024-08-05,0.3049874301305001,NORMAL,4,8,False
2024-08-06,0.2400854101228667,NORMAL,4,8,False
2024-08-07,0.0429955200625584,NORMAL,5,8,False
2024-08-08,0.2221146497026617,NORMAL,5,8,False
2024-08-09,0.18040332261769,NORMAL,4,8,False
2024-08-10,0.1848123835751884,NORMAL,4,8,False
2024-08-11,0.6995208241615287,CRITICAL,4,8,True
2024-08-12,0.4907770563875387,NORMAL,4,8,False
2024-08-13,0.3111956358136086,NORMAL,4,8,False
2024-08-14,0.0639578247909911,NORMAL,5,8,False
2024-08-15,0.2687704014681987,NORMAL,5,8,False
2024-08-16,0.3139613265788775,NORMAL,4,8,False
2024-08-17,0.292694256374007,NORMAL,4,8,False
2024-08-18,0.388785512190465,NORMAL,4,8,False
2024-08-19,0.3502757796910616,NORMAL,4,8,False
2024-08-20,0.3032982002801395,NORMAL,4,8,False
2024-08-21,0.7530342498232998,CRITICAL,5,8,True
2024-08-22,0.8145227208325848,CRITICAL,5,8,True
2024-08-23,0.5169958823138305,NORMAL,4,8,False
2024-08-24,0.41861512477841,NORMAL,4,8,False
2024-08-25,0.6211904769718705,WARNING,4,8,True
2024-08-26,0.7041495585030545,CRITICAL,4,8,True
2024-08-27,0.5787136974142635,WARNING,4,8,True
2024-08-28,0.1896495305186559,NORMAL,5,8,False
2024-08-29,0.3710491760057243,NORMAL,5,8,False
2024-08-30,0.6167928178955443,WARNING,4,8,True
2024-09-13,0.2309339650826795,NORMAL,4,9,False
2024-09-14,0.4342899712847044,NORMAL,4,9,False
2024-09-15,0.3759274173001312,NORMAL,4,9,False
2024-09-16,0.4957063539297861,NORMAL,4,9,False
2024-09-17,0.4135797294399105,NORMAL,4,9,False
2024-09-18,0.2933364077759293,NORMAL,5,9,False
2024-09-19,0.2980204258294797,NORMAL,5,9,False
2024-09-20,0.0736212526957215,NORMAL,4,9,False
2024-09-21,0.2364775255992502,NORMAL,4,9,False
2024-09-22,0.3188396745441231,NORMAL,4,9,False
2024-09-23,0.4005222264726036,NORMAL,4,9,False
2024-09-24,0.5324748984936003,WARNING,4,9,True
2024-09-25,0.3510370877406651,NORMAL,5,9,False
2024-09-26,0.1247698985330288,NORMAL,5,9,False
2024-09-27,0.1647629927594918,NORMAL,4,9,False
2024-09-28,0.25096825762942,NORMAL,4,9,False
2024-09-29,0.4570366034809124,NORMAL,4,9,False
2024-09-30,0.4853512559853138,NORMAL,4,9,False
2024-10-01,0.5502384332764041,NORMAL,4,10,False
2024-10-02,0.0235076746732426,NORMAL,5,10,False
2024-10-03,0.1215434708044085,NORMAL,5,10,False
2024-10-04,0.0742809715392901,NORMAL,4,10,False
2024-10-05,0.1369038342704324,NORMAL,4,10,False
2024-10-06,0.1052621858283454,NORMAL,4,10,False
2024-10-07,0.2709455514659822,NORMAL,4,10,False
2024-10-08,0.3896239731258764,NORMAL,4,10,False
2024-10-09,0.3665871864904119,NORMAL,5,10,False
2024-10-10,0.6241013998703353,NORMAL,5,10,False
2024-10-11,0.5788418189625257,NORMAL,4,10,False
2024-10-12,0.2690079853809848,NORMAL,4,10,False
2024-10-13,0.4205621670223736,NORMAL,4,10,False
2024-10-14,0.7191880559387721,CRITICAL,4,10,True
2024-10-15,0.5063893512364944,NORMAL,4,10,False
2024-10-16,0.0367610834856211,NORMAL,5,10,False
2024-10-17,0.2505425036633297,NORMAL,5,10,False
2024-10-18,0.3605320701205146,NORMAL,4,10,False
2024-10-19,0.1106710287650029,NORMAL,4,10,False
2024-10-20,0.2344067804654386,NORMAL,4,10,False
2024-10-21,0.6996170366999219,WARNING,4,10,True
2024-10-22,0.4836843062521026,NORMAL,4,10,False
2024-10-23,0.6086847929100181,NORMAL,5,10,False
2024-10-24,0.377242112045148,NORMAL,5,10,False
2024-10-25,0.2821924011257458,NORMAL,4,10,False
2024-10-26,0.2465751890837244,NORMAL,4,10,False
2024-10-27,0.5997614705724165,NORMAL,4,10,False
2024-10-28,0.631406052001867,NORMAL,4,10,False
2024-10-29,0.6550501809117281,WARNING,4,10,True
2024-10-30,0.1345375435108967,NORMAL,5,10,False
2024-10-31,0.210941325002584,NORMAL,5,10,False
2024-11-01,0.1721898599578605,NORMAL,4,11,False
2024-11-02,0.1629855479996318,NORMAL,4,11,False
2024-11-03,0.4396705495586689,NORMAL,4,11,False
2024-11-04,0.3685187146540941,NORMAL,4,11,False
2024-11-05,0.3848230368866283,NORMAL,4,11,False
2024-11-06,0.2048264684854314,NORMAL,5,11,False
2024-11-07,0.1487608271065186,NORMAL,5,11,False
2024-11-08,0.1911283441678911,NORMAL,4,11,False
2024-11-09,0.540457692950339,NORMAL,4,11,False
2024-11-10,0.6504490790506088,WARNING,4,11,True
2024-11-11,0.6008123739024319,NORMAL,4,11,False
2024-11-12,0.5267313632086971,NORMAL,4,11,False
2024-11-13,0.2784673995287227,NORMAL,5,11,False
2024-11-14,0.5018884350733723,NORMAL,5,11,False
2024-11-15,0.3961231538508176,NORMAL,4,11,False
2024-11-16,0.5267186240245355,NORMAL,4,11,False
2024-11-17,0.3107479923392739,NORMAL,4,11,False
2024-11-18,0.1108990529254978,NORMAL,4,11,False
2024-11-19,0.4254852072443936,NORMAL,4,11,False
2024-11-20,0.6789023609654791,WARNING,5,11,True
2024-11-21,0.5510233712461456,NORMAL,5,11,False
2024-11-22,0.0596818829730957,NORMAL,4,11,False
2024-11-23,0.1081013313647497,NORMAL,4,11,False
2024-11-24,0.2885983088523293,NORMAL,4,11,False
2024-11-25,0.539855349206079,NORMAL,4,11,False
2024-11-26,1.027683717965003,CRITICAL,4,11,True
2024-11-27,0.3234698361634379,NORMAL,5,11,False
2024-11-28,0.3009139085723,NORMAL,5,11,False
2024-11-29,0.3597570645812725,NORMAL,4,11,False
2024-11-30,0.2238650207084079,NORMAL,4,11,False
2024-12-01,0.3218797402183447,NORMAL,4,12,False
2024-12-02,0.216471555207204,NORMAL,4,12,False
2024-12-03,0.2690785941135672,NORMAL,4,12,False
2024-12-04,0.5612586389970253,NORMAL,5,12,False
2024-12-05,0.5266899194263309,NORMAL,5,12,False
2024-12-06,0.122966129231567,NORMAL,4,12,False
2024-12-07,0.2000397163521562,NORMAL,4,12,False
2024-12-08,0.1674733812324703,NORMAL,4,12,False
2024-12-09,0.2629431570561817,NORMAL,4,12,False
2024-12-10,0.2911806695273011,NORMAL,4,12,False
2024-12-11,0.0693093401916482,NORMAL,5,12,False
2024-12-12,0.1905433494298095,NORMAL,5,12,False
2024-12-13,0.2758925203222638,NORMAL,4,12,False
2024-12-14,0.5857536964228858,NORMAL,4,12,False
2024-12-15,0.6433210522647513,WARNING,4,12,True
2024-12-16,0.5087719058312725,NORMAL,4,12,False
2024-12-17,0.3113866378075975,NORMAL,4,12,False
2024-12-18,0.1336992432833093,NORMAL,5,12,False
2024-12-19,0.2190760708073577,NORMAL,5,12,False
2024-12-20,0.414128339162571,NORMAL,4,12,False
2024-12-21,0.5273026085187746,NORMAL,4,12,False
2024-12-22,0.5522231690682005,NORMAL,4,12,False
2024-12-23,0.4383804325706197,NORMAL,4,12,False
2024-12-24,0.5088719535192743,NORMAL,4,12,False
2024-12-25,0.6869666751340253,CRITICAL,5,12,True
2024-12-26,0.2348259676242458,NORMAL,5,12,False
2024-12-27,0.3587474261140196,NORMAL,4,12,False
2024-12-28,0.4700405219316339,NORMAL,4,12,False
2024-12-29,0.4445138220040593,NORMAL,4,12,False
2024-12-30,0.6197738290731623,WARNING,4,12,True
2024-12-31,0.538300320207216,NORMAL,4,12,False
2025-01-01,0.0680608741480454,NORMAL,5,1,False
2025-01-02,0.1245660125686135,NORMAL,5,1,False
2025-01-03,0.0817407611435604,NORMAL,4,1,False
2025-01-04,0.0835250591867324,NORMAL,4,1,False
2025-01-05,0.2027281877618946,NORMAL,4,1,False
2025-01-06,0.3226304929233042,NORMAL,4,1,False
2025-01-07,0.3873912361136127,NORMAL,4,1,False
2025-01-08,0.4279140578469828,NORMAL,5,1,False
2025-01-09,0.2863846234988615,NORMAL,5,1,False
2025-01-10,0.3499560298618894,NORMAL,4,1,False
2025-01-11,0.1792941324856495,NORMAL,4,1,False
2025-01-12,0.1408183818919753,NORMAL,4,1,False
2025-01-13,0.3331028412109547,NORMAL,4,1,False
2025-01-14,0.2427953698575912,NORMAL,4,1,False
2025-01-15,0.2942123445919062,NORMAL,5,1,False
2025-01-16,0.2432577146248612,NORMAL,5,1,False
2025-01-17,0.3019895961998778,NORMAL,4,1,False
2025-01-18,0.5086272132296302,NORMAL,4,1,False
2025-01-19,0.4357958576616744,NORMAL,4,1,False
2025-01-20,0.3246923183916401,NORMAL,4,1,False
2025-01-21,0.325777455520535,NORMAL,4,1,False
2025-01-22,0.255662356127351,NORMAL,5,1,False
2025-01-23,0.2229161638380853,NORMAL,5,1,False
2025-01-24,0.3064497990926595,NORMAL,4,1,False
2025-01-25,0.2816955289013046,NORMAL,4,1,False
2025-01-26,0.1120826476473089,NORMAL,4,1,False
2025-01-27,0.3655667693098628,NORMAL,4,1,False
2025-01-28,0.3796487393917491,NORMAL,4,1,False
2025-01-29,0.1137608426243869,NORMAL,5,1,False
2025-01-30,0.2353662701623987,NORMAL,5,1,False
2025-01-31,0.2911906190888328,NORMAL,4,1,False
2025-02-01,0.1830483292369213,NORMAL,4,2,False
2025-02-02,0.1097645176751523,NORMAL,4,2,False
2025-02-03,0.1613249948975287,NORMAL,4,2,False
2025-02-04,0.2473748214955777,NORMAL,4,2,False
2025-02-05,0.203380313956575,NORMAL,5,2,False
2025-02-06,0.1314310113642753,NORMAL,5,2,False
2025-02-07,0.1907881380602854,NORMAL,4,2,False
2025-02-08,0.0629612256539926,NORMAL,4,2,False
2025-02-09,0.0981088957053246,NORMAL,4,2,False
2025-02-10,0.1769978989783778,NORMAL,4,2,False
2025-02-11,0.3072206118631984,NORMAL,4,2,False
2025-02-12,0.3289841696197882,NORMAL,5,2,False
2025-02-13,0.4451605706560421,NORMAL,5,2,False
2025-02-14,0.3093908038310795,NORMAL,4,2,False
2025-02-15,0.4673595285442184,NORMAL,4,2,False
2025-02-16,0.2940843071606545,NORMAL,4,2,False
2025-02-17,0.1603480534651586,NORMAL,4,2,False
2025-02-18,0.0870894489145872,NORMAL,4,2,False
2025-02-19,0.0692644511850273,NORMAL,5,2,False
2025-02-20,0.0634745528592403,NORMAL,5,2,False
2025-02-21,0.0329191858505614,NORMAL,4,2,False
2025-02-22,0.0163335682339786,NORMAL,4,2,False
2025-02-23,0.1740119328232728,NORMAL,4,2,False
2025-02-24,0.4400238264176591,NORMAL,4,2,False
2025-02-25,0.6403143895032344,CRITICAL,4,2,True
2025-02-26,0.1713433134786467,NORMAL,5,2,False
2025-02-27,0.3093805010050267,NORMAL,5,2,False
2025-02-28,0.1631798470507079,NORMAL,4,2,False
2025-03-01,0.3443581263640626,NORMAL,4,3,False
2025-03-02,0.4822393810176559,NORMAL,4,3,False
2025-03-03,0.3951341762555969,NORMAL,4,3,False
2025-03-04,0.2532697889452143,NORMAL,4,3,False
2025-03-05,0.253719218032342,NORMAL,5,3,False
2025-03-06,0.0846961040789558,NORMAL,5,3,False
2025-03-07,0.235724195917173,NORMAL,4,3,False
2025-03-08,0.3423175607042388,NORMAL,4,3,False
2025-03-09,0.3398821268766246,NORMAL,4,3,False
2025-03-10,0.6848408515129132,WARNING,4,3,True
2025-03-11,0.5458705826028993,NORMAL,4,3,False
2025-03-12,0.755727107919542,CRITICAL,5,3,True
2025-03-13,0.2925281270992877,NORMAL,5,3,False
2025-03-14,0.557605541147729,NORMAL,4,3,False
2025-03-15,0.3855817691339961,NORMAL,4,3,False
2025-03-16,0.1528932526352109,NORMAL,4,3,False
2025-03-17,0.1153185457216674,NORMAL,4,3,False
2025-03-18,0.1168241637544815,NORMAL,4,3,False
2025-03-19,0.5047540456687428,NORMAL,5,3,False
2025-03-20,0.8207392305118543,CRITICAL,5,3,True
2025-03-21,0.8093864328131213,CRITICAL,4,3,True
2025-03-22,0.4290555085833423,NORMAL,4,3,False
2025-03-23,0.4878671443964714,NORMAL,4,3,False
2025-03-24,0.576180764396688,NORMAL,4,3,False
2025-03-25,0.4817266950028977,NORMAL,4,3,False
2025-03-26,0.0728618554301147,NORMAL,5,3,False
2025-03-27,0.0403676539977252,NORMAL,5,3,False
2025-03-28,0.2210709607327923,NORMAL,4,3,False
2025-03-29,0.2197877304452286,NORMAL,4,3,False
2025-03-30,0.2767907149407544,NORMAL,4,3,False
2025-03-31,0.1609439176063055,NORMAL,4,3,False
2025-04-01,0.131966837372378,NORMAL,4,4,False
2025-04-02,0.3309796015092518,NORMAL,5,4,False
2025-04-03,0.1440991881847651,NORMAL,5,4,False
2025-04-04,0.1691287574345192,NORMAL,4,4,False
2025-04-05,0.273740822438584,NORMAL,4,4,False
2025-04-06,0.1926014719490433,NORMAL,4,4,False
2025-04-07,0.1973273785989917,NORMAL,4,4,False
2025-04-08,0.1859841481137742,NORMAL,4,4,False
2025-04-09,0.5697896254445528,WARNING,5,4,True
2025-04-10,0.5824818465110321,WARNING,5,4,True
2025-04-11,0.382518500734652,NORMAL,4,4,False
2025-04-12,0.4327681598369596,NORMAL,4,4,False
2025-04-13,0.4261472093223279,NORMAL,4,4,False
2025-04-14,0.3457326106612823,NORMAL,4,4,False
2025-04-15,0.3223024370406765,NORMAL,4,4,False
2025-04-16,0.2491098412949456,NORMAL,5,4,False
2025-04-17,0.0556914629409322,NORMAL,5,4,False
2025-04-18,0.0664131479935866,NORMAL,4,4,False
2025-04-19,0.0872824993956309,NORMAL,4,4,False
2025-04-20,0.1582925174055715,NORMAL,4,4,False
2025-04-21,0.0746858584825466,NORMAL,4,4,False
2025-04-22,0.0780649798311644,NORMAL,4,4,False
2025-04-23,0.5645224425491323,WARNING,5,4,True
2025-04-24,0.4356981597547113,NORMAL,5,4,False
2025-04-25,0.1805934515848062,NORMAL,4,4,False
2025-04-26,0.0410829326828157,NORMAL,4,4,False
2025-04-27,0.0996545539961039,NORMAL,4,4,False
2025-04-28,0.0491735459320056,NORMAL,4,4,False
2025-04-29,0.2323785670400881,NORMAL,4,4,False
2025-04-30,0.2183739903768534,NORMAL,5,4,False
2025-05-01,0.1062648465804462,NORMAL,5,5,False
2025-05-02,0.0675853156583598,NORMAL,4,5,False
2025-05-03,0.0618189020435867,NORMAL,4,5,False
2025-05-04,0.0746388928539898,NORMAL,4,5,False
2025-05-05,0.1127266165308492,NORMAL,4,5,False
2025-05-06,0.1024784448036047,NORMAL,4,5,False
2025-05-07,0.0949515020306439,NORMAL,5,5,False
2025-05-08,0.1741283769032961,NORMAL,5,5,False
2025-05-09,0.0825259656459726,NORMAL,4,5,False
2025-05-10,0.229866473707292,NORMAL,4,5,False
2025-05-11,0.368922948847497,NORMAL,4,5,False
2025-05-12,0.2660574288533926,NORMAL,4,5,False
2025-05-13,0.1207946687342228,NORMAL,4,5,False
2025-05-14,0.3413347156780583,NORMAL,5,5,False
2025-05-15,0.2130107559555021,NORMAL,5,5,False
2025-05-16,0.3077658668330634,NORMAL,4,5,False
2025-05-17,0.078964482867609,NORMAL,4,5,False
2025-05-18,0.0631575740207965,NORMAL,4,5,False
2025-05-19,0.1179232934545039,NORMAL,4,5,False
2025-05-20,0.1136537423387101,NORMAL,4,5,False
2025-05-21,0.6849195566232448,NORMAL,5,5,False
2025-05-22,0.5458948169014426,NORMAL,5,5,False
2025-05-23,0.5185154754612876,NORMAL,4,5,False
2025-05-24,0.4433625014284443,NORMAL,4,5,False
2025-05-25,0.4198971558029958,NORMAL,4,5,False
2025-05-26,0.3762272145300562,NORMAL,4,5,False
2025-05-27,0.4378183787762171,NORMAL,4,5,False
2025-05-28,0.0491555234991344,NORMAL,5,5,False
2025-05-29,0.1072190367263626,NORMAL,5,5,False
2025-05-30,0.1304564763797122,NORMAL,4,5,False
2025-05-31,0.1117561593111044,NORMAL,4,5,False
2025-06-01,0.1412697322810275,NORMAL,4,6,False
2025-06-02,0.1877735248567413,NORMAL,4,6,False
2025-06-03,0.2664616043274012,NORMAL,4,6,False
2025-06-04,0.3533389513470142,NORMAL,5,6,False
2025-06-05,0.200321884773957,NORMAL,5,6,False
2025-06-06,0.2637496534123571,NORMAL,4,6,False
2025-06-07,0.4122060347921021,NORMAL,4,6,False
2025-06-08,0.2796566808182652,NORMAL,4,6,False
2025-06-09,0.3699898244397036,NORMAL,4,6,False
2025-06-10,0.2071659220029292,NORMAL,4,6,False
2025-06-11,0.3068115046839879,NORMAL,5,6,False
2025-06-12,0.3033877396896725,NORMAL,5,6,False
2025-06-13,0.1103678012815906,NORMAL,4,6,False
2025-06-14,0.1469922106014307,NORMAL,4,6,False
2025-06-15,0.0992499190916016,NORMAL,4,6,False
2025-06-16,0.204045431268065,NORMAL,4,6,False
2025-06-17,0.0871616916732486,NORMAL,4,6,False
2025-06-18,0.5336753920884234,NORMAL,5,6,False
2025-06-19,0.3487350957345163,NORMAL,5,6,False
2025-06-20,0.0778906808916199,NORMAL,4,6,False
2025-06-21,0.123723336157354,NORMAL,4,6,False
2025-06-22,0.0461070599548102,NORMAL,4,6,False
2025-06-23,0.1142510392015974,NORMAL,4,6,False
2025-06-24,0.2057434055741031,NORMAL,4,6,False
2025-06-25,0.0962169948490663,NORMAL,5,6,False
2025-06-26,0.057273457489678,NORMAL,5,6,False
2025-06-27,0.0954298077433844,NORMAL,4,6,False
2025-06-28,0.0346114318863957,NORMAL,4,6,False
2025-06-29,0.2496234947820308,NORMAL,4,6,False
2025-06-30,0.1689064366061444,NORMAL,4,6,False
2025-07-01,0.2117160777508457,NORMAL,4,7,False
2025-07-02,0.4553687793289326,NORMAL,5,7,False
2025-07-03,0.2311786729456295,NORMAL,5,7,False
2025-07-04,0.1646905630208183,NORMAL,4,7,False
2025-07-05,0.3355811044266162,NORMAL,4,7,False
2025-07-06,0.2019954684493351,NORMAL,4,7,False
2025-07-07,0.0484007031994061,NORMAL,4,7,False
2025-07-08,0.0943834500498833,NORMAL,4,7,False
2025-07-09,0.0415474402468501,NORMAL,5,7,False
2025-07-10,0.0809520787588306,NORMAL,5,7,False
2025-07-11,0.1791228049518905,NORMAL,4,7,False
2025-07-12,0.3399278354782677,NORMAL,4,7,False
2025-07-13,0.3435458284481595,NORMAL,4,7,False
2025-07-14,0.2888863963268337,NORMAL,4,7,False
2025-07-15,0.2992103433120986,NORMAL,4,7,False
2025-07-16,0.1252073224445787,NORMAL,5,7,False
2025-07-17,0.0287991859304075,NORMAL,5,7,False
2025-07-18,0.0687955181842317,NORMAL,4,7,False
2025-07-19,0.1116547781027163,NORMAL,4,7,False
2025-07-20,0.2354628154586137,NORMAL,4,7,False
2025-07-21,0.1581119683443846,NORMAL,4,7,False
2025-07-22,0.1371582947534965,NORMAL,4,7,False
2025-07-23,0.0841384644174998,NORMAL,5,7,False
2025-07-24,0.0182261581161846,NORMAL,5,7,False
2025-07-25,0.0688451813971825,NORMAL,4,7,False
2025-07-26,0.0941777421546766,NORMAL,4,7,False
2025-07-27,0.1210760959858631,NORMAL,4,7,False
2025-07-28,0.1374854783769007,NORMAL,4,7,False
2025-07-29,0.3413378734545964,NORMAL,4,7,False
2025-07-30,0.0360075505528258,NORMAL,5,7,False
2025-07-31,0.2299049922890889,NORMAL,5,7,False
2025-08-01,0.2042082841647272,NORMAL,4,8,False
2025-08-02,0.0869549689467211,NORMAL,4,8,False
2025-08-03,0.0715005453335109,NORMAL,4,8,False
2025-08-04,0.1281388331608535,NORMAL,4,8,False
2025-08-05,0.1099208751824464,NORMAL,4,8,False
2025-08-06,0.0826998959879193,NORMAL,5,8,False
2025-08-07,0.0799399775678573,NORMAL,5,8,False
2025-08-08,0.0723998333843992,NORMAL,4,8,False
2025-08-09,0.1176077529915763,NORMAL,4,8,False
2025-08-10,0.0930826499802242,NORMAL,4,8,False
2025-08-11,0.0451809532096582,NORMAL,4,8,False
2025-08-12,0.036219741531247,NORMAL,4,8,False
2025-08-13,0.2033776159282272,NORMAL,5,8,False
2025-08-14,0.2776122290417291,NORMAL,5,8,False
2025-08-15,0.4310283265977555,NORMAL,4,8,False
2025-08-16,0.7550555041995876,CRITICAL,4,8,True
2025-08-17,0.397059288121152,NORMAL,4,8,False
2025-08-18,0.4625469990611834,NORMAL,4,8,False
2025-08-19,0.5925975842752884,WARNING,4,8,True
2025-08-20,0.3560023127038854,NORMAL,5,8,False
2025-08-21,0.274852383993157,NORMAL,5,8,False
2025-08-22,0.3202125447597643,NORMAL,4,8,False
2025-08-23,0.1686622160694143,NORMAL,4,8,False
2025-08-24,0.1059907687280216,NORMAL,4,8,False
2025-08-25,0.1137890494392896,NORMAL,4,8,False
2025-08-26,0.1124604290548222,NORMAL,4,8,False
2025-08-27,0.2348711367876956,NORMAL,5,8,False
2025-08-28,0.0140312299551689,NORMAL,5,8,False
2025-08-29,0.0711941583745172,NORMAL,4,8,False
2025-08-30,0.0660531815728018,NORMAL,4,8,False
2025-08-31,0.1430891312860485,NORMAL,4,8,False
2025-09-01,0.2851401858710277,NORMAL,4,9,False
2025-09-02,0.2085417903245401,NORMAL,4,9,False
2025-09-03,0.010872512798372,NORMAL,5,9,False
2025-09-04,0.0563148338915127,NORMAL,5,9,False
2025-09-05,0.1250490676546906,NORMAL,4,9,False
2025-09-06,0.3329601241915679,NORMAL,4,9,False
2025-09-07,0.3783082041417137,NORMAL,4,9,False
2025-09-08,0.2662775808851783,NORMAL,4,9,False
2025-09-09,0.1745099339871966,NORMAL,4,9,False
2025-09-10,0.3090578445399746,NORMAL,5,9,False
2025-09-11,0.2136936845849602,NORMAL,5,9,False
2025-09-12,0.1503402128442363,NORMAL,4,9,False
2025-09-13,0.1623564341043343,NORMAL,4,9,False
2025-09-14,0.4376989886388203,NORMAL,4,9,False
2025-09-15,0.184199605063854,NORMAL,4,9,False
2025-09-16,0.2711206590479271,NORMAL,4,9,False
2025-09-17,0.4060322964409426,NORMAL,5,9,False
2025-09-18,0.3681753191002657,NORMAL,5,9,False
2025-09-19,0.1686433616218528,NORMAL,4,9,False
2025-09-20,0.137459798944951,NORMAL,4,9,False
2025-09-21,0.1965410656827931,NORMAL,4,9,False
2025-09-22,0.1507128878373667,NORMAL,4,9,False
2025-09-23,0.08616201667869,NORMAL,4,9,False
2025-09-24,0.825706062597719,CRITICAL,5,9,True
2025-09-25,0.5206320359978134,NORMAL,5,9,False
2025-09-26,0.18670857256041,NORMAL,4,9,False
2025-09-27,0.3322783440494847,NORMAL,4,9,False
2025-09-28,0.4371204804159986,NORMAL,4,9,False
2025-09-29,0.3870888649513354,NORMAL,4,9,False
2025-09-30,0.5081466526503838,NORMAL,4,9,False
2025-10-01,0.2411397132678454,NORMAL,5,10,False
2025-10-02,0.3275585719954567,NORMAL,5,10,False
2025-10-03,0.2103044374099366,NORMAL,4,10,False
2025-10-04,0.1337946375344645,NORMAL,4,10,False
2025-10-05,0.2955388045720756,NORMAL,4,10,False
2025-10-06,0.2506383763062439,NORMAL,4,10,False
2025-10-07,0.1249664333248877,NORMAL,4,10,False
2025-10-08,0.5476955751627929,NORMAL,5,10,False
2025-10-09,0.4182941149230666,NORMAL,5,10,False
2025-10-10,0.1425436936018389,NORMAL,4,10,False
2025-10-11,0.2322846120084144,NORMAL,4,10,False
2025-10-12,0.0333772632908921,NORMAL,4,10,False
2025-10-13,0.0963368781978547,NORMAL,4,10,False
2025-10-14,0.0440579657064484,NORMAL,4,10,False
2025-10-15,0.1302865484972003,NORMAL,5,10,False
2025-10-16,0.041979194152865,NORMAL,5,10,False
2025-10-17,0.2566077309469958,NORMAL,4,10,False
2025-10-18,0.242701305561843,NORMAL,4,10,False
2025-10-19,0.3000998779444934,NORMAL,4,10,False
2025-10-20,0.2505023528397065,NORMAL,4,10,False
2025-10-21,0.2396998762437874,NORMAL,4,10,False
2025-10-22,0.0188838854255981,NORMAL,5,10,False
2025-10-23,0.0575486720852217,NORMAL,5,10,False
2025-10-24,0.2962512159797111,NORMAL,4,10,False
2025-10-25,0.6444984862666799,WARNING,4,10,True
2025-10-26,0.7046562928657094,WARNING,4,10,True
2025-10-27,0.6749905745137721,WARNING,4,10,True
2025-10-28,0.4377693007221647,NORMAL,4,10,False
2025-10-29,0.4311624428877891,NORMAL,5,10,False
2025-10-30,0.2642396464281061,NORMAL,5,10,False
2025-10-31,0.3774012436251812,NORMAL,4,10,False
2025-11-01,0.6515440100210905,WARNING,4,11,True
2025-11-02,0.3374254517344797,NORMAL,4,11,False
2025-11-03,0.3355993497313426,NORMAL,4,11,False
2025-11-04,0.4289553241493483,NORMAL,4,11,False
2025-11-05,0.1084389104653418,NORMAL,5,11,False
2025-11-06,0.2059654295255592,NORMAL,5,11,False
2025-11-07,0.4696096119495058,NORMAL,4,11,False
2025-11-08,0.289697672752663,NORMAL,4,11,False
2025-11-09,0.5433538027410001,NORMAL,4,11,False
2025-11-10,0.3076515325300308,NORMAL,4,11,False
2025-11-11,0.2249891935995267,NORMAL,4,11,False
2025-11-12,0.8121075683867196,CRITICAL,5,11,True
2025-11-13,0.3249113881121397,NORMAL,5,11,False
2025-11-14,0.0897510723710797,NORMAL,4,11,False
2025-11-15,0.2436567348874668,NORMAL,4,11,False
2025-11-16,0.3393856148700598,NORMAL,4,11,False
2025-11-17,0.1886642040402109,NORMAL,4,11,False
2025-11-18,0.2108235143259374,NORMAL,4,11,False
2025-11-19,0.7294705091864133,CRITICAL,5,11,True
2025-11-20,0.5867110589977463,NORMAL,5,11,False
2025-11-21,0.4200297445654896,NORMAL,4,11,False
2025-11-22,0.5819459111251062,NORMAL,4,11,False
2025-11-23,0.5217099389252543,NORMAL,4,11,False
2025-11-24,0.3299717200314839,NORMAL,4,11,False
2025-11-25,0.3841616371634745,NORMAL,4,11,False
2025-11-26,0.2309947072426807,NORMAL,5,11,False
2025-11-27,0.3299780533651939,NORMAL,5,11,False
2025-11-28,0.3556328788579298,NORMAL,4,11,False
2025-11-29,0.7455502184149756,CRITICAL,4,11,True
2025-11-30,0.3634734602888596,NORMAL,4,11,False
2025-12-01,0.2993674435304252,NORMAL,4,12,False
2025-12-02,0.2584649175505744,NORMAL,4,12,False
2025-12-03,0.2770525994250438,NORMAL,4,12,False
2025-12-04,0.3013426472316747,NORMAL,4,12,False
2025-12-05,0.4234703548609751,NORMAL,3,12,False
2025-12-06,0.5243772700560129,NORMAL,3,12,False
2025-12-07,0.3816893773830181,NORMAL,3,12,False
2025-12-08,0.284701724181813,NORMAL,3,12,False
2025-12-09,0.2536920396342642,NORMAL,3,12,False
2025-12-10,0.2863081240031417,NORMAL,3,12,False
2025-12-11,0.2175894448462742,NORMAL,3,12,False
2025-12-12,0.1750987706627652,NORMAL,2,12,False
2025-12-13,0.2768382934908145,NORMAL,2,12,False
2025-12-14,0.3509479220465111,NORMAL,2,12,False
2025-12-15,0.3289249716510425,NORMAL,2,12,False
2025-12-16,0.2167210730110529,NORMAL,2,12,False
2025-12-17,0.2649508353703842,NORMAL,2,12,False
2025-12-18,0.3102743328007014,NORMAL,2,12,False
