date,score,level,n_predictions,month,is_anomaly
2014-01-08,0.1233586128788895,NORMAL,2,1,False
2014-01-09,0.1458116618915693,NORMAL,2,1,False
2014-01-10,0.1593940172392964,NORMAL,2,1,False
2014-01-11,0.1215558985198364,NORMAL,2,1,False
2014-01-12,0.0911628948781663,NORMAL,2,1,False
2014-01-13,0.0903390214303844,NORMAL,2,1,False
2014-01-14,0.0852140313451397,NORMAL,2,1,False
2014-01-15,0.1185296748693222,NORMAL,3,1,False
2014-01-16,0.0994502679120922,NORMAL,3,1,False
2014-01-17,0.1093695208298757,NORMAL,3,1,False
2014-01-18,0.1523721570818002,NORMAL,3,1,False
2014-01-19,0.120020151426825,NORMAL,3,1,False
2014-01-20,0.1716100340261211,NORMAL,3,1,False
2014-01-21,0.170801972320141,NORMAL,3,1,False
2014-01-22,0.271508454423485,NORMAL,4,1,False
2014-01-23,0.3702072566020005,NORMAL,4,1,False
2014-01-24,0.3204103826555194,NORMAL,4,1,False
2014-01-25,0.2668238665458628,NORMAL,4,1,False
2014-01-26,0.3036626198340948,NORMAL,4,1,False
2014-01-27,0.3297795925207971,NORMAL,4,1,False
2014-01-28,0.2457135660257722,NORMAL,4,1,False
2014-01-29,0.3268476442430284,NORMAL,5,1,False
2014-01-30,0.4335937445391239,NORMAL,5,1,False
2014-01-31,0.2430560296839003,NORMAL,4,1,False
2014-02-01,0.3228693261161803,NORMAL,4,2,False
2014-02-02,0.3797963356726094,NORMAL,4,2,False
2014-02-03,0.2757142588532796,NORMAL,4,2,False
2014-02-04,0.2129955392046643,NORMAL,4,2,False
2014-02-05,0.289529038352784,NORMAL,5,2,False
2014-02-06,0.1246949372717509,NORMAL,5,2,False
2014-02-07,0.0951683136762301,NORMAL,4,2,False
2014-02-08,0.0499612469989969,NORMAL,4,2,False
2014-02-09,0.0431846666086966,NORMAL,4,2,False
2014-02-10,0.0297734349797451,NORMAL,4,2,False
2014-02-11,0.0594803076832728,NORMAL,4,2,False
2014-02-12,0.0364168156547881,NORMAL,5,2,False
2014-02-13,0.0595280270326206,NORMAL,5,2,False
2014-02-14,0.0293699763185344,NORMAL,4,2,False
2014-02-15,0.0556617325573709,NORMAL,4,2,False
2014-02-16,0.011372528949194,NORMAL,4,2,False
2014-02-17,0.0188330349557699,NORMAL,4,2,False
2014-02-18,0.0246809508145583,NORMAL,4,2,False
2014-02-19,0.0297208912074962,NORMAL,5,2,False
2014-02-20,0.0616367903761696,NORMAL,5,2,False
2014-02-21,0.0622428579416856,NORMAL,4,2,False
2014-02-22,0.0408194921389565,NORMAL,4,2,False
2014-02-23,0.0338822422975342,NORMAL,4,2,False
2014-02-24,0.0108492725157455,NORMAL,4,2,False
2014-02-25,0.0091095043161109,NORMAL,4,2,False
2014-02-26,0.0381396362209379,NORMAL,5,2,False
2014-02-27,0.0819753449828162,NORMAL,5,2,False
2014-02-28,0.0078342877655295,NORMAL,4,2,False
2014-03-01,0.0411472841401258,NORMAL,4,3,False
2014-03-02,0.0039476480261715,NORMAL,4,3,False
2014-03-03,0.0497355336528453,NORMAL,4,3,False
2014-03-04,0.0567890141225108,NORMAL,4,3,False
2014-03-05,0.1306619957691602,NORMAL,5,3,False
2014-03-06,0.1441524495109463,NORMAL,5,3,False
2014-03-07,0.1552904390282594,NORMAL,4,3,False
2014-03-08,0.1251844629094339,NORMAL,4,3,False
2014-03-09,0.1343745088280604,NORMAL,4,3,False
2014-03-10,0.1516796833905997,NORMAL,4,3,False
2014-03-11,0.1319233672233648,NORMAL,4,3,False
2014-03-12,0.2220390953686729,NORMAL,5,3,False
2014-03-13,0.2495244021400255,NORMAL,5,3,False
2014-03-14,0.1968431444622634,NORMAL,4,3,False
2014-03-15,0.1870076793669837,NORMAL,4,3,False
2014-03-16,0.2217618345001109,NORMAL,4,3,False
2014-03-17,0.2035695657558568,NORMAL,4,3,False
2014-03-18,0.202036837397407,NORMAL,4,3,False
2014-03-19,0.3675794677635974,CRITICAL,5,3,True
2014-03-20,0.3229406267383742,WARNING,5,3,True
2014-03-21,0.347637895528662,CRITICAL,4,3,True
2014-03-22,0.3533834602921661,WARNING,4,3,True
2014-03-23,0.3559232123477397,WARNING,4,3,True
2014-03-24,0.2963251402903166,NORMAL,4,3,False
2014-03-25,0.2991218433353181,NORMAL,4,3,False
2014-03-26,0.3824729578362703,CRITICAL,5,3,True
2014-03-27,0.3050718730351091,NORMAL,5,3,False
2014-03-28,0.322082996403152,NORMAL,4,3,False
2014-03-29,0.3640596882900249,WARNING,4,3,True
2014-03-30,0.3610085800381757,WARNING,4,3,True
2014-03-31,0.3676042942476273,CRITICAL,4,3,True
2014-04-01,0.3971063772234968,CRITICAL,4,4,True
2014-04-02,0.4670374466562088,CRITICAL,5,4,True
2014-04-03,0.505852550327041,CRITICAL,5,4,True
2014-04-04,0.4700563834873905,CRITICAL,4,4,True
2014-04-05,0.4835258806584974,CRITICAL,4,4,True
2014-04-06,0.4514574930711664,CRITICAL,4,4,True
2014-04-07,0.3992951872043837,WARNING,4,4,True
2014-04-08,0.4036233260204973,WARNING,4,4,True
2014-04-09,0.3660388545031977,NORMAL,5,4,False
2014-04-10,0.4040758926028199,WARNING,5,4,True
2014-04-11,0.3657459457170838,NORMAL,4,4,False
2014-04-12,0.3963562577501023,WARNING,4,4,True
2014-04-13,0.4054245208835176,WARNING,4,4,True
2014-04-14,0.3270518916030167,NORMAL,4,4,False
2014-04-15,0.3737619437722932,NORMAL,4,4,False
2014-04-16,0.3129869530299508,NORMAL,5,4,False
2014-04-17,0.2179812232814679,NORMAL,5,4,False
2014-04-18,0.3296872436362332,NORMAL,4,4,False
2014-04-19,0.3103389218456308,NORMAL,4,4,False
2014-04-20,0.25006203386869,NORMAL,4,4,False
2014-04-21,0.2436679216865554,NORMAL,4,4,False
2014-04-22,0.2412512241871767,NORMAL,4,4,False
2014-04-23,0.0158499491056242,NORMAL,5,4,False
2014-04-24,0.0252918944380442,NORMAL,5,4,False
2014-04-25,0.0437753898220303,NORMAL,4,4,False
2014-04-26,0.059024638938309,NORMAL,4,4,False
2014-04-27,0.0903432101657233,NORMAL,4,4,False
2014-04-28,0.1217104773428069,NORMAL,4,4,False
2014-04-29,0.1051067420792551,NORMAL,4,4,False
2014-04-30,0.0845906167437247,NORMAL,5,4,False
2014-05-01,0.0553527210646255,NORMAL,5,5,False
2014-05-02,0.1066404460228338,NORMAL,4,5,False
2014-05-03,0.1201241839192409,NORMAL,4,5,False
2014-05-04,0.1090364708705192,NORMAL,4,5,False
2014-05-05,0.121127351322493,NORMAL,4,5,False
2014-05-06,0.1345879708547762,NORMAL,4,5,False
2014-05-07,0.2830301279731146,NORMAL,5,5,False
2014-05-08,0.2549565367129761,NORMAL,5,5,False
2014-05-09,0.2305440892961714,NORMAL,4,5,False
2014-05-10,0.2121238721413816,NORMAL,4,5,False
2014-05-11,0.1999509768817004,NORMAL,4,5,False
2014-05-12,0.2848932970459644,NORMAL,4,5,False
2014-05-13,0.2491672147988601,NORMAL,4,5,False
2014-05-14,0.3965390801470825,WARNING,5,5,True
2014-05-15,0.5209448056006656,CRITICAL,5,5,True
2014-05-16,0.4629806894237812,CRITICAL,4,5,True
2014-05-17,0.4072370760771762,WARNING,4,5,True
2014-05-18,0.4277102100134107,WARNING,4,5,True
2014-05-19,0.396089753683762,NORMAL,4,5,False
2014-05-20,0.4114454746606134,WARNING,4,5,True
2014-05-21,0.5038157153402675,CRITICAL,5,5,True
2014-05-22,0.503581398677192,CRITICAL,5,5,True
2014-05-23,0.4774004676645987,CRITICAL,4,5,True
2014-05-24,0.4518798179551159,WARNING,4,5,True
2014-05-25,0.4477009605054084,WARNING,4,5,True
2014-05-26,0.4464962547658093,WARNING,4,5,True
2014-05-27,0.4431783268601352,WARNING,4,5,True
2014-05-28,0.4584740911460179,WARNING,5,5,True
2014-05-29,0.4371867270853892,NORMAL,5,5,False
2014-05-30,0.3921182396496507,NORMAL,4,5,False
2014-05-31,0.3593118636447363,NORMAL,4,5,False
2014-06-01,0.3460112542412339,NORMAL,4,6,False
2014-06-02,0.3148969469779842,NORMAL,4,6,False
2014-06-03,0.3106794950925658,NORMAL,4,6,False
2014-06-04,0.1919298205850544,NORMAL,5,6,False
2014-06-05,0.1761391990144147,NORMAL,5,6,False
2014-06-06,0.1399951947518413,NORMAL,4,6,False
2014-06-07,0.1415895950630704,NORMAL,4,6,False
2014-06-08,0.1466183089111561,NORMAL,4,6,False
2014-06-09,0.173515900112913,NORMAL,4,6,False
2014-06-10,0.1344288056951505,NORMAL,4,6,False
2014-06-11,0.0172620325340022,NORMAL,5,6,False
2014-06-12,0.0599560725166223,NORMAL,5,6,False
2014-06-13,0.0848067531368603,NORMAL,4,6,False
2014-06-14,0.1097022175362974,NORMAL,4,6,False
2014-06-15,0.1377916580356773,NORMAL,4,6,False
2014-06-16,0.1560195408677373,NORMAL,4,6,False
2014-06-17,0.1724520589351622,NORMAL,4,6,False
2014-06-18,0.3330374683810754,NORMAL,5,6,False
2014-06-19,0.3621297101798278,NORMAL,5,6,False
2014-06-20,0.3689169712739717,NORMAL,4,6,False
2014-06-21,0.3735393864461665,NORMAL,4,6,False
2014-06-22,0.3746464749801179,NORMAL,4,6,False
2014-06-23,0.372205669505723,NORMAL,4,6,False
2014-06-24,0.3815451524636526,NORMAL,4,6,False
2014-06-25,0.4199368501431019,NORMAL,5,6,False
2014-06-26,0.3599648673008051,NORMAL,5,6,False
2014-06-27,0.2928398155111426,NORMAL,4,6,False
2014-06-28,0.3037217723983093,NORMAL,4,6,False
2014-06-29,0.3265163246853387,NORMAL,4,6,False
2014-06-30,0.3600091739709113,NORMAL,4,6,False
2014-07-01,0.3823747909484354,NORMAL,4,7,False
2014-07-02,0.3824782236144223,NORMAL,5,7,False
2014-07-03,0.3838028478129809,NORMAL,5,7,False
2014-07-04,0.4132784684728511,NORMAL,4,7,False
2014-07-05,0.4470529930924119,WARNING,4,7,True
2014-07-06,0.4238499964881831,NORMAL,4,7,False
2014-07-07,0.4329835395552598,WARNING,4,7,True
2014-07-08,0.3986458707176188,NORMAL,4,7,False
2014-07-09,0.3376648582414353,NORMAL,5,7,False
2014-07-10,0.3398666161066181,NORMAL,5,7,False
2014-07-11,0.3537055262673559,NORMAL,4,7,False
2014-07-12,0.3634139886195835,NORMAL,4,7,False
2014-07-13,0.3717605928923741,NORMAL,4,7,False
2014-07-14,0.3933316786818449,NORMAL,4,7,False
2014-07-15,0.4090655149682169,NORMAL,4,7,False
2014-07-16,0.4055271681352242,NORMAL,5,7,False
2014-07-17,0.3071411468116856,NORMAL,5,7,False
2014-07-18,0.2821464151016313,NORMAL,4,7,False
2014-07-19,0.2802162457732727,NORMAL,4,7,False
2014-07-20,0.272663062175581,NORMAL,4,7,False
2014-07-21,0.2419846584453155,NORMAL,4,7,False
2014-07-22,0.2684169768032189,NORMAL,4,7,False
2014-07-23,0.1993938891539518,NORMAL,5,7,False
2014-07-24,0.1492857482952003,NORMAL,5,7,False
2014-07-25,0.2017763738455977,NORMAL,4,7,False
2014-07-26,0.2074952255976639,NORMAL,4,7,False
2014-07-27,0.211431522323155,NORMAL,4,7,False
2014-07-28,0.2280989427575057,NORMAL,4,7,False
2014-07-29,0.2120609258677952,NORMAL,4,7,False
2014-07-30,0.1375828718314707,NORMAL,5,7,False
2014-07-31,0.0317786949881718,NORMAL,5,7,False
2014-08-01,0.0357274001195851,NORMAL,4,8,False
2014-08-02,0.0279897408349175,NORMAL,4,8,False
2014-08-03,0.0434638413369843,NORMAL,4,8,False
2014-08-04,0.0615521322969105,NORMAL,4,8,False
2014-08-05,0.0619494612297892,NORMAL,4,8,False
2014-08-06,0.0368921164684553,NORMAL,5,8,False
2014-08-07,0.0602006436885172,NORMAL,5,8,False
2014-08-08,0.027208551932589,NORMAL,4,8,False
2014-08-09,0.0422849874459115,NORMAL,4,8,False
2014-08-10,0.0568527133694798,NORMAL,4,8,False
2014-08-11,0.0543859957382431,NORMAL,4,8,False
2014-08-12,0.0469591036568861,NORMAL,4,8,False
2014-08-13,0.1217651606388662,NORMAL,5,8,False
2014-08-14,0.126988548916575,NORMAL,5,8,False
2014-08-15,0.198268448410446,NORMAL,4,8,False
2014-08-16,0.1762388416617399,NORMAL,4,8,False
2014-08-17,0.1481063176202715,NORMAL,4,8,False
2014-08-18,0.1681899375937919,NORMAL,4,8,False
2014-08-19,0.1409925426626609,NORMAL,4,8,False
2014-08-20,0.1350148779940774,NORMAL,5,8,False
2014-08-21,0.2342637290552228,NORMAL,5,8,False
2014-08-22,0.277694713766324,NORMAL,4,8,False
2014-08-23,0.2587690920479106,NORMAL,4,8,False
2014-08-24,0.3184827347326111,NORMAL,4,8,False
2014-08-25,0.3130152069777315,NORMAL,4,8,False
2014-08-26,0.2883469031905218,NORMAL,4,8,False
2014-08-27,0.2619028575855942,NORMAL,5,8,False
2014-08-28,0.318826886064187,NORMAL,5,8,False
2014-08-29,0.3023615181009979,NORMAL,4,8,False
2014-08-30,0.3205719770703573,NORMAL,4,8,False
2014-08-31,0.2991264831878054,NORMAL,4,8,False
2014-09-01,0.286801608087194,NORMAL,4,9,False
2014-09-02,0.2918841152005741,NORMAL,4,9,False
2014-09-03,0.251777077616483,NORMAL,5,9,False
2014-09-04,0.2511533987453069,NORMAL,5,9,False
2014-09-05,0.2041386049502282,NORMAL,4,9,False
2014-09-06,0.2237422092176203,NORMAL,4,9,False
2014-09-07,0.2195906729302396,NORMAL,4,9,False
2014-09-08,0.2245438507446685,NORMAL,4,9,False
2014-09-09,0.2108783910831075,NORMAL,4,9,False
2014-09-10,0.1700131505120455,NORMAL,5,9,False
2014-09-11,0.1712530747958981,NORMAL,5,9,False
2014-09-12,0.1686782233047488,NORMAL,4,9,False
2014-09-13,0.2542478743640994,NORMAL,4,9,False
2014-09-14,0.2775528180957321,NORMAL,4,9,False
2014-09-15,0.2750321523044788,NORMAL,4,9,False
2014-09-16,0.2917510667022582,NORMAL,4,9,False
2014-09-17,0.3209331934316053,NORMAL,5,9,False
2014-09-18,0.2986356812820352,NORMAL,5,9,False
2014-09-19,0.2701922591441453,NORMAL,4,9,False
2014-09-20,0.2951754074972204,NORMAL,4,9,False
2014-09-21,0.2919873484039912,NORMAL,4,9,False
2014-09-22,0.2840437672902163,NORMAL,4,9,False
2014-09-23,0.2601049729959019,NORMAL,4,9,False
2014-09-24,0.216645547206569,NORMAL,5,9,False
2014-09-25,0.1951378769982547,NORMAL,5,9,False
2014-09-26,0.1888331770135218,NORMAL,4,9,False
2014-09-27,0.1841172979498093,NORMAL,4,9,False
2014-09-28,0.1880590614556476,NORMAL,4,9,False
2014-09-29,0.1776456763831022,NORMAL,4,9,False
2014-09-30,0.1870198333151208,NORMAL,4,9,False
2014-10-01,0.0755437365068668,NORMAL,5,10,False
2014-10-02,0.0733798148617432,NORMAL,5,10,False
2014-10-03,0.066354698406459,NORMAL,4,10,False
2014-10-04,0.0545083831206952,NORMAL,4,10,False
2014-10-05,0.0710774926185602,NORMAL,4,10,False
2014-10-06,0.1268438781097305,NORMAL,4,10,False
2014-10-07,0.107836587607743,NORMAL,4,10,False
2014-10-08,0.0743216301136482,NORMAL,5,10,False
2014-10-09,0.0641662171243012,NORMAL,5,10,False
2014-10-10,0.0920193740796006,NORMAL,4,10,False
2014-10-11,0.0819532255535417,NORMAL,4,10,False
2014-10-12,0.0912482593960922,NORMAL,4,10,False
2014-10-13,0.0513490543260109,NORMAL,4,10,False
2014-10-14,0.0646653039734217,NORMAL,4,10,False
2014-10-15,0.004039774119922,NORMAL,5,10,False
2014-10-16,0.0106048745683007,NORMAL,5,10,False
2014-10-17,0.0136074776187533,NORMAL,4,10,False
2014-10-18,0.007638953287564,NORMAL,4,10,False
2014-10-19,0.0188460036746305,NORMAL,4,10,False
2014-10-20,0.0531430628030031,NORMAL,4,10,False
2014-10-21,0.0536864616005842,NORMAL,4,10,False
2014-10-22,0.0679081150786818,NORMAL,5,10,False
2014-10-23,0.1059865061649063,NORMAL,5,10,False
2014-10-24,0.1203745401951935,NORMAL,4,10,False
2014-10-25,0.1226829973598921,NORMAL,4,10,False
2014-10-26,0.1206569936832658,NORMAL,4,10,False
2014-10-27,0.1309703913768169,NORMAL,4,10,False
2014-10-28,0.142609304225371,NORMAL,4,10,False
2014-10-29,0.1837712874665268,NORMAL,5,10,False
2014-10-30,0.2520351755624094,NORMAL,5,10,False
2014-10-31,0.2486051732058675,CRITICAL,4,10,True
2014-11-01,0.2190554878421703,NORMAL,4,11,False
2014-11-02,0.2139707011787812,NORMAL,4,11,False
2014-11-03,0.2328250028233684,NORMAL,4,11,False
2014-11-04,0.2352014103812902,NORMAL,4,11,False
2014-11-05,0.2681659478752178,NORMAL,5,11,False
2014-11-06,0.3119854619782758,NORMAL,5,11,False
2014-11-07,0.3192511467824939,NORMAL,4,11,False
2014-11-16,0.3136012373545819,NORMAL,4,11,False
2014-11-17,0.3238188282331775,NORMAL,4,11,False
2014-11-18,0.3346089412035438,NORMAL,4,11,False
2014-11-19,0.2731290584731327,NORMAL,5,11,False
2014-11-20,0.2490738909743478,NORMAL,5,11,False
2014-11-21,0.2504671438052568,NORMAL,4,11,False
2014-11-22,0.2605826731301016,NORMAL,4,11,False
2014-11-23,0.2406542000491255,NORMAL,4,11,False
2014-11-24,0.2510095499811362,NORMAL,4,11,False
2014-11-25,0.2694549512682047,NORMAL,4,11,False
2014-11-26,0.2049790747510913,NORMAL,5,11,False
2014-11-27,0.2351020360048224,NORMAL,5,11,False
2014-11-28,0.2442799345283193,NORMAL,4,11,False
2014-11-29,0.2079606063985377,NORMAL,4,11,False
2014-11-30,0.2346847981183362,NORMAL,4,11,False
2014-12-01,0.2289874059400756,NORMAL,4,12,False
2014-12-02,0.2066469179383002,NORMAL,4,12,False
2014-12-03,0.1710911357419051,NORMAL,5,12,False
2014-12-04,0.158217317143325,NORMAL,5,12,False
2014-12-05,0.1550751434470964,NORMAL,4,12,False
2014-12-06,0.1735142084131592,NORMAL,4,12,False
2014-12-07,0.1951793787720897,NORMAL,4,12,False
2014-12-08,0.1944652501099326,NORMAL,4,12,False
2014-12-09,0.209841436272826,NORMAL,4,12,False
2014-12-10,0.1467018395934162,NORMAL,5,12,False
2014-12-11,0.1213933127485339,NORMAL,5,12,False
2014-12-12,0.1223736141498552,NORMAL,4,12,False
2014-12-13,0.0954488340576914,NORMAL,4,12,False
2014-12-14,0.1203713245843096,NORMAL,4,12,False
2014-12-15,0.1180223989407418,NORMAL,4,12,False
2014-12-16,0.1151927803876762,NORMAL,4,12,False
2014-12-17,0.0691126104067743,NORMAL,5,12,False
2014-12-18,0.0835277998539384,NORMAL,5,12,False
2014-12-19,0.0483114762645722,NORMAL,4,12,False
2014-12-20,0.0484285878055551,NORMAL,4,12,False
2014-12-21,0.0538449294886069,NORMAL,4,12,False
2014-12-22,0.0431329534611363,NORMAL,4,12,False
2014-12-23,0.0614026747356403,NORMAL,4,12,False
2014-12-24,0.037349944038603,NORMAL,5,12,False
2014-12-25,0.0267554338558485,NORMAL,5,12,False
2014-12-26,0.0090700919020334,NORMAL,4,12,False
2014-12-27,0.0229964628780261,NORMAL,4,12,False
2014-12-28,0.0300005022770127,NORMAL,4,12,False
2014-12-29,0.0392339713083454,NORMAL,4,12,False
2014-12-30,0.033733666006449,NORMAL,4,12,False
2014-12-31,0.1351125840173768,NORMAL,5,12,False
2015-01-01,0.1048482170338761,NORMAL,5,1,False
2015-01-02,0.0864666229900467,NORMAL,4,1,False
2015-01-03,0.0672377075716413,NORMAL,4,1,False
2015-01-04,0.0445630394162939,NORMAL,4,1,False
2015-01-05,0.0468387085402648,NORMAL,4,1,False
2015-01-06,0.0521888570459441,NORMAL,4,1,False
2015-01-07,0.0314986296107314,NORMAL,5,1,False
2015-01-08,0.0173942263042123,NORMAL,5,1,False
2015-01-09,0.0041485194124232,NORMAL,4,1,False
2015-01-10,0.0403597519519308,NORMAL,4,1,False
2015-01-11,0.0544731968686142,NORMAL,4,1,False
2015-01-12,0.0617272378365185,NORMAL,4,1,False
2015-01-13,0.0626864000023651,NORMAL,4,1,False
2015-01-14,0.0185886250428249,NORMAL,5,1,False
2015-01-15,0.0370821011474407,NORMAL,5,1,False
2015-01-16,0.0206301039366669,NORMAL,4,1,False
2015-01-17,0.0212266817712018,NORMAL,4,1,False
2015-01-18,0.0218015430835744,NORMAL,4,1,False
2015-01-19,0.022147922253644,NORMAL,4,1,False
2015-01-20,0.0436017469408668,NORMAL,4,1,False
2015-01-21,0.0099078271615355,NORMAL,5,1,False
2015-01-22,0.0185746264338552,NORMAL,5,1,False
2015-01-23,0.0141972350166051,NORMAL,4,1,False
2015-01-24,0.0332112676337773,NORMAL,4,1,False
2015-01-25,0.0424662137286248,NORMAL,4,1,False
2015-01-26,0.0323864467490228,NORMAL,4,1,False
2015-01-27,0.060112589749888,NORMAL,4,1,False
2015-01-28,0.0492097045674411,NORMAL,5,1,False
2015-01-29,0.0349094793261038,NORMAL,5,1,False
2015-01-30,0.0558084548220617,NORMAL,4,1,False
2015-01-31,0.0687881963962334,NORMAL,4,1,False
2015-02-01,0.0652052478099367,NORMAL,4,2,False
2015-02-02,0.0686906957318936,NORMAL,4,2,False
2015-02-03,0.0713639789268166,NORMAL,4,2,False
2015-02-04,0.0511003666122439,NORMAL,5,2,False
2015-02-05,0.0444018611304014,NORMAL,5,2,False
2015-02-06,0.0406061320715888,NORMAL,4,2,False
2015-02-07,0.0423182143044884,NORMAL,4,2,False
2015-02-08,0.0568610961898796,NORMAL,4,2,False
2015-02-09,0.0520572640810504,NORMAL,4,2,False
2015-02-10,0.0601823720535012,NORMAL,4,2,False
2015-02-11,0.0727642907760751,NORMAL,5,2,False
2015-02-12,0.0630570121576004,NORMAL,5,2,False
2015-02-13,0.0665940498793839,NORMAL,4,2,False
2015-02-14,0.074220919906804,NORMAL,4,2,False
2015-02-15,0.0881395046233303,NORMAL,4,2,False
2015-02-16,0.0888021806071421,NORMAL,4,2,False
2015-02-17,0.0897104753997901,NORMAL,4,2,False
2015-02-18,0.1122895132534788,NORMAL,5,2,False
2015-02-19,0.1253186755906186,NORMAL,5,2,False
2015-02-20,0.1315530852707712,NORMAL,4,2,False
2015-02-21,0.1007267965406961,NORMAL,4,2,False
2015-02-22,0.045581510241022,NORMAL,4,2,False
2015-02-23,0.0303220530785277,NORMAL,4,2,False
2015-02-24,0.0347204589803869,NORMAL,4,2,False
2015-02-25,0.0251761497376031,NORMAL,5,2,False
2015-02-26,0.0604934456083685,NORMAL,5,2,False
2015-02-27,0.0995254595910964,NORMAL,4,2,False
2015-02-28,0.0961571278112444,NORMAL,4,2,False
2015-03-01,0.0649932704959465,NORMAL,4,3,False
2015-03-02,0.0787506374733501,NORMAL,4,3,False
2015-03-03,0.0830542221036107,NORMAL,4,3,False
2015-03-04,0.1024253046051176,NORMAL,5,3,False
2015-03-05,0.119054947223336,NORMAL,5,3,False
2015-03-06,0.108001602084765,NORMAL,4,3,False
2015-03-07,0.1054446056674713,NORMAL,4,3,False
2015-03-08,0.1269245443065449,NORMAL,4,3,False
2015-03-09,0.1308903633462273,NORMAL,4,3,False
2015-03-10,0.1276026416823289,NORMAL,4,3,False
2015-03-11,0.150782782520391,NORMAL,5,3,False
2015-03-12,0.1383672508332354,NORMAL,5,3,False
2015-03-13,0.1537334079925222,NORMAL,4,3,False
2015-03-14,0.1390051735080469,NORMAL,4,3,False
2015-03-15,0.131245700928801,NORMAL,4,3,False
2015-03-16,0.1478196092108452,NORMAL,4,3,False
2015-03-17,0.1510711900811814,NORMAL,4,3,False
2015-03-18,0.1513885949571453,NORMAL,5,3,False
2015-03-19,0.1469504383994452,NORMAL,5,3,False
2015-03-20,0.1646852125345285,NORMAL,4,3,False
2015-03-21,0.171554469026287,NORMAL,4,3,False
2015-03-22,0.1625676195050061,NORMAL,4,3,False
2015-03-23,0.1904771214383602,NORMAL,4,3,False
2015-03-24,0.1883273178436011,NORMAL,4,3,False
2015-03-25,0.2043615693528699,NORMAL,5,3,False
2015-03-26,0.1944281747654715,NORMAL,5,3,False
2015-03-27,0.1863092137529604,NORMAL,4,3,False
2015-03-28,0.1612310409033562,NORMAL,4,3,False
2015-03-29,0.1341719554998816,NORMAL,4,3,False
2015-03-30,0.1372520256315581,NORMAL,4,3,False
2015-03-31,0.1342553988360143,NORMAL,4,3,False
2015-04-01,0.1216274376923933,NORMAL,5,4,False
2015-04-02,0.1002320915556359,NORMAL,5,4,False
2015-04-03,0.1088535451840329,NORMAL,4,4,False
2015-04-04,0.1039387826499353,NORMAL,4,4,False
2015-04-05,0.0575212136799684,NORMAL,4,4,False
2015-04-06,0.0640249359020121,NORMAL,4,4,False
2015-04-07,0.0858733961751527,NORMAL,4,4,False
2015-04-08,0.0142077892057428,NORMAL,5,4,False
2015-04-09,0.0183849785685342,NORMAL,5,4,False
2015-04-10,0.0252414376272626,NORMAL,4,4,False
2015-04-11,0.013687218660023,NORMAL,4,4,False
2015-04-12,0.0245038019772344,NORMAL,4,4,False
2015-04-13,0.0374498614987761,NORMAL,4,4,False
2015-04-14,0.041874430189885,NORMAL,4,4,False
2015-04-15,0.1041255073545867,NORMAL,5,4,False
2015-04-16,0.1099395071534258,NORMAL,5,4,False
2015-04-17,0.1095107227831325,NORMAL,4,4,False
2015-04-18,0.0953870131186284,NORMAL,4,4,False
2015-04-19,0.0827850118988248,NORMAL,4,4,False
2015-04-20,0.0795183962078772,NORMAL,4,4,False
2015-04-21,0.0740191825955966,NORMAL,4,4,False
2015-04-22,0.12273710439966,NORMAL,5,4,False
2015-04-23,0.1246486254809583,NORMAL,5,4,False
2015-04-24,0.1247787259458007,NORMAL,4,4,False
2015-04-25,0.1446582870774465,NORMAL,4,4,False
2015-04-26,0.149294761312352,NORMAL,4,4,False
2015-04-27,0.1480949668474635,NORMAL,4,4,False
2015-04-28,0.1559437931296866,NORMAL,4,4,False
2015-04-29,0.2435104370083024,NORMAL,5,4,False
2015-04-30,0.2170032113136132,NORMAL,5,4,False
2015-05-01,0.21478615017653,NORMAL,4,5,False
2015-05-02,0.2181366548976658,NORMAL,4,5,False
2015-05-03,0.2140556949574445,NORMAL,4,5,False
2015-05-04,0.2000864420636669,NORMAL,4,5,False
2015-05-05,0.1976491462508161,NORMAL,4,5,False
2015-05-06,0.2570837454315234,NORMAL,5,5,False
2015-05-07,0.2658322767809709,NORMAL,5,5,False
2015-05-08,0.2407671653367055,NORMAL,4,5,False
2015-05-09,0.2320534572722793,NORMAL,4,5,False
2015-05-10,0.1983535448456371,NORMAL,4,5,False
2015-05-11,0.2173446120883742,NORMAL,4,5,False
2015-05-12,0.2518487877918873,NORMAL,4,5,False
2015-05-13,0.2037838610633451,NORMAL,5,5,False
2015-05-14,0.16773719026869,NORMAL,5,5,False
2015-05-15,0.1982620787627316,NORMAL,4,5,False
2015-05-16,0.1823725716568605,NORMAL,4,5,False
2015-05-17,0.1495767277376551,NORMAL,4,5,False
2015-05-18,0.127655136351687,NORMAL,4,5,False
2015-05-19,0.1551373391088734,NORMAL,4,5,False
2015-05-20,0.0736320330316009,NORMAL,5,5,False
2015-05-21,0.0582143612831548,NORMAL,5,5,False
2015-05-22,0.0615363366227472,NORMAL,4,5,False
2015-05-23,0.047977089018622,NORMAL,4,5,False
2015-05-24,0.0582765263674091,NORMAL,4,5,False
2015-05-25,0.0420221948617422,NORMAL,4,5,False
2015-05-26,0.0292481419675371,NORMAL,4,5,False
2015-05-27,0.0808184398602604,NORMAL,5,5,False
2015-05-28,0.0691143485808293,NORMAL,5,5,False
2015-05-29,0.0727835356063375,NORMAL,4,5,False
2015-05-30,0.0790739707983403,NORMAL,4,5,False
2015-05-31,0.0829905378095728,NORMAL,4,5,False
2015-06-01,0.0844398685507652,NORMAL,4,6,False
2015-06-02,0.0906023143742331,NORMAL,4,6,False
2015-06-03,0.130037594615564,NORMAL,5,6,False
2015-06-04,0.1516023915801335,NORMAL,5,6,False
2015-06-05,0.1381689964668099,NORMAL,4,6,False
2015-06-06,0.1306255830546795,NORMAL,4,6,False
2015-06-07,0.1001064335507642,NORMAL,4,6,False
2015-06-08,0.1014014495307147,NORMAL,4,6,False
2015-06-09,0.118124565492126,NORMAL,4,6,False
2015-06-10,0.1289265176813625,NORMAL,5,6,False
2015-06-11,0.0905887099080719,NORMAL,5,6,False
2015-06-12,0.0609583478178204,NORMAL,4,6,False
2015-06-13,0.0743981352657,NORMAL,4,6,False
2015-06-14,0.0734605376180693,NORMAL,4,6,False
2015-06-15,0.0732766987940126,NORMAL,4,6,False
2015-06-16,0.0928811031586188,NORMAL,4,6,False
2015-06-17,0.1008417156280359,NORMAL,5,6,False
2015-06-18,0.0333802741019888,NORMAL,5,6,False
2015-06-19,0.0604308362468138,NORMAL,4,6,False
2015-06-20,0.0823529575550645,NORMAL,4,6,False
2015-06-21,0.0842248225593468,NORMAL,4,6,False
2015-06-22,0.1158383755211156,NORMAL,4,6,False
2015-06-23,0.1595306058561523,NORMAL,4,6,False
2015-06-24,0.2194214146260815,NORMAL,5,6,False
2015-06-25,0.2591243467121565,NORMAL,5,6,False
2015-06-26,0.2937506241782039,NORMAL,4,6,False
2015-06-27,0.2799255667468455,NORMAL,4,6,False
2015-06-28,0.3060147613161457,NORMAL,4,6,False
2015-06-29,0.3621778073488896,NORMAL,4,6,False
2015-06-30,0.3994713651906323,CRITICAL,4,6,True
2015-07-01,0.5290981650020592,CRITICAL,5,7,True
2015-07-02,0.5420313955093932,CRITICAL,5,7,True
2015-07-03,0.5270857803558782,CRITICAL,4,7,True
2015-07-04,0.4832552756669578,WARNING,4,7,True
2015-07-05,0.5160845192095285,WARNING,4,7,True
2015-07-06,0.5058456936234776,WARNING,4,7,True
2015-07-07,0.5026477812366753,NORMAL,4,7,False
2015-07-08,0.5437736576673033,CRITICAL,5,7,True
2015-07-09,0.5424206561314909,CRITICAL,5,7,True
2015-07-10,0.5616495058797244,CRITICAL,4,7,True
2015-07-11,0.5965269569040861,CRITICAL,4,7,True
2015-07-12,0.5665312262849004,CRITICAL,4,7,True
2015-07-13,0.5823195301158175,CRITICAL,4,7,True
2015-07-14,0.6289745527567528,CRITICAL,4,7,True
2015-07-15,0.6899185372075086,CRITICAL,5,7,True
2015-07-16,0.6852650665601219,CRITICAL,5,7,True
2015-07-17,0.7005310278376442,CRITICAL,4,7,True
2015-07-18,0.7182906811272282,CRITICAL,4,7,True
2015-07-19,0.7193400382116277,CRITICAL,4,7,True
2015-07-20,0.7398502340417151,CRITICAL,4,7,True
2015-07-21,0.7402741231748317,CRITICAL,4,7,True
2015-07-22,0.7222226312547121,CRITICAL,5,7,True
2015-07-23,0.7839620945873398,CRITICAL,5,7,True
2015-07-24,0.8184324313194916,CRITICAL,4,7,True
2015-07-25,0.8076446673495844,CRITICAL,4,7,True
2015-07-26,0.8108305054658164,CRITICAL,4,7,True
2015-07-27,0.8165336306522218,CRITICAL,4,7,True
2015-07-28,0.8585647867964502,CRITICAL,4,7,True
2015-07-29,0.7213281206360144,NORMAL,5,7,False
2015-07-30,0.77153460449326,WARNING,5,7,True
2015-07-31,0.9349407642553236,CRITICAL,4,7,True
2015-08-01,0.9614854419359063,CRITICAL,4,8,True
2015-08-02,0.8808059073557527,CRITICAL,4,8,True
2015-08-03,0.8678779898076411,CRITICAL,4,8,True
2015-08-04,0.914765923611557,CRITICAL,4,8,True
2015-08-05,0.8456265790670463,WARNING,5,8,True
2015-08-06,0.8959907158012586,CRITICAL,5,8,True
2015-08-07,0.9147800015172022,CRITICAL,4,8,True
2015-08-08,0.7606738662933608,NORMAL,4,8,False
2015-08-09,0.8892025397365858,WARNING,4,8,True
2015-08-10,1.0299732974972466,CRITICAL,4,8,True
2015-08-11,1.0042194190284393,CRITICAL,4,8,True
2015-08-12,0.8146829380110999,NORMAL,5,8,False
2015-08-13,0.8093362007991147,NORMAL,5,8,False
2015-08-14,0.809124487830723,NORMAL,4,8,False
2015-08-15,0.862279637724306,NORMAL,4,8,False
2015-08-16,0.843622323574038,NORMAL,4,8,False
2015-08-17,0.6809062042492697,NORMAL,4,8,False
2015-08-18,0.6886605718878355,NORMAL,4,8,False
2015-08-19,0.2470211330460524,NORMAL,5,8,False
2015-08-20,0.2106911009491118,NORMAL,5,8,False
2015-08-21,0.2958100331508169,NORMAL,4,8,False
2015-08-22,0.2330773099479201,NORMAL,4,8,False
2015-08-23,0.1764317312757135,NORMAL,4,8,False
2015-08-24,0.2804665752710014,NORMAL,4,8,False
2015-08-25,0.3217990188670464,NORMAL,4,8,False
2015-08-26,0.2251889403369314,NORMAL,5,8,False
2015-08-27,0.1953475072961847,NORMAL,5,8,False
2015-08-28,0.2307855535629395,NORMAL,4,8,False
2015-08-29,0.3153184144524639,NORMAL,4,8,False
2015-08-30,0.3361127755620094,NORMAL,4,8,False
2015-08-31,0.424710719773452,NORMAL,4,8,False
2015-09-01,0.353143592810406,CRITICAL,4,9,True
2015-09-02,0.3232036560264351,CRITICAL,5,9,True
2015-09-03,0.3179570838573812,WARNING,5,9,True
2015-09-04,0.3210521031212631,WARNING,4,9,True
2015-09-05,0.3088577817718262,NORMAL,4,9,False
2015-09-06,0.3149419555240991,NORMAL,4,9,False
2015-09-07,0.2907475533620479,NORMAL,4,9,False
2015-09-08,0.286306989244772,NORMAL,4,9,False
2015-09-09,0.3575544017894893,CRITICAL,5,9,True
2015-09-10,0.3525142534584518,CRITICAL,5,9,True
2015-09-11,0.3320692202799115,WARNING,4,9,True
2015-09-12,0.3447166090091775,WARNING,4,9,True
2015-09-13,0.3514313437024863,WARNING,4,9,True
2015-09-14,0.3177309114097466,NORMAL,4,9,False
2015-09-15,0.3266904020080882,NORMAL,4,9,False
2015-09-16,0.3635743598380404,CRITICAL,5,9,True
2015-09-17,0.3406891812026928,NORMAL,5,9,False
2015-09-18,0.3322075210178075,NORMAL,4,9,False
2015-09-19,0.3055058577327122,NORMAL,4,9,False
2015-09-20,0.3050558569946707,NORMAL,4,9,False
2015-09-21,0.2846222382435583,NORMAL,4,9,False
2015-09-22,0.293635911073275,NORMAL,4,9,False
2015-09-23,0.3334596278996938,NORMAL,5,9,False
2015-09-24,0.3257920161526117,NORMAL,5,9,False
2015-09-25,0.3626770282831856,CRITICAL,4,9,True
2015-09-26,0.3666259116377232,CRITICAL,4,9,True
2015-09-27,0.3455997117774735,NORMAL,4,9,False
2015-09-28,0.3236141762226517,NORMAL,4,9,False
2015-09-29,0.3132908133791816,NORMAL,4,9,False
2015-09-30,0.2712010709866331,NORMAL,5,9,False
2015-10-01,0.346833845631022,CRITICAL,5,10,True
2015-10-02,0.3139978701158766,CRITICAL,4,10,True
2015-10-03,0.2701874539981974,WARNING,4,10,True
2015-10-04,0.2687619180158268,WARNING,4,10,True
2015-10-05,0.2700205279434602,WARNING,4,10,True
2015-10-06,0.264764153464529,NORMAL,4,10,False
2015-10-07,0.2065487150949671,NORMAL,5,10,False
2015-10-08,0.2921808619857214,CRITICAL,5,10,True
2015-10-09,0.2748598855895421,WARNING,4,10,True
2015-10-10,0.3315595355632904,CRITICAL,4,10,True
2015-10-11,0.3609670274091657,CRITICAL,4,10,True
2015-10-12,0.3487836573062083,CRITICAL,4,10,True
2015-10-13,0.3411977650051238,WARNING,4,10,True
2015-10-14,0.3193160744039296,NORMAL,5,10,False
2015-10-15,0.2944941588685287,NORMAL,5,10,False
2015-10-16,0.2889888206414434,NORMAL,4,10,False
2015-10-17,0.2865627150665394,NORMAL,4,10,False
2015-10-18,0.2749313521838877,NORMAL,4,10,False
2015-10-19,0.2553915989977755,NORMAL,4,10,False
2015-10-20,0.2543929536565343,NORMAL,4,10,False
2015-10-21,0.1694691452125278,NORMAL,5,10,False
2015-10-22,0.1801726581794556,NORMAL,5,10,False
2015-10-23,0.1714958333342108,NORMAL,4,10,False
2015-10-24,0.151504672298424,NORMAL,4,10,False
2015-10-25,0.1448420815998021,NORMAL,4,10,False
2015-10-26,0.1626479860109768,NORMAL,4,10,False
2015-10-27,0.1646055432383371,NORMAL,4,10,False
2015-10-28,0.0562191265485383,NORMAL,5,10,False
2015-10-29,0.0371344027966753,NORMAL,5,10,False
2015-10-30,0.0409383577136528,NORMAL,4,10,False
2015-10-31,0.0211839765637115,NORMAL,4,10,False
2015-11-01,0.0353861613032589,NORMAL,4,11,False
2015-11-02,0.0385873340794073,NORMAL,4,11,False
2015-11-03,0.0501917435308436,NORMAL,4,11,False
2015-11-04,0.1092557170611279,NORMAL,5,11,False
2015-11-05,0.1380642621639554,NORMAL,5,11,False
2015-11-06,0.1498409278272027,NORMAL,4,11,False
2015-11-07,0.1513924866903896,NORMAL,4,11,False
2015-11-08,0.1505965622282195,NORMAL,4,11,False
2015-11-09,0.1518835238127183,NORMAL,4,11,False
2015-11-10,0.146846969339997,NORMAL,4,11,False
2015-11-11,0.2390419361664645,NORMAL,5,11,False
2015-11-12,0.2133505777732182,NORMAL,5,11,False
2015-11-13,0.223486761230466,NORMAL,4,11,False
2015-11-14,0.204339830324425,NORMAL,4,11,False
2015-11-15,0.2003971034172132,NORMAL,4,11,False
2015-11-16,0.2003086417389956,NORMAL,4,11,False
2015-11-17,0.2060474792723258,NORMAL,4,11,False
2015-11-18,0.2349115103874655,NORMAL,5,11,False
2015-11-19,0.232015836016199,NORMAL,5,11,False
2015-11-20,0.2285288925240882,NORMAL,4,11,False
2015-11-21,0.2187775758880708,NORMAL,4,11,False
2015-11-22,0.2108407437205178,NORMAL,4,11,False
2015-11-23,0.1998051806546859,NORMAL,4,11,False
2015-11-24,0.1850175052984729,NORMAL,4,11,False
2015-11-25,0.1968490952806367,NORMAL,5,11,False
2015-11-26,0.2172457545463889,NORMAL,5,11,False
2015-11-27,0.2351315417813995,NORMAL,4,11,False
2015-11-28,0.2384342395121322,NORMAL,4,11,False
2015-11-29,0.2340500475416076,NORMAL,4,11,False
2015-11-30,0.2292640933843262,NORMAL,4,11,False
2015-12-01,0.2286065787713651,CRITICAL,4,12,True
2015-12-02,0.2240705502725034,CRITICAL,5,12,True
2015-12-03,0.200499005024333,NORMAL,5,12,False
2015-12-04,0.2086566578170773,NORMAL,4,12,False
2015-12-05,0.210626959930599,WARNING,4,12,True
2015-12-06,0.1881071677970349,NORMAL,4,12,False
2015-12-07,0.1641208127078569,NORMAL,4,12,False
2015-12-08,0.1569163555020975,NORMAL,4,12,False
2015-12-09,0.0964313633618042,NORMAL,5,12,False
2015-12-10,0.0883388819973724,NORMAL,5,12,False
2015-12-11,0.0718345157549572,NORMAL,4,12,False
2015-12-12,0.0754883942063279,NORMAL,4,12,False
2015-12-13,0.0606219389982336,NORMAL,4,12,False
2015-12-14,0.0655738928534102,NORMAL,4,12,False
2015-12-15,0.0677237918947048,NORMAL,4,12,False
2015-12-16,0.0015789117134422,NORMAL,5,12,False
2015-12-17,0.0051408160952917,NORMAL,5,12,False
2015-12-18,0.0149440922678842,NORMAL,4,12,False
2015-12-19,0.0257454288340837,NORMAL,4,12,False
2015-12-20,0.0305927087899561,NORMAL,4,12,False
2015-12-21,0.0336427711578656,NORMAL,4,12,False
2015-12-22,0.0411339493011602,NORMAL,4,12,False
2015-12-23,0.0850442231243441,NORMAL,5,12,False
2015-12-24,0.101622449834073,NORMAL,5,12,False
2015-12-25,0.0894451271933538,NORMAL,4,12,False
2015-12-26,0.0808402657014317,NORMAL,4,12,False
2015-12-27,0.0873723171108906,NORMAL,4,12,False
2015-12-28,0.0958259158656099,NORMAL,4,12,False
2015-12-29,0.105698893685686,NORMAL,4,12,False
2015-12-30,0.1815446954599487,NORMAL,5,12,False
2015-12-31,0.1844581815996735,NORMAL,5,12,False
2016-01-01,0.1805652909135231,NORMAL,4,1,False
2016-01-02,0.1865845226610906,NORMAL,4,1,False
2016-01-03,0.187680169784393,NORMAL,4,1,False
2016-01-04,0.1738334298703696,NORMAL,4,1,False
2016-01-05,0.1705856102355069,NORMAL,4,1,False
2016-01-06,0.2343785602154083,NORMAL,5,1,False
2016-01-07,0.2215057116551454,NORMAL,5,1,False
2016-01-08,0.2589473702565843,NORMAL,4,1,False
2016-01-09,0.2749385072105025,WARNING,4,1,True
2016-01-10,0.2722152559648662,NORMAL,4,1,False
2016-01-11,0.2779722187597862,WARNING,4,1,True
2016-01-12,0.2713429391895644,NORMAL,4,1,False
2016-01-13,0.3290551464212579,CRITICAL,5,1,True
2016-01-14,0.3219690403497481,WARNING,5,1,True
2016-01-15,0.307983602849985,WARNING,4,1,True
2016-01-16,0.3200408329161509,WARNING,4,1,True
2016-01-17,0.3176558180206817,NORMAL,4,1,False
2016-01-18,0.2971915848020793,NORMAL,4,1,False
2016-01-19,0.3081979701780682,NORMAL,4,1,False
2016-01-20,0.3915556792585862,CRITICAL,5,1,True
2016-01-21,0.382064536558099,CRITICAL,5,1,True
2016-01-22,0.4042430153487956,CRITICAL,4,1,True
2016-01-23,0.4196545026266423,CRITICAL,4,1,True
2016-01-24,0.3766362477084658,WARNING,4,1,True
2016-01-25,0.3478430400239096,WARNING,4,1,True
2016-01-26,0.3203695094558247,NORMAL,4,1,False
2016-01-27,0.3206935005567476,NORMAL,5,1,False
2016-01-28,0.3328659729349864,WARNING,5,1,True
2016-01-29,0.3402146459141841,WARNING,4,1,True
2016-01-30,0.3379976514324191,NORMAL,4,1,False
2016-01-31,0.3445428811820317,WARNING,4,1,True
2016-02-01,0.3396278851855625,CRITICAL,4,2,True
2016-02-02,0.3208464171854622,CRITICAL,4,2,True
2016-02-03,0.3159471241818635,WARNING,5,2,True
2016-02-04,0.2935274144276986,WARNING,5,2,True
2016-02-05,0.283786491517761,NORMAL,4,2,False
2016-02-06,0.2734297519837372,NORMAL,4,2,False
2016-02-07,0.2708278016458819,NORMAL,4,2,False
2016-02-08,0.2279799824340369,NORMAL,4,2,False
2016-02-09,0.2355518499414606,NORMAL,4,2,False
2016-02-10,0.1938292419911581,NORMAL,5,2,False
2016-02-11,0.1620078097507015,NORMAL,5,2,False
2016-02-12,0.1833472955419457,NORMAL,4,2,False
2016-02-13,0.1899308107130063,NORMAL,4,2,False
2016-02-14,0.1728885450957956,NORMAL,4,2,False
2016-02-15,0.1583994437907775,NORMAL,4,2,False
2016-02-16,0.1434249874458788,NORMAL,4,2,False
2016-02-17,0.0804739332500523,NORMAL,5,2,False
2016-02-18,0.0559492781948941,NORMAL,5,2,False
2016-02-19,0.0554721606197235,NORMAL,4,2,False
2016-02-20,0.0989738471354606,NORMAL,4,2,False
2016-02-21,0.0959949646724031,NORMAL,4,2,False
2016-02-22,0.1152537493167701,NORMAL,4,2,False
2016-02-23,0.125083042091809,NORMAL,4,2,False
2016-02-24,0.0871281852197806,NORMAL,5,2,False
2016-02-25,0.0843357270268079,NORMAL,5,2,False
2016-02-26,0.0804109279435719,NORMAL,4,2,False
2016-02-27,0.0678755755994693,NORMAL,4,2,False
2016-02-28,0.056749295958956,NORMAL,4,2,False
2016-02-29,0.0509624985943666,NORMAL,4,2,False
2016-03-01,0.0339499134367139,NORMAL,4,3,False
2016-03-02,0.054087720043067,NORMAL,5,3,False
2016-03-03,0.0510220108299587,NORMAL,5,3,False
2016-03-04,0.0666671818708953,NORMAL,4,3,False
2016-03-05,0.0386480559946941,NORMAL,4,3,False
2016-03-06,0.02586120413636,NORMAL,4,3,False
2016-03-07,0.0201682912802737,NORMAL,4,3,False
2016-03-08,0.0266376849066254,NORMAL,4,3,False
2016-03-09,0.0727361045011157,NORMAL,5,3,False
2016-03-10,0.0800635581194932,NORMAL,5,3,False
2016-03-11,0.0885571914699788,NORMAL,4,3,False
2016-03-12,0.0941843825257713,NORMAL,4,3,False
2016-03-13,0.1012617647093833,NORMAL,4,3,False
2016-03-14,0.1304296659987573,NORMAL,4,3,False
2016-03-15,0.153653411149999,NORMAL,4,3,False
2016-03-16,0.2701736961639763,NORMAL,5,3,False
2016-03-17,0.2769023701303098,NORMAL,5,3,False
2016-03-18,0.3007726561842194,NORMAL,4,3,False
2016-03-19,0.2745425441777844,NORMAL,4,3,False
2016-03-20,0.2755220341711559,NORMAL,4,3,False
2016-03-21,0.2716812241004802,NORMAL,4,3,False
2016-03-22,0.2572039881116889,NORMAL,4,3,False
2016-03-23,0.3394695569473224,WARNING,5,3,True
2016-03-24,0.3076236633140232,NORMAL,5,3,False
2016-03-25,0.2955666623276942,NORMAL,4,3,False
2016-03-26,0.3062719652204802,NORMAL,4,3,False
2016-03-27,0.2973514724011279,NORMAL,4,3,False
2016-03-28,0.3135670501546428,NORMAL,4,3,False
2016-03-29,0.3098763868316991,NORMAL,4,3,False
2016-03-30,0.3774152421712739,CRITICAL,5,3,True
2016-03-31,0.3873945453793804,CRITICAL,5,3,True
2016-04-01,0.362553755057451,NORMAL,4,4,False
2016-04-02,0.322222979206298,NORMAL,4,4,False
2016-04-03,0.3320242774402493,NORMAL,4,4,False
2016-04-04,0.328920519320356,NORMAL,4,4,False
2016-04-05,0.3119023138339387,NORMAL,4,4,False
2016-04-06,0.3214306865662342,NORMAL,5,4,False
2016-04-07,0.3106063594134496,NORMAL,5,4,False
2016-04-08,0.300094785266235,NORMAL,4,4,False
2016-04-09,0.3132581386316413,NORMAL,4,4,False
2016-04-10,0.3047132711513954,NORMAL,4,4,False
2016-04-11,0.2906622337375253,NORMAL,4,4,False
2016-04-12,0.2979175814782396,NORMAL,4,4,False
2016-04-13,0.2817521577101927,NORMAL,5,4,False
2016-04-14,0.2668254374341444,NORMAL,5,4,False
2016-04-15,0.2584414306729135,NORMAL,4,4,False
2016-04-16,0.2261800481913444,NORMAL,4,4,False
2016-04-17,0.2073912188047425,NORMAL,4,4,False
2016-04-18,0.210593648587621,NORMAL,4,4,False
2016-04-19,0.2052458477694997,NORMAL,4,4,False
2016-04-20,0.160364841824659,NORMAL,5,4,False
2016-04-21,0.1618043684142288,NORMAL,5,4,False
2016-04-22,0.1660324073599452,NORMAL,4,4,False
2016-04-23,0.1589805412431002,NORMAL,4,4,False
2016-04-24,0.1615182130988997,NORMAL,4,4,False
2016-04-25,0.1792278853606217,NORMAL,4,4,False
2016-04-26,0.1440058018320331,NORMAL,4,4,False
2016-04-27,0.0674601297536857,NORMAL,5,4,False
2016-04-28,0.051096570253506,NORMAL,5,4,False
2016-04-29,0.048845234407529,NORMAL,4,4,False
2016-04-30,0.054706051774293,NORMAL,4,4,False
2016-05-01,0.0622287423504135,NORMAL,4,5,False
2016-05-02,0.0489444939823042,NORMAL,4,5,False
2016-05-03,0.0572182330923832,NORMAL,4,5,False
2016-05-04,0.2883297663206883,NORMAL,5,5,False
2016-05-05,0.2518601678654208,NORMAL,5,5,False
2016-05-06,0.2280627226310301,NORMAL,4,5,False
2016-05-07,0.2401564460158731,NORMAL,4,5,False
2016-05-08,0.2203382721183993,NORMAL,4,5,False
2016-05-09,0.2163023755953695,NORMAL,4,5,False
2016-05-10,0.2028848371459793,NORMAL,4,5,False
2016-05-11,0.3214474042825639,NORMAL,5,5,False
2016-05-12,0.3762561791668191,NORMAL,5,5,False
2016-05-13,0.3272606997078214,NORMAL,4,5,False
2016-05-14,0.2994497791848989,NORMAL,4,5,False
2016-05-15,0.3279005716939602,NORMAL,4,5,False
2016-05-16,0.3367871516795025,NORMAL,4,5,False
2016-05-17,0.3121390889563729,NORMAL,4,5,False
2016-05-18,0.3571062180883808,NORMAL,5,5,False
2016-05-19,0.3327186807023747,NORMAL,5,5,False
2016-05-20,0.3163893314293314,NORMAL,4,5,False
2016-05-21,0.2936269934204722,NORMAL,4,5,False
2016-05-22,0.2768876141787042,NORMAL,4,5,False
2016-05-23,0.249497402904706,NORMAL,4,5,False
2016-05-24,0.3047653112655145,NORMAL,4,5,False
2016-05-25,0.2994889120518094,NORMAL,5,5,False
2016-05-26,0.2653332826689732,NORMAL,5,5,False
2016-05-27,0.2288204252919515,NORMAL,4,5,False
2016-05-28,0.2069056535398494,NORMAL,4,5,False
2016-05-29,0.1865344606711055,NORMAL,4,5,False
2016-05-30,0.1619195836355655,NORMAL,4,5,False
2016-05-31,0.1391223849653468,NORMAL,4,5,False
2016-06-01,0.0748890528561918,NORMAL,5,6,False
2016-06-02,0.1170943316024173,NORMAL,5,6,False
2016-06-03,0.0928329343184008,NORMAL,4,6,False
2016-06-04,0.0491407639693288,NORMAL,4,6,False
2016-06-05,0.0464961542653367,NORMAL,4,6,False
2016-06-06,0.047897065010575,NORMAL,4,6,False
2016-06-07,0.0262893445039307,NORMAL,4,6,False
2016-06-08,0.0509893891019413,NORMAL,5,6,False
2016-06-09,0.0423950834507101,NORMAL,5,6,False
2016-06-10,0.1671375065751879,NORMAL,4,6,False
2016-06-11,0.1808061682736874,NORMAL,4,6,False
2016-06-12,0.1621762738090361,NORMAL,4,6,False
2016-06-13,0.1639612908805256,NORMAL,4,6,False
2016-06-14,0.1375863123917952,NORMAL,4,6,False
2016-06-15,0.0690742012495026,NORMAL,5,6,False
2016-06-16,0.0324644998849073,NORMAL,5,6,False
2016-06-17,0.0095778462003199,NORMAL,4,6,False
2016-06-18,0.072142034302245,NORMAL,4,6,False
2016-06-19,0.0386771232964836,NORMAL,4,6,False
2016-06-20,0.0212800804206481,NORMAL,4,6,False
2016-06-21,0.0690327952584215,NORMAL,4,6,False
2016-06-22,0.0604745735591827,NORMAL,5,6,False
2016-06-23,0.1453167763535724,NORMAL,5,6,False
2016-06-24,0.176737026848182,NORMAL,4,6,False
2016-06-25,0.1757795240496824,NORMAL,4,6,False
2016-06-26,0.2390493672150934,NORMAL,4,6,False
2016-06-27,0.2411988779168614,NORMAL,4,6,False
2016-06-28,0.2435266755173358,NORMAL,4,6,False
2016-06-29,0.2601733027345408,NORMAL,5,6,False
2016-06-30,0.2875271874127742,NORMAL,5,6,False
2016-07-01,0.3046502984093777,NORMAL,4,7,False
2016-07-02,0.2873571601529716,NORMAL,4,7,False
2016-07-03,0.2815062137143458,NORMAL,4,7,False
2016-07-04,0.3028960249479245,NORMAL,4,7,False
2016-07-05,0.3114853037812586,NORMAL,4,7,False
2016-07-06,0.2406282776558202,NORMAL,5,7,False
2016-07-07,0.2555891441585913,NORMAL,5,7,False
2016-07-08,0.260283614571277,NORMAL,4,7,False
2016-07-09,0.2425678745033718,NORMAL,4,7,False
2016-07-10,0.2138809327053329,NORMAL,4,7,False
2016-07-11,0.1884119049981387,NORMAL,4,7,False
2016-07-12,0.2309932113789808,NORMAL,4,7,False
2016-07-13,0.1618696556457996,NORMAL,5,7,False
2016-07-14,0.1229866818174656,NORMAL,5,7,False
2016-07-15,0.1599560687476867,NORMAL,4,7,False
2016-07-16,0.1860644722824379,NORMAL,4,7,False
2016-07-17,0.1911131366699134,NORMAL,4,7,False
2016-07-18,0.192560620228094,NORMAL,4,7,False
2016-07-19,0.2050507609309042,NORMAL,4,7,False
2016-07-20,0.1956226216644991,NORMAL,5,7,False
2016-07-21,0.2000175356259366,NORMAL,5,7,False
2016-07-22,0.2547468378976293,NORMAL,4,7,False
2016-07-23,0.2782387035362566,NORMAL,4,7,False
2016-07-24,0.2549087352845887,NORMAL,4,7,False
2016-07-25,0.2504928193509664,NORMAL,4,7,False
2016-07-26,0.233085409527856,NORMAL,4,7,False
2016-07-27,0.1449648567258041,NORMAL,5,7,False
2016-07-28,0.1421649327215454,NORMAL,5,7,False
2016-07-29,0.1387464004081282,NORMAL,4,7,False
2016-07-30,0.1554339008293667,NORMAL,4,7,False
2016-07-31,0.150386237193726,NORMAL,4,7,False
2016-08-01,0.1458976078984651,NORMAL,4,8,False
2016-08-02,0.1399039724300949,NORMAL,4,8,False
2016-08-03,0.0691547006838149,NORMAL,5,8,False
2016-08-04,0.0901868423109155,NORMAL,5,8,False
2016-08-05,0.0822963457794508,NORMAL,4,8,False
2016-08-06,0.1515248917834294,NORMAL,4,8,False
2016-08-07,0.1047339615226886,NORMAL,4,8,False
2016-08-08,0.0903932792351335,NORMAL,4,8,False
2016-08-09,0.1063918872428,NORMAL,4,8,False
2016-08-10,0.0834526518813375,NORMAL,5,8,False
2016-08-11,0.0745968143615433,NORMAL,5,8,False
2016-08-12,0.0625796016683528,NORMAL,4,8,False
2016-08-13,0.0596443359768432,NORMAL,4,8,False
2016-08-14,0.032967289969314,NORMAL,4,8,False
2016-08-15,0.015594065635067,NORMAL,4,8,False
2016-08-16,0.0250745901156984,NORMAL,4,8,False
2016-08-17,0.029442430502445,NORMAL,5,8,False
2016-08-18,0.0266255445599799,NORMAL,5,8,False
2016-08-19,0.0391556550531355,NORMAL,4,8,False
2016-08-20,0.0577090185165768,NORMAL,4,8,False
2016-08-21,0.0567018780344607,NORMAL,4,8,False
2016-08-22,0.0737560961052274,NORMAL,4,8,False
2016-08-23,0.0924895645500293,NORMAL,4,8,False
2016-08-24,0.0967544641525603,NORMAL,5,8,False
2016-08-25,0.1104807155973565,NORMAL,5,8,False
2016-08-26,0.1262995295782465,NORMAL,4,8,False
2016-08-27,0.135744290353248,NORMAL,4,8,False
2016-08-28,0.1386188602957358,NORMAL,4,8,False
2016-08-29,0.168736441538557,NORMAL,4,8,False
2016-08-30,0.1528817292260969,NORMAL,4,8,False
2016-08-31,0.1620182748251388,NORMAL,5,8,False
2016-09-01,0.0169306378076242,NORMAL,5,9,False
2016-09-02,0.0455968929966341,NORMAL,4,9,False
2016-09-03,0.0413801858813456,NORMAL,4,9,False
2016-09-04,0.0404969913635562,NORMAL,4,9,False
2016-09-05,0.067567128899196,NORMAL,4,9,False
2016-09-06,0.0823086942811577,NORMAL,4,9,False
2016-09-07,0.1134720687106921,NORMAL,5,9,False
2016-09-08,0.1372357590248964,NORMAL,5,9,False
2016-09-09,0.145668118459588,NORMAL,4,9,False
2016-09-10,0.1623847305179004,NORMAL,4,9,False
2016-09-11,0.1495221418179852,NORMAL,4,9,False
2016-09-12,0.138589798148176,NORMAL,4,9,False
2016-09-13,0.1391599771198582,NORMAL,4,9,False
2016-09-14,0.0831244852943787,NORMAL,5,9,False
2016-09-15,0.0102569500952994,NORMAL,5,9,False
2016-09-16,0.0308377710368287,NORMAL,4,9,False
2016-09-17,0.0457307370883129,NORMAL,4,9,False
2016-09-18,0.0417255272397752,NORMAL,4,9,False
2016-09-19,0.0454569162891737,NORMAL,4,9,False
2016-09-20,0.0623331863345097,NORMAL,4,9,False
2016-09-21,0.0666249460117668,NORMAL,5,9,False
2016-09-22,0.07968147009649,NORMAL,5,9,False
2016-09-23,0.0947477922281825,NORMAL,4,9,False
2016-09-24,0.0554157414185127,NORMAL,4,9,False
2016-09-25,0.0298686122843761,NORMAL,4,9,False
2016-09-26,0.0395421089704956,NORMAL,4,9,False
2016-09-27,0.0461370158367011,NORMAL,4,9,False
2016-09-28,0.111598867275164,NORMAL,5,9,False
2016-09-29,0.0774743983649572,NORMAL,5,9,False
2016-09-30,0.0533511070725068,NORMAL,4,9,False
2016-10-01,0.0094034545022073,NORMAL,4,10,False
2016-10-02,0.0413722509092613,NORMAL,4,10,False
2016-10-03,0.0130123771926216,NORMAL,4,10,False
2016-10-04,0.0337250181762603,NORMAL,4,10,False
2016-10-05,0.0213864407679024,NORMAL,5,10,False
2016-10-06,0.0116963080368677,NORMAL,5,10,False
2016-10-07,0.0326689016830236,NORMAL,4,10,False
2016-10-08,0.0629521407306867,NORMAL,4,10,False
2016-10-09,0.0370815643588611,NORMAL,4,10,False
2016-10-10,0.0377882533048729,NORMAL,4,10,False
2016-10-11,0.0418116966684007,NORMAL,4,10,False
2016-10-12,0.0798867655644046,NORMAL,5,10,False
2016-10-13,0.0671336284621857,NORMAL,5,10,False
2016-10-14,0.0681525077605751,NORMAL,4,10,False
2016-10-15,0.0229791612619175,NORMAL,4,10,False
2016-10-16,0.0242747741915877,NORMAL,4,10,False
2016-10-17,0.0208432328233432,NORMAL,4,10,False
2016-10-18,0.0220222349443154,NORMAL,4,10,False
2016-10-19,0.0025503308297386,NORMAL,5,10,False
2016-10-20,0.002603570350228,NORMAL,5,10,False
2016-10-21,0.0247847887913848,NORMAL,4,10,False
2016-10-22,0.0154357972576511,NORMAL,4,10,False
2016-10-23,0.0325070592606517,NORMAL,4,10,False
2016-10-24,0.046536125120069,NORMAL,4,10,False
2016-10-25,0.0969749189703977,NORMAL,4,10,False
2016-10-26,0.1487787538764622,NORMAL,5,10,False
2016-10-27,0.1836657804346725,NORMAL,5,10,False
2016-10-28,0.1830847079743475,NORMAL,4,10,False
2016-10-29,0.1886823081813849,NORMAL,4,10,False
2016-10-30,0.1918368778332628,NORMAL,4,10,False
2016-10-31,0.1971476666805098,NORMAL,4,10,False
2016-11-01,0.2024701784063258,NORMAL,4,11,False
2016-11-02,0.2774582640082288,WARNING,5,11,True
2016-11-03,0.2893130655767325,WARNING,5,11,True
2016-11-04,0.2992305293817283,WARNING,4,11,True
2016-11-05,0.2997317146017312,WARNING,4,11,True
2016-11-06,0.2891451792532334,NORMAL,4,11,False
2016-11-07,0.3106197795623887,WARNING,4,11,True
2016-11-08,0.3021692133754177,WARNING,4,11,True
2016-11-09,0.3256769714120266,CRITICAL,5,11,True
2016-11-10,0.3335780124642289,CRITICAL,5,11,True
2016-11-11,0.3006472884012787,NORMAL,4,11,False
2016-11-12,0.2800393911992666,NORMAL,4,11,False
2016-11-13,0.2785932827561027,NORMAL,4,11,False
2016-11-14,0.289785216308753,NORMAL,4,11,False
2016-11-15,0.2709013683321342,NORMAL,4,11,False
2016-11-16,0.2770975070449296,NORMAL,5,11,False
2016-11-17,0.2604152137129936,NORMAL,5,11,False
2016-11-18,0.2830821882486773,NORMAL,4,11,False
2016-11-19,0.2553695687230483,NORMAL,4,11,False
2016-11-20,0.2543443159245909,NORMAL,4,11,False
2016-11-21,0.2519454267336553,NORMAL,4,11,False
2016-11-22,0.2567279805067458,NORMAL,4,11,False
2016-11-23,0.214107695535494,NORMAL,5,11,False
2016-11-24,0.2140428581965061,NORMAL,5,11,False
2016-11-25,0.2030513296305977,NORMAL,4,11,False
2016-11-26,0.2003272502508137,NORMAL,4,11,False
2016-11-27,0.2114533557686376,NORMAL,4,11,False
2016-11-28,0.2058790907100607,NORMAL,4,11,False
2016-11-29,0.1977283832501026,NORMAL,4,11,False
2016-11-30,0.1212232982164489,NORMAL,5,11,False
2016-12-01,0.0731502667532211,NORMAL,5,12,False
2016-12-02,0.1007278094027846,NORMAL,4,12,False
2016-12-03,0.0773049868552123,NORMAL,4,12,False
2016-12-04,0.0884818655010596,NORMAL,4,12,False
2016-12-05,0.100517004036604,NORMAL,4,12,False
2016-12-06,0.1007093635710554,NORMAL,4,12,False
2016-12-07,0.0425332811400377,NORMAL,5,12,False
2016-12-08,0.0316611087185231,NORMAL,5,12,False
2016-12-09,0.0458063603132774,NORMAL,4,12,False
2016-12-10,0.0493867791822502,NORMAL,4,12,False
2016-12-11,0.0493321278057831,NORMAL,4,12,False
2016-12-12,0.0542806060048346,NORMAL,4,12,False
2016-12-13,0.0584523593502664,NORMAL,4,12,False
2016-12-14,0.0050975524578172,NORMAL,5,12,False
2016-12-15,0.0086435156037774,NORMAL,5,12,False
2016-12-16,0.010884912177778,NORMAL,4,12,False
2016-12-17,0.020264740810744,NORMAL,4,12,False
2016-12-18,0.023636817024662,NORMAL,4,12,False
2016-12-19,0.0175379221883668,NORMAL,4,12,False
2016-12-20,0.0193439448250947,NORMAL,4,12,False
2016-12-21,0.0287264128046174,NORMAL,5,12,False
2016-12-22,0.0375065664387996,NORMAL,5,12,False
2016-12-23,0.0330519839419102,NORMAL,4,12,False
2016-12-24,0.0183583124143331,NORMAL,4,12,False
2016-12-25,0.0232714762989052,NORMAL,4,12,False
2016-12-26,0.0229639940386723,NORMAL,4,12,False
2016-12-27,0.0195788644153265,NORMAL,4,12,False
2016-12-28,0.0600736515814387,NORMAL,5,12,False
2016-12-29,0.0448226242030568,NORMAL,5,12,False
2016-12-30,0.0347291077465091,NORMAL,4,12,False
2016-12-31,0.0137668046071471,NORMAL,4,12,False
2017-01-01,0.047462119809336,NORMAL,4,1,False
2017-01-02,0.0670515752788062,NORMAL,4,1,False
2017-01-03,0.0534193282729013,NORMAL,4,1,False
2017-01-04,0.1571594470571745,NORMAL,5,1,False
2017-01-05,0.1841328967532164,NORMAL,5,1,False
2017-01-06,0.1912822318663345,NORMAL,4,1,False
2017-01-07,0.1730803711369967,NORMAL,4,1,False
2017-01-08,0.1568876304129445,NORMAL,4,1,False
2017-01-09,0.1559079606815861,NORMAL,4,1,False
2017-01-10,0.1332700030779765,NORMAL,4,1,False
2017-01-11,0.1591404487933646,NORMAL,5,1,False
2017-01-12,0.1450834960678642,NORMAL,5,1,False
2017-01-13,0.1127390563433799,NORMAL,4,1,False
2017-01-14,0.1078934830032006,NORMAL,4,1,False
2017-01-15,0.0977115577243046,NORMAL,4,1,False
2017-01-16,0.0948093905026691,NORMAL,4,1,False
2017-01-17,0.0811354073772857,NORMAL,4,1,False
2017-01-18,0.0908795219647794,NORMAL,5,1,False
2017-01-19,0.0843546135164406,NORMAL,5,1,False
2017-01-20,0.0781881170755869,NORMAL,4,1,False
2017-01-21,0.0711027732211212,NORMAL,4,1,False
2017-01-22,0.0647555586332616,NORMAL,4,1,False
2017-01-23,0.0519893849951351,NORMAL,4,1,False
2017-01-24,0.0505603092716646,NORMAL,4,1,False
2017-01-25,0.0500484299743028,NORMAL,5,1,False
2017-01-26,0.0404940463433806,NORMAL,5,1,False
2017-01-27,0.0353407587910549,NORMAL,4,1,False
2017-01-28,0.0105439190277506,NORMAL,4,1,False
2017-01-29,0.0047989409454082,NORMAL,4,1,False
2017-01-30,0.0141070574742565,NORMAL,4,1,False
2017-01-31,0.0291075131451138,NORMAL,4,1,False
2017-02-01,0.0588656214819034,NORMAL,5,2,False
2017-02-02,0.0742673379012792,NORMAL,5,2,False
2017-02-03,0.0725529809139036,NORMAL,4,2,False
2017-02-04,0.0774450706478038,NORMAL,4,2,False
2017-02-05,0.0787204822645322,NORMAL,4,2,False
2017-02-06,0.0765977373394252,NORMAL,4,2,False
2017-02-07,0.0745778961000046,NORMAL,4,2,False
2017-02-08,0.0901065365432364,NORMAL,5,2,False
2017-02-09,0.0975293636103139,NORMAL,5,2,False
2017-02-10,0.1030384536762128,NORMAL,4,2,False
2017-02-11,0.1088713977212314,NORMAL,4,2,False
2017-02-12,0.0909788387203513,NORMAL,4,2,False
2017-02-13,0.0987421217241604,NORMAL,4,2,False
2017-02-14,0.0962246899031565,NORMAL,4,2,False
2017-02-15,0.1098614213168116,NORMAL,5,2,False
2017-02-16,0.123268487312171,NORMAL,5,2,False
2017-02-17,0.1173902578348251,NORMAL,4,2,False
2017-02-18,0.1071054037927573,NORMAL,4,2,False
2017-02-19,0.108624268498753,NORMAL,4,2,False
2017-02-20,0.1239500368978741,NORMAL,4,2,False
2017-02-21,0.127425906491632,NORMAL,4,2,False
2017-02-22,0.1209119916064182,NORMAL,5,2,False
2017-02-23,0.1052590495200207,NORMAL,5,2,False
2017-02-24,0.120100072975948,NORMAL,4,2,False
2017-02-25,0.0997012057518648,NORMAL,4,2,False
2017-02-26,0.1013159111598202,NORMAL,4,2,False
2017-02-27,0.1034040658794265,NORMAL,4,2,False
2017-02-28,0.1049576418802705,NORMAL,4,2,False
2017-03-01,0.1101692826867063,NORMAL,5,3,False
2017-03-02,0.1253956027278883,NORMAL,5,3,False
2017-03-03,0.1315579367484853,NORMAL,4,3,False
2017-03-04,0.141388625366898,NORMAL,4,3,False
2017-03-05,0.1457500986345563,NORMAL,4,3,False
2017-03-06,0.1474447997353539,NORMAL,4,3,False
2017-03-07,0.1445960697178379,NORMAL,4,3,False
2017-03-08,0.1715489639670353,NORMAL,5,3,False
2017-03-09,0.1860063870388386,NORMAL,5,3,False
2017-03-10,0.1650240112723616,NORMAL,4,3,False
2017-03-11,0.15482725031262,NORMAL,4,3,False
2017-03-12,0.1588905473059163,NORMAL,4,3,False
2017-03-13,0.1716179818038473,NORMAL,4,3,False
2017-03-14,0.1823383704937854,NORMAL,4,3,False
2017-03-15,0.2340638600746685,NORMAL,5,3,False
2017-03-16,0.2396672983403574,NORMAL,5,3,False
2017-03-17,0.237451221968186,NORMAL,4,3,False
2017-03-18,0.2274144752916448,NORMAL,4,3,False
2017-03-19,0.2333656976839337,NORMAL,4,3,False
2017-03-20,0.240671660572961,NORMAL,4,3,False
2017-03-21,0.2424613674566239,NORMAL,4,3,False
2017-03-22,0.2837660555032497,NORMAL,5,3,False
2017-03-23,0.2694998056761025,NORMAL,5,3,False
2017-03-24,0.2709690064070033,NORMAL,4,3,False
2017-03-25,0.2706019882547641,NORMAL,4,3,False
2017-03-26,0.2699416093875196,NORMAL,4,3,False
2017-03-27,0.2749150916559472,NORMAL,4,3,False
2017-03-28,0.271814464690975,NORMAL,4,3,False
2017-03-29,0.2959523359886679,NORMAL,5,3,False
2017-03-30,0.2951044833930767,NORMAL,5,3,False
2017-04-02,0.2608488042188723,NORMAL,4,4,False
2017-04-03,0.2524770107101526,NORMAL,4,4,False
2017-04-04,0.2567526992037633,NORMAL,4,4,False
2017-04-05,0.206023001090309,NORMAL,5,4,False
2017-04-06,0.2073178795892363,NORMAL,5,4,False
2017-04-07,0.1994627324352505,NORMAL,4,4,False
2017-04-08,0.1808719329691318,NORMAL,4,4,False
2017-04-09,0.1891659688917363,NORMAL,4,4,False
2017-04-10,0.2000801490825059,NORMAL,4,4,False
2017-04-11,0.1956290578290564,NORMAL,4,4,False
2017-04-12,0.1498849009886877,NORMAL,5,4,False
2017-04-13,0.1254018996817197,NORMAL,5,4,False
2017-04-14,0.1387910153471835,NORMAL,4,4,False
2017-04-15,0.1499099518265312,NORMAL,4,4,False
2017-04-16,0.1527632148635143,NORMAL,4,4,False
2017-04-17,0.1375071845773115,NORMAL,4,4,False
2017-04-18,0.1381186669593582,NORMAL,4,4,False
2017-04-19,0.0834570737623666,NORMAL,5,4,False
2017-04-20,0.064355259193892,NORMAL,5,4,False
2017-04-21,0.0431682430933348,NORMAL,4,4,False
2017-04-22,0.0459624459196085,NORMAL,4,4,False
2017-04-23,0.0423417381306377,NORMAL,4,4,False
2017-04-24,0.0293699657067134,NORMAL,4,4,False
2017-04-25,0.034086713194985,NORMAL,4,4,False
2017-04-26,0.0747829512936213,NORMAL,5,4,False
2017-04-27,0.0691822140286238,NORMAL,5,4,False
2017-04-28,0.069584184750881,NORMAL,4,4,False
2017-04-29,0.0586683016248385,NORMAL,4,4,False
2017-04-30,0.0591787022623097,NORMAL,4,4,False
2017-05-01,0.0595739516333959,NORMAL,4,5,False
2017-05-02,0.0693644865029563,NORMAL,4,5,False
2017-05-03,0.1157021232572152,NORMAL,5,5,False
2017-05-04,0.1131018886477734,NORMAL,5,5,False
2017-05-05,0.1317704681041956,NORMAL,4,5,False
2017-05-06,0.1235169112017352,NORMAL,4,5,False
2017-05-07,0.0994040422788555,NORMAL,4,5,False
2017-05-08,0.0624461744149126,NORMAL,4,5,False
2017-05-09,0.0665391134850814,NORMAL,4,5,False
2017-05-10,0.0598018437550449,NORMAL,5,5,False
2017-05-11,0.0217322690741408,NORMAL,5,5,False
2017-05-12,0.0032116138416205,NORMAL,4,5,False
2017-05-13,0.0063119808139273,NORMAL,4,5,False
2017-05-14,0.0546495263631986,NORMAL,4,5,False
2017-05-15,0.0058898277262118,NORMAL,4,5,False
2017-05-16,0.0333459909561503,NORMAL,4,5,False
2017-05-17,0.0925028716726879,NORMAL,5,5,False
2017-05-18,0.136646744221178,NORMAL,5,5,False
2017-05-19,0.1877019272125043,NORMAL,4,5,False
2017-05-20,0.2264068161460066,NORMAL,4,5,False
2017-05-21,0.2944495978458105,NORMAL,4,5,False
2017-05-22,0.3395609258047898,NORMAL,4,5,False
2017-05-23,0.3914370675208571,NORMAL,4,5,False
2017-05-24,0.5980650330738474,CRITICAL,5,5,True
2017-05-25,0.6364134286922951,CRITICAL,5,5,True
2017-05-26,0.6689318667471936,CRITICAL,4,5,True
2017-05-27,0.689466724653136,CRITICAL,4,5,True
2017-05-28,0.7261189652560721,CRITICAL,4,5,True
2017-05-29,0.7426187252338207,CRITICAL,4,5,True
2017-05-30,0.7832716965457357,CRITICAL,4,5,True
2017-05-31,1.0369263670327484,CRITICAL,5,5,True
2017-06-01,1.0621762683424616,CRITICAL,5,6,True
2017-06-02,1.0884002387310066,CRITICAL,4,6,True
2017-06-03,1.087481239783569,CRITICAL,4,6,True
2017-06-04,1.104157460405479,CRITICAL,4,6,True
2017-06-05,1.1110811785029928,CRITICAL,4,6,True
2017-06-06,1.1290293433898222,CRITICAL,4,6,True
2017-06-07,1.2968083327432152,CRITICAL,5,6,True
2017-06-08,1.3179222698664423,CRITICAL,5,6,True
2017-06-09,1.3153182554315956,CRITICAL,4,6,True
2017-06-10,1.3537326197161053,CRITICAL,4,6,True
2017-06-11,1.3490358528463344,CRITICAL,4,6,True
2017-06-12,1.335065854717402,CRITICAL,4,6,True
2017-06-13,1.357058320474856,CRITICAL,4,6,True
2017-06-14,1.4604697591775333,CRITICAL,5,6,True
2017-06-15,1.4391547272101868,CRITICAL,5,6,True
2017-06-16,1.4640214918087302,CRITICAL,4,6,True
2017-06-17,1.4903584020937464,CRITICAL,4,6,True
2017-06-18,1.3785927962963649,CRITICAL,4,6,True
2017-06-19,1.2637457014001872,NORMAL,4,6,False
2017-06-20,1.2890514439835932,NORMAL,4,6,False
2017-06-21,1.0555882949177993,NORMAL,5,6,False
2017-06-22,1.1138927466242912,NORMAL,5,6,False
2017-06-23,1.143035444226198,NORMAL,4,6,False
2017-06-24,1.0321466964223016,NORMAL,4,6,False
2017-06-25,1.0468827028345462,NORMAL,4,6,False
2017-06-26,1.105750889648189,NORMAL,4,6,False
2017-06-27,1.1440690436065797,NORMAL,4,6,False
2017-06-28,0.9497840379293374,NORMAL,5,6,False
2017-06-29,0.8470870096378801,NORMAL,5,6,False
2017-06-30,0.4561203991003473,NORMAL,4,6,False
2017-07-01,0.521603472281217,NORMAL,4,7,False
2017-07-02,0.5724014976866446,NORMAL,4,7,False
2017-07-03,0.5457236238403468,NORMAL,4,7,False
2017-07-04,0.5812969371497118,NORMAL,4,7,False
2017-07-05,0.4094822372537045,NORMAL,5,7,False
2017-07-06,0.4412664856783574,NORMAL,5,7,False
2017-07-07,0.5189519325208136,NORMAL,4,7,False
2017-07-08,0.5136790033628996,NORMAL,4,7,False
2017-07-09,0.5673067240137891,NORMAL,4,7,False
2017-07-10,0.6181522387481538,NORMAL,4,7,False
2017-07-11,0.6207097863643921,NORMAL,4,7,False
2017-07-12,0.3967022705163238,NORMAL,5,7,False
2017-07-13,0.4413144807341428,NORMAL,5,7,False
2017-07-14,0.1700730830510297,NORMAL,4,7,False
2017-07-15,0.2931931072063518,NORMAL,4,7,False
2017-07-16,0.302876516954554,NORMAL,4,7,False
2017-07-17,0.238828924125861,NORMAL,4,7,False
2017-07-18,0.2176093929554109,NORMAL,4,7,False
2017-07-19,0.2217158059395895,NORMAL,5,7,False
2017-07-20,0.3031897144557393,NORMAL,5,7,False
2017-07-21,0.2866642890242722,NORMAL,4,7,False
2017-07-22,0.2824869889984692,NORMAL,4,7,False
2017-07-23,0.2992766339557195,NORMAL,4,7,False
2017-07-24,0.342210909204605,NORMAL,4,7,False
2017-07-25,0.397193025423077,NORMAL,4,7,False
2017-07-26,0.3143100556978013,NORMAL,5,7,False
2017-07-27,0.2809872539534451,NORMAL,5,7,False
2017-07-28,0.2904175167960668,NORMAL,4,7,False
2017-07-29,0.2880828754464863,NORMAL,4,7,False
2017-07-30,0.4166742735785843,NORMAL,4,7,False
2017-07-31,0.4241999506792721,NORMAL,4,7,False
2017-08-01,0.4121176440015149,NORMAL,4,8,False
2017-08-02,0.0674386195660065,NORMAL,5,8,False
2017-08-03,0.0712965289076564,NORMAL,5,8,False
2017-08-04,0.1673713403532186,NORMAL,4,8,False
2017-08-05,0.1526096117424723,NORMAL,4,8,False
2017-08-06,0.184098983205508,NORMAL,4,8,False
2017-08-07,0.194419321210546,NORMAL,4,8,False
2017-08-08,0.1714536174914301,NORMAL,4,8,False
2017-08-09,0.3198344968964848,NORMAL,5,8,False
2017-08-10,0.2725949296849764,NORMAL,5,8,False
2017-08-11,0.2558820867154813,NORMAL,4,8,False
2017-08-12,0.3180644085044433,NORMAL,4,8,False
2017-08-13,0.2987006627080349,NORMAL,4,8,False
2017-08-14,0.2683763304620223,NORMAL,4,8,False
2017-08-15,0.2451936770126647,NORMAL,4,8,False
2017-08-16,0.292826309028794,NORMAL,5,8,False
2017-08-17,0.2279971162834007,NORMAL,5,8,False
2017-08-18,0.1930929374185972,NORMAL,4,8,False
2017-08-19,0.1755135155930713,NORMAL,4,8,False
2017-08-20,0.160939363986068,NORMAL,4,8,False
2017-08-21,0.1357261733218483,NORMAL,4,8,False
2017-08-22,0.1097669322603169,NORMAL,4,8,False
2017-08-23,0.0264674695343834,NORMAL,5,8,False
2017-08-24,0.0242622687729022,NORMAL,5,8,False
2017-08-25,0.0294747230679156,NORMAL,4,8,False
2017-08-26,0.0243938359724809,NORMAL,4,8,False
2017-08-27,0.0339528055103672,NORMAL,4,8,False
2017-08-28,0.0406604994812137,NORMAL,4,8,False
2017-08-29,0.069152435790395,NORMAL,4,8,False
2017-08-30,0.0845577157770241,NORMAL,5,8,False
2017-08-31,0.093454150781007,NORMAL,5,8,False
2017-09-01,0.090813081630011,NORMAL,4,9,False
2017-09-02,0.0673061237041261,NORMAL,4,9,False
2017-09-03,0.0552796971188343,NORMAL,4,9,False
2017-09-04,0.0653140283077794,NORMAL,4,9,False
2017-09-05,0.0083778300465445,NORMAL,4,9,False
2017-09-06,0.0268269115953368,NORMAL,5,9,False
2017-09-07,0.0491294334773441,NORMAL,5,9,False
2017-09-08,0.0844856766935494,NORMAL,4,9,False
2017-09-09,0.0764743560405796,NORMAL,4,9,False
2017-09-10,0.0752010860894646,NORMAL,4,9,False
2017-09-11,0.1308085999635075,NORMAL,4,9,False
2017-09-12,0.1215724911704767,NORMAL,4,9,False
2017-09-13,0.1260438459824809,NORMAL,5,9,False
2017-09-14,0.1190289230540101,NORMAL,5,9,False
2017-09-15,0.0971276670935107,NORMAL,4,9,False
2017-09-16,0.0991851058563393,NORMAL,4,9,False
2017-09-17,0.0193075030435551,NORMAL,4,9,False
2017-09-18,0.056713845439105,NORMAL,4,9,False
2017-09-19,0.0441634294039918,NORMAL,4,9,False
2017-09-20,0.1451244729747966,NORMAL,5,9,False
2017-09-21,0.1509461715358598,NORMAL,5,9,False
2017-09-22,0.142465361370304,NORMAL,4,9,False
2017-09-23,0.1302826931945491,NORMAL,4,9,False
2017-09-24,0.1632037143296621,NORMAL,4,9,False
2017-09-25,0.1707479214108104,NORMAL,4,9,False
2017-09-26,0.1866341501724022,NORMAL,4,9,False
2017-09-27,0.2298108184752067,NORMAL,5,9,False
2017-09-28,0.214982991724779,NORMAL,5,9,False
2017-09-29,0.2401684742178124,NORMAL,4,9,False
2017-09-30,0.229927149683696,NORMAL,4,9,False
2017-10-01,0.2371949970008686,NORMAL,4,10,False
2017-10-02,0.2278735967380694,NORMAL,4,10,False
2017-10-03,0.2123930634517251,NORMAL,4,10,False
2017-10-04,0.2320794536838684,NORMAL,5,10,False
2017-10-05,0.2206036126320158,NORMAL,5,10,False
2017-10-06,0.2288796304803869,NORMAL,4,10,False
2017-10-07,0.2311298250828488,NORMAL,4,10,False
2017-10-08,0.239276499698035,NORMAL,4,10,False
2017-10-09,0.2328223617494108,NORMAL,4,10,False
2017-10-10,0.216792801037437,NORMAL,4,10,False
2017-10-11,0.2333042390520879,NORMAL,5,10,False
2017-10-12,0.1756730911589416,NORMAL,5,10,False
2017-10-13,0.1898363336688177,NORMAL,4,10,False
2017-10-14,0.2367462421769246,NORMAL,4,10,False
2017-10-15,0.2197215276939501,NORMAL,4,10,False
2017-10-16,0.2099779558210631,NORMAL,4,10,False
2017-10-17,0.2001496089369339,NORMAL,4,10,False
2017-10-18,0.1792143744669999,NORMAL,5,10,False
2017-10-19,0.2294258873929974,NORMAL,5,10,False
2017-10-20,0.2612755602824142,NORMAL,4,10,False
2017-10-21,0.2967126626033379,WARNING,4,10,True
2017-10-22,0.256654724668068,NORMAL,4,10,False
2017-10-23,0.2817383789213933,NORMAL,4,10,False
2017-10-24,0.2763823795430901,NORMAL,4,10,False
2017-10-25,0.3156022975490294,CRITICAL,5,10,True
2017-10-26,0.3428193414477371,CRITICAL,5,10,True
2017-10-27,0.3979816809358744,CRITICAL,4,10,True
2017-10-28,0.3761578959499671,CRITICAL,4,10,True
2017-10-29,0.3613343007751308,CRITICAL,4,10,True
2017-10-30,0.3642414850169506,CRITICAL,4,10,True
2017-10-31,0.3974498637280679,CRITICAL,4,10,True
2017-11-01,0.4772113760020442,CRITICAL,5,11,True
2017-11-02,0.4674249757394751,CRITICAL,5,11,True
2017-11-03,0.458961788851663,CRITICAL,4,11,True
2017-11-04,0.4497645150819817,CRITICAL,4,11,True
2017-11-05,0.4377549044260957,CRITICAL,4,11,True
2017-11-06,0.4183799998677372,CRITICAL,4,11,True
2017-11-07,0.444429013533532,CRITICAL,4,11,True
2017-11-08,0.5075025929751308,CRITICAL,5,11,True
2017-11-09,0.4866613914910309,CRITICAL,5,11,True
2017-11-10,0.4943851115617832,CRITICAL,4,11,True
2017-11-11,0.4318005592368008,WARNING,4,11,True
2017-11-12,0.4298967524306334,WARNING,4,11,True
2017-11-13,0.5112151363519973,CRITICAL,4,11,True
2017-11-14,0.4680826978810418,WARNING,4,11,True
2017-11-15,0.4710215601797894,CRITICAL,5,11,True
2017-11-16,0.4554724540082719,WARNING,5,11,True
2017-11-17,0.4425453050945619,NORMAL,4,11,False
2017-11-18,0.3975918249080181,NORMAL,4,11,False
2017-11-19,0.3761125892285842,NORMAL,4,11,False
2017-11-20,0.3709061228654363,NORMAL,4,11,False
2017-11-21,0.3725019078272242,NORMAL,4,11,False
2017-11-22,0.3505261327455324,NORMAL,5,11,False
2017-11-23,0.3484806612492286,NORMAL,5,11,False
2017-11-24,0.356866235230599,NORMAL,4,11,False
2017-11-25,0.3527585307507835,NORMAL,4,11,False
2017-11-26,0.3395776807616605,NORMAL,4,11,False
2017-11-27,0.3166476392809257,NORMAL,4,11,False
2017-11-28,0.3309820482901678,NORMAL,4,11,False
2017-11-29,0.2501239373533749,NORMAL,5,11,False
2017-11-30,0.2512564574035912,NORMAL,5,11,False
2017-12-01,0.2325486721324196,CRITICAL,4,12,True
2017-12-02,0.2071164645230171,WARNING,4,12,True
2017-12-03,0.200750215442295,WARNING,4,12,True
2017-12-04,0.2013332984138337,WARNING,4,12,True
2017-12-05,0.2173364829021838,CRITICAL,4,12,True
2017-12-06,0.1349567072439405,NORMAL,5,12,False
2017-12-07,0.1286591183268198,NORMAL,5,12,False
2017-12-08,0.1280982546312878,NORMAL,4,12,False
2017-12-09,0.115864918553118,NORMAL,4,12,False
2017-12-10,0.0965862659197227,NORMAL,4,12,False
2017-12-11,0.1041847458356298,NORMAL,4,12,False
2017-12-12,0.111402257157684,NORMAL,4,12,False
2017-12-13,0.0057885305480021,NORMAL,5,12,False
2017-12-14,0.1369157588144124,NORMAL,5,12,False
2017-12-15,0.1376523605922185,NORMAL,4,12,False
2017-12-16,0.0702084726335035,NORMAL,4,12,False
2017-12-17,0.0784265524776071,NORMAL,4,12,False
2017-12-18,0.0636174560389026,NORMAL,4,12,False
2017-12-19,0.0618971690379323,NORMAL,4,12,False
2017-12-20,0.1138064237960809,NORMAL,5,12,False
2017-12-21,0.1027537962716802,NORMAL,5,12,False
2017-12-22,0.1063520789030319,NORMAL,4,12,False
2017-12-23,0.0952727823925212,NORMAL,4,12,False
2017-12-24,0.0800761469507173,NORMAL,4,12,False
2017-12-25,0.0623617781854737,NORMAL,4,12,False
2017-12-26,0.0632397474684315,NORMAL,4,12,False
2017-12-27,0.1061462976725816,NORMAL,5,12,False
2017-12-28,0.1055663913058892,NORMAL,5,12,False
2017-12-29,0.1203163695415241,NORMAL,4,12,False
2017-12-30,0.1296501523861947,NORMAL,4,12,False
2017-12-31,0.1187432378735827,NORMAL,4,12,False
2018-01-01,0.1185720924211529,NORMAL,4,1,False
2018-01-02,0.1065528372731008,NORMAL,4,1,False
2018-01-03,0.1716477525263842,NORMAL,5,1,False
2018-01-04,0.1593398725819801,NORMAL,5,1,False
2018-01-05,0.1475935522154911,NORMAL,4,1,False
2018-01-06,0.1317096836091088,NORMAL,4,1,False
2018-01-07,0.1093589626439893,NORMAL,4,1,False
2018-01-08,0.0856660689497396,NORMAL,4,1,False
2018-01-09,0.0809737057280394,NORMAL,4,1,False
2018-01-10,0.0692007269857376,NORMAL,5,1,False
2018-01-11,0.0549972617327991,NORMAL,5,1,False
2018-01-12,0.0533832505912599,NORMAL,4,1,False
2018-01-13,0.0741948238369664,NORMAL,4,1,False
2018-01-14,0.0758944119141526,NORMAL,4,1,False
2018-01-15,0.0705264896510989,NORMAL,4,1,False
2018-01-16,0.0745925389506316,NORMAL,4,1,False
2018-01-17,0.0465860513888003,NORMAL,5,1,False
2018-01-18,0.05960393734667,NORMAL,5,1,False
2018-01-19,0.0466531471215762,NORMAL,4,1,False
2018-01-20,0.03955198068676,NORMAL,4,1,False
2018-01-21,0.0572857142782497,NORMAL,4,1,False
2018-01-22,0.044368864669934,NORMAL,4,1,False
2018-01-23,0.025576161243777,NORMAL,4,1,False
2018-01-24,0.0049603535481841,NORMAL,5,1,False
2018-01-25,0.0093239605321419,NORMAL,5,1,False
2018-01-26,0.0057495363358245,NORMAL,4,1,False
2018-01-27,0.0179110690312602,NORMAL,4,1,False
2018-01-28,0.0126584483237305,NORMAL,4,1,False
2018-01-29,0.0167926106287064,NORMAL,4,1,False
2018-01-30,0.0374730887229496,NORMAL,4,1,False
2018-01-31,0.118235554501026,NORMAL,5,1,False
2018-02-01,0.1172616262021102,NORMAL,5,2,False
2018-02-02,0.1135577807525444,NORMAL,4,2,False
2018-02-03,0.1010064675893848,NORMAL,4,2,False
2018-02-04,0.0818313295992172,NORMAL,4,2,False
2018-02-05,0.0649886978858565,NORMAL,4,2,False
2018-02-06,0.0821926583894522,NORMAL,4,2,False
2018-02-07,0.1742808745077211,NORMAL,5,2,False
2018-02-08,0.196752359319968,NORMAL,5,2,False
2018-02-09,0.2199272347995394,NORMAL,4,2,False
2018-02-10,0.2324567916364278,WARNING,4,2,True
2018-02-11,0.2694239116919763,WARNING,4,2,True
2018-02-12,0.2888654636467861,CRITICAL,4,2,True
2018-02-13,0.2842323935941921,WARNING,4,2,True
2018-02-14,0.407448498851948,CRITICAL,5,2,True
2018-02-15,0.399213532602032,CRITICAL,5,2,True
2018-02-16,0.4289165507906033,CRITICAL,4,2,True
2018-02-17,0.4176752600526902,CRITICAL,4,2,True
2018-02-18,0.4015319881792141,CRITICAL,4,2,True
2018-02-19,0.4027478409284272,CRITICAL,4,2,True
2018-02-20,0.382429305654835,CRITICAL,4,2,True
2018-02-21,0.478235891083265,CRITICAL,5,2,True
2018-02-22,0.4738373875018662,CRITICAL,5,2,True
2018-02-23,0.4799059850960235,CRITICAL,4,2,True
2018-02-24,0.4652632089688608,CRITICAL,4,2,True
2018-02-25,0.4620142872754438,CRITICAL,4,2,True
2018-02-26,0.4346940824662262,CRITICAL,4,2,True
2018-02-27,0.4183981859249659,WARNING,4,2,True
2018-02-28,0.5506328042459924,CRITICAL,5,2,True
2018-03-01,0.4798886389272855,CRITICAL,5,3,True
2018-03-02,0.4881414966781731,CRITICAL,4,3,True
2018-03-03,0.5160122009815324,CRITICAL,4,3,True
2018-03-04,0.4844468674668234,CRITICAL,4,3,True
2018-03-05,0.4548002680958344,CRITICAL,4,3,True
2018-03-06,0.4461089439581386,CRITICAL,4,3,True
2018-03-07,0.4648929617814221,CRITICAL,5,3,True
2018-03-08,0.4306259505831626,CRITICAL,5,3,True
2018-03-09,0.4061626871065858,WARNING,4,3,True
2018-03-10,0.4098944567369815,WARNING,4,3,True
2018-03-11,0.40287916982929,WARNING,4,3,True
2018-03-12,0.4375633231094171,CRITICAL,4,3,True
2018-03-13,0.4498264761808645,CRITICAL,4,3,True
2018-03-14,0.4799294525848366,CRITICAL,5,3,True
2018-03-15,0.4940031235232293,CRITICAL,5,3,True
2018-03-16,0.4651966524564321,CRITICAL,4,3,True
2018-03-17,0.4635788991451703,WARNING,4,3,True
2018-03-18,0.4153301798607807,WARNING,4,3,True
2018-03-19,0.3932732613652946,NORMAL,4,3,False
2018-03-20,0.3995581239137952,NORMAL,4,3,False
2018-03-21,0.4139396641032761,NORMAL,5,3,False
2018-03-22,0.3776071353212983,NORMAL,5,3,False
2018-03-23,0.402115012451493,NORMAL,4,3,False
2018-03-24,0.4297286136008247,WARNING,4,3,True
2018-03-25,0.4490501534772914,WARNING,4,3,True
2018-03-26,0.4540613011253503,WARNING,4,3,True
2018-03-27,0.4592280485622197,WARNING,4,3,True
2018-03-28,0.464597380540186,CRITICAL,5,3,True
2018-03-29,0.4269379036939325,NORMAL,5,3,False
2018-03-30,0.4205407186788761,NORMAL,4,3,False
2018-03-31,0.3718702749311535,NORMAL,4,3,False
2018-04-01,0.3390146740239743,NORMAL,4,4,False
2018-04-02,0.361667648013217,NORMAL,4,4,False
2018-04-03,0.3508370942066839,NORMAL,4,4,False
2018-04-04,0.2800167933231456,NORMAL,5,4,False
2018-04-05,0.2481976123938296,NORMAL,5,4,False
2018-04-06,0.2114219359421539,NORMAL,4,4,False
2018-04-07,0.2016681008528434,NORMAL,4,4,False
2018-04-08,0.2216367484350969,NORMAL,4,4,False
2018-04-09,0.2277438730254816,NORMAL,4,4,False
2018-04-10,0.2176549487794799,NORMAL,4,4,False
2018-04-11,0.0431556002701374,NORMAL,5,4,False
2018-04-12,0.0602673540834733,NORMAL,5,4,False
2018-04-13,0.0718715586434922,NORMAL,4,4,False
2018-04-14,0.1541232052835634,NORMAL,4,4,False
2018-04-15,0.1781800041323303,NORMAL,4,4,False
2018-04-16,0.1518544130240639,NORMAL,4,4,False
2018-04-17,0.158100462911842,NORMAL,4,4,False
2018-04-18,0.3202057784715484,NORMAL,5,4,False
2018-04-19,0.3025563296438747,NORMAL,5,4,False
2018-04-20,0.3456866244042171,NORMAL,4,4,False
2018-04-21,0.375767780113115,WARNING,4,4,True
2018-04-22,0.3453026151361698,NORMAL,4,4,False
2018-04-23,0.3409395825990957,NORMAL,4,4,False
2018-04-24,0.3549627257909383,NORMAL,4,4,False
2018-04-25,0.5905479104188429,CRITICAL,5,4,True
2018-04-26,0.5355152998353809,CRITICAL,5,4,True
2018-04-27,0.5232502750121001,CRITICAL,4,4,True
2018-04-28,0.5021527977817533,CRITICAL,4,4,True
2018-04-29,0.4723970742412805,CRITICAL,4,4,True
2018-04-30,0.4604348629352444,WARNING,4,4,True
2018-05-01,0.447619833302545,NORMAL,4,5,False
2018-05-02,0.5665390170077776,WARNING,5,5,True
2018-05-03,0.563120893847251,WARNING,5,5,True
2018-05-04,0.5388599250096278,WARNING,4,5,True
2018-05-05,0.5203436110838698,WARNING,4,5,True
2018-05-06,0.4978125213532623,NORMAL,4,5,False
2018-05-07,0.4745863238520725,NORMAL,4,5,False
2018-05-08,0.4660308123426159,NORMAL,4,5,False
2018-05-09,0.4903447325754256,NORMAL,5,5,False
2018-05-10,0.48295760474515,NORMAL,5,5,False
2018-05-11,0.4701634920849775,NORMAL,4,5,False
2018-05-12,0.4334849782470506,NORMAL,4,5,False
2018-05-13,0.4008258428883139,NORMAL,4,5,False
2018-05-14,0.3774316002653244,NORMAL,4,5,False
2018-05-15,0.3440468612527519,NORMAL,4,5,False
2018-05-16,0.1996424499368492,NORMAL,5,5,False
2018-05-17,0.155421962013439,NORMAL,5,5,False
2018-05-18,0.1034723893029988,NORMAL,4,5,False
2018-05-19,0.0793473051600855,NORMAL,4,5,False
2018-05-20,0.0575967629521075,NORMAL,4,5,False
2018-05-21,0.0790701112920008,NORMAL,4,5,False
2018-05-22,0.088447193613277,NORMAL,4,5,False
2018-05-23,0.2694257036692882,NORMAL,5,5,False
2018-05-24,0.3133682947783002,NORMAL,5,5,False
2018-05-25,0.3344942451925384,NORMAL,4,5,False
2018-05-26,0.3389601884017355,NORMAL,4,5,False
2018-05-27,0.3549932283835281,NORMAL,4,5,False
2018-05-28,0.372694604315943,NORMAL,4,5,False
2018-05-29,0.3988670152239588,NORMAL,4,5,False
2018-05-30,0.6837120913788701,CRITICAL,5,5,True
2018-05-31,0.6915427021630779,CRITICAL,5,5,True
2018-06-01,0.690809713089801,NORMAL,4,6,False
2018-06-02,0.6805267856287083,NORMAL,4,6,False
2018-06-03,0.6765549749251865,NORMAL,4,6,False
2018-06-04,0.7133947947997773,NORMAL,4,6,False
2018-06-05,0.5990464144101785,NORMAL,4,6,False
2018-06-06,0.8464187422216787,NORMAL,5,6,False
2018-06-07,0.8553567223896281,NORMAL,5,6,False
2018-06-08,0.8806525571263689,NORMAL,4,6,False
2018-06-09,0.8473738716603609,NORMAL,4,6,False
2018-06-10,0.8555833136948655,NORMAL,4,6,False
2018-06-11,0.8565769815011309,NORMAL,4,6,False
2018-06-12,0.8736224054220284,NORMAL,4,6,False
2018-06-13,1.0910636296994942,NORMAL,5,6,False
2018-06-14,1.0138583268722354,NORMAL,5,6,False
2018-06-15,0.8484115059494207,NORMAL,4,6,False
2018-06-16,0.8789767932872108,NORMAL,4,6,False
2018-06-17,0.8753742966160778,NORMAL,4,6,False
2018-06-18,0.8059111310984486,NORMAL,4,6,False
2018-06-19,0.7413017893052776,NORMAL,4,6,False
2018-06-20,0.6863124145628539,NORMAL,5,6,False
2018-06-21,0.7093239838720278,NORMAL,5,6,False
2018-06-22,0.7354256785219895,NORMAL,4,6,False
2018-06-23,0.7656509868927495,NORMAL,4,6,False
2018-06-24,0.7562626769532311,NORMAL,4,6,False
2018-06-25,0.599416049846446,NORMAL,4,6,False
2018-06-26,0.6242034751040133,NORMAL,4,6,False
2018-06-27,0.4012848594594054,NORMAL,5,6,False
2018-06-28,0.3713882008422658,NORMAL,5,6,False
2018-06-29,0.3622800250885646,NORMAL,4,6,False
2018-07-20,0.725499098252307,WARNING,4,7,True
2018-07-21,0.429613651221684,NORMAL,4,7,False
2018-07-22,0.3824231036597942,NORMAL,4,7,False
2018-07-23,0.3137666554676812,NORMAL,4,7,False
2018-07-24,0.2575351790786219,NORMAL,4,7,False
2018-07-25,0.8866249652567222,CRITICAL,5,7,True
2018-07-26,1.185769207881975,CRITICAL,5,7,True
2018-07-27,1.1194037613916583,CRITICAL,4,7,True
2018-07-28,1.0934353367496432,CRITICAL,4,7,True
2018-07-29,1.0477207939758606,CRITICAL,4,7,True
2018-07-30,0.9906048985429886,CRITICAL,4,7,True
2018-07-31,1.0071408396332548,CRITICAL,4,7,True
2018-08-01,0.5938948321195687,NORMAL,5,8,False
2018-08-02,0.5359894344235209,NORMAL,5,8,False
2018-08-03,0.6858708623203472,NORMAL,4,8,False
2018-08-04,0.8696601557632995,WARNING,4,8,True
2018-08-05,0.98064052656894,CRITICAL,4,8,True
2018-08-06,0.9701864810465236,CRITICAL,4,8,True
2018-08-07,0.9099675481062148,CRITICAL,4,8,True
2018-08-08,0.7524117631515941,NORMAL,5,8,False
2018-08-09,0.8001628825312441,NORMAL,5,8,False
2018-08-10,0.8372095309705777,NORMAL,4,8,False
2018-08-11,0.7751290587019871,NORMAL,4,8,False
2018-08-12,0.7903209934443446,NORMAL,4,8,False
2018-08-13,0.7931868850336451,NORMAL,4,8,False
2018-08-14,0.8092220690974548,NORMAL,4,8,False
2018-08-15,0.7427930818398004,NORMAL,5,8,False
2018-08-16,0.7547606859839701,NORMAL,5,8,False
2018-08-17,0.795138880754152,NORMAL,4,8,False
2018-08-18,0.8556439379036247,WARNING,4,8,True
2018-08-19,0.8141863345087864,NORMAL,4,8,False
2018-08-20,0.800695650467299,NORMAL,4,8,False
2018-08-21,0.8006094796417575,NORMAL,4,8,False
2018-08-22,0.4205200613577412,NORMAL,5,8,False
2018-08-23,0.4696199035080077,NORMAL,5,8,False
2018-08-24,0.5582683048566426,NORMAL,4,8,False
2018-08-25,1.1792907385039348,CRITICAL,4,8,True
2018-08-26,1.242822532224691,CRITICAL,4,8,True
2018-08-27,1.383642027992132,CRITICAL,4,8,True
2018-08-28,1.293622979639247,CRITICAL,4,8,True
2018-08-29,1.0215518415811216,CRITICAL,5,8,True
2018-08-30,1.4260583053448088,CRITICAL,5,8,True
2018-08-31,1.4116735733891284,CRITICAL,4,8,True
2018-09-01,1.182697241758171,CRITICAL,4,9,True
2018-09-02,1.072659683295457,CRITICAL,4,9,True
2018-09-03,1.3492767560843066,CRITICAL,4,9,True
2018-09-04,1.5609775679716669,CRITICAL,4,9,True
2018-09-05,1.668665473480802,CRITICAL,5,9,True
2018-09-06,1.518867160801231,CRITICAL,5,9,True
2018-09-07,1.393319139438722,CRITICAL,4,9,True
2018-09-08,1.3839202411398146,CRITICAL,4,9,True
2018-09-09,1.3615276191015238,CRITICAL,4,9,True
2018-09-10,1.30713848222036,CRITICAL,4,9,True
2018-09-11,1.1899202257677806,WARNING,4,9,True
2018-09-12,1.359920023224009,CRITICAL,5,9,True
2018-09-13,1.3409430288403077,WARNING,5,9,True
2018-09-14,1.2851771458834853,WARNING,4,9,True
2018-09-15,1.2063080470986844,WARNING,4,9,True
2018-09-16,1.1312233341946665,NORMAL,4,9,False
2018-09-17,1.1037809633900313,NORMAL,4,9,False
2018-09-18,1.078221760843092,NORMAL,4,9,False
2018-09-19,0.847163807116724,NORMAL,5,9,False
2018-09-20,0.8120114218695363,NORMAL,5,9,False
2018-09-21,0.9091067979455908,NORMAL,4,9,False
2018-09-22,0.9786638112645232,NORMAL,4,9,False
2018-09-23,0.9292938097858684,NORMAL,4,9,False
2018-09-24,0.7038033008704851,NORMAL,4,9,False
2018-09-25,0.6059553011734684,NORMAL,4,9,False
2018-09-26,0.2485166820249366,NORMAL,5,9,False
2018-09-27,0.2591010675946544,NORMAL,5,9,False
2018-09-28,0.251275852283752,NORMAL,4,9,False
2018-09-29,0.170285447872946,NORMAL,4,9,False
2018-09-30,0.136413570160137,NORMAL,4,9,False
2018-10-01,0.1254755633071158,NORMAL,4,10,False
2018-10-02,0.1195175820206973,NORMAL,4,10,False
2018-10-03,0.3196548941236747,WARNING,5,10,True
2018-10-04,0.5638243283750115,CRITICAL,5,10,True
2018-10-05,0.5630659242348407,CRITICAL,4,10,True
2018-10-06,0.5368330604077706,CRITICAL,4,10,True
2018-10-07,0.4946372270830321,CRITICAL,4,10,True
2018-10-08,0.473853324734632,CRITICAL,4,10,True
2018-10-09,0.4453913464497612,CRITICAL,4,10,True
2018-10-10,0.626993830945585,CRITICAL,5,10,True
2018-10-11,0.5856885770082418,CRITICAL,5,10,True
2018-10-12,0.5841262876780852,CRITICAL,4,10,True
2018-10-13,0.5970217917589299,CRITICAL,4,10,True
2018-10-14,0.5614753377883365,CRITICAL,4,10,True
2018-10-15,0.539411286749864,WARNING,4,10,True
2018-10-16,0.5160456013931114,WARNING,4,10,True
2018-10-17,0.6303657588709681,CRITICAL,5,10,True
2018-10-18,0.5902804153123015,CRITICAL,5,10,True
2018-10-19,0.558294270272618,WARNING,4,10,True
2018-10-20,0.5216456117562329,WARNING,4,10,True
2018-10-21,0.5075902424908721,WARNING,4,10,True
2018-10-22,0.4997093621545388,NORMAL,4,10,False
2018-10-23,0.4213363105343944,NORMAL,4,10,False
2018-10-24,0.4820431068057398,NORMAL,5,10,False
2018-10-25,0.4356568272636454,NORMAL,5,10,False
2018-10-26,0.3980583138063051,NORMAL,4,10,False
2018-10-27,0.3586478005128011,NORMAL,4,10,False
2018-10-28,0.328261841740824,NORMAL,4,10,False
2018-10-29,0.3368962491890965,NORMAL,4,10,False
2018-10-30,0.2986594021466958,NORMAL,4,10,False
2018-10-31,0.3608817072553075,NORMAL,5,10,False
2018-11-01,0.3059460182872714,NORMAL,5,11,False
2018-11-02,0.2684124215046674,NORMAL,4,11,False
2018-11-03,0.2524140457538512,NORMAL,4,11,False
2018-11-04,0.201567929374405,NORMAL,4,11,False
2018-11-05,0.1722632617260885,NORMAL,4,11,False
2018-11-06,0.1532794704996844,NORMAL,4,11,False
2018-11-07,0.1098209916425362,NORMAL,5,11,False
2018-11-08,0.0962516761582835,NORMAL,5,11,False
2018-11-09,0.0361178400624205,NORMAL,4,11,False
2018-11-10,0.1001849947609341,NORMAL,4,11,False
2018-11-11,0.1301715931553028,NORMAL,4,11,False
2018-11-12,0.1094061985342163,NORMAL,4,11,False
2018-11-13,0.1176906557702585,NORMAL,4,11,False
2018-11-14,0.1857368728693123,NORMAL,5,11,False
2018-11-15,0.1768258788446357,NORMAL,5,11,False
2018-11-16,0.1970239535697743,NORMAL,4,11,False
2018-11-17,0.1805037652711261,NORMAL,4,11,False
2018-11-18,0.178317398670442,NORMAL,4,11,False
2018-11-19,0.1831698040863849,NORMAL,4,11,False
2018-11-20,0.1927476980085594,NORMAL,4,11,False
2018-11-21,0.2550826310552032,NORMAL,5,11,False
2018-11-22,0.2664944842012658,NORMAL,5,11,False
2018-11-23,0.2736721037050029,NORMAL,4,11,False
2018-11-24,0.2691114154931642,NORMAL,4,11,False
2018-11-25,0.2775705331954569,NORMAL,4,11,False
2018-11-26,0.2695001879154094,NORMAL,4,11,False
2018-11-27,0.267672167779326,NORMAL,4,11,False
2018-11-28,0.3627844699933344,NORMAL,5,11,False
2018-11-29,0.3485106970957072,NORMAL,5,11,False
2018-11-30,0.3639897788172027,NORMAL,4,11,False
2018-12-01,0.3932929378139993,CRITICAL,4,12,True
2018-12-02,0.3926794059862037,CRITICAL,4,12,True
2018-12-03,0.3986781855445541,CRITICAL,4,12,True
2018-12-04,0.4413097083962599,CRITICAL,4,12,True
2018-12-05,0.586218762147558,CRITICAL,5,12,True
2018-12-06,0.6260656816525914,CRITICAL,5,12,True
2018-12-07,0.6528098385543288,CRITICAL,4,12,True
2018-12-08,0.7262264545496001,CRITICAL,4,12,True
2018-12-09,0.765124431708244,CRITICAL,4,12,True
2018-12-10,0.7612046607423586,CRITICAL,4,12,True
2018-12-11,0.7571061932698215,CRITICAL,4,12,True
2018-12-12,0.9190057152866608,CRITICAL,5,12,True
2018-12-13,0.8977833694260946,CRITICAL,5,12,True
2018-12-14,0.8938717974443968,CRITICAL,4,12,True
2018-12-15,0.8799825699930033,CRITICAL,4,12,True
2018-12-16,0.8529086915488341,CRITICAL,4,12,True
2018-12-17,0.8916888578078153,CRITICAL,4,12,True
2018-12-18,0.914341183360581,CRITICAL,4,12,True
2018-12-19,1.034414741144081,CRITICAL,5,12,True
2018-12-20,1.015854719965642,CRITICAL,5,12,True
2018-12-21,1.0154086531080897,CRITICAL,4,12,True
2018-12-22,1.0196424443412204,CRITICAL,4,12,True
2018-12-23,1.0146946285555425,CRITICAL,4,12,True
2018-12-24,0.9878963984762528,CRITICAL,4,12,True
2018-12-25,0.9710051286658296,CRITICAL,4,12,True
2018-12-26,1.0695730485092496,CRITICAL,5,12,True
2018-12-27,1.0480383660098505,CRITICAL,5,12,True
2018-12-28,1.0262887359960768,CRITICAL,4,12,True
2018-12-29,1.0638997680366584,CRITICAL,4,12,True
2018-12-30,1.076821300744246,CRITICAL,4,12,True
2018-12-31,1.0859980559052267,CRITICAL,4,12,True
2019-01-01,1.0674638433762007,CRITICAL,4,1,True
2019-01-02,1.1119593226552555,CRITICAL,5,1,True
2019-01-03,1.076189283522097,CRITICAL,5,1,True
2019-01-04,1.0210282447139771,CRITICAL,4,1,True
2019-01-05,0.999359455651672,CRITICAL,4,1,True
2019-01-06,0.9887263197054684,CRITICAL,4,1,True
2019-01-07,0.9463315958706732,CRITICAL,4,1,True
2019-01-08,0.94297636231727,CRITICAL,4,1,True
2019-01-09,0.8908953280666617,CRITICAL,5,1,True
2019-01-10,0.8248109985037486,WARNING,5,1,True
2019-01-11,0.8127419966168566,WARNING,4,1,True
2019-01-12,0.7931585938654344,WARNING,4,1,True
2019-01-13,0.7762241523198435,WARNING,4,1,True
2019-01-14,0.7836935978210832,WARNING,4,1,True
2019-01-15,0.7842204514082568,WARNING,4,1,True
2019-01-16,0.6739445604834522,WARNING,5,1,True
2019-01-17,0.6325261736289904,WARNING,5,1,True
2019-01-18,0.6419983563365187,WARNING,4,1,True
2019-01-19,0.6284439204336677,NORMAL,4,1,False
2019-01-20,0.6265259557917738,NORMAL,4,1,False
2019-01-21,0.6074725472361148,NORMAL,4,1,False
2019-01-22,0.5824767124997341,NORMAL,4,1,False
2019-01-23,0.4014045490041949,NORMAL,5,1,False
2019-01-24,0.4197044756913698,NORMAL,5,1,False
2019-01-25,0.4170114017763585,NORMAL,4,1,False
2019-01-26,0.4473709194349619,NORMAL,4,1,False
2019-01-27,0.4507195635847498,NORMAL,4,1,False
2019-01-28,0.4090014778953088,NORMAL,4,1,False
2019-01-29,0.4179753070758512,NORMAL,4,1,False
2019-01-30,0.1738723630240096,NORMAL,5,1,False
2019-01-31,0.2050873809484862,NORMAL,5,1,False
2019-02-01,0.1982756064798941,NORMAL,4,2,False
2019-02-02,0.1698485682506046,NORMAL,4,2,False
2019-02-03,0.1726147675178721,NORMAL,4,2,False
2019-02-04,0.1657848044307417,NORMAL,4,2,False
2019-02-05,0.1713689544997349,NORMAL,4,2,False
2019-02-06,0.0335771071475642,NORMAL,5,2,False
2019-02-07,0.0240231759203785,NORMAL,5,2,False
2019-02-08,0.0263456444653913,NORMAL,4,2,False
2019-02-09,0.0425088689254397,NORMAL,4,2,False
2019-02-10,0.0638078790357677,NORMAL,4,2,False
2019-02-11,0.0769439591867217,NORMAL,4,2,False
2019-02-12,0.0969386539791376,NORMAL,4,2,False
2019-02-13,0.0569942328795083,NORMAL,5,2,False
2019-02-14,0.0596949601853197,NORMAL,5,2,False
2019-02-15,0.066261050462138,NORMAL,4,2,False
2019-02-16,0.0855976232122539,NORMAL,4,2,False
2019-02-17,0.1028655536855938,NORMAL,4,2,False
2019-02-18,0.1376592337872962,NORMAL,4,2,False
2019-02-19,0.1475281922894228,NORMAL,4,2,False
2019-02-20,0.3181909035040387,NORMAL,5,2,False
2019-02-21,0.2837035924069258,NORMAL,5,2,False
2019-02-22,0.268954083995969,NORMAL,4,2,False
2019-02-23,0.2400750948685808,NORMAL,4,2,False
2019-02-24,0.2451516591355519,NORMAL,4,2,False
2019-02-25,0.2398865018290207,NORMAL,4,2,False
2019-02-26,0.2287495857822808,NORMAL,4,2,False
2019-02-27,0.3864655198437393,WARNING,5,2,True
2019-02-28,0.376239640942619,WARNING,5,2,True
2019-03-01,0.3745261457902454,NORMAL,4,3,False
2019-03-02,0.3888277825825685,NORMAL,4,3,False
2019-03-03,0.4169035305535377,NORMAL,4,3,False
2019-03-04,0.4079864423086611,NORMAL,4,3,False
2019-03-05,0.4078435271406351,NORMAL,4,3,False
2019-03-06,0.5417323805527674,CRITICAL,5,3,True
2019-03-07,0.4886819264674408,CRITICAL,5,3,True
2019-03-08,0.4544890752934052,WARNING,4,3,True
2019-03-09,0.4602627235779395,WARNING,4,3,True
2019-03-10,0.419588558595936,NORMAL,4,3,False
2019-03-11,0.4061900476828931,NORMAL,4,3,False
2019-03-12,0.3831134862073842,NORMAL,4,3,False
2019-03-13,0.4142115996123841,NORMAL,5,3,False
2019-03-14,0.3922120519164866,NORMAL,5,3,False
2019-03-15,0.3672292979177996,NORMAL,4,3,False
2019-03-16,0.3429886210848992,NORMAL,4,3,False
2019-03-17,0.3213797362343626,NORMAL,4,3,False
2019-03-18,0.3183655915473721,NORMAL,4,3,False
2019-03-19,0.3268307155437908,NORMAL,4,3,False
2019-03-20,0.3889721491245196,NORMAL,5,3,False
2019-03-21,0.3225834256616685,NORMAL,5,3,False
2019-03-22,0.2378067658964093,NORMAL,4,3,False
2019-03-23,0.2036824255906909,NORMAL,4,3,False
2019-03-24,0.1891456286496298,NORMAL,4,3,False
2019-03-25,0.220977577957857,NORMAL,4,3,False
2019-03-26,0.2345113774993674,NORMAL,4,3,False
2019-03-27,0.1655932011026083,NORMAL,5,3,False
2019-03-28,0.1392282245580409,NORMAL,5,3,False
2019-03-29,0.1275153999285477,NORMAL,4,3,False
2019-03-30,0.1208371300355669,NORMAL,4,3,False
2019-03-31,0.1090189419955164,NORMAL,4,3,False
2019-04-01,0.0932983816978584,NORMAL,4,4,False
2019-04-02,0.0797663812275158,NORMAL,4,4,False
2019-04-03,0.0780033721377941,NORMAL,5,4,False
2019-04-04,0.107713543098148,NORMAL,5,4,False
2019-04-05,0.3480606072657676,NORMAL,4,4,False
2019-04-06,0.3295002181470556,NORMAL,4,4,False
2019-04-07,0.3193296778549405,NORMAL,4,4,False
2019-04-08,0.2892736010724353,NORMAL,4,4,False
2019-04-09,0.2937790285126287,NORMAL,4,4,False
2019-04-10,0.5429643977931584,CRITICAL,5,4,True
2019-04-11,0.5157640035115798,CRITICAL,5,4,True
2019-04-12,0.4696659229797382,WARNING,4,4,True
2019-04-13,0.4160192615798947,WARNING,4,4,True
2019-04-14,0.4375944381873822,WARNING,4,4,True
2019-04-15,0.4480543252830156,WARNING,4,4,True
2019-04-16,0.456888624691312,WARNING,4,4,True
2019-04-17,0.6877185203989246,CRITICAL,5,4,True
2019-04-18,0.7143337353147652,CRITICAL,5,4,True
2019-04-19,0.7661274431303928,CRITICAL,4,4,True
2019-04-20,0.7690609563968138,CRITICAL,4,4,True
2019-04-21,0.7364742594826577,CRITICAL,4,4,True
2019-04-22,0.7514666312682404,CRITICAL,4,4,True
2019-04-23,0.7269121746233713,CRITICAL,4,4,True
2019-04-24,0.9568971089561804,CRITICAL,5,4,True
2019-04-25,0.9435926781495324,CRITICAL,5,4,True
2019-04-26,0.9583500097230884,CRITICAL,4,4,True
2019-04-27,0.9805051119384912,CRITICAL,4,4,True
2019-04-28,0.9592698115502069,CRITICAL,4,4,True
2019-04-29,0.9533208415689182,CRITICAL,4,4,True
2019-04-30,0.942752083881226,CRITICAL,4,4,True
2019-05-01,1.0741688332767645,CRITICAL,5,5,True
2019-05-02,1.0560362877549068,CRITICAL,5,5,True
2019-05-03,1.0523694562932275,CRITICAL,4,5,True
2019-05-04,1.0545377377723444,CRITICAL,4,5,True
2019-05-05,1.1483263499865426,CRITICAL,4,5,True
2019-05-06,1.1089427375012326,CRITICAL,4,5,True
2019-05-07,1.0935457550570271,CRITICAL,4,5,True
2019-05-08,1.1377941084864711,CRITICAL,5,5,True
2019-05-09,1.063560867289951,CRITICAL,5,5,True
2019-05-10,1.0299778653259304,WARNING,4,5,True
2019-05-11,1.0047253743555846,WARNING,4,5,True
2019-05-12,0.9712646566120324,WARNING,4,5,True
2019-05-13,0.992572219012821,WARNING,4,5,True
2019-05-14,1.006330475807544,WARNING,4,5,True
2019-05-15,0.934494891408078,WARNING,5,5,True
2019-05-16,0.8660730460581527,WARNING,5,5,True
2019-05-17,0.7760415766633565,NORMAL,4,5,False
2019-05-18,0.833392688683434,WARNING,4,5,True
2019-05-19,1.0644306744484937,CRITICAL,4,5,True
2019-05-20,1.1732462964769932,CRITICAL,4,5,True
2019-05-21,1.141987197650671,CRITICAL,4,5,True
2019-05-22,0.9453013867560748,NORMAL,5,5,False
2019-05-23,0.8750516457790765,NORMAL,5,5,False
2019-05-24,0.8263236699375215,NORMAL,4,5,False
2019-05-25,0.7688014286569544,NORMAL,4,5,False
2019-05-26,0.9434026567789852,NORMAL,4,5,False
2019-05-27,1.212928874707945,CRITICAL,4,5,True
2019-05-28,1.1491821554355253,CRITICAL,4,5,True
2019-05-29,1.1048408201225206,CRITICAL,5,5,True
2019-05-30,1.035580091493687,WARNING,5,5,True
2019-05-31,1.0028428290521758,NORMAL,4,5,False
2019-06-01,0.9819602265237032,NORMAL,4,6,False
2019-06-02,0.9357292803339632,NORMAL,4,6,False
2019-06-03,0.7892521647559458,NORMAL,4,6,False
2019-06-04,0.7416057178641472,NORMAL,4,6,False
2019-06-05,0.5344715451611027,NORMAL,5,6,False
2019-06-06,0.5844847369273141,NORMAL,5,6,False
2019-06-07,0.5808816726257594,NORMAL,4,6,False
2019-06-08,0.5829854274641382,NORMAL,4,6,False
2019-06-09,0.6167824978381543,NORMAL,4,6,False
2019-06-10,0.6036380956030166,NORMAL,4,6,False
2019-06-11,0.6049496500696158,NORMAL,4,6,False
2019-06-12,0.3822934950465542,NORMAL,5,6,False
2019-06-13,0.623201884104057,NORMAL,5,6,False
2019-06-14,0.6444720324466956,NORMAL,4,6,False
2019-06-15,0.7000420184474854,NORMAL,4,6,False
2019-06-16,0.6390834485972579,NORMAL,4,6,False
2019-06-17,0.6433795701882385,NORMAL,4,6,False
2019-06-18,0.6105166318972453,NORMAL,4,6,False
2019-06-19,0.3888348961222436,NORMAL,5,6,False
2019-06-20,0.2177730028193737,NORMAL,5,6,False
2019-06-21,0.224275292525367,NORMAL,4,6,False
2019-06-22,0.2202303229050529,NORMAL,4,6,False
2019-06-23,0.2365806077671005,NORMAL,4,6,False
2019-06-24,0.2428799606393635,NORMAL,4,6,False
2019-06-25,0.2104831911114728,NORMAL,4,6,False
2019-06-26,0.2638165827612331,NORMAL,5,6,False
2019-06-27,0.3015664682127197,NORMAL,5,6,False
2019-06-28,0.095454536533703,NORMAL,4,6,False
2019-06-29,0.0950898569738526,NORMAL,4,6,False
2019-06-30,0.0879470314110395,NORMAL,4,6,False
2019-07-01,0.1108187146693618,NORMAL,4,7,False
2019-07-02,0.2113700366545478,NORMAL,4,7,False
2019-07-03,0.0933423388472597,NORMAL,5,7,False
2019-07-04,0.0786315690474972,NORMAL,5,7,False
2019-07-05,0.4059892290312137,NORMAL,4,7,False
2019-07-06,0.4034167973231607,NORMAL,4,7,False
2019-07-07,0.3800585273325063,NORMAL,4,7,False
2019-07-08,0.3719433736117388,NORMAL,4,7,False
2019-07-09,0.3800750750538885,NORMAL,4,7,False
2019-07-10,0.0587102682486165,NORMAL,5,7,False
2019-07-11,0.1323974265176196,NORMAL,5,7,False
2019-07-12,0.1044160209824509,NORMAL,4,7,False
2019-07-13,0.1603537300132961,NORMAL,4,7,False
2019-07-14,0.1812269318318261,NORMAL,4,7,False
2019-07-15,0.1705638846812617,NORMAL,4,7,False
2019-07-16,0.143195567542899,NORMAL,4,7,False
2019-07-17,0.0066040333942982,NORMAL,5,7,False
2019-07-18,0.0896066944086118,NORMAL,5,7,False
2019-07-19,0.0990527111420922,NORMAL,4,7,False
2019-07-20,0.0663649622687788,NORMAL,4,7,False
2019-07-21,0.0780176563597811,NORMAL,4,7,False
2019-07-22,0.1272667321254796,NORMAL,4,7,False
2019-07-23,0.1115456784373286,NORMAL,4,7,False
2019-07-24,0.230551087432172,NORMAL,5,7,False
2019-07-25,0.2013269965280275,NORMAL,5,7,False
2019-07-26,0.2053956893350381,NORMAL,4,7,False
2019-07-27,0.1827412306465665,NORMAL,4,7,False
2019-07-28,0.2319228478557625,NORMAL,4,7,False
2019-07-29,0.2176305165484802,NORMAL,4,7,False
2019-07-30,0.1834317445030995,NORMAL,4,7,False
2019-07-31,0.2439483622027045,NORMAL,5,7,False
2019-08-01,0.1885414000966513,NORMAL,5,8,False
2019-08-02,0.1722667603611139,NORMAL,4,8,False
2019-08-03,0.1888863879089641,NORMAL,4,8,False
2019-08-04,0.1714655805755986,NORMAL,4,8,False
2019-08-05,0.1186420676557556,NORMAL,4,8,False
2019-08-06,0.117685470649728,NORMAL,4,8,False
2019-08-07,0.190452270825071,NORMAL,5,8,False
2019-08-08,0.2887759368011418,NORMAL,5,8,False
2019-08-09,0.2628049093903024,NORMAL,4,8,False
2019-08-10,0.2491260025775302,NORMAL,4,8,False
2019-08-11,0.2568151940161582,NORMAL,4,8,False
2019-08-12,0.2831246834507489,NORMAL,4,8,False
2019-08-13,0.2822986333873324,NORMAL,4,8,False
2019-08-14,0.3711705024317574,NORMAL,5,8,False
2019-08-15,0.3666290552772503,NORMAL,5,8,False
2019-08-16,0.3902987769735956,NORMAL,4,8,False
2019-08-17,0.4069136659168216,NORMAL,4,8,False
2019-08-18,0.4620204671607979,NORMAL,4,8,False
2019-08-19,0.4416892302050063,NORMAL,4,8,False
2019-08-20,0.4461832571693482,NORMAL,4,8,False
2019-08-21,0.7460789945617682,NORMAL,5,8,False
2019-08-22,0.6427983137682972,NORMAL,5,8,False
2019-08-23,0.6192741352197366,NORMAL,4,8,False
2019-08-24,0.6167827474180786,NORMAL,4,8,False
2019-08-25,0.6152725620033281,NORMAL,4,8,False
2019-08-26,0.6448925117623837,NORMAL,4,8,False
2019-08-27,0.6601496442084577,NORMAL,4,8,False
2019-08-28,0.7752436112218669,NORMAL,5,8,False
2019-08-29,0.773001005455679,NORMAL,5,8,False
2019-08-30,0.7783069101069537,NORMAL,4,8,False
2019-08-31,0.7425551511597754,NORMAL,4,8,False
2019-09-01,0.7103532712285208,NORMAL,4,9,False
2019-09-02,0.6881656152225154,NORMAL,4,9,False
2019-09-03,0.6901048376285375,NORMAL,4,9,False
2019-09-04,0.6090887722188717,NORMAL,5,9,False
2019-09-05,0.6042074004550625,NORMAL,5,9,False
2019-09-06,0.5706984832020923,NORMAL,4,9,False
2019-09-07,0.5488297088948336,NORMAL,4,9,False
2019-09-08,0.5579172743896663,NORMAL,4,9,False
2019-09-09,0.510129324147319,NORMAL,4,9,False
2019-09-10,0.4824957315544342,NORMAL,4,9,False
2019-09-11,0.417820260346673,NORMAL,5,9,False
2019-09-12,0.4034589037463802,NORMAL,5,9,False
2019-09-13,0.3867158170586551,NORMAL,4,9,False
2019-09-14,0.3927180991620494,NORMAL,4,9,False
2019-09-15,0.3725011779929866,NORMAL,4,9,False
2019-09-16,0.3441564319136527,NORMAL,4,9,False
2019-09-17,0.3564870387384759,NORMAL,4,9,False
2019-09-18,0.2645442788300965,NORMAL,5,9,False
2019-09-19,0.2377135900210261,NORMAL,5,9,False
2019-09-20,0.264534506815104,NORMAL,4,9,False
2019-09-21,0.2579895421200438,NORMAL,4,9,False
2019-09-22,0.2470756072719606,NORMAL,4,9,False
2019-09-23,0.246835491261528,NORMAL,4,9,False
2019-09-24,0.2296946527737655,NORMAL,4,9,False
2019-09-25,0.1380225912835307,NORMAL,5,9,False
2019-09-26,0.1365175359807899,NORMAL,5,9,False
2019-09-27,0.1073842741060868,NORMAL,4,9,False
2019-09-28,0.1427987684122118,NORMAL,4,9,False
2019-09-29,0.091533422428059,NORMAL,4,9,False
2019-09-30,0.0796951792553144,NORMAL,4,9,False
2019-10-01,0.0757824551640938,NORMAL,4,10,False
2019-10-02,0.1408740673682582,NORMAL,5,10,False
2019-10-03,0.1926949328994618,NORMAL,5,10,False
2019-10-04,0.1794609253358919,NORMAL,4,10,False
2019-10-05,0.1727787355486967,NORMAL,4,10,False
2019-10-06,0.1705632338023054,NORMAL,4,10,False
2019-10-07,0.1592177869532819,NORMAL,4,10,False
2019-10-08,0.1751885272269941,NORMAL,4,10,False
2019-10-09,0.313089409384283,NORMAL,5,10,False
2019-10-10,0.3330825827941548,NORMAL,5,10,False
2019-10-11,0.3381920987186573,NORMAL,4,10,False
2019-10-12,0.3274074852363393,NORMAL,4,10,False
2019-10-13,0.3133658165164964,NORMAL,4,10,False
2019-10-14,0.3147003339727365,NORMAL,4,10,False
2019-10-15,0.3149758916850563,NORMAL,4,10,False
2019-10-16,0.4127520564928884,NORMAL,5,10,False
2019-10-17,0.4128825941766187,NORMAL,5,10,False
2019-10-18,0.3891214271841162,NORMAL,4,10,False
2019-10-19,0.3795901784417581,NORMAL,4,10,False
2019-10-20,0.3882556731420222,NORMAL,4,10,False
2019-10-21,0.3737951926005853,NORMAL,4,10,False
2019-10-22,0.3710753623901996,NORMAL,4,10,False
2019-10-23,0.4296783779099184,NORMAL,5,10,False
2019-10-24,0.4151599588874734,NORMAL,5,10,False
2019-10-25,0.4223235171155587,NORMAL,4,10,False
2019-10-26,0.393239221007228,NORMAL,4,10,False
2019-10-27,0.3995172633465547,NORMAL,4,10,False
2019-10-28,0.4002367835339139,NORMAL,4,10,False
2019-10-29,0.3927977103047568,NORMAL,4,10,False
2019-10-30,0.4177351170498548,NORMAL,5,10,False
2019-10-31,0.4255070873077246,NORMAL,5,10,False
2019-11-01,0.4236041853919962,NORMAL,4,11,False
2019-11-02,0.4242854195562392,NORMAL,4,11,False
2019-11-03,0.4009384521879353,NORMAL,4,11,False
2019-11-04,0.3854425020021515,NORMAL,4,11,False
2019-11-05,0.3850572213646135,NORMAL,4,11,False
2019-11-06,0.3981274029790384,NORMAL,5,11,False
2019-11-07,0.37559188972824,NORMAL,5,11,False
2019-11-08,0.3690403111437038,NORMAL,4,11,False
2019-11-09,0.3599388071468982,NORMAL,4,11,False
2019-11-10,0.3522901225471271,NORMAL,4,11,False
2019-11-11,0.3525823209553709,NORMAL,4,11,False
2019-11-12,0.3721967691296063,NORMAL,4,11,False
2019-11-13,0.3183088982362508,NORMAL,5,11,False
2019-11-14,0.2879760982852933,NORMAL,5,11,False
2019-11-15,0.3080294054473895,NORMAL,4,11,False
2019-11-16,0.3110021493628759,NORMAL,4,11,False
2019-11-17,0.3043870505392862,NORMAL,4,11,False
2019-11-18,0.260474078492185,NORMAL,4,11,False
2019-11-19,0.2570762865552021,NORMAL,4,11,False
2019-11-20,0.19441376757457,NORMAL,5,11,False
2019-11-21,0.1587112711097333,NORMAL,5,11,False
2019-11-22,0.1586768707010225,NORMAL,4,11,False
2019-11-23,0.195576592448635,NORMAL,4,11,False
2019-11-24,0.2012734323517079,NORMAL,4,11,False
2019-11-25,0.1998135695125353,NORMAL,4,11,False
2019-11-26,0.1931494244834691,NORMAL,4,11,False
2019-11-27,0.1193089207184762,NORMAL,5,11,False
2019-11-28,0.1153989278356855,NORMAL,5,11,False
2019-11-29,0.0701491325583134,NORMAL,4,11,False
2019-11-30,0.0827715175868769,NORMAL,4,11,False
2019-12-01,0.0402841538743823,NORMAL,4,12,False
2019-12-02,0.0394890837852511,NORMAL,4,12,False
2019-12-03,0.0512924433888104,NORMAL,4,12,False
2019-12-04,0.1246151886041785,NORMAL,5,12,False
2019-12-05,0.1190642802128764,NORMAL,5,12,False
2019-12-06,0.1086914111887028,NORMAL,4,12,False
2019-12-07,0.103409581976831,NORMAL,4,12,False
2019-12-08,0.0854386734664548,NORMAL,4,12,False
2019-12-09,0.0928612064348121,NORMAL,4,12,False
2019-12-10,0.0959829806267218,NORMAL,4,12,False
2019-12-11,0.1980897302776626,NORMAL,5,12,False
2019-12-12,0.1890461803711248,NORMAL,5,12,False
2019-12-13,0.1693696779583459,NORMAL,4,12,False
2019-12-14,0.1565255124539086,NORMAL,4,12,False
2019-12-15,0.1504934323970131,NORMAL,4,12,False
2019-12-16,0.1479389751512914,NORMAL,4,12,False
2019-12-17,0.1632161343973842,NORMAL,4,12,False
2019-12-18,0.3035314205116023,NORMAL,5,12,False
2019-12-19,0.2659975227813764,NORMAL,5,12,False
2019-12-20,0.2701845350570518,NORMAL,4,12,False
2019-12-21,0.2444036911963919,NORMAL,4,12,False
2019-12-22,0.2314121374247111,NORMAL,4,12,False
2019-12-23,0.2290972448529581,NORMAL,4,12,False
2019-12-24,0.2088557164003478,NORMAL,4,12,False
2019-12-25,0.3032792670146399,NORMAL,5,12,False
2019-12-26,0.2930935269038116,NORMAL,5,12,False
2019-12-27,0.2751337957263959,NORMAL,4,12,False
2019-12-28,0.2776061328112733,NORMAL,4,12,False
2019-12-29,0.2820299397803476,NORMAL,4,12,False
2019-12-30,0.2882141428207084,NORMAL,4,12,False
2019-12-31,0.270385119743354,NORMAL,4,12,False
2020-01-01,0.3642039886804472,NORMAL,5,1,False
2020-01-02,0.3473561592265583,NORMAL,5,1,False
2020-01-03,0.3347803713534376,NORMAL,4,1,False
2020-01-04,0.3153281765004127,NORMAL,4,1,False
2020-01-05,0.3052459642260791,NORMAL,4,1,False
2020-01-06,0.3001425020808988,NORMAL,4,1,False
2020-01-07,0.3064385466878995,NORMAL,4,1,False
2020-01-08,0.3431542887149369,NORMAL,5,1,False
2020-01-09,0.3127603502956476,NORMAL,5,1,False
2020-01-10,0.3101279755541057,NORMAL,4,1,False
2020-01-11,0.3002636568147447,NORMAL,4,1,False
2020-01-12,0.2857234426376984,NORMAL,4,1,False
2020-01-13,0.272242433460867,NORMAL,4,1,False
2020-01-14,0.2720652949519119,NORMAL,4,1,False
2020-01-15,0.2944499050253791,NORMAL,5,1,False
2020-01-16,0.2531992936445874,NORMAL,5,1,False
2020-01-17,0.2469811038275017,NORMAL,4,1,False
2020-01-18,0.2523466431598777,NORMAL,4,1,False
2020-01-19,0.244278071258054,NORMAL,4,1,False
2020-01-20,0.2297784107104388,NORMAL,4,1,False
2020-01-21,0.228715279408432,NORMAL,4,1,False
2020-01-22,0.2135309665010967,NORMAL,5,1,False
2020-01-23,0.189411756848911,NORMAL,5,1,False
2020-01-24,0.157746095791632,NORMAL,4,1,False
2020-01-25,0.1275389487916089,NORMAL,4,1,False
2020-01-26,0.1394215680399799,NORMAL,4,1,False
2020-01-27,0.1252149806062242,NORMAL,4,1,False
2020-01-28,0.1221964372472341,NORMAL,4,1,False
2020-01-29,0.0565976230093591,NORMAL,5,1,False
2020-01-30,0.0708143296139704,NORMAL,5,1,False
2020-01-31,0.0546788458882698,NORMAL,4,1,False
2020-02-01,0.0497722142044618,NORMAL,4,2,False
2020-02-02,0.0576375392697058,NORMAL,4,2,False
2020-02-03,0.0590177422956423,NORMAL,4,2,False
2020-02-04,0.0475492005548669,NORMAL,4,2,False
2020-02-05,0.0595523178981561,NORMAL,5,2,False
2020-02-06,0.0521417127903,NORMAL,5,2,False
2020-02-07,0.045406235544324,NORMAL,4,2,False
2020-02-08,0.0625280053789507,NORMAL,4,2,False
2020-02-09,0.0475855153805806,NORMAL,4,2,False
2020-02-10,0.0372468766016456,NORMAL,4,2,False
2020-02-11,0.0405337273326873,NORMAL,4,2,False
2020-02-12,0.0621008053960806,NORMAL,5,2,False
2020-02-13,0.0881959821578286,NORMAL,5,2,False
2020-02-14,0.0803388171055144,NORMAL,4,2,False
2020-02-15,0.0805588665919494,NORMAL,4,2,False
2020-02-16,0.0690288359101436,NORMAL,4,2,False
2020-02-17,0.0924543638379964,NORMAL,4,2,False
2020-02-18,0.0884127583536869,NORMAL,4,2,False
2020-02-19,0.1404776970624202,NORMAL,5,2,False
2020-02-20,0.1362924964317851,NORMAL,5,2,False
2020-02-21,0.125435875259808,NORMAL,4,2,False
2020-02-22,0.1123126927065388,NORMAL,4,2,False
2020-02-23,0.1118731265520834,NORMAL,4,2,False
2020-02-24,0.0975787759125851,NORMAL,4,2,False
2020-02-25,0.0947723960125112,NORMAL,4,2,False
2020-02-26,0.155817443449494,NORMAL,5,2,False
2020-02-27,0.1469150960829214,NORMAL,5,2,False
2020-02-28,0.1414024478488232,NORMAL,4,2,False
2020-02-29,0.1064341069949705,NORMAL,4,2,False
2020-03-01,0.09857224485822,NORMAL,4,3,False
2020-03-02,0.0924618960538205,NORMAL,4,3,False
2020-03-03,0.093082412210712,NORMAL,4,3,False
2020-03-04,0.1226486795875279,NORMAL,5,3,False
2020-03-05,0.1110092469671548,NORMAL,5,3,False
2020-03-06,0.1147760934134281,NORMAL,4,3,False
2020-03-07,0.1078361759953482,NORMAL,4,3,False
2020-03-08,0.1107860380571455,NORMAL,4,3,False
2020-03-09,0.0933754274451942,NORMAL,4,3,False
2020-03-10,0.0886849716047696,NORMAL,4,3,False
2020-03-11,0.0928303230809736,NORMAL,5,3,False
2020-03-12,0.1215763394472483,NORMAL,5,3,False
2020-03-13,0.1109649322334871,NORMAL,4,3,False
2020-03-14,0.110653954809366,NORMAL,4,3,False
2020-03-15,0.0837562945176349,NORMAL,4,3,False
2020-03-16,0.0701146252619872,NORMAL,4,3,False
2020-03-17,0.0587235682099489,NORMAL,4,3,False
2020-03-18,0.0487549187373783,NORMAL,5,3,False
2020-03-19,0.0579428202187955,NORMAL,5,3,False
2020-03-20,0.0500091727299632,NORMAL,4,3,False
2020-03-21,0.056695646332801,NORMAL,4,3,False
2020-03-22,0.0564358135344755,NORMAL,4,3,False
2020-03-23,0.0646217392970106,NORMAL,4,3,False
2020-03-24,0.0639562516479517,NORMAL,4,3,False
2020-03-25,0.0390906918382737,NORMAL,5,3,False
2020-03-26,0.0393423560625799,NORMAL,5,3,False
2020-03-27,0.025332850961488,NORMAL,4,3,False
2020-03-28,0.0113073418104148,NORMAL,4,3,False
2020-03-29,0.0095886785302038,NORMAL,4,3,False
2020-03-30,0.0143104487173237,NORMAL,4,3,False
2020-03-31,0.0238871988357054,NORMAL,4,3,False
2020-04-01,0.0601664033816339,NORMAL,5,4,False
2020-04-02,0.0478513042335851,NORMAL,5,4,False
2020-04-03,0.0518628680626101,NORMAL,4,4,False
2020-04-04,0.0432296071729128,NORMAL,4,4,False
2020-04-05,0.0550458806909872,NORMAL,4,4,False
2020-04-06,0.0635872519889137,NORMAL,4,4,False
2020-04-07,0.054901214720446,NORMAL,4,4,False
2020-04-08,0.1533614308491667,NORMAL,5,4,False
2020-04-09,0.1638948252252661,NORMAL,5,4,False
2020-04-10,0.157429991524913,NORMAL,4,4,False
2020-04-11,0.1510807115737342,NORMAL,4,4,False
2020-04-12,0.1583854849240883,NORMAL,4,4,False
2020-04-13,0.1614322223701371,NORMAL,4,4,False
2020-04-14,0.1586125813020545,NORMAL,4,4,False
2020-04-15,0.2585657982221698,NORMAL,5,4,False
2020-04-16,0.246866084648491,NORMAL,5,4,False
2020-04-17,0.2516998878273205,NORMAL,4,4,False
2020-04-18,0.2403213700070127,NORMAL,4,4,False
2020-04-19,0.2338625313962319,NORMAL,4,4,False
2020-04-20,0.2589855552783722,NORMAL,4,4,False
2020-04-21,0.2649866082910702,NORMAL,4,4,False
2020-04-22,0.3598785962967812,NORMAL,5,4,False
2020-04-23,0.3787735163001238,NORMAL,5,4,False
2020-04-24,0.3762603313186956,NORMAL,4,4,False
2020-04-25,0.3494376990024164,NORMAL,4,4,False
2020-04-26,0.3292257357404669,NORMAL,4,4,False
2020-04-27,0.3401648934428249,NORMAL,4,4,False
2020-04-28,0.3206667909970276,NORMAL,4,4,False
2020-04-29,0.3726523847125154,NORMAL,5,4,False
2020-04-30,0.3499868127336613,NORMAL,5,4,False
2020-05-01,0.370445858916949,NORMAL,4,5,False
2020-05-02,0.3501092090780632,NORMAL,4,5,False
2020-05-03,0.33328849822802,NORMAL,4,5,False
2020-05-04,0.3362249921908859,NORMAL,4,5,False
2020-05-05,0.3217521696980117,NORMAL,4,5,False
2020-05-06,0.3258114783347979,NORMAL,5,5,False
2020-05-07,0.3210117702172838,NORMAL,5,5,False
2020-05-08,0.3107656398416117,NORMAL,4,5,False
2020-05-09,0.2982213388486247,NORMAL,4,5,False
2020-05-10,0.2998228059169465,NORMAL,4,5,False
2020-05-11,0.2948463059471147,NORMAL,4,5,False
2020-05-12,0.2752097091546052,NORMAL,4,5,False
2020-05-13,0.2188756899960228,NORMAL,5,5,False
2020-05-14,0.1908201235680648,NORMAL,5,5,False
2020-05-15,0.1757266199583427,NORMAL,4,5,False
2020-05-16,0.1510643547159844,NORMAL,4,5,False
2020-05-17,0.1333545554881397,NORMAL,4,5,False
2020-05-18,0.1156583427903093,NORMAL,4,5,False
2020-05-19,0.1006276168292401,NORMAL,4,5,False
2020-05-20,0.012532528294742,NORMAL,5,5,False
2020-05-21,0.0391878625650567,NORMAL,5,5,False
2020-05-22,0.0747656930409694,NORMAL,4,5,False
2020-05-23,0.0905827713555947,NORMAL,4,5,False
2020-05-24,0.1091683828179367,NORMAL,4,5,False
2020-05-25,0.123421502734225,NORMAL,4,5,False
2020-05-26,0.1245804886105479,NORMAL,4,5,False
2020-05-27,0.2306551452397904,NORMAL,5,5,False
2020-05-28,0.2562783122222062,NORMAL,5,5,False
2020-05-29,0.29624507014882,NORMAL,4,5,False
2020-05-30,0.3173047807143582,NORMAL,4,5,False
2020-05-31,0.3441544585924584,NORMAL,4,5,False
2020-06-01,0.3553582898029118,NORMAL,4,6,False
2020-06-02,0.3461447003303221,NORMAL,4,6,False
2020-06-03,0.5356203610844927,NORMAL,5,6,False
2020-06-04,0.5487880657214992,NORMAL,5,6,False
2020-06-05,0.5763785114885016,NORMAL,4,6,False
2020-06-06,0.5794300783717264,NORMAL,4,6,False
2020-06-07,0.5642763189749513,NORMAL,4,6,False
2020-06-08,0.5894171510641744,NORMAL,4,6,False
2020-06-09,0.5934806298925643,NORMAL,4,6,False
2020-06-10,0.7231242028606314,NORMAL,5,6,False
2020-06-11,0.6691517936921574,NORMAL,5,6,False
2020-06-12,0.6642843261686899,NORMAL,4,6,False
2020-06-13,0.6689711218355843,NORMAL,4,6,False
2020-06-14,0.6404770333514396,NORMAL,4,6,False
2020-06-15,0.6038288061656787,NORMAL,4,6,False
2020-06-16,0.6252842722335732,NORMAL,4,6,False
2020-06-17,0.602901121291582,NORMAL,5,6,False
2020-06-18,0.6477681053238117,NORMAL,5,6,False
2020-06-19,0.6817322119405357,NORMAL,4,6,False
2020-06-20,0.6698695698231316,NORMAL,4,6,False
2020-06-21,0.5999320006577891,NORMAL,4,6,False
2020-06-22,0.6424010223116539,NORMAL,4,6,False
2020-06-23,0.5749027542135685,NORMAL,4,6,False
2020-06-24,0.4558781067156779,NORMAL,5,6,False
2020-06-25,0.4572422132877252,NORMAL,5,6,False
2020-06-26,0.4134786738847422,NORMAL,4,6,False
2020-06-27,0.3899274467577051,NORMAL,4,6,False
2020-06-28,0.3796626288221844,NORMAL,4,6,False
2020-06-29,0.379623494899484,NORMAL,4,6,False
2020-06-30,0.4088675439310691,NORMAL,4,6,False
2020-07-01,0.3081388655264069,NORMAL,5,7,False
2020-07-02,0.3181524982654181,NORMAL,5,7,False
2020-07-03,0.3570251595830437,NORMAL,4,7,False
2020-07-04,0.3755430100427772,NORMAL,4,7,False
2020-07-05,0.2863928440842525,NORMAL,4,7,False
2020-07-06,0.2373450618448698,NORMAL,4,7,False
2020-07-07,0.2038021314228431,NORMAL,4,7,False
2020-07-08,0.096196479187635,NORMAL,5,7,False
2020-07-09,0.158148445123814,NORMAL,5,7,False
2020-07-10,0.1965816086012529,NORMAL,4,7,False
2020-07-11,0.198796262539528,NORMAL,4,7,False
2020-07-12,0.2385902114346775,NORMAL,4,7,False
2020-07-13,0.2212513796191845,NORMAL,4,7,False
2020-07-14,0.2277126937767013,NORMAL,4,7,False
2020-07-15,0.1055592979001498,NORMAL,5,7,False
2020-07-16,0.1377779751356318,NORMAL,5,7,False
2020-07-17,0.1377104656806854,NORMAL,4,7,False
2020-07-18,0.1740364991151652,NORMAL,4,7,False
2020-07-19,0.1712118521162218,NORMAL,4,7,False
2020-07-20,0.0610867200844892,NORMAL,4,7,False
2020-07-21,0.1142109271756605,NORMAL,4,7,False
2020-07-22,0.0278750324143396,NORMAL,5,7,False
2020-07-23,0.0195672895745516,NORMAL,5,7,False
2020-07-24,0.0584778027106539,NORMAL,4,7,False
2020-07-25,0.0756943833256752,NORMAL,4,7,False
2020-07-26,0.1296693079227065,NORMAL,4,7,False
2020-07-27,0.1512419000104568,NORMAL,4,7,False
2020-07-28,0.142985247457056,NORMAL,4,7,False
2020-07-29,0.0203931791702121,NORMAL,5,7,False
2020-07-30,0.0518866250087979,NORMAL,5,7,False
2020-07-31,0.0267336557853939,NORMAL,4,7,False
2020-08-01,0.060317107746467,NORMAL,4,8,False
2020-08-02,0.1170879795305303,NORMAL,4,8,False
2020-08-03,0.1107517614322988,NORMAL,4,8,False
2020-08-04,0.2154070837518182,NORMAL,4,8,False
2020-08-05,0.7148494850031527,NORMAL,5,8,False
2020-08-06,0.5919196391578135,NORMAL,5,8,False
2020-08-07,0.643530159931224,NORMAL,4,8,False
2020-08-08,0.5952031012192415,NORMAL,4,8,False
2020-08-09,0.820906612707604,NORMAL,4,8,False
2020-08-10,0.738482335996547,NORMAL,4,8,False
2020-08-11,0.3444493133304964,NORMAL,4,8,False
2020-08-12,0.1219880074602007,NORMAL,5,8,False
2020-08-13,0.1957657081861979,NORMAL,5,8,False
2020-08-14,0.2259882052214596,NORMAL,4,8,False
2020-08-15,0.1337239788906369,NORMAL,4,8,False
2020-08-16,0.037895729706857,NORMAL,4,8,False
2020-08-17,0.0745069066543552,NORMAL,4,8,False
2020-08-18,0.1288599441242519,NORMAL,4,8,False
2020-08-19,0.1029007631255124,NORMAL,5,8,False
2020-08-20,0.0836410143643495,NORMAL,5,8,False
2020-08-21,0.1042293623850334,NORMAL,4,8,False
2020-08-22,0.1575012771395027,NORMAL,4,8,False
2020-08-23,0.2147242342975242,NORMAL,4,8,False
2020-08-24,0.2182843160366845,NORMAL,4,8,False
2020-08-25,0.2285573220349012,NORMAL,4,8,False
2020-08-26,0.1247499687366372,NORMAL,5,8,False
2020-08-27,0.0627603387269385,NORMAL,5,8,False
2020-08-28,0.0812813970552241,NORMAL,4,8,False
2020-08-29,0.0991633389034627,NORMAL,4,8,False
2020-08-30,0.0727648240535004,NORMAL,4,8,False
2020-08-31,0.0512919485845512,NORMAL,4,8,False
2020-09-01,0.0450518594572164,NORMAL,4,9,False
2020-09-02,0.0087847727585483,NORMAL,5,9,False
2020-09-03,0.0841151827993002,NORMAL,5,9,False
2020-09-04,0.1193175265598482,NORMAL,4,9,False
2020-09-05,0.064004004618208,NORMAL,4,9,False
2020-09-06,0.0280878377517316,NORMAL,4,9,False
2020-09-07,0.0228540603405657,NORMAL,4,9,False
2020-09-08,0.0946566656481526,NORMAL,4,9,False
2020-09-09,0.0979259939411543,NORMAL,5,9,False
2020-09-10,0.0707884962115047,NORMAL,5,9,False
2020-09-11,0.0991243272692196,NORMAL,4,9,False
2020-09-12,0.0677938441007468,NORMAL,4,9,False
2020-09-13,0.041436901582621,NORMAL,4,9,False
2020-09-14,0.028217845888661,NORMAL,4,9,False
2020-09-15,0.0618998445611795,NORMAL,4,9,False
2020-09-16,0.1241629580559301,NORMAL,5,9,False
2020-09-17,0.1714815407957131,NORMAL,5,9,False
2020-09-18,0.1946433141223352,NORMAL,4,9,False
2020-09-19,0.1717413013702529,NORMAL,4,9,False
2020-09-20,0.1528370502504805,NORMAL,4,9,False
2020-09-21,0.1447001180759549,NORMAL,4,9,False
2020-09-22,0.1382561330443323,NORMAL,4,9,False
2020-09-23,0.1364109512352376,NORMAL,5,9,False
2020-09-24,0.1667687873555484,NORMAL,5,9,False
2020-09-25,0.1912265252057965,NORMAL,4,9,False
2020-09-26,0.2002739479812375,NORMAL,4,9,False
2020-09-27,0.1803659527081714,NORMAL,4,9,False
2020-09-28,0.1893847608886932,NORMAL,4,9,False
2020-09-29,0.1831159407545163,NORMAL,4,9,False
2020-09-30,0.1273763961729906,NORMAL,5,9,False
2020-10-01,0.1449857134803006,NORMAL,5,10,False
2020-10-02,0.159886740609627,NORMAL,4,10,False
2020-10-03,0.1456365997601836,NORMAL,4,10,False
2020-10-04,0.1738683113960384,NORMAL,4,10,False
2020-10-05,0.2270936258113828,NORMAL,4,10,False
2020-10-06,0.2216491891123838,NORMAL,4,10,False
2020-10-07,0.1811942216026878,NORMAL,5,10,False
2020-10-08,0.1629331780913499,NORMAL,5,10,False
2020-10-09,0.1400487762780392,NORMAL,4,10,False
2020-10-10,0.1676310287215755,NORMAL,4,10,False
2020-10-11,0.1644826820272913,NORMAL,4,10,False
2020-10-12,0.213159063439864,NORMAL,4,10,False
2020-10-13,0.2186949813970147,NORMAL,4,10,False
2020-10-14,0.2062092156625513,NORMAL,5,10,False
2020-10-15,0.2137528221721152,NORMAL,5,10,False
2020-10-16,0.2245165914892883,NORMAL,4,10,False
2020-10-17,0.2013159699473021,NORMAL,4,10,False
2020-10-18,0.2030368370962874,NORMAL,4,10,False
2020-10-19,0.2208750060782388,NORMAL,4,10,False
2020-10-20,0.2186238456805227,NORMAL,4,10,False
2020-10-21,0.1624980955504855,NORMAL,5,10,False
2020-10-22,0.1677958984040253,NORMAL,5,10,False
2020-10-23,0.1802893911322245,NORMAL,4,10,False
2020-10-24,0.1859924685550742,NORMAL,4,10,False
2020-10-25,0.1704860706577145,NORMAL,4,10,False
2020-10-26,0.1852463209937993,NORMAL,4,10,False
2020-10-27,0.1799934036015297,NORMAL,4,10,False
2020-10-28,0.1562603701662245,NORMAL,5,10,False
2020-10-29,0.1674052412078181,NORMAL,5,10,False
2020-10-30,0.2033286655936224,NORMAL,4,10,False
2020-10-31,0.2032552599446845,NORMAL,4,10,False
2020-11-01,0.178268477018431,NORMAL,4,11,False
2020-11-02,0.1680211587043487,NORMAL,4,11,False
2020-11-03,0.1513659766129083,NORMAL,4,11,False
2020-11-04,0.0931416767589473,NORMAL,5,11,False
2020-11-05,0.0807240206397273,NORMAL,5,11,False
2020-11-06,0.1029781293180232,NORMAL,4,11,False
2020-11-07,0.0784562691133304,NORMAL,4,11,False
2020-11-08,0.074546822160845,NORMAL,4,11,False
2020-11-09,0.0950567735749823,NORMAL,4,11,False
2020-11-10,0.090949911713267,NORMAL,4,11,False
2020-11-11,0.0986537433939066,NORMAL,5,11,False
2020-11-12,0.0841513462579896,NORMAL,5,11,False
2020-11-13,0.0936527545293669,NORMAL,4,11,False
2020-11-14,0.1137355372401537,NORMAL,4,11,False
2020-11-15,0.1083589506634437,NORMAL,4,11,False
2020-11-16,0.1213799816373868,NORMAL,4,11,False
2020-11-17,0.1134982432803338,NORMAL,4,11,False
2020-11-18,0.1468760444200784,NORMAL,5,11,False
2020-11-19,0.1791824752598046,NORMAL,5,11,False
2020-11-20,0.2123654617201492,NORMAL,4,11,False
2020-11-21,0.2007825853485887,NORMAL,4,11,False
2020-11-22,0.1953964766543793,NORMAL,4,11,False
2020-11-23,0.1830133252236634,NORMAL,4,11,False
2020-11-24,0.1862010966569648,NORMAL,4,11,False
2020-11-25,0.2239826445593031,NORMAL,5,11,False
2020-11-26,0.2479519484232878,NORMAL,5,11,False
2020-11-27,0.263100707518531,NORMAL,4,11,False
2020-11-28,0.2631800591417494,NORMAL,4,11,False
2020-11-29,0.2591276418709003,NORMAL,4,11,False
2020-11-30,0.2651751710472817,NORMAL,4,11,False
2020-12-01,0.2596971949224563,NORMAL,4,12,False
2020-12-02,0.2924667389510892,NORMAL,5,12,False
2020-12-03,0.2817898393650396,NORMAL,5,12,False
2020-12-04,0.2691526305820837,NORMAL,4,12,False
2020-12-05,0.2632058474050942,NORMAL,4,12,False
2020-12-06,0.2693234427407417,NORMAL,4,12,False
2020-12-07,0.2783475695477574,NORMAL,4,12,False
2020-12-08,0.2578345569308172,NORMAL,4,12,False
2020-12-09,0.2817971223130474,NORMAL,5,12,False
2020-12-10,0.2542511959232399,NORMAL,5,12,False
2020-12-11,0.2654844044408174,NORMAL,4,12,False
2020-12-12,0.2645092414827179,NORMAL,4,12,False
2020-12-13,0.2577321882293159,NORMAL,4,12,False
2020-12-14,0.2481338768057467,NORMAL,4,12,False
2020-12-15,0.2452756100221127,NORMAL,4,12,False
2020-12-16,0.2684857059308312,NORMAL,5,12,False
2020-12-17,0.2635405199241658,NORMAL,5,12,False
2020-12-18,0.2507672123473791,NORMAL,4,12,False
2020-12-19,0.2498970104615874,NORMAL,4,12,False
2020-12-20,0.2542575715519348,NORMAL,4,12,False
2020-12-21,0.2515805568350631,NORMAL,4,12,False
2020-12-22,0.2379020943500147,NORMAL,4,12,False
2020-12-23,0.2278981218881831,NORMAL,5,12,False
2020-12-24,0.219579820764129,NORMAL,5,12,False
2020-12-25,0.2122261388397568,NORMAL,4,12,False
2020-12-26,0.2191093866944072,NORMAL,4,12,False
2020-12-27,0.2231936866645175,NORMAL,4,12,False
2020-12-28,0.2345310928901645,NORMAL,4,12,False
2020-12-29,0.2399953283068246,NORMAL,4,12,False
2020-12-30,0.2411663501930951,NORMAL,5,12,False
2020-12-31,0.2144323990279827,NORMAL,5,12,False
2021-01-01,0.2112732108156605,NORMAL,4,1,False
2021-01-02,0.1931066732398962,NORMAL,4,1,False
2021-01-03,0.1872997781003255,NORMAL,4,1,False
2021-01-04,0.1849662599110778,NORMAL,4,1,False
2021-01-05,0.1821889019293907,NORMAL,4,1,False
2021-01-06,0.1660928254410693,NORMAL,5,1,False
2021-01-07,0.151090767578592,NORMAL,5,1,False
2021-01-08,0.1339161771143223,NORMAL,4,1,False
2021-01-09,0.1145078092696387,NORMAL,4,1,False
2021-01-10,0.1026635738191917,NORMAL,4,1,False
2021-01-11,0.1170414026476158,NORMAL,4,1,False
2021-01-12,0.0939693023307874,NORMAL,4,1,False
2021-01-13,0.04727739339884,NORMAL,5,1,False
2021-01-14,0.0369192049173332,NORMAL,5,1,False
2021-01-15,0.0306477371903321,NORMAL,4,1,False
2021-01-16,0.0289385811569518,NORMAL,4,1,False
2021-01-17,0.0242531621164399,NORMAL,4,1,False
2021-01-18,0.018668278112123,NORMAL,4,1,False
2021-01-19,0.0215912982709878,NORMAL,4,1,False
2021-01-20,0.0353861603088341,NORMAL,5,1,False
2021-01-21,0.0266856103208925,NORMAL,5,1,False
2021-01-22,0.0324268924586882,NORMAL,4,1,False
2021-01-23,0.0345555367678667,NORMAL,4,1,False
2021-01-24,0.0441630469132816,NORMAL,4,1,False
2021-01-25,0.0353517193438313,NORMAL,4,1,False
2021-01-26,0.0316806817668623,NORMAL,4,1,False
2021-01-27,0.0773013831678823,NORMAL,5,1,False
2021-01-28,0.0904247007327713,NORMAL,5,1,False
2021-01-29,0.0859100077366782,NORMAL,4,1,False
2021-01-30,0.089465717774325,NORMAL,4,1,False
2021-01-31,0.0752692636447661,NORMAL,4,1,False
2021-02-01,0.0726427120578264,NORMAL,4,2,False
2021-02-02,0.0651656204027881,NORMAL,4,2,False
2021-02-03,0.1176039054985089,NORMAL,5,2,False
2021-02-04,0.1264755255431685,NORMAL,5,2,False
2021-02-05,0.1280646777436452,NORMAL,4,2,False
2021-02-06,0.1399395614432741,NORMAL,4,2,False
2021-02-07,0.1402181221529303,NORMAL,4,2,False
2021-02-08,0.1220692490651667,NORMAL,4,2,False
2021-02-09,0.1187368281531001,NORMAL,4,2,False
2021-02-10,0.1560407894243698,NORMAL,5,2,False
2021-02-11,0.1566386827905741,NORMAL,5,2,False
2021-02-12,0.1723228210587155,NORMAL,4,2,False
2021-02-13,0.1763240255723329,NORMAL,4,2,False
2021-02-14,0.1622194613331254,NORMAL,4,2,False
2021-02-15,0.1597333484530397,NORMAL,4,2,False
2021-02-16,0.1675903186208069,NORMAL,4,2,False
2021-02-17,0.2045369900461558,NORMAL,5,2,False
2021-02-18,0.1804431800428345,NORMAL,5,2,False
2021-02-19,0.1979898644334042,NORMAL,4,2,False
2021-02-20,0.1950914523346433,NORMAL,4,2,False
2021-02-21,0.2001046548106564,NORMAL,4,2,False
2021-02-22,0.194585682617565,NORMAL,4,2,False
2021-02-23,0.1718185055930063,NORMAL,4,2,False
2021-02-24,0.1423701086969813,NORMAL,5,2,False
2021-02-25,0.135920647637343,NORMAL,5,2,False
2021-02-26,0.1228936832665779,NORMAL,4,2,False
2021-02-27,0.1238118194433099,NORMAL,4,2,False
2021-02-28,0.1052294611733677,NORMAL,4,2,False
2021-03-01,0.078013447332985,NORMAL,4,3,False
2021-03-02,0.0851640334295005,NORMAL,4,3,False
2021-03-03,0.0741358873473587,NORMAL,5,3,False
2021-03-04,0.1031029519427136,NORMAL,5,3,False
2021-03-05,0.0953124092723394,NORMAL,4,3,False
2021-03-06,0.059647761147885,NORMAL,4,3,False
2021-03-07,0.0663675383722006,NORMAL,4,3,False
2021-03-08,0.0655703876447311,NORMAL,4,3,False
2021-03-09,0.0994614192606126,NORMAL,4,3,False
2021-03-10,0.0565432584887862,NORMAL,5,3,False
2021-03-11,0.0764601387849762,NORMAL,5,3,False
2021-03-12,0.0663138947948038,NORMAL,4,3,False
2021-03-13,0.0809525958925726,NORMAL,4,3,False
2021-03-14,0.0997469819897332,NORMAL,4,3,False
2021-03-15,0.1258287685101145,NORMAL,4,3,False
2021-03-16,0.1472085321818201,NORMAL,4,3,False
2021-03-17,0.1103089673574436,NORMAL,5,3,False
2021-03-18,0.1271377061558848,NORMAL,5,3,False
2021-03-19,0.1295869046307126,NORMAL,4,3,False
2021-03-20,0.1374502174691667,NORMAL,4,3,False
2021-03-21,0.1205943473800592,NORMAL,4,3,False
2021-03-22,0.1205598683099332,NORMAL,4,3,False
2021-03-23,0.1472998470182816,NORMAL,4,3,False
2021-03-24,0.1430475068632811,NORMAL,5,3,False
2021-03-25,0.1267597716734481,NORMAL,5,3,False
2021-03-26,0.0997431121909217,NORMAL,4,3,False
2021-03-27,0.0990350223812279,NORMAL,4,3,False
2021-03-28,0.115254811415861,NORMAL,4,3,False
2021-03-29,0.1256969777181603,NORMAL,4,3,False
2021-03-30,0.1331893525459877,NORMAL,4,3,False
2021-03-31,0.0736558669584481,NORMAL,5,3,False
2021-04-01,0.0424224591934401,NORMAL,5,4,False
2021-04-02,0.0371074365992856,NORMAL,4,4,False
2021-04-03,0.0197213462484337,NORMAL,4,4,False
2021-04-04,0.0388886335590666,NORMAL,4,4,False
2021-04-05,0.031676548314683,NORMAL,4,4,False
2021-04-06,0.0384350320854783,NORMAL,4,4,False
2021-04-07,0.1034851487297211,NORMAL,5,4,False
2021-04-08,0.1062067181237916,NORMAL,5,4,False
2021-04-09,0.1262258442533635,NORMAL,4,4,False
2021-04-10,0.1123025415236579,NORMAL,4,4,False
2021-04-14,0.1005658891303011,NORMAL,5,4,False
2021-04-15,0.0883530588011053,NORMAL,5,4,False
2021-04-16,0.0812019124883388,NORMAL,4,4,False
2021-04-17,0.0667279716262089,NORMAL,4,4,False
2021-04-18,0.0419440346691013,NORMAL,4,4,False
2021-04-19,0.0423042932571571,NORMAL,4,4,False
2021-04-20,0.0121512295463094,NORMAL,4,4,False
2021-04-21,0.0766885086133691,NORMAL,5,4,False
2021-04-22,0.0928481244744539,NORMAL,5,4,False
2021-04-23,0.0953189612728037,NORMAL,4,4,False
2021-04-24,0.1224075652349451,NORMAL,4,4,False
2021-04-25,0.1434441356819585,NORMAL,4,4,False
2021-04-26,0.1616057841135229,NORMAL,4,4,False
2021-04-27,0.1670335978435917,NORMAL,4,4,False
2021-04-28,0.2729020843967863,NORMAL,5,4,False
2021-04-29,0.2794438343985867,NORMAL,5,4,False
2021-04-30,0.3011269209183616,NORMAL,4,4,False
2021-05-01,0.2965359384120577,NORMAL,4,5,False
2021-05-02,0.3088534988324055,NORMAL,4,5,False
2021-05-03,0.302616272581429,NORMAL,4,5,False
2021-05-04,0.3147225360179705,NORMAL,4,5,False
2021-05-05,0.3979826982640405,NORMAL,5,5,False
2021-05-06,0.40271851216688,NORMAL,5,5,False
2021-05-07,0.4384805513317574,NORMAL,4,5,False
2021-05-08,0.5055613925988834,NORMAL,4,5,False
2021-05-09,0.5617576144352551,NORMAL,4,5,False
2021-05-10,0.5649634578610178,NORMAL,4,5,False
2021-05-11,0.5795720283155344,NORMAL,4,5,False
2021-05-12,0.6244358804857555,NORMAL,5,5,False
2021-05-13,0.6268225796511367,NORMAL,5,5,False
2021-05-14,0.6533376622303201,NORMAL,4,5,False
2021-05-15,0.6942235134929396,NORMAL,4,5,False
2021-05-16,0.7078551078410515,NORMAL,4,5,False
2021-05-17,0.6838807161395344,NORMAL,4,5,False
2021-05-18,0.6725777468444492,NORMAL,4,5,False
2021-05-19,0.6539813197865422,NORMAL,5,5,False
2021-05-20,0.6327621955703293,NORMAL,5,5,False
2021-05-21,0.6184003336156987,NORMAL,4,5,False
2021-05-22,0.6223090789866736,NORMAL,4,5,False
2021-05-23,0.6107184567442008,NORMAL,4,5,False
2021-05-24,0.6230359280659958,NORMAL,4,5,False
2021-05-25,0.6174281432105703,NORMAL,4,5,False
2021-05-26,0.5092804747940629,NORMAL,5,5,False
2021-05-27,0.4841895650473949,NORMAL,5,5,False
2021-05-28,0.4800009786382574,NORMAL,4,5,False
2021-05-29,0.4898252952579313,NORMAL,4,5,False
2021-05-30,0.4798920997582683,NORMAL,4,5,False
2021-05-31,0.4894188328457305,NORMAL,4,5,False
2021-06-01,0.5229071806621617,NORMAL,4,6,False
2021-06-02,0.4906061244729714,NORMAL,5,6,False
2021-06-03,0.4746329184626368,NORMAL,5,6,False
2021-06-04,0.4460581235659899,NORMAL,4,6,False
2021-06-05,0.4391075009525853,NORMAL,4,6,False
2021-06-06,0.4148660809562733,NORMAL,4,6,False
2021-06-07,0.3983996380688057,NORMAL,4,6,False
2021-06-08,0.4097011638148268,NORMAL,4,6,False
2021-06-09,0.3517271340244682,NORMAL,5,6,False
2021-06-10,0.4790849583834122,NORMAL,5,6,False
2021-06-11,0.6081521721162554,NORMAL,4,6,False
2021-06-12,0.5815250760464014,NORMAL,4,6,False
2021-06-13,0.560519429286223,NORMAL,4,6,False
2021-06-14,0.540891323664378,NORMAL,4,6,False
2021-06-15,0.5251223139922769,NORMAL,4,6,False
2021-06-16,0.4582941892064683,NORMAL,5,6,False
2021-06-17,0.4656232560157233,NORMAL,5,6,False
2021-06-18,0.5624014622731096,NORMAL,4,6,False
2021-06-19,0.5705456440807702,NORMAL,4,6,False
2021-06-20,0.5479697513662496,NORMAL,4,6,False
2021-06-21,0.5233842486745826,NORMAL,4,6,False
2021-06-22,0.6814966685433691,NORMAL,4,6,False
2021-06-23,0.7448776509172108,NORMAL,5,6,False
2021-06-24,0.945452473082185,NORMAL,5,6,False
2021-06-25,1.0617006908095723,NORMAL,4,6,False
2021-06-26,1.0229638531488896,NORMAL,4,6,False
2021-06-27,0.972059144853082,NORMAL,4,6,False
2021-06-28,0.931994767347568,NORMAL,4,6,False
2021-06-29,0.9025457174654364,NORMAL,4,6,False
2021-06-30,0.9537106465287548,NORMAL,5,6,False
2021-07-01,0.9013556159063442,CRITICAL,5,7,True
2021-07-02,0.9071566355444288,CRITICAL,4,7,True
2021-07-03,0.8273931763311235,WARNING,4,7,True
2021-07-04,0.7687039840181786,WARNING,4,7,True
2021-07-05,0.7384517917135704,WARNING,4,7,True
2021-07-06,0.7492902445725653,WARNING,4,7,True
2021-07-07,0.5849393996668454,NORMAL,5,7,False
2021-07-08,0.5594934405435948,NORMAL,5,7,False
2021-07-09,0.5465486235378049,NORMAL,4,7,False
2021-07-10,0.4954590898587966,NORMAL,4,7,False
2021-07-11,0.4785259460092656,NORMAL,4,7,False
2021-07-12,0.4921428684537975,NORMAL,4,7,False
2021-07-13,0.4548393019956387,NORMAL,4,7,False
2021-07-14,0.2771698355783319,NORMAL,5,7,False
2021-07-15,0.2507137553561721,NORMAL,5,7,False
2021-07-16,0.2252243648065525,NORMAL,4,7,False
2021-07-17,0.3003816469636595,NORMAL,4,7,False
2021-07-18,0.2632074484637094,NORMAL,4,7,False
2021-07-19,0.2130207230799672,NORMAL,4,7,False
2021-07-20,0.1826904888152749,NORMAL,4,7,False
2021-07-21,0.0860191049405061,NORMAL,5,7,False
2021-07-22,0.0958647832940009,NORMAL,5,7,False
2021-07-23,0.1105380673683308,NORMAL,4,7,False
2021-07-24,0.0848652853304559,NORMAL,4,7,False
2021-07-25,0.0685725420278905,NORMAL,4,7,False
2021-07-26,0.1514144294262003,NORMAL,4,7,False
2021-07-27,0.1152450876628223,NORMAL,4,7,False
2021-07-28,0.0416953231137065,NORMAL,5,7,False
2021-07-29,0.0160178431370932,NORMAL,5,7,False
2021-07-30,0.0673667233227149,NORMAL,4,7,False
2021-07-31,0.0745634028831961,NORMAL,4,7,False
2021-08-01,0.142002023388319,NORMAL,4,8,False
2021-08-02,0.1393630048865299,NORMAL,4,8,False
2021-08-03,0.1392351478605755,NORMAL,4,8,False
2021-08-04,0.157068196038568,NORMAL,5,8,False
2021-08-05,0.1457259014025687,NORMAL,5,8,False
2021-08-06,0.1544279249637475,NORMAL,4,8,False
2021-08-07,0.1698563102743324,NORMAL,4,8,False
2021-08-08,0.1133462247059191,NORMAL,4,8,False
2021-08-09,0.0358933324478226,NORMAL,4,8,False
2021-08-10,0.0645109153569568,NORMAL,4,8,False
2021-08-11,0.0754199170672485,NORMAL,5,8,False
2021-08-12,0.0657374713716498,NORMAL,5,8,False
2021-08-13,0.0455553026306828,NORMAL,4,8,False
2021-08-14,0.0506227590842475,NORMAL,4,8,False
2021-08-15,0.0677985132846428,NORMAL,4,8,False
2021-08-16,0.1027901809293913,NORMAL,4,8,False
2021-08-17,0.1079391148769804,NORMAL,4,8,False
2021-08-18,0.1683456846667162,NORMAL,5,8,False
2021-08-19,0.1453044564550088,NORMAL,5,8,False
2021-08-20,0.1313837274907766,NORMAL,4,8,False
2021-08-21,0.0440747678298573,NORMAL,4,8,False
2021-08-22,0.0524834432649743,NORMAL,4,8,False
2021-08-23,0.1049582125073277,NORMAL,4,8,False
2021-08-24,0.1569494766287918,NORMAL,4,8,False
2021-08-25,0.2299553447005702,NORMAL,5,8,False
2021-08-26,0.2339537027388744,NORMAL,5,8,False
2021-08-27,0.2902057930041647,NORMAL,4,8,False
2021-08-28,0.3141219911180313,NORMAL,4,8,False
2021-08-29,0.2976601387547414,NORMAL,4,8,False
2021-08-30,0.1952812213777419,NORMAL,4,8,False
2021-08-31,0.1822469532251984,NORMAL,4,8,False
2021-09-01,0.1363725816082274,NORMAL,5,9,False
2021-09-02,0.1030850517731401,NORMAL,5,9,False
2021-09-03,0.0554236096332137,NORMAL,4,9,False
2021-09-04,0.0126973805421548,NORMAL,4,9,False
2021-09-05,0.0594153134014582,NORMAL,4,9,False
2021-09-06,0.0562334811517793,NORMAL,4,9,False
2021-09-07,0.047413288799803,NORMAL,4,9,False
2021-09-08,0.049289006981778,NORMAL,5,9,False
2021-09-09,0.0619107460454927,NORMAL,5,9,False
2021-09-10,0.0226446729487133,NORMAL,4,9,False
2021-09-11,0.0177078175263693,NORMAL,4,9,False
2021-09-12,0.0199140516024995,NORMAL,4,9,False
2021-09-13,0.0416436915383211,NORMAL,4,9,False
2021-09-14,0.0315365152530844,NORMAL,4,9,False
2021-09-15,0.0608685682276168,NORMAL,5,9,False
2021-09-16,0.0457979751613682,NORMAL,5,9,False
2021-09-17,0.0503225923436802,NORMAL,4,9,False
2021-09-18,0.0449755119294532,NORMAL,4,9,False
2021-09-19,0.017224917511122,NORMAL,4,9,False
2021-09-20,0.0362719456545709,NORMAL,4,9,False
2021-09-21,0.0432280896016437,NORMAL,4,9,False
2021-09-22,0.0398916799662032,NORMAL,5,9,False
2021-09-23,0.1388035344156426,NORMAL,5,9,False
2021-09-24,0.1286237889813248,NORMAL,4,9,False
2021-09-25,0.1384564114097348,NORMAL,4,9,False
2021-09-26,0.1694962544510676,NORMAL,4,9,False
2021-09-27,0.1278609334937088,NORMAL,4,9,False
2021-09-28,0.1097117430182181,NORMAL,4,9,False
2021-09-29,0.0820622600285582,NORMAL,5,9,False
2021-09-30,0.0610009259531311,NORMAL,5,9,False
2021-10-01,0.0691648725964668,NORMAL,4,10,False
2021-10-02,0.1041054465744731,NORMAL,4,10,False
2021-10-03,0.1241214622187752,NORMAL,4,10,False
2021-10-04,0.1327700027276172,NORMAL,4,10,False
2021-10-05,0.1484915632623692,NORMAL,4,10,False
2021-10-06,0.1726150576975783,NORMAL,5,10,False
2021-10-07,0.2341772505612269,NORMAL,5,10,False
2021-10-08,0.2654149192731445,NORMAL,4,10,False
2021-10-09,0.2578166392963911,NORMAL,4,10,False
2021-10-10,0.2273605420139376,NORMAL,4,10,False
2021-10-11,0.2733374062736003,NORMAL,4,10,False
2021-10-12,0.2878102561726213,NORMAL,4,10,False
2021-10-13,0.1992170639375632,NORMAL,5,10,False
2021-10-14,0.2609128806144708,NORMAL,5,10,False
2021-10-15,0.2703722510608553,NORMAL,4,10,False
2021-10-16,0.2413103066630053,NORMAL,4,10,False
2021-10-17,0.1878970451022548,NORMAL,4,10,False
2021-10-18,0.2136278753160075,NORMAL,4,10,False
2021-10-19,0.2240130043381443,NORMAL,4,10,False
2021-10-20,0.1473344620762746,NORMAL,5,10,False
2021-10-21,0.1365599132701896,NORMAL,5,10,False
2021-10-22,0.1768733359060086,NORMAL,4,10,False
2021-10-23,0.1789916322322737,NORMAL,4,10,False
2021-10-24,0.1847698159263461,NORMAL,4,10,False
2021-10-25,0.1857531601792659,NORMAL,4,10,False
2021-10-26,0.1934873626633582,NORMAL,4,10,False
2021-10-27,0.1030379698998282,NORMAL,5,10,False
2021-10-28,0.1153183732026283,NORMAL,5,10,False
2021-10-29,0.1242055112592583,NORMAL,4,10,False
2021-10-30,0.1517337615588805,NORMAL,4,10,False
2021-10-31,0.2174804707105284,NORMAL,4,10,False
2021-11-01,0.2084374210180405,NORMAL,4,11,False
2021-11-02,0.2013952587870867,NORMAL,4,11,False
2021-11-03,0.13297350180648,NORMAL,5,11,False
2021-11-04,0.1413056405766719,NORMAL,5,11,False
2021-11-05,0.1479497084759275,NORMAL,4,11,False
2021-11-06,0.1746566578530237,NORMAL,4,11,False
2021-11-07,0.1772925159744812,NORMAL,4,11,False
2021-11-08,0.1165474736186712,NORMAL,4,11,False
2021-11-09,0.0492670981066455,NORMAL,4,11,False
2021-11-10,0.0718171657986,NORMAL,5,11,False
2021-11-11,0.0830436577830446,NORMAL,5,11,False
2021-11-12,0.057770334788066,NORMAL,4,11,False
2021-11-13,0.0115873055925013,NORMAL,4,11,False
2021-11-14,0.0481365417947106,NORMAL,4,11,False
2021-11-15,0.0959697348234851,NORMAL,4,11,False
2021-11-16,0.1089249922502617,NORMAL,4,11,False
2021-11-17,0.1060378399707585,NORMAL,5,11,False
2021-11-18,0.1417230022498754,NORMAL,5,11,False
2021-11-19,0.1744233745567254,NORMAL,4,11,False
2021-11-20,0.1757517320390219,NORMAL,4,11,False
2021-11-21,0.1714230657843816,NORMAL,4,11,False
2021-11-22,0.1728132131652154,NORMAL,4,11,False
2021-11-23,0.1618193142678508,NORMAL,4,11,False
2021-11-24,0.1226351942750488,NORMAL,5,11,False
2021-11-25,0.1253576250585674,NORMAL,5,11,False
2021-11-26,0.1368047381324421,NORMAL,4,11,False
2021-11-27,0.1682818739140779,NORMAL,4,11,False
2021-11-28,0.1873688298490679,NORMAL,4,11,False
2021-11-29,0.1902130861310879,NORMAL,4,11,False
2021-11-30,0.195155574924006,NORMAL,4,11,False
2021-12-01,0.1090228992519852,NORMAL,5,12,False
2021-12-02,0.1158773535717704,NORMAL,5,12,False
2021-12-03,0.1093345150933917,NORMAL,4,12,False
2021-12-04,0.1259612824025793,NORMAL,4,12,False
2021-12-05,0.0948807841435834,NORMAL,4,12,False
2021-12-06,0.1302088911679697,NORMAL,4,12,False
2021-12-07,0.1641783092599786,NORMAL,4,12,False
2021-12-08,0.1103303896602997,NORMAL,5,12,False
2021-12-09,0.1255770086586964,NORMAL,5,12,False
2021-12-10,0.1528072379245551,NORMAL,4,12,False
2021-12-11,0.1342792004856489,NORMAL,4,12,False
2021-12-12,0.106790559647672,NORMAL,4,12,False
2021-12-13,0.0935708217425278,NORMAL,4,12,False
2021-12-14,0.0991530591672659,NORMAL,4,12,False
2021-12-15,0.0503939520667778,NORMAL,5,12,False
2021-12-16,0.0517610797457134,NORMAL,5,12,False
2021-12-17,0.017816347227881,NORMAL,4,12,False
2021-12-18,0.0336975936204041,NORMAL,4,12,False
2021-12-19,0.0397593513431324,NORMAL,4,12,False
2021-12-20,0.0398003380246718,NORMAL,4,12,False
2021-12-21,0.0543957464267487,NORMAL,4,12,False
2021-12-22,0.0205775377077932,NORMAL,5,12,False
2021-12-23,0.0061620711797457,NORMAL,5,12,False
2021-12-24,0.0413755412181768,NORMAL,4,12,False
2022-01-01,0.5503249744189918,WARNING,4,1,True
2022-01-02,0.5035899848239401,WARNING,4,1,True
2022-01-03,0.4868735451591844,WARNING,4,1,True
2022-01-04,0.4725988763897722,NORMAL,4,1,False
2022-01-05,0.4408477633784594,NORMAL,5,1,False
2022-01-06,0.4099969974029051,NORMAL,5,1,False
2022-01-07,0.3853062072470973,NORMAL,4,1,False
2022-01-08,0.3479388589239688,NORMAL,4,1,False
2022-01-09,0.3310198295922387,NORMAL,4,1,False
2022-01-10,0.3099995644381731,NORMAL,4,1,False
2022-01-11,0.2898112770291137,NORMAL,4,1,False
2022-01-12,0.2120432806216226,NORMAL,5,1,False
2022-01-13,0.1867031419422987,NORMAL,5,1,False
2022-01-14,0.1723100642200373,NORMAL,4,1,False
2022-01-15,0.149796997658983,NORMAL,4,1,False
2022-01-16,0.1038288744275667,NORMAL,4,1,False
2022-01-17,0.1220914671179798,NORMAL,4,1,False
2022-01-18,0.1155333349099073,NORMAL,4,1,False
2022-01-19,0.0409270904198985,NORMAL,5,1,False
2022-01-20,0.04198377871252,NORMAL,5,1,False
2022-01-21,0.0365765593778863,NORMAL,4,1,False
2022-01-22,0.0289991889903091,NORMAL,4,1,False
2022-01-23,0.0245367704691303,NORMAL,4,1,False
2022-01-24,0.0297732983573394,NORMAL,4,1,False
2022-01-25,0.0340817289048935,NORMAL,4,1,False
2022-01-26,0.0530119789656544,NORMAL,5,1,False
2022-01-27,0.0455036671593934,NORMAL,5,1,False
2022-01-28,0.0683362625817863,NORMAL,4,1,False
2022-01-29,0.0667870739911267,NORMAL,4,1,False
2022-01-30,0.0492417223043359,NORMAL,4,1,False
2022-01-31,0.0398923045540564,NORMAL,4,1,False
2022-02-01,0.0349677881015368,NORMAL,4,2,False
2022-02-02,0.0568878175785404,NORMAL,5,2,False
2022-02-03,0.0376115873339793,NORMAL,5,2,False
2022-02-04,0.0317812180771614,NORMAL,4,2,False
2022-02-05,0.0253519061486377,NORMAL,4,2,False
2022-02-06,0.0190779925255196,NORMAL,4,2,False
2022-02-07,0.0155180836567785,NORMAL,4,2,False
2022-02-08,0.01784442370969,NORMAL,4,2,False
2022-02-09,0.0466208521542521,NORMAL,5,2,False
2022-02-10,0.0262818356592688,NORMAL,5,2,False
2022-02-11,0.016400032064129,NORMAL,4,2,False
2022-02-12,0.0276466260537704,NORMAL,4,2,False
2022-02-13,0.0156262382639709,NORMAL,4,2,False
2022-02-14,0.0173947080850698,NORMAL,4,2,False
2022-02-15,0.0133721769668311,NORMAL,4,2,False
2022-02-16,0.0357830984223222,NORMAL,5,2,False
2022-02-17,0.0335862380545063,NORMAL,5,2,False
2022-02-18,0.0374096792119798,NORMAL,4,2,False
2022-02-19,0.0529197646200542,NORMAL,4,2,False
2022-02-20,0.031423013722561,NORMAL,4,2,False
2022-02-21,0.0234047005458319,NORMAL,4,2,False
2022-02-22,0.0185171902923116,NORMAL,4,2,False
2022-02-23,0.0444565691853556,NORMAL,5,2,False
2022-02-24,0.0471208728084622,NORMAL,5,2,False
2022-02-25,0.0399121354305716,NORMAL,4,2,False
2022-02-26,0.036774331785125,NORMAL,4,2,False
2022-02-27,0.0304646938579479,NORMAL,4,2,False
2022-02-28,0.0246223922572784,NORMAL,4,2,False
2022-03-01,0.0233730408101295,NORMAL,4,3,False
2022-03-02,0.0183841459608792,NORMAL,5,3,False
2022-03-03,0.0109829774742596,NORMAL,5,3,False
2022-03-04,0.0084484813246886,NORMAL,4,3,False
2022-03-05,0.0083273818570052,NORMAL,4,3,False
2022-03-06,0.0372652737259066,NORMAL,4,3,False
2022-03-07,0.0342255907512308,NORMAL,4,3,False
2022-03-08,0.0437137888012144,NORMAL,4,3,False
2022-03-09,0.0610480768882458,NORMAL,5,3,False
2022-03-10,0.0617984648328076,NORMAL,5,3,False
2022-03-11,0.0654209809051113,NORMAL,4,3,False
2022-03-12,0.079848736951126,NORMAL,4,3,False
2022-03-13,0.0531827276473862,NORMAL,4,3,False
2022-03-14,0.0657765072933489,NORMAL,4,3,False
2022-03-15,0.0625012692210763,NORMAL,4,3,False
2022-03-16,0.0768650579644223,NORMAL,5,3,False
2022-03-17,0.0796283029453339,NORMAL,5,3,False
2022-03-18,0.0734627123667728,NORMAL,4,3,False
2022-03-19,0.0717863620456846,NORMAL,4,3,False
2022-03-20,0.0841546663100787,NORMAL,4,3,False
2022-03-21,0.0888965131422668,NORMAL,4,3,False
2022-03-22,0.0843694841202262,NORMAL,4,3,False
2022-03-23,0.0915848525561741,NORMAL,5,3,False
2022-03-24,0.0921060071512999,NORMAL,5,3,False
2022-03-25,0.1044668457425579,NORMAL,4,3,False
2022-03-26,0.0815838634010947,NORMAL,4,3,False
2022-03-27,0.0946857448318317,NORMAL,4,3,False
2022-03-28,0.0957147133245483,NORMAL,4,3,False
2022-03-29,0.1260103476009644,NORMAL,4,3,False
2022-03-30,0.1503154670710413,NORMAL,5,3,False
2022-03-31,0.1788502702175141,NORMAL,5,3,False
2022-04-01,0.1651786223667133,NORMAL,4,4,False
2022-04-02,0.1701191006489708,NORMAL,4,4,False
2022-04-03,0.1500490811285206,NORMAL,4,4,False
2022-04-04,0.1432875665156787,NORMAL,4,4,False
2022-04-05,0.15040674955848,NORMAL,4,4,False
2022-04-06,0.1578541173367138,NORMAL,5,4,False
2022-04-07,0.1502850322807653,NORMAL,5,4,False
2022-04-08,0.1209263716985372,NORMAL,4,4,False
2022-04-09,0.1270053572440688,NORMAL,4,4,False
2022-04-10,0.1200546270360534,NORMAL,4,4,False
2022-04-11,0.10906785500398,NORMAL,4,4,False
2022-04-12,0.1198446628164996,NORMAL,4,4,False
2022-04-13,0.1266698201433198,NORMAL,5,4,False
2022-04-14,0.1161451855197941,NORMAL,5,4,False
2022-04-15,0.103345914973028,NORMAL,4,4,False
2022-04-16,0.0980021297295028,NORMAL,4,4,False
2022-04-17,0.0984237460574055,NORMAL,4,4,False
2022-04-18,0.0905516665833499,NORMAL,4,4,False
2022-04-19,0.0785340526039168,NORMAL,4,4,False
2022-04-20,0.045967614695028,NORMAL,5,4,False
2022-04-21,0.0554260828050579,NORMAL,5,4,False
2022-04-22,0.0386841077667224,NORMAL,4,4,False
2022-04-23,0.0308697639411303,NORMAL,4,4,False
2022-04-24,0.0336955304804622,NORMAL,4,4,False
2022-04-25,0.0360222750132355,NORMAL,4,4,False
2022-04-26,0.0149487499910876,NORMAL,4,4,False
2022-04-27,0.0252394478558141,NORMAL,5,4,False
2022-04-28,0.027266092401854,NORMAL,5,4,False
2022-04-29,0.063739877080791,NORMAL,4,4,False
2022-04-30,0.0595935305448133,NORMAL,4,4,False
2022-05-01,0.0579478261868417,NORMAL,4,5,False
2022-05-02,0.0691773021890761,NORMAL,4,5,False
2022-05-03,0.0806145115989036,NORMAL,4,5,False
2022-05-04,0.143738074178173,NORMAL,5,5,False
2022-05-05,0.1397196685394516,NORMAL,5,5,False
2022-05-06,0.1527406861103293,NORMAL,4,5,False
2022-05-07,0.1576619316759151,NORMAL,4,5,False
2022-05-08,0.1497584972357656,NORMAL,4,5,False
2022-05-09,0.141998951142983,NORMAL,4,5,False
2022-05-10,0.1374431869034773,NORMAL,4,5,False
2022-05-11,0.1574263414929261,NORMAL,5,5,False
2022-05-12,0.1402813359377648,NORMAL,5,5,False
2022-05-13,0.128444176941713,NORMAL,4,5,False
2022-05-14,0.1077073658142705,NORMAL,4,5,False
2022-05-15,0.0931858599203041,NORMAL,4,5,False
2022-05-16,0.0705726403948414,NORMAL,4,5,False
2022-05-17,0.045476095407974,NORMAL,4,5,False
2022-05-18,0.0021029260396531,NORMAL,5,5,False
2022-05-19,0.0232180960410666,NORMAL,5,5,False
2022-05-20,0.0355611284988012,NORMAL,4,5,False
2022-05-21,0.0690347664861786,NORMAL,4,5,False
2022-05-22,0.0885855750474629,NORMAL,4,5,False
2022-05-23,0.1057349806573858,NORMAL,4,5,False
2022-05-24,0.1347452366838035,NORMAL,4,5,False
2022-05-25,0.2636309844659807,NORMAL,5,5,False
2022-05-26,0.2763483519462295,NORMAL,5,5,False
2022-05-27,0.2978580312792018,NORMAL,4,5,False
2022-05-28,0.317947092679948,NORMAL,4,5,False
2022-05-29,0.3343064759045305,NORMAL,4,5,False
2022-05-30,0.3417381080284466,NORMAL,4,5,False
2022-05-31,0.3667300339922706,NORMAL,4,5,False
2022-06-01,0.4590865415600179,NORMAL,5,6,False
2022-06-02,0.4935487190060096,NORMAL,5,6,False
2022-06-03,0.5062204228310482,NORMAL,4,6,False
2022-06-04,0.5194452675766688,NORMAL,4,6,False
2022-06-05,0.534541933869911,NORMAL,4,6,False
2022-06-06,0.5282538317706625,NORMAL,4,6,False
2022-06-07,0.5075938866318762,NORMAL,4,6,False
2022-06-08,0.5257464289638689,NORMAL,5,6,False
2022-06-09,0.5275378031168435,NORMAL,5,6,False
2022-06-10,0.5249211414531326,NORMAL,4,6,False
2022-06-11,0.5230431627026552,NORMAL,4,6,False
2022-06-12,0.5346328343819574,NORMAL,4,6,False
2022-06-13,0.5823025392981599,NORMAL,4,6,False
2022-06-14,0.6106449073138245,NORMAL,4,6,False
2022-06-15,0.6313702592976068,NORMAL,5,6,False
2022-06-16,0.6403198047268464,NORMAL,5,6,False
2022-06-17,0.6289751171735215,NORMAL,4,6,False
2022-06-18,0.6351510031652337,NORMAL,4,6,False
2022-06-19,0.629960351300431,NORMAL,4,6,False
2022-06-20,0.5708714106126316,NORMAL,4,6,False
2022-06-21,0.5592357139324486,NORMAL,4,6,False
2022-06-22,0.5288294529127598,NORMAL,5,6,False
2022-06-23,0.5310405122876536,NORMAL,5,6,False
2022-06-24,0.5389993709297223,NORMAL,4,6,False
2022-06-25,0.545973363267397,NORMAL,4,6,False
2022-06-26,0.5688246188762153,NORMAL,4,6,False
2022-06-27,0.5712484058307804,NORMAL,4,6,False
2022-06-28,0.5783356780682647,NORMAL,4,6,False
2022-06-29,0.6163837193456202,NORMAL,5,6,False
2022-06-30,0.6309629982120227,NORMAL,5,6,False
2022-07-01,0.612262980803625,NORMAL,4,7,False
2022-07-02,0.5716465504798683,NORMAL,4,7,False
2022-07-03,0.5893159431022164,NORMAL,4,7,False
2022-07-04,0.5928850968327093,NORMAL,4,7,False
2022-07-05,0.5946374354004601,NORMAL,4,7,False
2022-07-06,0.610941263958476,NORMAL,5,7,False
2022-07-07,0.5456427161375097,NORMAL,5,7,False
2022-07-08,0.5491174969291489,NORMAL,4,7,False
2022-07-09,0.5178050711664052,NORMAL,4,7,False
2022-07-10,0.5244889934858614,NORMAL,4,7,False
2022-07-11,0.5377677519812426,NORMAL,4,7,False
2022-07-12,0.5546172069495005,NORMAL,4,7,False
2022-07-13,0.5605082733649158,NORMAL,5,7,False
2022-07-14,0.5056043451907221,NORMAL,5,7,False
2022-07-15,0.5326220660138186,NORMAL,4,7,False
2022-07-16,0.5557087084477527,NORMAL,4,7,False
2022-07-17,0.5796017591580426,NORMAL,4,7,False
2022-07-18,0.5809821089652308,NORMAL,4,7,False
2022-07-19,0.5893950332969953,NORMAL,4,7,False
2022-07-20,0.5559119414952148,NORMAL,5,7,False
2022-07-21,0.5196322331388965,NORMAL,5,7,False
2022-07-22,0.5292928350023531,NORMAL,4,7,False
2022-07-23,0.5649069238780062,NORMAL,4,7,False
2022-07-24,0.5879410558828936,NORMAL,4,7,False
2022-07-25,0.6111095946308147,NORMAL,4,7,False
2022-07-26,0.6200743359582184,NORMAL,4,7,False
2022-07-27,0.6214522382162244,NORMAL,5,7,False
2022-07-28,0.6437623183242753,NORMAL,5,7,False
2022-07-29,0.6251920389860588,NORMAL,4,7,False
2022-07-30,0.6287571056040593,NORMAL,4,7,False
2022-07-31,0.6076042936388274,NORMAL,4,7,False
2022-08-01,0.6157308644520754,NORMAL,4,8,False
2022-08-02,0.6552410279221248,NORMAL,4,8,False
2022-08-03,0.6071451087372266,NORMAL,5,8,False
2022-08-04,0.5626932316481369,NORMAL,5,8,False
2022-08-05,0.3619599078434315,NORMAL,4,8,False
2022-08-06,0.4461546959485264,NORMAL,4,8,False
2022-08-07,0.4948362771957794,NORMAL,4,8,False
2022-08-08,0.5657289461688937,NORMAL,4,8,False
2022-08-09,0.5894107578689018,NORMAL,4,8,False
2022-08-10,0.4023047939638954,NORMAL,5,8,False
2022-08-11,0.4533710042656843,NORMAL,5,8,False
2022-08-12,0.5559774650963251,NORMAL,4,8,False
2022-08-13,0.5342473517095098,NORMAL,4,8,False
2022-08-14,0.5310279603544352,NORMAL,4,8,False
2022-08-15,0.5411778749189673,NORMAL,4,8,False
2022-08-16,0.5408017618827109,NORMAL,4,8,False
2022-08-17,0.3835080516154545,NORMAL,5,8,False
2022-08-18,0.3961507970516453,NORMAL,5,8,False
2022-08-19,0.2459529569529341,NORMAL,4,8,False
2022-08-20,0.2872573979341518,NORMAL,4,8,False
2022-08-21,0.2997987791594831,NORMAL,4,8,False
2022-08-22,0.160812231222197,NORMAL,4,8,False
2022-08-23,0.3194341564449358,NORMAL,4,8,False
2022-08-24,0.2280425315605485,NORMAL,5,8,False
2022-08-25,0.1610727050730447,NORMAL,5,8,False
2022-08-26,0.0970921392057648,NORMAL,4,8,False
2022-08-27,0.1320531737582871,NORMAL,4,8,False
2022-08-28,0.3061778476896771,NORMAL,4,8,False
2022-08-29,0.3628463229903387,NORMAL,4,8,False
2022-08-30,0.3622542300595657,NORMAL,4,8,False
2022-08-31,0.2575798105342237,NORMAL,5,8,False
2022-09-01,0.2893851361358608,NORMAL,5,9,False
2022-09-02,0.3255092795578809,NORMAL,4,9,False
2022-09-03,0.3178128829878948,NORMAL,4,9,False
2022-09-04,0.4269861379025116,NORMAL,4,9,False
2022-09-05,0.4076529490755589,NORMAL,4,9,False
2022-09-06,0.4150024820055024,NORMAL,4,9,False
2022-09-07,0.2989671653182671,NORMAL,5,9,False
2022-09-08,0.2956920474060563,NORMAL,5,9,False
2022-09-09,0.2889634488618521,NORMAL,4,9,False
2022-09-10,0.2833494251439672,NORMAL,4,9,False
2022-09-11,0.2931213800940364,NORMAL,4,9,False
2022-09-12,0.3125403612935356,NORMAL,4,9,False
2022-09-13,0.3326914938617021,NORMAL,4,9,False
2022-09-14,0.2375688387043963,NORMAL,5,9,False
2022-09-15,0.2458346750928259,NORMAL,5,9,False
2022-09-16,0.2559752303674379,NORMAL,4,9,False
2022-09-17,0.2951054279260707,NORMAL,4,9,False
2022-09-18,0.3102475539177413,NORMAL,4,9,False
2022-09-19,0.3335396495155757,NORMAL,4,9,False
2022-09-20,0.3456005933174417,NORMAL,4,9,False
2022-09-21,0.3255298149592026,NORMAL,5,9,False
2022-09-22,0.3431103308660515,NORMAL,5,9,False
2022-09-23,0.3516708483500818,NORMAL,4,9,False
2022-09-24,0.3714118264257681,NORMAL,4,9,False
2022-09-25,0.3740808080414684,NORMAL,4,9,False
2022-09-26,0.3998025138618323,NORMAL,4,9,False
2022-09-27,0.399777410679571,NORMAL,4,9,False
2022-09-28,0.4281445344900761,NORMAL,5,9,False
2022-09-29,0.4350556034578507,NORMAL,5,9,False
2022-09-30,0.4442115998195914,NORMAL,4,9,False
2022-10-01,0.4561645718542188,WARNING,4,10,True
2022-10-02,0.4714484893394583,WARNING,4,10,True
2022-10-03,0.4610343488322899,WARNING,4,10,True
2022-10-04,0.4602253034595286,WARNING,4,10,True
2022-10-05,0.475346770511583,WARNING,5,10,True
2022-10-06,0.4547882604210921,WARNING,5,10,True
2022-10-07,0.4454491058264527,WARNING,4,10,True
2022-10-08,0.439193623991834,NORMAL,4,10,False
2022-10-09,0.4009003877168761,NORMAL,4,10,False
2022-10-10,0.3951905000098172,NORMAL,4,10,False
2022-10-11,0.4010099904562912,NORMAL,4,10,False
2022-10-12,0.3284237328164431,NORMAL,5,10,False
2022-10-13,0.335837574185109,NORMAL,5,10,False
2022-10-14,0.3359935474707941,NORMAL,4,10,False
2022-10-15,0.3382898896329325,NORMAL,4,10,False
2022-10-16,0.3695375044645799,NORMAL,4,10,False
2022-10-17,0.3987000260204286,NORMAL,4,10,False
2022-10-18,0.3914477362247225,NORMAL,4,10,False
2022-10-19,0.361475536855333,NORMAL,5,10,False
2022-10-20,0.3560631574125492,NORMAL,5,10,False
2022-10-21,0.3498216123578648,NORMAL,4,10,False
2022-10-22,0.3383229576358069,NORMAL,4,10,False
2022-10-23,0.3546702699403345,NORMAL,4,10,False
2022-10-24,0.3510686795566938,NORMAL,4,10,False
2022-10-25,0.3456781197349142,NORMAL,4,10,False
2022-10-26,0.294600173560121,NORMAL,5,10,False
2022-10-27,0.2682123622755093,NORMAL,5,10,False
2022-10-28,0.2792865101963631,NORMAL,4,10,False
2022-10-29,0.2787552598702753,NORMAL,4,10,False
2022-10-30,0.2656085727780729,NORMAL,4,10,False
2022-10-31,0.232295830579133,NORMAL,4,10,False
2022-11-01,0.2527866913168243,NORMAL,4,11,False
2022-11-02,0.2058239602604994,NORMAL,5,11,False
2022-11-03,0.2176520518386313,NORMAL,5,11,False
2022-11-04,0.2196521068883616,NORMAL,4,11,False
2022-11-05,0.2291328378116973,NORMAL,4,11,False
2022-11-06,0.2250311818784225,NORMAL,4,11,False
2022-11-07,0.2469199216184935,NORMAL,4,11,False
2022-11-08,0.2560168329787418,NORMAL,4,11,False
2022-11-09,0.1821430994551955,NORMAL,5,11,False
2022-11-10,0.1746406208948979,NORMAL,5,11,False
2022-11-11,0.1782136039258509,NORMAL,4,11,False
2022-11-12,0.1794082898028718,NORMAL,4,11,False
2022-11-13,0.1745578282663205,NORMAL,4,11,False
2022-11-14,0.1642590284357383,NORMAL,4,11,False
2022-11-15,0.1503005760893682,NORMAL,4,11,False
2022-11-16,0.0869193612474235,NORMAL,5,11,False
2022-11-17,0.0726044399049591,NORMAL,5,11,False
2022-11-18,0.0788296176457426,NORMAL,4,11,False
2022-11-19,0.0574323184397225,NORMAL,4,11,False
2022-11-20,0.0565262878351238,NORMAL,4,11,False
2022-11-21,0.0641869264873188,NORMAL,4,11,False
2022-11-22,0.0639211119641078,NORMAL,4,11,False
2022-11-23,0.0034721511377946,NORMAL,5,11,False
2022-11-24,0.0268420916763625,NORMAL,5,11,False
2022-11-25,0.0465173137398149,NORMAL,4,11,False
2022-11-26,0.0587558568505243,NORMAL,4,11,False
2022-11-27,0.0373939443379679,NORMAL,4,11,False
2022-11-28,0.0373239915380546,NORMAL,4,11,False
2022-11-29,0.0412641757429319,NORMAL,4,11,False
2022-11-30,0.0679199402403747,NORMAL,5,11,False
2022-12-01,0.0438783636866433,NORMAL,5,12,False
2022-12-02,0.0522737149632943,NORMAL,4,12,False
2022-12-03,0.0462640943560349,NORMAL,4,12,False
2022-12-04,0.0402945967834262,NORMAL,4,12,False
2022-12-05,0.0452756941561136,NORMAL,4,12,False
2022-12-06,0.0523603950741622,NORMAL,4,12,False
2022-12-07,0.0856095021235191,NORMAL,5,12,False
2022-12-08,0.0816903912426309,NORMAL,5,12,False
2022-12-09,0.0687344413708618,NORMAL,4,12,False
2022-12-10,0.0679438867365143,NORMAL,4,12,False
2022-12-11,0.0646779593375413,NORMAL,4,12,False
2022-12-12,0.0599476678983,NORMAL,4,12,False
2022-12-13,0.0614624754580912,NORMAL,4,12,False
2022-12-14,0.0549755519268544,NORMAL,5,12,False
2022-12-15,0.0324814920624777,NORMAL,5,12,False
2022-12-16,0.0240208352708688,NORMAL,4,12,False
2022-12-17,0.0313614135630706,NORMAL,4,12,False
2022-12-18,0.0303218971006286,NORMAL,4,12,False
2022-12-19,0.0198398789483017,NORMAL,4,12,False
2022-12-20,0.0113766237178379,NORMAL,4,12,False
2022-12-21,0.0221080131364717,NORMAL,5,12,False
2022-12-22,0.0103304138714636,NORMAL,5,12,False
2022-12-23,0.0199352338011952,NORMAL,4,12,False
2022-12-24,0.0297208326605488,NORMAL,4,12,False
2022-12-25,0.0363690316789062,NORMAL,4,12,False
2022-12-26,0.0439847434198041,NORMAL,4,12,False
2022-12-27,0.039482364378584,NORMAL,4,12,False
2022-12-28,0.0989263398724183,NORMAL,5,12,False
2022-12-29,0.0996745542013935,NORMAL,5,12,False
2022-12-30,0.1040502104757614,NORMAL,4,12,False
2022-12-31,0.09783104043833,NORMAL,4,12,False
2023-01-01,0.0978658871283834,NORMAL,4,1,False
2023-01-02,0.1031171463216848,NORMAL,4,1,False
2023-01-03,0.1089620269767975,NORMAL,4,1,False
2023-01-04,0.0972518785206834,NORMAL,5,1,False
2023-01-05,0.1039458999315341,NORMAL,5,1,False
2023-01-06,0.1094220377291966,NORMAL,4,1,False
2023-01-07,0.1205546343431126,NORMAL,4,1,False
2023-01-08,0.125182064005196,NORMAL,4,1,False
2023-01-09,0.1095708210167854,NORMAL,4,1,False
2023-01-10,0.1265323125512455,NORMAL,4,1,False
2023-01-11,0.0960822748117695,NORMAL,5,1,False
2023-01-12,0.107833763823236,NORMAL,5,1,False
2023-01-13,0.1309436770519896,NORMAL,4,1,False
2023-01-14,0.1332141215548988,NORMAL,4,1,False
2023-01-15,0.1486041140715032,NORMAL,4,1,False
2023-01-16,0.1571580702846957,NORMAL,4,1,False
2023-01-17,0.1672693718593434,NORMAL,4,1,False
2023-01-18,0.1574435780560344,NORMAL,5,1,False
2023-01-19,0.1728299464962432,NORMAL,5,1,False
2023-01-20,0.1767933694537057,NORMAL,4,1,False
2023-01-21,0.1901347728345085,NORMAL,4,1,False
2023-01-22,0.1860143133233647,NORMAL,4,1,False
2023-01-23,0.1916914468325479,NORMAL,4,1,False
2023-01-24,0.1941872975457837,NORMAL,4,1,False
2023-01-25,0.1804524171658155,NORMAL,5,1,False
2023-01-26,0.1819182150838063,NORMAL,5,1,False
2023-01-27,0.1882602435795165,NORMAL,4,1,False
2023-01-28,0.1933247654273482,NORMAL,4,1,False
2023-01-29,0.1976648838845323,NORMAL,4,1,False
2023-01-30,0.1980537051959237,NORMAL,4,1,False
2023-01-31,0.201645294740358,NORMAL,4,1,False
2023-02-01,0.2073900299853457,NORMAL,5,2,False
2023-02-02,0.1869894690960823,NORMAL,5,2,False
2023-02-03,0.1910476200779806,NORMAL,4,2,False
2023-02-04,0.1828179334689812,NORMAL,4,2,False
2023-02-05,0.1904473438459814,NORMAL,4,2,False
2023-02-06,0.1895860845297295,NORMAL,4,2,False
2023-02-07,0.1891275403567843,NORMAL,4,2,False
2023-02-08,0.1922442049942762,NORMAL,5,2,False
2023-02-09,0.1792101432823341,NORMAL,5,2,False
2023-02-10,0.186413860961745,NORMAL,4,2,False
2023-02-11,0.1688702702322615,NORMAL,4,2,False
2023-02-12,0.142036286399983,NORMAL,4,2,False
2023-02-13,0.1628859840061065,NORMAL,4,2,False
2023-02-14,0.1687891018561115,NORMAL,4,2,False
2023-02-15,0.158958505422217,NORMAL,5,2,False
2023-02-16,0.1724217034775882,NORMAL,5,2,False
2023-02-17,0.1859235536109512,NORMAL,4,2,False
2023-02-18,0.1848411015875612,NORMAL,4,2,False
2023-02-19,0.2112411228643107,NORMAL,4,2,False
2023-02-20,0.2154926226191703,NORMAL,4,2,False
2023-02-21,0.2102580977853269,NORMAL,4,2,False
2023-02-22,0.2724300676931583,NORMAL,5,2,False
2023-02-23,0.2735137478087228,NORMAL,5,2,False
2023-02-24,0.2627030744801673,NORMAL,4,2,False
2023-02-25,0.2698980540131706,NORMAL,4,2,False
2023-02-26,0.2626519679501927,NORMAL,4,2,False
2023-02-27,0.2757324626296424,NORMAL,4,2,False
2023-02-28,0.2971046839835095,WARNING,4,2,True
2023-03-01,0.3669724688246179,NORMAL,5,3,False
2023-03-02,0.3754653588465563,NORMAL,5,3,False
2023-03-03,0.3812254961539905,NORMAL,4,3,False
2023-03-04,0.3637773663021923,NORMAL,4,3,False
2023-03-05,0.3741431170342656,NORMAL,4,3,False
2023-03-06,0.3817705903929414,NORMAL,4,3,False
2023-03-07,0.3907797565037982,NORMAL,4,3,False
2023-03-08,0.4089590641879538,NORMAL,5,3,False
2023-03-09,0.4379602111748611,WARNING,5,3,True
2023-03-10,0.4491507707424975,WARNING,4,3,True
2023-03-11,0.434190849520254,WARNING,4,3,True
2023-03-12,0.4349144935457592,WARNING,4,3,True
2023-03-13,0.4402967231087502,WARNING,4,3,True
2023-03-14,0.43394024322074,WARNING,4,3,True
2023-03-15,0.4497304829546064,WARNING,5,3,True
2023-03-16,0.435422583353676,WARNING,5,3,True
2023-03-17,0.4293686625628103,NORMAL,4,3,False
2023-03-18,0.4278693054046835,NORMAL,4,3,False
2023-03-19,0.4165256048129671,NORMAL,4,3,False
2023-03-20,0.4234859716391627,NORMAL,4,3,False
2023-03-21,0.4335870866650619,WARNING,4,3,True
2023-03-22,0.4108764203356189,NORMAL,5,3,False
2023-03-23,0.4265850913167867,NORMAL,5,3,False
2023-03-24,0.4406338736828126,WARNING,4,3,True
2023-03-25,0.4349566473044615,WARNING,4,3,True
2023-03-26,0.4212342122578302,NORMAL,4,3,False
2023-03-27,0.4095916004831039,NORMAL,4,3,False
2023-03-28,0.4082225033787178,NORMAL,4,3,False
2023-03-29,0.3796338135817328,NORMAL,5,3,False
2023-03-30,0.3597128769008469,NORMAL,5,3,False
2023-03-31,0.3595483665870461,NORMAL,4,3,False
2023-04-01,0.3561064723755639,NORMAL,4,4,False
2023-04-02,0.3566692319230914,NORMAL,4,4,False
2023-04-03,0.361197002062712,NORMAL,4,4,False
2023-04-04,0.3383385797164847,NORMAL,4,4,False
2023-04-05,0.3003405049880603,NORMAL,5,4,False
2023-04-06,0.286277240467401,NORMAL,5,4,False
2023-04-07,0.2845133129159343,NORMAL,4,4,False
2023-04-08,0.2730639933308294,NORMAL,4,4,False
2023-04-09,0.2713226852112018,NORMAL,4,4,False
2023-04-10,0.2644626358444499,NORMAL,4,4,False
2023-04-11,0.2670582276372514,NORMAL,4,4,False
2023-04-12,0.1983508066805626,NORMAL,5,4,False
2023-04-13,0.1946339322030842,NORMAL,5,4,False
2023-04-14,0.1912226023331779,NORMAL,4,4,False
2023-04-15,0.1887737453727079,NORMAL,4,4,False
2023-04-16,0.1984522232054715,NORMAL,4,4,False
2023-04-17,0.1995114650335792,NORMAL,4,4,False
2023-04-18,0.1597109445127716,NORMAL,4,4,False
2023-04-19,0.0173790416180208,NORMAL,5,4,False
2023-04-20,0.0487973484353483,NORMAL,5,4,False
2023-04-21,0.0609297727971162,NORMAL,4,4,False
2023-04-22,0.082406896838954,NORMAL,4,4,False
2023-04-23,0.082944595229446,NORMAL,4,4,False
2023-04-24,0.0829893908400947,NORMAL,4,4,False
2023-04-25,0.0414878817929463,NORMAL,4,4,False
2023-04-26,0.12400266491481,NORMAL,5,4,False
2023-04-27,0.1147838174014021,NORMAL,5,4,False
2023-04-28,0.1562413006110353,NORMAL,4,4,False
2023-04-29,0.1770719772162841,NORMAL,4,4,False
2023-04-30,0.1821961771767729,NORMAL,4,4,False
2023-05-01,0.178504976773272,NORMAL,4,5,False
2023-05-02,0.1686551870371578,NORMAL,4,5,False
2023-05-03,0.2703847544043992,NORMAL,5,5,False
2023-05-04,0.2736330648474645,NORMAL,5,5,False
2023-05-05,0.249636305360086,NORMAL,4,5,False
2023-05-06,0.2262357651110128,NORMAL,4,5,False
2023-05-07,0.2140710157849421,NORMAL,4,5,False
2023-05-08,0.1828582167942088,NORMAL,4,5,False
2023-05-09,0.1628789261855944,NORMAL,4,5,False
2023-05-10,0.1530287348372349,NORMAL,5,5,False
2023-05-11,0.133208330775102,NORMAL,5,5,False
2023-05-12,0.1216449498776177,NORMAL,4,5,False
2023-05-13,0.1395508334036857,NORMAL,4,5,False
2023-05-14,0.130847592446393,NORMAL,4,5,False
2023-05-15,0.0985185145876199,NORMAL,4,5,False
2023-05-16,0.0752952630598101,NORMAL,4,5,False
2023-05-17,0.0060889791664466,NORMAL,5,5,False
2023-05-18,0.0493345556635831,NORMAL,5,5,False
2023-05-19,0.0691743948544802,NORMAL,4,5,False
2023-05-20,0.0135761635752613,NORMAL,4,5,False
2023-05-21,0.0386941685132649,NORMAL,4,5,False
2023-05-22,0.0732343727305132,NORMAL,4,5,False
2023-05-23,0.0691706404583525,NORMAL,4,5,False
2023-05-24,0.1739928476239184,NORMAL,5,5,False
2023-05-25,0.209389899908527,NORMAL,5,5,False
2023-05-26,0.1941897028134944,NORMAL,4,5,False
2023-05-27,0.2611904862508805,NORMAL,4,5,False
2023-05-28,0.2960166790504758,NORMAL,4,5,False
2023-05-29,0.3161007479799922,NORMAL,4,5,False
2023-05-30,0.3231679096250165,NORMAL,4,5,False
2023-05-31,0.4696388110554408,NORMAL,5,5,False
2023-06-01,0.4796876078737968,NORMAL,5,6,False
2023-06-02,0.5064318309245649,NORMAL,4,6,False
2023-06-03,0.5352010868809942,NORMAL,4,6,False
2023-06-04,0.534904944167689,NORMAL,4,6,False
2023-06-05,0.5383888114225741,NORMAL,4,6,False
2023-06-06,0.5435557724903893,NORMAL,4,6,False
2023-06-07,0.6458540450851245,NORMAL,5,6,False
2023-06-08,0.6415214969417502,NORMAL,5,6,False
2023-06-09,0.6561233316395019,NORMAL,4,6,False
2023-06-10,0.6735544148592573,NORMAL,4,6,False
2023-06-11,0.6815090635092081,NORMAL,4,6,False
2023-06-12,0.6845831968563122,NORMAL,4,6,False
2023-06-13,0.6847892775624427,NORMAL,4,6,False
2023-06-14,0.7776932804665413,NORMAL,5,6,False
2023-06-15,0.7604430389307125,NORMAL,5,6,False
2023-06-16,0.7407307240405616,NORMAL,4,6,False
2023-06-17,0.7558201252839855,NORMAL,4,6,False
2023-06-18,0.7576200831933811,NORMAL,4,6,False
2023-06-19,0.7610392770624652,NORMAL,4,6,False
2023-06-20,0.7492088551571258,NORMAL,4,6,False
2023-06-21,0.765245263212237,NORMAL,5,6,False
2023-06-22,0.7382240899206597,NORMAL,5,6,False
2023-06-23,0.7328398438995294,NORMAL,4,6,False
2023-06-24,0.7290982019697287,NORMAL,4,6,False
2023-06-25,0.6666966713019612,NORMAL,4,6,False
2023-06-26,0.6940949749348221,NORMAL,4,6,False
2023-06-27,0.681001695386329,NORMAL,4,6,False
2023-06-28,0.6327877878214037,NORMAL,5,6,False
2023-06-29,0.6385647688798832,NORMAL,5,6,False
2023-06-30,0.6010564049319793,NORMAL,4,6,False
2023-07-01,0.6046746615289361,NORMAL,4,7,False
2023-07-02,0.626140631302233,NORMAL,4,7,False
2023-07-03,0.6323290032075027,NORMAL,4,7,False
2023-07-04,0.6282104148719067,NORMAL,4,7,False
2023-07-05,0.5637119800058127,NORMAL,5,7,False
2023-07-06,0.4708450784986377,NORMAL,5,7,False
2023-07-07,0.4673723840874829,NORMAL,4,7,False
2023-07-08,0.4704189939683632,NORMAL,4,7,False
2023-07-09,0.4735201587709576,NORMAL,4,7,False
2023-07-10,0.4770424630630259,NORMAL,4,7,False
2023-07-11,0.4755965550531147,NORMAL,4,7,False
2023-07-12,0.4080762702003965,NORMAL,5,7,False
2023-07-13,0.4287784027892388,NORMAL,5,7,False
2023-07-14,0.3755523975481798,NORMAL,4,7,False
2023-07-15,0.3006685462136443,NORMAL,4,7,False
2023-07-16,0.2082094631917411,NORMAL,4,7,False
2023-07-17,0.1670668117034598,NORMAL,4,7,False
2023-07-18,0.1424453757349945,NORMAL,4,7,False
2023-07-19,0.0782582311257024,NORMAL,5,7,False
2023-07-20,0.0920392297684825,NORMAL,5,7,False
2023-07-21,0.0680976509922562,NORMAL,4,7,False
2023-07-22,0.0499764688757426,NORMAL,4,7,False
2023-07-23,0.3026931158698194,NORMAL,4,7,False
2023-07-24,0.2902994664920666,NORMAL,4,7,False
2023-07-25,0.2534449782978927,NORMAL,4,7,False
2023-07-26,0.61941793768418,NORMAL,5,7,False
2023-07-27,0.724964534001177,WARNING,5,7,True
2023-07-28,0.7646821471690447,WARNING,4,7,True
2023-07-29,0.7323781253225318,WARNING,4,7,True
2023-07-30,0.6431368889868837,NORMAL,4,7,False
2023-07-31,0.617114810956812,NORMAL,4,7,False
2023-08-01,0.6103632401955141,NORMAL,4,8,False
2023-08-02,0.741067122167868,NORMAL,5,8,False
2023-08-03,0.7437572718260778,NORMAL,5,8,False
2023-08-04,0.7304060213199524,NORMAL,4,8,False
2023-08-05,0.8153696422408243,WARNING,4,8,True
2023-08-06,0.7804401946408434,NORMAL,4,8,False
2023-08-07,0.7571072628247594,NORMAL,4,8,False
2023-08-08,0.7633502174289166,NORMAL,4,8,False
2023-08-09,0.93579619805451,CRITICAL,5,8,True
2023-08-10,0.8630502351960448,WARNING,5,8,True
2023-08-11,0.848809038713482,WARNING,4,8,True
2023-08-12,0.9293993753514812,CRITICAL,4,8,True
2023-08-13,0.8845381023748763,WARNING,4,8,True
2023-08-14,0.8564770212511097,WARNING,4,8,True
2023-08-15,0.8815651896219932,WARNING,4,8,True
2023-08-16,0.8788768368787954,WARNING,5,8,True
2023-08-17,0.8507462493117759,WARNING,5,8,True
2023-08-18,1.0662948110666064,CRITICAL,4,8,True
2023-08-19,1.0926514864371597,CRITICAL,4,8,True
2023-08-20,0.989485809451077,CRITICAL,4,8,True
2023-08-21,1.0708227135097053,CRITICAL,4,8,True
2023-08-22,1.150338022610038,CRITICAL,4,8,True
2023-08-23,1.2244812103824898,CRITICAL,5,8,True
2023-08-24,1.1694652326936197,CRITICAL,5,8,True
2023-08-25,1.2250398488807333,CRITICAL,4,8,True
2023-08-26,1.1247144549222778,CRITICAL,4,8,True
2023-08-27,1.1305484228692964,CRITICAL,4,8,True
2023-08-28,1.0701933624620503,CRITICAL,4,8,True
2023-08-29,0.8699417107413913,NORMAL,4,8,False
2023-08-30,1.0241795453237477,WARNING,5,8,True
2023-08-31,0.9984455040154836,WARNING,5,8,True
2023-09-01,0.976489341828013,WARNING,4,9,True
2023-09-02,0.971956956542638,WARNING,4,9,True
2023-09-03,0.9305015125992327,WARNING,4,9,True
2023-09-04,0.9189807932195682,WARNING,4,9,True
2023-09-05,0.8954272024098375,WARNING,4,9,True
2023-09-06,0.440310805529388,NORMAL,5,9,False
2023-09-07,0.4423241548007511,NORMAL,5,9,False
2023-09-08,0.3910141504714253,NORMAL,4,9,False
2023-09-09,0.3804869946224162,NORMAL,4,9,False
2023-09-10,0.4329490148065116,NORMAL,4,9,False
2023-09-11,0.510036314531018,NORMAL,4,9,False
2023-09-12,0.4785341114194013,NORMAL,4,9,False
2023-09-13,0.0536907975727779,NORMAL,5,9,False
2023-09-14,0.0965336961534262,NORMAL,5,9,False
2023-09-15,0.109260530409313,NORMAL,4,9,False
2023-09-16,0.216328165636173,NORMAL,4,9,False
2023-09-17,0.2299850835254307,NORMAL,4,9,False
2023-09-18,0.3232532007964057,NORMAL,4,9,False
2023-09-19,0.3365479784226949,NORMAL,4,9,False
2023-09-20,0.1031894793661932,NORMAL,5,9,False
2023-09-21,0.1406335365573951,NORMAL,5,9,False
2023-09-22,0.1347180882804114,NORMAL,4,9,False
2023-09-23,0.1849583486548315,NORMAL,4,9,False
2023-09-24,0.1773975569168733,NORMAL,4,9,False
2023-09-25,0.195121820995635,NORMAL,4,9,False
2023-09-26,0.2169215519536782,NORMAL,4,9,False
2023-09-27,0.1978378137311729,NORMAL,5,9,False
2023-09-28,0.1949026254104199,NORMAL,5,9,False
2023-09-29,0.2282937043389823,NORMAL,4,9,False
2023-09-30,0.0964913819122609,NORMAL,4,9,False
2023-10-01,0.1259636584130899,NORMAL,4,10,False
2023-10-02,0.1384217916572191,NORMAL,4,10,False
2023-10-03,0.0817647507018083,NORMAL,4,10,False
2023-10-04,0.0913161314293716,NORMAL,5,10,False
2023-10-05,0.1510019909620891,NORMAL,5,10,False
2023-10-06,0.189704126620315,NORMAL,4,10,False
2023-10-07,0.2141144419800112,NORMAL,4,10,False
2023-10-08,0.2425638243951273,NORMAL,4,10,False
2023-10-09,0.227675527304623,NORMAL,4,10,False
2023-10-10,0.2450755945639355,NORMAL,4,10,False
2023-10-11,0.4224750219009747,NORMAL,5,10,False
2023-10-12,0.3624790231756967,NORMAL,5,10,False
2023-10-13,0.3097910034510106,NORMAL,4,10,False
2023-10-14,0.2319240984355082,NORMAL,4,10,False
2023-10-15,0.2187850014189284,NORMAL,4,10,False
2023-10-16,0.2109767874758168,NORMAL,4,10,False
2023-10-17,0.1626349538909763,NORMAL,4,10,False
2023-10-18,0.2110270778983821,NORMAL,5,10,False
2023-10-19,0.2498016093274506,NORMAL,5,10,False
2023-10-20,0.2581544308237249,NORMAL,4,10,False
2023-10-21,0.2129587707857251,NORMAL,4,10,False
2023-10-22,0.2262074487353688,NORMAL,4,10,False
2023-10-23,0.2112821269662088,NORMAL,4,10,False
2023-10-24,0.1966034714089982,NORMAL,4,10,False
2023-10-25,0.2652966700675299,NORMAL,5,10,False
2023-10-26,0.2747179123828532,NORMAL,5,10,False
2023-10-27,0.2668623255735827,NORMAL,4,10,False
2023-10-28,0.2765887969366639,NORMAL,4,10,False
2023-10-29,0.264047966981338,NORMAL,4,10,False
2023-10-30,0.2390218507078046,NORMAL,4,10,False
2023-10-31,0.2400351541570763,NORMAL,4,10,False
2023-11-01,0.247495399643067,NORMAL,5,11,False
2023-11-02,0.2015322968920837,NORMAL,5,11,False
2023-11-03,0.2198771594459586,NORMAL,4,11,False
2023-11-04,0.3090261452226864,NORMAL,4,11,False
2023-11-05,0.2068201295968601,NORMAL,4,11,False
2023-11-06,0.1631536974832007,NORMAL,4,11,False
2023-11-07,0.0718483737068968,NORMAL,4,11,False
2023-11-08,0.0673545366759141,NORMAL,5,11,False
2023-11-09,0.0721575388220072,NORMAL,5,11,False
2023-11-10,0.0099230591596129,NORMAL,4,11,False
2023-11-11,0.0616690756818688,NORMAL,4,11,False
2023-11-12,0.0507482518731993,NORMAL,4,11,False
2023-11-13,0.0150406233508253,NORMAL,4,11,False
2023-11-14,0.0544689821954523,NORMAL,4,11,False
2023-11-15,0.0050274507198374,NORMAL,5,11,False
2023-11-16,0.1015327510286669,NORMAL,5,11,False
2023-11-17,0.1456977691245934,NORMAL,4,11,False
2023-11-18,0.1656824083041247,NORMAL,4,11,False
2023-11-19,0.2242712830580884,NORMAL,4,11,False
2023-11-20,0.1941106541101985,NORMAL,4,11,False
2023-11-21,0.2070547340136499,NORMAL,4,11,False
2023-11-22,0.3257558126435779,NORMAL,5,11,False
2023-11-23,0.3189342788572223,NORMAL,5,11,False
2023-11-24,0.2699444956100859,NORMAL,4,11,False
2023-11-25,0.2239054157632787,NORMAL,4,11,False
2023-11-26,0.2373019493652825,NORMAL,4,11,False
2023-11-27,0.2294702431058083,NORMAL,4,11,False
2023-11-28,0.2250434710434299,NORMAL,4,11,False
2023-11-29,0.3050208215990842,NORMAL,5,11,False
2023-11-30,0.3571814190144051,NORMAL,5,11,False
2023-12-01,0.3611522938838557,NORMAL,4,12,False
2023-12-02,0.3564085918623662,NORMAL,4,12,False
2023-12-03,0.3518411414103469,NORMAL,4,12,False
2023-12-04,0.3799400012488172,NORMAL,4,12,False
2023-12-05,0.4127055195566484,NORMAL,4,12,False
2023-12-06,0.5464462045080531,WARNING,5,12,True
2023-12-07,0.5559071196643061,WARNING,5,12,True
2023-12-08,0.5581930051419706,WARNING,4,12,True
2023-12-09,0.5014221017951038,NORMAL,4,12,False
2023-12-10,0.3690818799151893,NORMAL,4,12,False
2023-12-11,0.3713488118174126,NORMAL,4,12,False
2023-12-12,0.2920298908481247,NORMAL,4,12,False
2023-12-13,0.2409630085688938,NORMAL,5,12,False
2023-12-14,0.2366668471004941,NORMAL,5,12,False
2023-12-15,0.3091892702072423,NORMAL,4,12,False
2023-12-16,0.3390896881316563,NORMAL,4,12,False
2023-12-17,0.3313781725658277,NORMAL,4,12,False
2023-12-18,0.3399123079750902,NORMAL,4,12,False
2023-12-19,0.3752296951544748,NORMAL,4,12,False
2023-12-20,0.448667856355283,NORMAL,5,12,False
2023-12-21,0.4067395086215418,NORMAL,5,12,False
2023-12-22,0.4051907690392207,NORMAL,4,12,False
2023-12-23,0.4214612032848668,NORMAL,4,12,False
2023-12-24,0.4480382441437529,NORMAL,4,12,False
2023-12-25,0.4715652421525418,NORMAL,4,12,False
2023-12-26,0.4590023295599599,NORMAL,4,12,False
2023-12-27,0.5280441493092104,WARNING,5,12,True
2023-12-28,0.5713947049886334,WARNING,5,12,True
2023-12-29,0.5426161146778026,NORMAL,4,12,False
2023-12-30,0.5152939270443134,NORMAL,4,12,False
2023-12-31,0.497336858122602,NORMAL,4,12,False
2024-01-01,0.534128283572107,WARNING,4,1,True
2024-01-02,0.532610197578319,WARNING,4,1,True
2024-01-03,0.5357722975293252,WARNING,5,1,True
2024-01-04,0.6332317987737405,WARNING,5,1,True
2024-01-05,0.5905708754121173,WARNING,4,1,True
2024-01-06,0.5622149691513737,WARNING,4,1,True
2024-01-07,0.5791330163038829,WARNING,4,1,True
2024-01-08,0.5400027093738583,WARNING,4,1,True
2024-01-09,0.5132749389746157,WARNING,4,1,True
2024-01-10,0.4864327424504208,NORMAL,5,1,False
2024-01-11,0.5427124203063864,WARNING,5,1,True
2024-01-12,0.4802490405628956,NORMAL,4,1,False
2024-01-13,0.4857961213099256,NORMAL,4,1,False
2024-01-14,0.5071846430764848,NORMAL,4,1,False
2024-01-15,0.4327508265785752,NORMAL,4,1,False
2024-01-16,0.4149007476389079,NORMAL,4,1,False
2024-01-17,0.3788478488376249,NORMAL,5,1,False
2024-01-18,0.2893821606110207,NORMAL,5,1,False
2024-01-19,0.2736099115290699,NORMAL,4,1,False
2024-01-20,0.2918229336611983,NORMAL,4,1,False
2024-01-21,0.2553837753020258,NORMAL,4,1,False
2024-01-22,0.2515676035596902,NORMAL,4,1,False
2024-01-23,0.2739258405879343,NORMAL,4,1,False
2024-01-24,0.2281782570493097,NORMAL,5,1,False
2024-01-25,0.225197583872053,NORMAL,5,1,False
2024-01-26,0.2703266899714915,NORMAL,4,1,False
2024-01-27,0.2565306825157628,NORMAL,4,1,False
2024-01-28,0.2584457457684937,NORMAL,4,1,False
2024-01-29,0.2409472693186664,NORMAL,4,1,False
2024-01-30,0.2321420173106936,NORMAL,4,1,False
2024-01-31,0.1577939141956259,NORMAL,5,1,False
2024-02-01,0.1043111233531046,NORMAL,5,2,False
2024-02-02,0.1004190446225849,NORMAL,4,2,False
2024-02-03,0.1120056543691188,NORMAL,4,2,False
2024-02-04,0.095590181161843,NORMAL,4,2,False
2024-02-05,0.1073848078750441,NORMAL,4,2,False
2024-02-06,0.1157076404100197,NORMAL,4,2,False
2024-02-07,0.0484307686033244,NORMAL,5,2,False
2024-02-08,0.0658911711897531,NORMAL,5,2,False
2024-02-09,0.0878128306808745,NORMAL,4,2,False
2024-02-10,0.109077166256688,NORMAL,4,2,False
2024-02-11,0.1233591107254306,NORMAL,4,2,False
2024-02-12,0.1588191870258763,NORMAL,4,2,False
2024-02-13,0.164647523838969,NORMAL,4,2,False
2024-02-14,0.0038641755455416,NORMAL,5,2,False
2024-02-15,0.0238099951839139,NORMAL,5,2,False
2024-02-16,0.0707080635915266,NORMAL,4,2,False
2024-02-17,0.0321062190264448,NORMAL,4,2,False
2024-02-18,0.0426996721504897,NORMAL,4,2,False
2024-02-19,0.0434442741639455,NORMAL,4,2,False
2024-02-20,0.0540065224734531,NORMAL,4,2,False
2024-02-21,0.2025207090934043,NORMAL,5,2,False
2024-02-22,0.2688896937713442,NORMAL,5,2,False
2024-02-23,0.2968707941457298,WARNING,4,2,True
2024-02-24,0.2626960966457283,NORMAL,4,2,False
2024-02-25,0.2290133855173382,NORMAL,4,2,False
2024-02-26,0.2327213263851498,NORMAL,4,2,False
2024-02-27,0.201631183908553,NORMAL,4,2,False
2024-02-28,0.2505818137132023,NORMAL,5,2,False
2024-02-29,0.2559231348196328,NORMAL,5,2,False
2024-03-01,0.1977150424139025,NORMAL,4,3,False
2024-03-02,0.1698488859742564,NORMAL,4,3,False
2024-03-03,0.1586916026092338,NORMAL,4,3,False
2024-03-04,0.1447432300741869,NORMAL,4,3,False
2024-03-05,0.1293573676652013,NORMAL,4,3,False
2024-03-06,0.21744942863973,NORMAL,5,3,False
2024-03-07,0.2180917632879646,NORMAL,5,3,False
2024-03-08,0.2279178199544052,NORMAL,4,3,False
2024-03-09,0.2271606078960055,NORMAL,4,3,False
2024-03-10,0.192864283595296,NORMAL,4,3,False
2024-03-11,0.1933991642244736,NORMAL,4,3,False
2024-03-12,0.1896087351876421,NORMAL,4,3,False
2024-03-13,0.2375562429804517,NORMAL,5,3,False
2024-03-14,0.2133620760429692,NORMAL,5,3,False
2024-03-15,0.2468666025274234,NORMAL,4,3,False
2024-03-16,0.2066488520946622,NORMAL,4,3,False
2024-03-17,0.1831073987724884,NORMAL,4,3,False
2024-03-18,0.2001919485486613,NORMAL,4,3,False
2024-03-19,0.1864181241779842,NORMAL,4,3,False
2024-03-20,0.2213941573204411,NORMAL,5,3,False
2024-03-21,0.2017973390799972,NORMAL,5,3,False
2024-03-22,0.164082072386003,NORMAL,4,3,False
2024-03-23,0.1743325288393576,NORMAL,4,3,False
2024-03-24,0.1847584121653777,NORMAL,4,3,False
2024-03-25,0.1570639760399927,NORMAL,4,3,False
2024-03-26,0.1339341688860362,NORMAL,4,3,False
2024-03-27,0.1193370644318213,NORMAL,5,3,False
2024-03-28,0.0333743451462984,NORMAL,5,3,False
2024-03-29,0.0174964611113717,NORMAL,4,3,False
2024-03-30,0.0146964644215641,NORMAL,4,3,False
2024-03-31,0.0463388540010517,NORMAL,4,3,False
2024-04-01,0.0424899727420977,NORMAL,4,4,False
2024-04-02,0.0268300697803049,NORMAL,4,4,False
2024-04-03,0.0450983183791671,NORMAL,5,4,False
2024-04-04,0.0120530881196428,NORMAL,5,4,False
2024-04-05,0.0470209525850006,NORMAL,4,4,False
2024-04-06,0.0839073804323073,NORMAL,4,4,False
2024-04-07,0.0541244212268755,NORMAL,4,4,False
2024-04-08,0.0349560876694037,NORMAL,4,4,False
2024-04-09,0.0699543542911702,NORMAL,4,4,False
2024-04-10,0.179947185729876,NORMAL,5,4,False
2024-04-11,0.1518224041371424,NORMAL,5,4,False
2024-04-12,0.1754069503232899,NORMAL,4,4,False
2024-04-13,0.2235356807396666,NORMAL,4,4,False
2024-04-14,0.2422846297483427,NORMAL,4,4,False
2024-04-15,0.3097637065176286,NORMAL,4,4,False
2024-04-16,0.3208746157988999,NORMAL,4,4,False
2024-04-17,0.4681389664122185,WARNING,5,4,True
2024-04-18,0.3895713917453274,NORMAL,5,4,False
2024-04-19,0.4159851183807503,NORMAL,4,4,False
2024-04-20,0.3989069532547982,NORMAL,4,4,False
2024-04-21,0.4280891779509658,WARNING,4,4,True
2024-04-22,0.401127665449591,NORMAL,4,4,False
2024-04-23,0.371520747692569,NORMAL,4,4,False
2024-04-24,0.5326327854266972,WARNING,5,4,True
2024-04-25,0.5438085271897183,CRITICAL,5,4,True
2024-04-26,0.5230219574951372,WARNING,4,4,True
2024-04-27,0.5448045042310751,CRITICAL,4,4,True
2024-04-28,0.5347671329170723,WARNING,4,4,True
2024-04-29,0.5300356818036391,WARNING,4,4,True
2024-04-30,0.5397466205472011,WARNING,4,4,True
2024-05-01,0.6478345394162787,NORMAL,5,5,False
2024-05-02,0.633514448265492,NORMAL,5,5,False
2024-05-03,0.6483624797398428,NORMAL,4,5,False
2024-05-04,0.642497484100103,NORMAL,4,5,False
2024-05-05,0.6289984659519466,NORMAL,4,5,False
2024-05-06,0.5946607855061806,NORMAL,4,5,False
2024-05-07,0.5940169598692966,NORMAL,4,5,False
2024-05-08,0.6310982787968887,NORMAL,5,5,False
2024-05-09,0.5926643685903574,NORMAL,5,5,False
2024-05-10,0.6134699858972296,NORMAL,4,5,False
2024-05-11,0.7276142205233925,NORMAL,4,5,False
2024-05-12,0.673215110139423,NORMAL,4,5,False
2024-05-13,0.6691631828625801,NORMAL,4,5,False
2024-05-14,0.6774348079838636,NORMAL,4,5,False
2024-05-15,0.6559479571724488,NORMAL,5,5,False
2024-05-16,0.7360062820286781,NORMAL,5,5,False
2024-05-17,0.7063058085889845,NORMAL,4,5,False
2024-05-18,0.5526251418881838,NORMAL,4,5,False
2024-05-19,0.5238387562942063,NORMAL,4,5,False
2024-05-20,0.5259530591546151,NORMAL,4,5,False
2024-05-21,0.5235731894976882,NORMAL,4,5,False
2024-05-22,0.3568633801171701,NORMAL,5,5,False
2024-05-23,0.3277958005750201,NORMAL,5,5,False
2024-05-24,0.3211845329827422,NORMAL,4,5,False
2024-05-25,0.3430111778015126,NORMAL,4,5,False
2024-05-26,0.4332418456303064,NORMAL,4,5,False
2024-05-27,0.4296839133761282,NORMAL,4,5,False
2024-05-28,0.4176292915462775,NORMAL,4,5,False
2024-05-29,0.2993311565262084,NORMAL,5,5,False
2024-05-30,0.335972360570555,NORMAL,5,5,False
2024-05-31,0.3139597159886708,NORMAL,4,5,False
2024-06-01,0.304821573181444,NORMAL,4,6,False
2024-06-02,0.2657879779898913,NORMAL,4,6,False
2024-06-03,0.2353843483713519,NORMAL,4,6,False
2024-06-04,0.2963583244336112,NORMAL,4,6,False
2024-06-05,0.1142350774387306,NORMAL,5,6,False
2024-06-06,0.1602231497425433,NORMAL,5,6,False
2024-06-07,0.213952981477626,NORMAL,4,6,False
2024-06-08,0.4074780053423226,NORMAL,4,6,False
2024-06-09,0.3893972939322444,NORMAL,4,6,False
2024-06-10,0.350802388089507,NORMAL,4,6,False
2024-06-11,0.4128507263259028,NORMAL,4,6,False
2024-06-12,0.2795304546692279,NORMAL,5,6,False
2024-06-13,0.2702275156443643,NORMAL,5,6,False
2024-06-14,0.2884996661898915,NORMAL,4,6,False
2024-06-15,0.273988297200288,NORMAL,4,6,False
2024-06-16,0.3153427673409855,NORMAL,4,6,False
2024-06-17,0.3041580432713434,NORMAL,4,6,False
2024-06-18,0.2994340894701382,NORMAL,4,6,False
2024-06-19,0.2026384719991682,NORMAL,5,6,False
2024-06-20,0.2668130292508389,NORMAL,5,6,False
2024-06-21,0.2832573669979888,NORMAL,4,6,False
2024-06-22,0.3869068131650544,NORMAL,4,6,False
2024-06-23,0.4327462824670999,NORMAL,4,6,False
2024-06-24,0.5195625130468021,NORMAL,4,6,False
2024-06-25,0.5520944201696006,NORMAL,4,6,False
2024-06-26,0.5075887115015142,NORMAL,5,6,False
2024-06-27,0.5172460076221512,NORMAL,5,6,False
2024-06-28,0.5274950344881433,NORMAL,4,6,False
2024-06-29,0.5591160580981211,NORMAL,4,6,False
2024-06-30,0.5868144695970163,NORMAL,4,6,False
2024-07-01,0.5856426903345612,NORMAL,4,7,False
2024-07-02,0.5847141457076526,NORMAL,4,7,False
2024-07-03,0.5526547100324778,NORMAL,5,7,False
2024-07-04,0.5311083133918917,NORMAL,5,7,False
2024-07-05,0.5340904238658363,NORMAL,4,7,False
2024-07-06,0.5415682783017248,NORMAL,4,7,False
2024-07-07,0.5383029587486927,NORMAL,4,7,False
2024-07-08,0.532657617554777,NORMAL,4,7,False
2024-07-09,0.5262036465425685,NORMAL,4,7,False
2024-07-10,0.4741504613799742,NORMAL,5,7,False
2024-07-11,0.4683562117238752,NORMAL,5,7,False
2024-07-12,0.4852263136030772,NORMAL,4,7,False
2024-07-13,0.487548662358669,NORMAL,4,7,False
2024-07-14,0.5091170044899875,NORMAL,4,7,False
2024-07-15,0.4926531994333656,NORMAL,4,7,False
2024-07-16,0.4982031695215114,NORMAL,4,7,False
2024-07-17,0.4818914809088345,NORMAL,5,7,False
2024-07-18,0.4929059590050911,NORMAL,5,7,False
2024-07-19,0.5917352613525736,NORMAL,4,7,False
2024-07-20,0.5713717381246168,NORMAL,4,7,False
2024-07-21,0.8468437357733424,CRITICAL,4,7,True
2024-07-22,0.708412790544214,NORMAL,4,7,False
2024-07-23,0.7818097516186665,WARNING,4,7,True
2024-07-24,0.6556482040643443,NORMAL,5,7,False
2024-07-25,0.6920946362378855,NORMAL,5,7,False
2024-07-26,0.6782578769940364,NORMAL,4,7,False
2024-07-27,0.7734861107218534,WARNING,4,7,True
2024-07-28,0.8073581411616367,WARNING,4,7,True
2024-07-29,0.7893267855681173,WARNING,4,7,True
2024-07-30,0.7762770400100572,WARNING,4,7,True
2024-07-31,0.5295537222284049,NORMAL,5,7,False
2024-08-01,0.5812155366376772,NORMAL,5,8,False
2024-08-02,0.5791337498920581,NORMAL,4,8,False
2024-08-03,0.567847565254144,NORMAL,4,8,False
2024-08-04,0.551663880701108,NORMAL,4,8,False
2024-08-05,0.5828138442584262,NORMAL,4,8,False
2024-08-06,0.568187027549618,NORMAL,4,8,False
2024-08-07,0.2857325005538375,NORMAL,5,8,False
2024-08-08,0.3377863320102908,NORMAL,5,8,False
2024-08-09,0.3164841718867344,NORMAL,4,8,False
2024-08-10,0.3090659147908183,NORMAL,4,8,False
2024-08-11,0.5514522793246677,NORMAL,4,8,False
2024-08-12,0.5679979265552481,NORMAL,4,8,False
2024-08-13,0.5567370579019455,NORMAL,4,8,False
2024-08-14,0.4886470328543554,NORMAL,5,8,False
2024-08-15,0.4787532202956912,NORMAL,5,8,False
2024-08-16,0.497771482331742,NORMAL,4,8,False
2024-08-17,0.5135508033409087,NORMAL,4,8,False
2024-08-18,0.5741760516938286,NORMAL,4,8,False
2024-08-19,0.7839020822409568,NORMAL,4,8,False
2024-08-20,0.8867309268387286,WARNING,4,8,True
2024-08-21,0.9708328239986984,WARNING,5,8,True
2024-08-22,0.8492771522774787,NORMAL,5,8,False
2024-08-23,0.7935328705404431,NORMAL,4,8,False
2024-08-24,0.7643165414647825,NORMAL,4,8,False
2024-08-25,0.7938044441816883,NORMAL,4,8,False
2024-08-26,0.7786528133161478,NORMAL,4,8,False
2024-08-27,0.7477918013487078,NORMAL,4,8,False
2024-08-28,0.4902944669004563,NORMAL,5,8,False
2024-08-29,0.4934820778257953,NORMAL,5,8,False
2024-08-30,0.5466758384172551,NORMAL,4,8,False
2024-09-13,0.0327067567029504,NORMAL,4,9,False
2024-09-14,0.0447908287309371,NORMAL,4,9,False
2024-09-15,0.0397184501126019,NORMAL,4,9,False
2024-09-16,0.035724082390098,NORMAL,4,9,False
2024-09-17,0.0299644026176073,NORMAL,4,9,False
2024-09-18,0.057342309050601,NORMAL,5,9,False
2024-09-19,0.0532518538675431,NORMAL,5,9,False
2024-09-20,0.0503965149941268,NORMAL,4,9,False
2024-09-21,0.0419364992125939,NORMAL,4,9,False
2024-09-22,0.0339191102683929,NORMAL,4,9,False
2024-09-23,0.0347489256995517,NORMAL,4,9,False
2024-09-24,0.0253066482715932,NORMAL,4,9,False
2024-09-25,0.0163562929212595,NORMAL,5,9,False
2024-09-26,0.0202888074701863,NORMAL,5,9,False
2024-09-27,0.018518382854918,NORMAL,4,9,False
2024-09-28,0.006585327528586,NORMAL,4,9,False
2024-09-29,0.0070694579761738,NORMAL,4,9,False
2024-09-30,0.009997473077623,NORMAL,4,9,False
2024-10-01,0.014401999716765,NORMAL,4,10,False
2024-10-02,0.0163849962185763,NORMAL,5,10,False
2024-10-03,0.0132644203976436,NORMAL,5,10,False
2024-10-04,0.007257770327956,NORMAL,4,10,False
2024-10-05,0.0070615815744907,NORMAL,4,10,False
2024-10-06,0.0102243109415603,NORMAL,4,10,False
2024-10-07,0.0228809264465048,NORMAL,4,10,False
2024-10-08,0.0312383198967193,NORMAL,4,10,False
2024-10-09,0.0353505469429872,NORMAL,5,10,False
2024-10-10,0.1154387915981028,NORMAL,5,10,False
2024-10-11,0.089539175909738,NORMAL,4,10,False
2024-10-12,0.0858348682164896,NORMAL,4,10,False
2024-10-13,0.1020813691722186,NORMAL,4,10,False
2024-10-14,0.1319582041624147,NORMAL,4,10,False
2024-10-15,0.1569435852885975,NORMAL,4,10,False
2024-10-16,0.1744732042512419,NORMAL,5,10,False
2024-10-17,0.1910584539441367,NORMAL,5,10,False
2024-10-18,0.1903511210242428,NORMAL,4,10,False
2024-10-19,0.2012695292821085,NORMAL,4,10,False
2024-10-20,0.2167799153584775,NORMAL,4,10,False
2024-10-21,0.2185851344663185,NORMAL,4,10,False
2024-10-22,0.2139923064096177,NORMAL,4,10,False
2024-10-23,0.2593819723103778,NORMAL,5,10,False
2024-10-24,0.2697217143967065,NORMAL,5,10,False
2024-10-25,0.2590517452926164,NORMAL,4,10,False
2024-10-26,0.2823007422098404,NORMAL,4,10,False
2024-10-27,0.2943354359098397,NORMAL,4,10,False
2024-10-28,0.2879702257865051,NORMAL,4,10,False
2024-10-29,0.2884452928596355,NORMAL,4,10,False
2024-10-30,0.3615660186309731,NORMAL,5,10,False
2024-10-31,0.3595319786017878,NORMAL,5,10,False
2024-11-01,0.3515401475852583,NORMAL,4,11,False
2024-11-02,0.3555448780298099,NORMAL,4,11,False
2024-11-03,0.3563113141047266,NORMAL,4,11,False
2024-11-04,0.3453951543382559,NORMAL,4,11,False
2024-11-05,0.3385982122757091,NORMAL,4,11,False
2024-11-06,0.4209783871854133,WARNING,5,11,True
2024-11-07,0.4105986778799619,WARNING,5,11,True
2024-11-08,0.4152604427840026,WARNING,4,11,True
2024-11-09,0.4173844140703214,WARNING,4,11,True
2024-11-10,0.4127172776409722,WARNING,4,11,True
2024-11-11,0.4194540923109121,WARNING,4,11,True
2024-11-12,0.4024762088622627,WARNING,4,11,True
2024-11-13,0.4785536394778419,CRITICAL,5,11,True
2024-11-14,0.4645135487310503,CRITICAL,5,11,True
2024-11-15,0.4644612199678042,CRITICAL,4,11,True
2024-11-16,0.4454534655379022,CRITICAL,4,11,True
2024-11-17,0.4449383446653954,CRITICAL,4,11,True
2024-11-18,0.4368377878899767,WARNING,4,11,True
2024-11-19,0.4435489557453563,WARNING,4,11,True
2024-11-20,0.4847200935946067,CRITICAL,5,11,True
2024-11-21,0.4623779562475842,CRITICAL,5,11,True
2024-11-22,0.4591039270292842,CRITICAL,4,11,True
2024-11-23,0.4602783155260845,CRITICAL,4,11,True
2024-11-24,0.4610283554165126,CRITICAL,4,11,True
2024-11-25,0.4699377037393054,CRITICAL,4,11,True
2024-11-26,0.5228977957498826,CRITICAL,4,11,True
2024-11-27,0.5819778740965988,CRITICAL,5,11,True
2024-11-28,0.5593905718566217,CRITICAL,5,11,True
2024-11-29,0.563691373016555,CRITICAL,4,11,True
2024-11-30,0.5547337174497559,CRITICAL,4,11,True
2024-12-01,0.5421939275477525,NORMAL,4,12,False
2024-12-02,0.5363195283533495,NORMAL,4,12,False
2024-12-03,0.5304637755653933,NORMAL,4,12,False
2024-12-04,0.4906466442908537,NORMAL,5,12,False
2024-12-05,0.476311833291778,NORMAL,5,12,False
2024-12-06,0.4956871953264358,NORMAL,4,12,False
2024-12-07,0.5019748086569111,NORMAL,4,12,False
2024-12-08,0.5071909811281551,NORMAL,4,12,False
2024-12-09,0.5245638724949473,NORMAL,4,12,False
2024-12-10,0.524406925784142,NORMAL,4,12,False
2024-12-11,0.5890993609607634,WARNING,5,12,True
2024-12-12,0.5683446010990886,WARNING,5,12,True
2024-12-13,0.5607617906874958,WARNING,4,12,True
2024-12-14,0.5405841085450487,NORMAL,4,12,False
2024-12-15,0.5108618001718433,NORMAL,4,12,False
2024-12-16,0.504645067553592,NORMAL,4,12,False
2024-12-17,0.5051308751316953,NORMAL,4,12,False
2024-12-18,0.5033060908971865,NORMAL,5,12,False
2024-12-19,0.5064016635088379,NORMAL,5,12,False
2024-12-20,0.5107961904425993,NORMAL,4,12,False
2024-12-21,0.5066741879210829,NORMAL,4,12,False
2024-12-22,0.4849946066427019,NORMAL,4,12,False
2024-12-23,0.473871447337191,NORMAL,4,12,False
2024-12-24,0.4589717897617889,NORMAL,4,12,False
2024-12-25,0.3717400126010941,NORMAL,5,12,False
2024-12-26,0.3847190881321728,NORMAL,5,12,False
2024-12-27,0.3723870814472804,NORMAL,4,12,False
2024-12-28,0.3417236206991811,NORMAL,4,12,False
2024-12-29,0.3551110827979635,NORMAL,4,12,False
2024-12-30,0.3352529911437099,NORMAL,4,12,False
2024-12-31,0.3343587084270543,NORMAL,4,12,False
2025-01-01,0.259225175167639,NORMAL,5,1,False
2025-01-02,0.250749135826275,NORMAL,5,1,False
2025-01-03,0.2592378143592775,NORMAL,4,1,False
2025-01-04,0.2795474422482724,NORMAL,4,1,False
2025-01-05,0.282181588254342,NORMAL,4,1,False
2025-01-06,0.2740512400132524,NORMAL,4,1,False
2025-01-07,0.2694361340830961,NORMAL,4,1,False
2025-01-08,0.2074885779826501,NORMAL,5,1,False
2025-01-09,0.2125758298544469,NORMAL,5,1,False
2025-01-10,0.2253108297392149,NORMAL,4,1,False
2025-01-11,0.2416666431264243,NORMAL,4,1,False
2025-01-12,0.2420604942932533,NORMAL,4,1,False
2025-01-13,0.2363163942760664,NORMAL,4,1,False
2025-01-14,0.2325287005488429,NORMAL,4,1,False
2025-01-15,0.1454879110613367,NORMAL,5,1,False
2025-01-16,0.1351429695755046,NORMAL,5,1,False
2025-01-17,0.1377324380439071,NORMAL,4,1,False
2025-01-18,0.1352665331891658,NORMAL,4,1,False
2025-01-19,0.1301676005585555,NORMAL,4,1,False
2025-01-20,0.1331362294547463,NORMAL,4,1,False
2025-01-21,0.1315976345779631,NORMAL,4,1,False
2025-01-22,0.0718061487137437,NORMAL,5,1,False
2025-01-23,0.0752584067782509,NORMAL,5,1,False
2025-01-24,0.0859250505281703,NORMAL,4,1,False
2025-01-25,0.0984950363431691,NORMAL,4,1,False
2025-01-26,0.0899893842986488,NORMAL,4,1,False
2025-01-27,0.0672230216493658,NORMAL,4,1,False
2025-01-28,0.0671992549831028,NORMAL,4,1,False
2025-01-29,0.0210026335131522,NORMAL,5,1,False
2025-01-30,0.025192137658742,NORMAL,5,1,False
2025-01-31,0.015811580991434,NORMAL,4,1,False
2025-02-01,0.0161924273853891,NORMAL,4,2,False
2025-02-02,0.0281646074546639,NORMAL,4,2,False
2025-02-03,0.0345860054899456,NORMAL,4,2,False
2025-02-04,0.0384968110707538,NORMAL,4,2,False
2025-02-05,0.026601168471449,NORMAL,5,2,False
2025-02-06,0.0211451290635725,NORMAL,5,2,False
2025-02-07,0.0110921531828334,NORMAL,4,2,False
2025-02-08,0.0296287052769817,NORMAL,4,2,False
2025-02-09,0.0356072914113928,NORMAL,4,2,False
2025-02-10,0.043165433720705,NORMAL,4,2,False
2025-02-11,0.0491485149994002,NORMAL,4,2,False
2025-02-12,0.0191586439249643,NORMAL,5,2,False
2025-02-13,0.0166115728191575,NORMAL,5,2,False
2025-02-14,0.0202343211638928,NORMAL,4,2,False
2025-02-15,0.0181597342148565,NORMAL,4,2,False
2025-02-16,0.0312483556519276,NORMAL,4,2,False
2025-02-17,0.0566897641202344,NORMAL,4,2,False
2025-02-18,0.070858217007331,NORMAL,4,2,False
2025-02-19,0.1108829329611143,NORMAL,5,2,False
2025-02-20,0.1408123915423005,NORMAL,5,2,False
2025-02-21,0.1626837668238717,NORMAL,4,2,False
2025-02-22,0.1859192287786429,NORMAL,4,2,False
2025-02-23,0.199110814755114,NORMAL,4,2,False
2025-02-24,0.1951816739341824,NORMAL,4,2,False
2025-02-25,0.1832979074047947,NORMAL,4,2,False
2025-02-26,0.2175946246490978,NORMAL,5,2,False
2025-02-27,0.1876728071595771,NORMAL,5,2,False
2025-02-28,0.1778704386819855,NORMAL,4,2,False
2025-03-01,0.1982471395436581,NORMAL,4,3,False
2025-03-02,0.2139211175775909,NORMAL,4,3,False
2025-03-03,0.2314987645564006,NORMAL,4,3,False
2025-03-04,0.2527413263300825,NORMAL,4,3,False
2025-03-05,0.3407773129236338,NORMAL,5,3,False
2025-03-06,0.3457629949571457,NORMAL,5,3,False
2025-03-07,0.3361862364658597,NORMAL,4,3,False
2025-03-08,0.3350588815862069,NORMAL,4,3,False
2025-03-09,0.3366933723356333,NORMAL,4,3,False
2025-03-10,0.3074872347239633,NORMAL,4,3,False
2025-03-11,0.3152120897772066,NORMAL,4,3,False
2025-03-12,0.4124348797838367,NORMAL,5,3,False
2025-03-13,0.39245226271007,NORMAL,5,3,False
2025-03-14,0.4104282610606684,NORMAL,4,3,False
2025-03-15,0.4234794606569841,NORMAL,4,3,False
2025-03-16,0.4259272225114234,NORMAL,4,3,False
2025-03-17,0.4215654653591204,NORMAL,4,3,False
2025-03-18,0.4233176868086044,NORMAL,4,3,False
2025-03-19,0.4785729685327056,CRITICAL,5,3,True
2025-03-20,0.4451865478033974,WARNING,5,3,True
2025-03-21,0.4308409411111946,WARNING,4,3,True
2025-03-22,0.4338004350244142,WARNING,4,3,True
2025-03-23,0.4212740057643288,NORMAL,4,3,False
2025-03-24,0.3950476450801832,NORMAL,4,3,False
2025-03-25,0.4144169861964429,NORMAL,4,3,False
2025-03-26,0.4129350108062579,NORMAL,5,3,False
2025-03-27,0.4703897856856858,CRITICAL,5,3,True
2025-03-28,0.4968443827587387,CRITICAL,4,3,True
2025-03-29,0.50178556028253,CRITICAL,4,3,True
2025-03-30,0.5268990133200347,CRITICAL,4,3,True
2025-03-31,0.5282286376759744,CRITICAL,4,3,True
2025-04-01,0.5303339391737173,WARNING,4,4,True
2025-04-02,0.7158707629526507,CRITICAL,5,4,True
2025-04-03,0.6771047473292959,CRITICAL,5,4,True
2025-04-04,0.6369060753192914,CRITICAL,4,4,True
2025-04-05,0.6439259700869296,CRITICAL,4,4,True
2025-04-06,0.6465134453900925,CRITICAL,4,4,True
2025-04-07,0.6223715038605386,WARNING,4,4,True
2025-04-08,0.6130711987012287,WARNING,4,4,True
2025-04-09,0.646988602657477,CRITICAL,5,4,True
2025-04-10,0.599337657910942,WARNING,5,4,True
2025-04-11,0.6072821378878139,WARNING,4,4,True
2025-04-12,0.581044852019391,WARNING,4,4,True
2025-04-13,0.5496291848468449,WARNING,4,4,True
2025-04-14,0.5936870187607781,WARNING,4,4,True
2025-04-15,0.5938980149870883,WARNING,4,4,True
2025-04-16,0.6069642450106639,WARNING,5,4,True
2025-04-17,0.6042698344851355,WARNING,5,4,True
2025-04-18,0.6220595962449827,WARNING,4,4,True
2025-04-19,0.6489795085685699,CRITICAL,4,4,True
2025-04-20,0.6591813192054055,CRITICAL,4,4,True
2025-04-21,0.6749065811482148,CRITICAL,4,4,True
2025-04-22,0.7098475095690252,CRITICAL,4,4,True
2025-04-23,0.7291617518136658,CRITICAL,5,4,True
2025-04-24,0.6681412586577421,WARNING,5,4,True
2025-04-25,0.7198438037742336,CRITICAL,4,4,True
2025-04-26,0.7012515703929282,CRITICAL,4,4,True
2025-04-27,0.6845849260953007,WARNING,4,4,True
2025-04-28,0.715648799448833,CRITICAL,4,4,True
2025-04-29,0.698768635116403,WARNING,4,4,True
2025-04-30,0.6560732179346855,WARNING,5,4,True
2025-05-01,0.6557143138417385,NORMAL,5,5,False
2025-05-02,0.6091512855786609,NORMAL,4,5,False
2025-05-03,0.6011422549500051,NORMAL,4,5,False
2025-05-04,0.5988187434235572,NORMAL,4,5,False
2025-05-05,0.6019449869756183,NORMAL,4,5,False
2025-05-06,0.6040712804842107,NORMAL,4,5,False
2025-05-07,0.4741485512172757,NORMAL,5,5,False
2025-05-08,0.4890827640344585,NORMAL,5,5,False
2025-05-09,0.6139384067043615,NORMAL,4,5,False
2025-05-10,0.5478052879493805,NORMAL,4,5,False
2025-05-11,0.5084699383095349,NORMAL,4,5,False
2025-05-12,0.4895260161705029,NORMAL,4,5,False
2025-05-13,0.4626654101331084,NORMAL,4,5,False
2025-05-14,0.2932539513137822,NORMAL,5,5,False
2025-05-15,0.2409888044921593,NORMAL,5,5,False
2025-05-16,0.233472532053202,NORMAL,4,5,False
2025-05-17,0.2894818696038048,NORMAL,4,5,False
2025-05-18,0.2490421294296398,NORMAL,4,5,False
2025-05-19,0.2130857218614476,NORMAL,4,5,False
2025-05-20,0.1827798242608394,NORMAL,4,5,False
2025-05-21,0.0545185188185547,NORMAL,5,5,False
2025-05-22,0.0929571486688909,NORMAL,5,5,False
2025-05-23,0.1206609530299349,NORMAL,4,5,False
2025-05-24,0.1338245930228489,NORMAL,4,5,False
2025-05-25,0.1455641957862877,NORMAL,4,5,False
2025-05-26,0.1574831941142229,NORMAL,4,5,False
2025-05-27,0.1644922149913826,NORMAL,4,5,False
2025-05-28,0.2556072222016739,NORMAL,5,5,False
2025-05-29,0.26607191237521,NORMAL,5,5,False
2025-05-30,0.284329442380513,NORMAL,4,5,False
2025-05-31,0.3060836272151205,NORMAL,4,5,False
2025-06-01,0.3037572119850016,NORMAL,4,6,False
2025-06-02,0.2783250658719506,NORMAL,4,6,False
2025-06-03,0.2876615626330535,NORMAL,4,6,False
2025-06-04,0.4133779784969126,NORMAL,5,6,False
2025-06-05,0.4004069623127217,NORMAL,5,6,False
2025-06-06,0.4136384308450977,NORMAL,4,6,False
2025-06-07,0.3851946118406323,NORMAL,4,6,False
2025-06-08,0.3936545838457788,NORMAL,4,6,False
2025-06-09,0.3980218227901538,NORMAL,4,6,False
2025-06-10,0.2458268567992693,NORMAL,4,6,False
2025-06-11,0.3262989760806357,NORMAL,5,6,False
2025-06-12,0.3387354346590096,NORMAL,5,6,False
2025-06-13,0.3132120100524479,NORMAL,4,6,False
2025-06-14,0.2377030801408005,NORMAL,4,6,False
2025-06-15,0.2697675170508533,NORMAL,4,6,False
2025-06-16,0.2114489160494239,NORMAL,4,6,False
2025-06-17,0.2769094246337465,NORMAL,4,6,False
2025-06-18,0.3151887980955745,NORMAL,5,6,False
2025-06-19,0.3125972593184183,NORMAL,5,6,False
2025-06-20,0.1986262483921166,NORMAL,4,6,False
2025-06-21,0.1977981048004058,NORMAL,4,6,False
2025-06-22,0.178596266667048,NORMAL,4,6,False
2025-06-23,0.1933692156835244,NORMAL,4,6,False
2025-06-24,0.2181468695362414,NORMAL,4,6,False
2025-06-25,0.1761926997490604,NORMAL,5,6,False
2025-06-26,0.1895761396521806,NORMAL,5,6,False
2025-06-27,0.2005108755567385,NORMAL,4,6,False
2025-06-28,0.1493894556270187,NORMAL,4,6,False
2025-06-29,0.0260125225491879,NORMAL,4,6,False
2025-06-30,0.0376736050651444,NORMAL,4,6,False
2025-07-01,0.064135206261809,NORMAL,4,7,False
2025-07-02,0.2058675268071597,NORMAL,5,7,False
2025-07-03,0.1375772837086468,NORMAL,5,7,False
2025-07-04,0.1296642439891594,NORMAL,4,7,False
2025-07-05,0.1477282848292906,NORMAL,4,7,False
2025-07-06,0.114874775051601,NORMAL,4,7,False
2025-07-07,0.1078938641540708,NORMAL,4,7,False
2025-07-08,0.1071661906626352,NORMAL,4,7,False
2025-07-09,0.194289399856271,NORMAL,5,7,False
2025-07-10,0.1863960351437612,NORMAL,5,7,False
2025-07-11,0.1810313084816328,NORMAL,4,7,False
2025-07-12,0.1763596955792645,NORMAL,4,7,False
2025-07-13,0.1629600797092577,NORMAL,4,7,False
2025-07-14,0.1446792326458718,NORMAL,4,7,False
2025-07-15,0.1246120681698123,NORMAL,4,7,False
2025-07-16,0.1632079000960851,NORMAL,5,7,False
2025-07-17,0.1366831168022369,NORMAL,5,7,False
2025-07-18,0.2674035560214695,NORMAL,4,7,False
2025-07-19,0.1981683497440526,NORMAL,4,7,False
2025-07-20,0.201681959517332,NORMAL,4,7,False
2025-07-21,0.197375380414812,NORMAL,4,7,False
2025-07-22,0.176697573694385,NORMAL,4,7,False
2025-07-23,0.2465473145987342,NORMAL,5,7,False
2025-07-24,0.2180146751654583,NORMAL,5,7,False
2025-07-25,0.222516320183602,NORMAL,4,7,False
2025-07-26,0.1892880480320087,NORMAL,4,7,False
2025-07-27,0.1659617891022985,NORMAL,4,7,False
2025-07-28,0.135308407889052,NORMAL,4,7,False
2025-07-29,0.1110013821838731,NORMAL,4,7,False
2025-07-30,0.2197867186775614,NORMAL,5,7,False
2025-07-31,0.1145899446222021,NORMAL,5,7,False
2025-08-01,0.0642250001646925,NORMAL,4,8,False
2025-08-02,0.0608910530414465,NORMAL,4,8,False
2025-08-03,0.0504907114326188,NORMAL,4,8,False
2025-08-04,0.0301107549450141,NORMAL,4,8,False
2025-08-05,0.0161009191626434,NORMAL,4,8,False
2025-08-06,0.0307788746517861,NORMAL,5,8,False
2025-08-07,0.0601361406889531,NORMAL,5,8,False
2025-08-08,0.0688853487367829,NORMAL,4,8,False
2025-08-09,0.0491472013172911,NORMAL,4,8,False
2025-08-10,0.0420557079383985,NORMAL,4,8,False
2025-08-11,0.0511284167261865,NORMAL,4,8,False
2025-08-12,0.0550271879765516,NORMAL,4,8,False
2025-08-13,0.0397755869366125,NORMAL,5,8,False
2025-08-14,0.1154332122997206,NORMAL,5,8,False
2025-08-15,0.1764564004818442,NORMAL,4,8,False
2025-08-16,0.4009194079336445,NORMAL,4,8,False
2025-08-17,0.295135955835516,NORMAL,4,8,False
2025-08-18,0.234920695989597,NORMAL,4,8,False
2025-08-19,0.1977658092596422,NORMAL,4,8,False
2025-08-20,0.1851124385691096,NORMAL,5,8,False
2025-08-21,0.1278838668654426,NORMAL,5,8,False
2025-08-22,0.1711538186808116,NORMAL,4,8,False
2025-08-23,0.1614966372577207,NORMAL,4,8,False
2025-08-24,0.1244339238047613,NORMAL,4,8,False
2025-08-25,0.0838932189635974,NORMAL,4,8,False
2025-08-26,0.0493338956199719,NORMAL,4,8,False
2025-08-27,0.0380109885643907,NORMAL,5,8,False
2025-08-28,0.0712667195261575,NORMAL,5,8,False
2025-08-29,0.1004747666377119,NORMAL,4,8,False
2025-08-30,0.1306921761397089,NORMAL,4,8,False
2025-08-31,0.1507946374789451,NORMAL,4,8,False
2025-09-01,0.143262982291556,NORMAL,4,9,False
2025-09-02,0.1629157008130441,NORMAL,4,9,False
2025-09-03,0.2765571866765681,NORMAL,5,9,False
2025-09-04,0.2843736709758728,NORMAL,5,9,False
2025-09-05,0.2952774913756321,NORMAL,4,9,False
2025-09-06,0.3084175440048811,NORMAL,4,9,False
2025-09-07,0.3164408199573557,NORMAL,4,9,False
2025-09-08,0.3257358698165032,NORMAL,4,9,False
2025-09-09,0.3352751546795896,NORMAL,4,9,False
2025-09-10,0.3904077966114221,NORMAL,5,9,False
2025-09-11,0.3814568558726777,NORMAL,5,9,False
2025-09-12,0.3985566550803635,NORMAL,4,9,False
2025-09-13,0.3992498435328049,NORMAL,4,9,False
2025-09-14,0.3917124105280173,NORMAL,4,9,False
2025-09-15,0.3938128486566699,NORMAL,4,9,False
2025-09-16,0.3924732617380949,NORMAL,4,9,False
2025-09-17,0.376545043626638,NORMAL,5,9,False
2025-09-18,0.3765627979336413,NORMAL,5,9,False
2025-09-19,0.3993030442686504,NORMAL,4,9,False
2025-09-20,0.4050404275202138,NORMAL,4,9,False
2025-09-21,0.4059497720965208,NORMAL,4,9,False
2025-09-22,0.4161343027628435,NORMAL,4,9,False
2025-09-23,0.4294010693208115,NORMAL,4,9,False
2025-09-24,0.3876087049132508,NORMAL,5,9,False
2025-09-25,0.3902220239668116,NORMAL,5,9,False
2025-09-26,0.3757955444760392,NORMAL,4,9,False
2025-09-27,0.397725981859445,NORMAL,4,9,False
2025-09-28,0.4188104689058355,NORMAL,4,9,False
2025-09-29,0.4147432551136577,NORMAL,4,9,False
2025-09-30,0.4408647007522762,NORMAL,4,9,False
2025-10-01,0.4333075938552334,WARNING,5,10,True
2025-10-02,0.4183881370795986,NORMAL,5,10,False
2025-10-03,0.4251259763601144,WARNING,4,10,True
2025-10-04,0.4307032674728436,WARNING,4,10,True
2025-10-05,0.3989319826471071,NORMAL,4,10,False
2025-10-06,0.3824876859334091,NORMAL,4,10,False
2025-10-07,0.4116727231675703,NORMAL,4,10,False
2025-10-08,0.2700718626247377,NORMAL,5,10,False
2025-10-09,0.2464800737838756,NORMAL,5,10,False
2025-10-10,0.2810208690626818,NORMAL,4,10,False
2025-10-11,0.3008519111713166,NORMAL,4,10,False
2025-10-12,0.2840430331384095,NORMAL,4,10,False
2025-10-13,0.3054285078649351,NORMAL,4,10,False
2025-10-14,0.3268977791040506,NORMAL,4,10,False
2025-10-15,0.1790984109841693,NORMAL,5,10,False
2025-10-16,0.1478858521954824,NORMAL,5,10,False
2025-10-17,0.1470592671051671,NORMAL,4,10,False
2025-10-18,0.1107405807803377,NORMAL,4,10,False
2025-10-19,0.118582081321929,NORMAL,4,10,False
2025-10-20,0.1242275587822165,NORMAL,4,10,False
2025-10-21,0.1263116196329191,NORMAL,4,10,False
2025-10-22,0.0405549525862594,NORMAL,5,10,False
2025-10-23,0.0299380834218941,NORMAL,5,10,False
2025-10-24,0.0774705199293938,NORMAL,4,10,False
2025-10-25,0.1409071589884865,NORMAL,4,10,False
2025-10-26,0.163102819980187,NORMAL,4,10,False
2025-10-27,0.2086044854386169,NORMAL,4,10,False
2025-10-28,0.2154970930432609,NORMAL,4,10,False
2025-10-29,0.2288519627834925,NORMAL,5,10,False
2025-10-30,0.2246446712629547,NORMAL,5,10,False
2025-10-31,0.2055188530627975,NORMAL,4,10,False
2025-11-01,0.2468569478948505,NORMAL,4,11,False
2025-11-02,0.208867242389825,NORMAL,4,11,False
2025-11-03,0.2139199664069837,NORMAL,4,11,False
2025-11-04,0.2506930422068311,NORMAL,4,11,False
2025-11-05,0.1570274487019885,NORMAL,5,11,False
2025-11-06,0.1471041344401331,NORMAL,5,11,False
2025-11-07,0.1253350276571758,NORMAL,4,11,False
2025-11-08,0.1704691915417168,NORMAL,4,11,False
2025-11-09,0.181251221915997,NORMAL,4,11,False
2025-11-10,0.1657126515030962,NORMAL,4,11,False
2025-11-11,0.1975751741016213,NORMAL,4,11,False
2025-11-12,0.1518627985825893,NORMAL,5,11,False
2025-11-13,0.1529183299858817,NORMAL,5,11,False
2025-11-14,0.1501107105199479,NORMAL,4,11,False
2025-11-15,0.1733711531623238,NORMAL,4,11,False
2025-11-16,0.1804285967175182,NORMAL,4,11,False
2025-11-17,0.1747954117972587,NORMAL,4,11,False
2025-11-18,0.1841185713834994,NORMAL,4,11,False
2025-11-19,0.0946975325628889,NORMAL,5,11,False
2025-11-20,0.1170132574420006,NORMAL,5,11,False
2025-11-21,0.1271695425342984,NORMAL,4,11,False
2025-11-22,0.136802401621235,NORMAL,4,11,False
2025-11-23,0.1467567273399482,NORMAL,4,11,False
2025-11-24,0.1282606954765878,NORMAL,4,11,False
2025-11-25,0.1014788028389324,NORMAL,4,11,False
2025-11-26,0.0519685620575913,NORMAL,5,11,False
2025-11-27,0.0558222664378013,NORMAL,5,11,False
2025-11-28,0.0520179345581799,NORMAL,4,11,False
2025-11-29,0.0634205832458368,NORMAL,4,11,False
2025-11-30,0.0577580014694211,NORMAL,4,11,False
2025-12-01,0.045717011364822,NORMAL,4,12,False
2025-12-02,0.0517442036472174,NORMAL,4,12,False
2025-12-03,0.0495019310189518,NORMAL,4,12,False
2025-12-04,0.0579002896916276,NORMAL,4,12,False
2025-12-05,0.0504268146475977,NORMAL,3,12,False
2025-12-06,0.0557919825607222,NORMAL,3,12,False
2025-12-07,0.0649102154554656,NORMAL,3,12,False
2025-12-08,0.0772842011943988,NORMAL,3,12,False
2025-12-09,0.0822674478549804,NORMAL,3,12,False
2025-12-10,0.0906353009936111,NORMAL,3,12,False
2025-12-11,0.102357979625804,NORMAL,3,12,False
2025-12-12,0.0882714007743082,NORMAL,2,12,False
2025-12-13,0.0832953663064885,NORMAL,2,12,False
2025-12-14,0.0839892022043947,NORMAL,2,12,False
2025-12-15,0.0948080594868873,NORMAL,2,12,False
2025-12-16,0.100317650926356,NORMAL,2,12,False
2025-12-17,0.1015014090210394,NORMAL,2,12,False
2025-12-18,0.0995558292522573,NORMAL,2,12,False
