date,score,level,n_predictions,month,is_anomaly
2014-01-08,0.5027249867192247,NORMAL,2,1,False
2014-01-09,0.5000037366979811,NORMAL,2,1,False
2014-01-10,0.5044668766091638,NORMAL,2,1,False
2014-01-11,0.4965982220434845,NORMAL,2,1,False
2014-01-12,0.4797518170529242,NORMAL,2,1,False
2014-01-13,0.4867142462583863,NORMAL,2,1,False
2014-01-14,0.4880832742894829,NORMAL,2,1,False
2014-01-15,0.5014989404569197,NORMAL,3,1,False
2014-01-16,0.4902754944743274,NORMAL,3,1,False
2014-01-17,0.500346443011544,NORMAL,3,1,False
2014-01-18,0.487179760512794,NORMAL,3,1,False
2014-01-19,0.497896513686112,NORMAL,3,1,False
2014-01-20,0.51557169346052,NORMAL,3,1,False
2014-01-21,0.5032825295236779,NORMAL,3,1,False
2014-01-22,0.5012877169118379,NORMAL,4,1,False
2014-01-23,0.4999686360276631,NORMAL,4,1,False
2014-01-24,0.4799871151339214,NORMAL,4,1,False
2014-01-25,0.4785068348795885,NORMAL,4,1,False
2014-01-26,0.4915179720545964,NORMAL,4,1,False
2014-01-27,0.5152405736286503,NORMAL,4,1,False
2014-01-28,0.4871903945966849,NORMAL,4,1,False
2014-01-29,0.5166153044004034,NORMAL,5,1,False
2014-01-30,0.5084137743552156,NORMAL,5,1,False
2014-01-31,0.4896111187284265,NORMAL,4,1,False
2014-02-01,0.4816020082065125,NORMAL,4,2,False
2014-02-02,0.5180077338667631,NORMAL,4,2,False
2014-02-03,0.4904721749618946,NORMAL,4,2,False
2014-02-04,0.4807400461259872,NORMAL,4,2,False
2014-02-05,0.4705529767221671,NORMAL,5,2,False
2014-02-06,0.4643280588213478,NORMAL,5,2,False
2014-02-07,0.4781111590512192,NORMAL,4,2,False
2014-02-08,0.4856610763411215,NORMAL,4,2,False
2014-02-09,0.4692705334183673,NORMAL,4,2,False
2014-02-10,0.4674321780196891,NORMAL,4,2,False
2014-02-11,0.4782457325801458,NORMAL,4,2,False
2014-02-12,0.4582012024859567,NORMAL,5,2,False
2014-02-13,0.4500154203515954,NORMAL,5,2,False
2014-02-14,0.4794342582626203,NORMAL,4,2,False
2014-02-15,0.4843999806343929,NORMAL,4,2,False
2014-02-16,0.4746958893033149,NORMAL,4,2,False
2014-02-17,0.442267184848695,NORMAL,4,2,False
2014-02-18,0.459828043204567,NORMAL,4,2,False
2014-02-19,0.4650329004185586,NORMAL,5,2,False
2014-02-20,0.4694529327422228,NORMAL,5,2,False
2014-02-21,0.4645366442210408,NORMAL,4,2,False
2014-02-22,0.4558419194709461,NORMAL,4,2,False
2014-02-23,0.4615754677206859,NORMAL,4,2,False
2014-02-24,0.497543883723289,NORMAL,4,2,False
2014-02-25,0.4926322894187355,NORMAL,4,2,False
2014-02-26,0.4838998667545955,NORMAL,5,2,False
2014-02-27,0.4652666804185784,NORMAL,5,2,False
2014-02-28,0.4531010950531152,NORMAL,4,2,False
2014-03-01,0.4580508450719046,NORMAL,4,3,False
2014-03-02,0.4780362169522518,NORMAL,4,3,False
2014-03-03,0.4636913271553807,NORMAL,4,3,False
2014-03-04,0.4580042440527704,NORMAL,4,3,False
2014-03-05,0.4514365608738599,NORMAL,5,3,False
2014-03-06,0.4553736087837782,NORMAL,5,3,False
2014-03-07,0.4411744157519502,NORMAL,4,3,False
2014-03-08,0.4572636643122932,NORMAL,4,3,False
2014-03-09,0.4545816567057134,NORMAL,4,3,False
2014-03-10,0.4659610267843719,NORMAL,4,3,False
2014-03-11,0.4600050590045887,NORMAL,4,3,False
2014-03-12,0.457189993172809,NORMAL,5,3,False
2014-03-13,0.4705015071551257,NORMAL,5,3,False
2014-03-14,0.4716325353264202,NORMAL,4,3,False
2014-03-15,0.4812137727978574,NORMAL,4,3,False
2014-03-16,0.4648221163089615,NORMAL,4,3,False
2014-03-17,0.4463778332912787,NORMAL,4,3,False
2014-03-18,0.441903852423002,NORMAL,4,3,False
2014-03-19,0.4571926754256291,NORMAL,5,3,False
2014-03-20,0.4626841301381984,NORMAL,5,3,False
2014-03-21,0.4438259817171973,NORMAL,4,3,False
2014-03-22,0.4546102761055601,NORMAL,4,3,False
2014-03-23,0.4609893044553655,NORMAL,4,3,False
2014-03-24,0.4797802015030228,NORMAL,4,3,False
2014-03-25,0.4744747596280448,NORMAL,4,3,False
2014-03-26,0.4547223205783888,NORMAL,5,3,False
2014-03-27,0.4503345516946571,NORMAL,5,3,False
2014-03-28,0.4682482998181477,NORMAL,4,3,False
2014-03-29,0.4672265881440214,NORMAL,4,3,False
2014-03-30,0.4786625283864311,NORMAL,4,3,False
2014-03-31,0.4681315777873023,NORMAL,4,3,False
2014-04-01,0.4719026664124987,NORMAL,4,4,False
2014-04-02,0.4397017047862682,NORMAL,5,4,False
2014-04-03,0.4386205541612333,NORMAL,5,4,False
2014-04-04,0.470411419421371,NORMAL,4,4,False
2014-04-05,0.4681289007834443,NORMAL,4,4,False
2014-04-06,0.4671774755485986,NORMAL,4,4,False
2014-04-07,0.4595565614794326,NORMAL,4,4,False
2014-04-08,0.4561107114039888,NORMAL,4,4,False
2014-04-09,0.4448194431668669,NORMAL,5,4,False
2014-04-10,0.4371831222294745,NORMAL,5,4,False
2014-04-11,0.4470143019264161,NORMAL,4,4,False
2014-04-12,0.4387086892642229,NORMAL,4,4,False
2014-04-13,0.4205895404063786,NORMAL,4,4,False
2014-04-14,0.4385048964436162,NORMAL,4,4,False
2014-04-15,0.4342492601006038,NORMAL,4,4,False
2014-04-16,0.4419413858909857,NORMAL,5,4,False
2014-04-17,0.448687941235518,NORMAL,5,4,False
2014-04-18,0.4477657578679837,NORMAL,4,4,False
2014-04-19,0.4524040279901807,NORMAL,4,4,False
2014-04-20,0.4649050891912674,NORMAL,4,4,False
2014-04-21,0.460647196366087,NORMAL,4,4,False
2014-04-22,0.4554696996432897,NORMAL,4,4,False
2014-04-23,0.4483278298554582,NORMAL,5,4,False
2014-04-24,0.4353541510028767,NORMAL,5,4,False
2014-04-25,0.434615278890552,NORMAL,4,4,False
2014-04-26,0.4398412656632574,NORMAL,4,4,False
2014-04-27,0.4394752390369369,NORMAL,4,4,False
2014-04-28,0.4302192869361376,NORMAL,4,4,False
2014-04-29,0.4348849077461573,NORMAL,4,4,False
2014-04-30,0.4569620016831087,NORMAL,5,4,False
2014-05-01,0.4587687371897567,NORMAL,5,5,False
2014-05-02,0.4472987816757265,NORMAL,4,5,False
2014-05-03,0.4416458909421032,NORMAL,4,5,False
2014-05-04,0.4364721560063958,NORMAL,4,5,False
2014-05-05,0.4452925577898146,NORMAL,4,5,False
2014-05-06,0.4570118827495832,NORMAL,4,5,False
2014-05-07,0.444631685469466,NORMAL,5,5,False
2014-05-08,0.4184938253406497,NORMAL,5,5,False
2014-05-09,0.4088269212386808,NORMAL,4,5,False
2014-05-10,0.3784920386392513,NORMAL,4,5,False
2014-05-11,0.3792476326615367,NORMAL,4,5,False
2014-05-12,0.4233512348120548,NORMAL,4,5,False
2014-05-13,0.4389133582255681,NORMAL,4,5,False
2014-05-14,0.4297666403409003,NORMAL,5,5,False
2014-05-15,0.4441208767209988,NORMAL,5,5,False
2014-05-16,0.4250556858053215,NORMAL,4,5,False
2014-05-17,0.3961366685911653,NORMAL,4,5,False
2014-05-18,0.389472032997239,NORMAL,4,5,False
2014-05-19,0.381813319878218,NORMAL,4,5,False
2014-05-20,0.3856530588779234,NORMAL,4,5,False
2014-05-21,0.3993981739126099,NORMAL,5,5,False
2014-05-22,0.4021725366528286,NORMAL,5,5,False
2014-05-23,0.402509323787071,NORMAL,4,5,False
2014-05-24,0.3961473785334688,NORMAL,4,5,False
2014-05-25,0.4118666815859412,NORMAL,4,5,False
2014-05-26,0.4229171246114706,NORMAL,4,5,False
2014-05-27,0.4185967720860551,NORMAL,4,5,False
2014-05-28,0.4043335191014525,NORMAL,5,5,False
2014-05-29,0.3807505100280667,NORMAL,5,5,False
2014-05-30,0.3726523689658523,NORMAL,4,5,False
2014-05-31,0.3711691155863644,NORMAL,4,5,False
2014-06-01,0.3813835152447549,NORMAL,4,6,False
2014-06-02,0.3913289082873585,NORMAL,4,6,False
2014-06-03,0.380066332946757,NORMAL,4,6,False
2014-06-04,0.3865904166970034,NORMAL,5,6,False
2014-06-05,0.4012580510395275,NORMAL,5,6,False
2014-06-06,0.3946244039430491,NORMAL,4,6,False
2014-06-07,0.3770461964277134,NORMAL,4,6,False
2014-06-08,0.3805751987784249,NORMAL,4,6,False
2014-06-09,0.3745567123276857,NORMAL,4,6,False
2014-06-10,0.3892121492815065,NORMAL,4,6,False
2014-06-11,0.3952406820415744,NORMAL,5,6,False
2014-06-12,0.3853122109905924,NORMAL,5,6,False
2014-06-13,0.395507364674393,NORMAL,4,6,False
2014-06-14,0.400353708374818,NORMAL,4,6,False
2014-06-15,0.3930398669363759,NORMAL,4,6,False
2014-06-16,0.3835658388361442,NORMAL,4,6,False
2014-06-17,0.3768290894523161,NORMAL,4,6,False
2014-06-18,0.3805633946104143,NORMAL,5,6,False
2014-06-19,0.3854114367023051,NORMAL,5,6,False
2014-06-20,0.3905262852902889,NORMAL,4,6,False
2014-06-21,0.3924792232930919,NORMAL,4,6,False
2014-06-22,0.3919317774759068,NORMAL,4,6,False
2014-06-23,0.3942819295283827,NORMAL,4,6,False
2014-06-24,0.401852686638009,NORMAL,4,6,False
2014-06-25,0.4071954828604153,NORMAL,5,6,False
2014-06-26,0.4048382219889546,NORMAL,5,6,False
2014-06-27,0.408813502382574,NORMAL,4,6,False
2014-06-28,0.4111921699901945,NORMAL,4,6,False
2014-06-29,0.4163204517845306,NORMAL,4,6,False
2014-06-30,0.4034759548259742,NORMAL,4,6,False
2014-07-01,0.3857549770658144,NORMAL,4,7,False
2014-07-02,0.3753785999093083,NORMAL,5,7,False
2014-07-03,0.3536136187641701,NORMAL,5,7,False
2014-07-04,0.3535949095334531,NORMAL,4,7,False
2014-07-05,0.3603868811681029,NORMAL,4,7,False
2014-07-06,0.3878928716888448,NORMAL,4,7,False
2014-07-07,0.3806262160581014,NORMAL,4,7,False
2014-07-08,0.4058462703689283,NORMAL,4,7,False
2014-07-09,0.4172297906601181,NORMAL,5,7,False
2014-07-10,0.4228999832956385,NORMAL,5,7,False
2014-07-11,0.4226456592498676,NORMAL,4,7,False
2014-07-12,0.4150423942498126,NORMAL,4,7,False
2014-07-13,0.416130417118608,NORMAL,4,7,False
2014-07-14,0.4140768187365788,NORMAL,4,7,False
2014-07-15,0.4042423999383761,NORMAL,4,7,False
2014-07-16,0.3810676581405816,NORMAL,5,7,False
2014-07-17,0.3986862278631162,NORMAL,5,7,False
2014-07-18,0.4074501466028777,NORMAL,4,7,False
2014-07-19,0.3979198739853952,NORMAL,4,7,False
2014-07-20,0.401733283766319,NORMAL,4,7,False
2014-07-21,0.4245142213988138,NORMAL,4,7,False
2014-07-22,0.416451126025121,NORMAL,4,7,False
2014-07-23,0.4138474698540696,NORMAL,5,7,False
2014-07-24,0.4006010159214635,NORMAL,5,7,False
2014-07-25,0.3925364299339783,NORMAL,4,7,False
2014-07-26,0.4014889622594341,NORMAL,4,7,False
2014-07-27,0.401931348066011,NORMAL,4,7,False
2014-07-28,0.4015090604603579,NORMAL,4,7,False
2014-07-29,0.3991625828891073,NORMAL,4,7,False
2014-07-30,0.3958200486506956,NORMAL,5,7,False
2014-07-31,0.3997938013478469,NORMAL,5,7,False
2014-08-01,0.4104183975720679,NORMAL,4,8,False
2014-08-02,0.4110850705671208,NORMAL,4,8,False
2014-08-03,0.4002478015185909,NORMAL,4,8,False
2014-08-04,0.3920979800624731,NORMAL,4,8,False
2014-08-05,0.3911485948515014,NORMAL,4,8,False
2014-08-06,0.394285800037649,NORMAL,5,8,False
2014-08-07,0.3906516269908367,NORMAL,5,8,False
2014-08-08,0.3786559651847389,NORMAL,4,8,False
2014-08-09,0.3816032768796305,NORMAL,4,8,False
2014-08-10,0.3963239871489195,NORMAL,4,8,False
2014-08-11,0.4094597083933107,NORMAL,4,8,False
2014-08-12,0.4012465416257943,NORMAL,4,8,False
2014-08-13,0.3821754285552486,NORMAL,5,8,False
2014-08-14,0.3876319472237486,NORMAL,5,8,False
2014-08-15,0.3964359495164741,NORMAL,4,8,False
2014-08-16,0.3919035638940507,NORMAL,4,8,False
2014-08-17,0.3862922980237259,NORMAL,4,8,False
2014-08-18,0.3890109741916385,NORMAL,4,8,False
2014-08-19,0.3971161729584879,NORMAL,4,8,False
2014-08-20,0.4086948621868049,NORMAL,5,8,False
2014-08-21,0.4096439645667725,NORMAL,5,8,False
2014-08-22,0.3962346666749807,NORMAL,4,8,False
2014-08-23,0.3989560609036617,NORMAL,4,8,False
2014-08-24,0.3973919284405252,NORMAL,4,8,False
2014-08-25,0.3973582166288297,NORMAL,4,8,False
2014-08-26,0.3979422466919445,NORMAL,4,8,False
2014-08-27,0.4016083502363062,NORMAL,5,8,False
2014-08-28,0.395792591567658,NORMAL,5,8,False
2014-08-29,0.3965674543062483,NORMAL,4,8,False
2014-08-30,0.4001073797017399,NORMAL,4,8,False
2014-08-31,0.4044017987230436,NORMAL,4,8,False
2014-09-01,0.4087415507775259,NORMAL,4,9,False
2014-09-02,0.4156733293280278,NORMAL,4,9,False
2014-09-03,0.4198744919406633,NORMAL,5,9,False
2014-09-04,0.4282957165917114,NORMAL,5,9,False
2014-09-05,0.4244330508823082,NORMAL,4,9,False
2014-09-06,0.420962314860387,NORMAL,4,9,False
2014-09-07,0.4221927906160881,NORMAL,4,9,False
2014-09-08,0.4376715120461928,NORMAL,4,9,False
2014-09-09,0.4231723623110096,NORMAL,4,9,False
2014-09-10,0.4054386072632995,NORMAL,5,9,False
2014-09-11,0.4063695160804371,NORMAL,5,9,False
2014-09-12,0.4016397819118292,NORMAL,4,9,False
2014-09-13,0.3937590613988574,NORMAL,4,9,False
2014-09-14,0.4008259351501348,NORMAL,4,9,False
2014-09-15,0.4129057930720332,NORMAL,4,9,False
2014-09-16,0.4007771815499644,NORMAL,4,9,False
2014-09-17,0.4152341945620239,NORMAL,5,9,False
2014-09-18,0.4233907483021923,NORMAL,5,9,False
2014-09-19,0.3996698938364348,NORMAL,4,9,False
2014-09-20,0.4001689618700088,NORMAL,4,9,False
2014-09-21,0.4120299508059648,NORMAL,4,9,False
2014-09-22,0.4076884315872128,NORMAL,4,9,False
2014-09-23,0.398942654167863,NORMAL,4,9,False
2014-09-24,0.4095505008363954,NORMAL,5,9,False
2014-09-25,0.4048060406770507,NORMAL,5,9,False
2014-09-26,0.4116744025029767,NORMAL,4,9,False
2014-09-27,0.4042119650911603,NORMAL,4,9,False
2014-09-28,0.4035934822567112,NORMAL,4,9,False
2014-09-29,0.4114828763034471,NORMAL,4,9,False
2014-09-30,0.4149035788036658,NORMAL,4,9,False
2014-10-01,0.4109050385105059,NORMAL,5,10,False
2014-10-02,0.4161177718116601,NORMAL,5,10,False
2014-10-03,0.4141381044828347,NORMAL,4,10,False
2014-10-04,0.395633301302701,NORMAL,4,10,False
2014-10-05,0.4174767190476279,NORMAL,4,10,False
2014-10-06,0.4235548914493711,NORMAL,4,10,False
2014-10-07,0.4238536049353527,NORMAL,4,10,False
2014-10-08,0.4174631466554609,NORMAL,5,10,False
2014-10-09,0.4060369758574169,NORMAL,5,10,False
2014-10-10,0.3925713189598356,NORMAL,4,10,False
2014-10-11,0.4049429186536637,NORMAL,4,10,False
2014-10-12,0.4041261146302198,NORMAL,4,10,False
2014-10-13,0.4129459884609777,NORMAL,4,10,False
2014-10-14,0.4315484281213971,NORMAL,4,10,False
2014-10-15,0.4548027881629899,NORMAL,5,10,False
2014-10-16,0.4440886954090905,NORMAL,5,10,False
2014-10-17,0.4360779342053874,NORMAL,4,10,False
2014-10-18,0.4385266202449931,NORMAL,4,10,False
2014-10-19,0.4510700302029834,NORMAL,4,10,False
2014-10-20,0.4197470482701577,NORMAL,4,10,False
2014-10-21,0.4144744495914775,NORMAL,4,10,False
2014-10-22,0.4284952525042156,NORMAL,5,10,False
2014-10-23,0.4359843683610145,NORMAL,5,10,False
2014-10-24,0.4230562762465098,NORMAL,4,10,False
2014-10-25,0.4152110758411552,NORMAL,4,10,False
2014-10-26,0.4119764199141531,NORMAL,4,10,False
2014-10-27,0.3819955389747617,NORMAL,4,10,False
2014-10-28,0.3886220966147449,NORMAL,4,10,False
2014-10-29,0.4054064202294627,NORMAL,5,10,False
2014-10-30,0.4009952369923014,NORMAL,5,10,False
2014-10-31,0.4060196965426798,NORMAL,4,10,False
2014-11-01,0.4245180157065362,NORMAL,4,11,False
2014-11-02,0.4130657735624857,NORMAL,4,11,False
2014-11-03,0.4102930927907297,NORMAL,4,11,False
2014-11-04,0.4158959401068507,NORMAL,4,11,False
2014-11-05,0.4071337910455505,NORMAL,5,11,False
2014-11-06,0.3598567932737422,NORMAL,5,11,False
2014-11-07,0.3865865091394935,NORMAL,4,11,False
2014-11-16,0.374890218068204,NORMAL,4,11,False
2014-11-17,0.3605204825087485,NORMAL,4,11,False
2014-11-18,0.3571132842098652,NORMAL,4,11,False
2014-11-19,0.3610017247939867,NORMAL,5,11,False
2014-11-20,0.3819546274485088,NORMAL,5,11,False
2014-11-21,0.3851184862822204,NORMAL,4,11,False
2014-11-22,0.3611579970142614,NORMAL,4,11,False
2014-11-23,0.3671442980233014,NORMAL,4,11,False
2014-11-24,0.3520070991305868,NORMAL,4,11,False
2014-11-25,0.3402109573648241,NORMAL,4,11,False
2014-11-26,0.3624394123055184,NORMAL,5,11,False
2014-11-27,0.335723491120976,NORMAL,5,11,False
2014-11-28,0.3434556218647289,NORMAL,4,11,False
2014-11-29,0.3460569783604209,NORMAL,4,11,False
2014-11-30,0.3693256818645573,NORMAL,4,11,False
2014-12-01,0.3670642918286884,NORMAL,4,12,False
2014-12-02,0.376421416700738,NORMAL,4,12,False
2014-12-03,0.3749816264919431,NORMAL,5,12,False
2014-12-04,0.3536404365240872,NORMAL,5,12,False
2014-12-05,0.3618877626028948,NORMAL,4,12,False
2014-12-06,0.3482069992786897,NORMAL,4,12,False
2014-12-07,0.3521155001476497,NORMAL,4,12,False
2014-12-08,0.3444798426278376,NORMAL,4,12,False
2014-12-09,0.331668603984713,NORMAL,4,12,False
2014-12-10,0.3521315147181758,NORMAL,5,12,False
2014-12-11,0.3427202446843213,NORMAL,5,12,False
2014-12-12,0.3487184972269257,NORMAL,4,12,False
2014-12-13,0.3445522314661888,NORMAL,4,12,False
2014-12-14,0.3402075532645204,NORMAL,4,12,False
2014-12-15,0.3607482563794269,NORMAL,4,12,False
2014-12-16,0.3773467265645164,NORMAL,4,12,False
2014-12-17,0.3686112760443936,NORMAL,5,12,False
2014-12-18,0.3467080455845472,NORMAL,5,12,False
2014-12-19,0.3629263820649926,NORMAL,4,12,False
2014-12-20,0.3578807546681053,NORMAL,4,12,False
2014-12-21,0.3719540486524275,NORMAL,4,12,False
2014-12-22,0.3659870554050155,NORMAL,4,12,False
2014-12-23,0.365596632323301,NORMAL,4,12,False
2014-12-24,0.3595962243162988,NORMAL,5,12,False
2014-12-25,0.3420551642382854,NORMAL,5,12,False
2014-12-26,0.3339255502629181,NORMAL,4,12,False
2014-12-27,0.3357406264325386,NORMAL,4,12,False
2014-12-28,0.3405287386153841,NORMAL,4,12,False
2014-12-29,0.32707791890806,NORMAL,4,12,False
2014-12-30,0.3221982586832472,NORMAL,4,12,False
2014-12-31,0.3037436738449716,NORMAL,5,12,False
2015-01-01,0.3120407273348834,NORMAL,5,1,False
2015-01-02,0.3267920863604661,NORMAL,4,1,False
2015-01-03,0.3464371813123449,NORMAL,4,1,False
2015-01-04,0.3460825686406684,NORMAL,4,1,False
2015-01-05,0.3523634982458876,NORMAL,4,1,False
2015-01-06,0.3355334489519763,NORMAL,4,1,False
2015-01-07,0.3127265385392273,NORMAL,5,1,False
2015-01-08,0.3170690573200449,NORMAL,5,1,False
2015-01-09,0.3229086694052946,NORMAL,4,1,False
2015-01-10,0.3207949019421601,NORMAL,4,1,False
2015-01-11,0.3093121990563927,NORMAL,4,1,False
2015-01-12,0.3091936505209625,NORMAL,4,1,False
2015-01-13,0.3152329551579232,NORMAL,4,1,False
2015-01-14,0.3116160858717378,NORMAL,5,1,False
2015-01-15,0.3046872975645884,NORMAL,5,1,False
2015-01-16,0.3305547336107433,NORMAL,4,1,False
2015-01-17,0.31914021585562,NORMAL,4,1,False
2015-01-18,0.3267900352323499,NORMAL,4,1,False
2015-01-19,0.3114526313795662,NORMAL,4,1,False
2015-01-20,0.2939749668091766,NORMAL,4,1,False
2015-01-21,0.2940124606139298,NORMAL,5,1,False
2015-01-22,0.2936222898212566,NORMAL,5,1,False
2015-01-23,0.2866884930217312,NORMAL,4,1,False
2015-01-24,0.2815054785864082,NORMAL,4,1,False
2015-01-25,0.2941790159417149,NORMAL,4,1,False
2015-01-26,0.2951065065426911,NORMAL,4,1,False
2015-01-27,0.2596097630856716,NORMAL,4,1,False
2015-01-28,0.2788711434449065,NORMAL,5,1,False
2015-01-29,0.2658015456793811,NORMAL,5,1,False
2015-01-30,0.268076539611827,NORMAL,4,1,False
2015-01-31,0.2726081940143006,NORMAL,4,1,False
2015-02-01,0.2650448280741368,NORMAL,4,2,False
2015-02-02,0.2340845467418195,NORMAL,4,2,False
2015-02-03,0.2656068438259924,NORMAL,4,2,False
2015-02-04,0.2824760912350126,NORMAL,5,2,False
2015-02-05,0.2963979279730615,NORMAL,5,2,False
2015-02-06,0.308491450412072,NORMAL,4,2,False
2015-02-07,0.2910051974133272,NORMAL,4,2,False
2015-02-08,0.2808177053459445,NORMAL,4,2,False
2015-02-09,0.2951413425464429,NORMAL,4,2,False
2015-02-10,0.3075461781446145,NORMAL,4,2,False
2015-02-11,0.3079092124744674,NORMAL,5,2,False
2015-02-12,0.3091980447832742,NORMAL,5,2,False
2015-02-13,0.3081640303232489,NORMAL,4,2,False
2015-02-14,0.2811761478604472,NORMAL,4,2,False
2015-02-15,0.2649324132013344,NORMAL,4,2,False
2015-02-16,0.2870647490614686,NORMAL,4,2,False
2015-02-17,0.2936075249212377,NORMAL,4,2,False
2015-02-18,0.2754727291219351,NORMAL,5,2,False
2015-02-19,0.2670539350676822,NORMAL,5,2,False
2015-02-20,0.2808271366775008,NORMAL,4,2,False
2015-02-21,0.2992759503604417,NORMAL,4,2,False
2015-02-22,0.3153210416620655,NORMAL,4,2,False
2015-02-23,0.2976093394275464,NORMAL,4,2,False
2015-02-24,0.2720625564118449,NORMAL,4,2,False
2015-02-25,0.2662591906851612,NORMAL,5,2,False
2015-02-26,0.2529853382132085,NORMAL,5,2,False
2015-02-27,0.2466519939634933,NORMAL,4,2,False
2015-02-28,0.2687686796969905,NORMAL,4,2,False
2015-03-01,0.2878463114405947,NORMAL,4,3,False
2015-03-02,0.2813060896722166,NORMAL,4,3,False
2015-03-03,0.27879183887046,NORMAL,4,3,False
2015-03-04,0.2668787910865818,NORMAL,5,3,False
2015-03-05,0.256324149323356,NORMAL,5,3,False
2015-03-06,0.2764499058178726,NORMAL,4,3,False
2015-03-07,0.2682037302402595,NORMAL,4,3,False
2015-03-08,0.2516246334973758,NORMAL,4,3,False
2015-03-09,0.2500528349226326,NORMAL,4,3,False
2015-03-10,0.2593066905795608,NORMAL,4,3,False
2015-03-11,0.2668680620753059,NORMAL,5,3,False
2015-03-12,0.2724013963958985,NORMAL,5,3,False
2015-03-13,0.2613161199089399,NORMAL,4,3,False
2015-03-14,0.2502511894470006,NORMAL,4,3,False
2015-03-15,0.2541646743137589,NORMAL,4,3,False
2015-03-16,0.2683819322806973,NORMAL,4,3,False
2015-03-17,0.2480259564141799,NORMAL,4,3,False
2015-03-18,0.2653364957150703,NORMAL,5,3,False
2015-03-19,0.2693280811089692,NORMAL,5,3,False
2015-03-20,0.2618206688982812,NORMAL,4,3,False
2015-03-21,0.2634833231681493,NORMAL,4,3,False
2015-03-22,0.2533242393123441,NORMAL,4,3,False
2015-03-23,0.2403764649577211,NORMAL,4,3,False
2015-03-24,0.2142508053574297,NORMAL,4,3,False
2015-03-25,0.2277715449706588,NORMAL,5,3,False
2015-03-26,0.2446208788939032,NORMAL,5,3,False
2015-03-27,0.2546791536821692,NORMAL,4,3,False
2015-03-28,0.2539300546296901,NORMAL,4,3,False
2015-03-29,0.2581955504670469,NORMAL,4,3,False
2015-03-30,0.2575774117327855,NORMAL,4,3,False
2015-03-31,0.2477362941959527,NORMAL,4,3,False
2015-04-01,0.2495916716615401,NORMAL,5,4,False
2015-04-02,0.2765822851675562,NORMAL,5,4,False
2015-04-03,0.2699766496355066,NORMAL,4,4,False
2015-04-04,0.2465535818652744,NORMAL,4,4,False
2015-04-05,0.2604411713784768,NORMAL,4,4,False
2015-04-06,0.2345588523313528,NORMAL,4,4,False
2015-04-07,0.2360666616820229,NORMAL,4,4,False
2015-04-08,0.2495353443523247,NORMAL,5,4,False
2015-04-09,0.2615267947479996,NORMAL,5,4,False
2015-04-10,0.2555862683544882,NORMAL,4,4,False
2015-04-11,0.2388718757450817,NORMAL,4,4,False
2015-04-12,0.2305816399268722,NORMAL,4,4,False
2015-04-13,0.2567333085649814,NORMAL,4,4,False
2015-04-14,0.2610553921192265,NORMAL,4,4,False
2015-04-15,0.2913731238390294,NORMAL,5,4,False
2015-04-16,0.285630597364845,NORMAL,5,4,False
2015-04-17,0.2756662446216654,NORMAL,4,4,False
2015-04-18,0.2660349669229538,NORMAL,4,4,False
2015-04-19,0.2674751305623082,NORMAL,4,4,False
2015-04-20,0.2543885775432986,NORMAL,4,4,False
2015-04-21,0.2502440180296778,NORMAL,4,4,False
2015-04-22,0.2520405684862195,NORMAL,5,4,False
2015-04-23,0.2514647712257015,NORMAL,5,4,False
2015-04-24,0.2461232910331723,NORMAL,4,4,False
2015-04-25,0.2644873802594918,NORMAL,4,4,False
2015-04-26,0.2742655241884029,NORMAL,4,4,False
2015-04-27,0.2651555823948666,NORMAL,4,4,False
2015-04-28,0.259507844897776,NORMAL,4,4,False
2015-04-29,0.2520915312897993,NORMAL,5,4,False
2015-04-30,0.2363261457503852,NORMAL,5,4,False
2015-05-01,0.2440675222787457,NORMAL,4,5,False
2015-05-02,0.2451693218220009,NORMAL,4,5,False
2015-05-03,0.2569723695891917,NORMAL,4,5,False
2015-05-04,0.2578962951517358,NORMAL,4,5,False
2015-05-05,0.2613504184526063,NORMAL,4,5,False
2015-05-06,0.2443290916286576,NORMAL,5,5,False
2015-05-07,0.2475520600532497,NORMAL,5,5,False
2015-05-08,0.2532406523083091,NORMAL,4,5,False
2015-05-09,0.2519219404469959,NORMAL,4,5,False
2015-05-10,0.2521599424154727,NORMAL,4,5,False
2015-05-11,0.2512801341316958,NORMAL,4,5,False
2015-05-12,0.2613396902223035,NORMAL,4,5,False
2015-05-13,0.2570107829617258,NORMAL,5,5,False
2015-05-14,0.239986769979582,NORMAL,5,5,False
2015-05-15,0.235876652515656,NORMAL,4,5,False
2015-05-16,0.2571805221200738,NORMAL,4,5,False
2015-05-17,0.2612575174785809,NORMAL,4,5,False
2015-05-18,0.2668464684230758,NORMAL,4,5,False
2015-05-19,0.2620477534224116,NORMAL,4,5,False
2015-05-20,0.2425185709751419,NORMAL,5,5,False
2015-05-21,0.2468628436232841,NORMAL,5,5,False
2015-05-22,0.2544564006709137,NORMAL,4,5,False
2015-05-23,0.2488321220912352,NORMAL,4,5,False
2015-05-24,0.2575826217558252,NORMAL,4,5,False
2015-05-25,0.2307134934557957,NORMAL,4,5,False
2015-05-26,0.2082939554807505,NORMAL,4,5,False
2015-05-27,0.2120723192150706,NORMAL,5,5,False
2015-05-28,0.2233865765885842,NORMAL,5,5,False
2015-05-29,0.2415742988154679,NORMAL,4,5,False
2015-05-30,0.2450193826296997,NORMAL,4,5,False
2015-05-31,0.2512445641655282,NORMAL,4,5,False
2015-06-01,0.2524082847147006,NORMAL,4,6,False
2015-06-02,0.2394755568613399,NORMAL,4,6,False
2015-06-03,0.2439455294753954,NORMAL,5,6,False
2015-06-04,0.246650983319907,NORMAL,5,6,False
2015-06-05,0.2325890327712981,NORMAL,4,6,False
2015-06-06,0.2303842464662407,NORMAL,4,6,False
2015-06-07,0.2490069728878678,NORMAL,4,6,False
2015-06-08,0.2467970084182336,NORMAL,4,6,False
2015-06-09,0.2543931611000157,NORMAL,4,6,False
2015-06-10,0.2427948430155997,NORMAL,5,6,False
2015-06-11,0.2390454666063614,NORMAL,5,6,False
2015-06-12,0.2408738345270822,NORMAL,4,6,False
2015-06-13,0.2312999465335464,NORMAL,4,6,False
2015-06-14,0.224720007273684,NORMAL,4,6,False
2015-06-15,0.2302257894032855,NORMAL,4,6,False
2015-06-16,0.236924920106397,NORMAL,4,6,False
2015-06-17,0.2398041311212783,NORMAL,5,6,False
2015-06-18,0.2333815557110802,NORMAL,5,6,False
2015-06-19,0.22973350019334,NORMAL,4,6,False
2015-06-20,0.2369414086441208,NORMAL,4,6,False
2015-06-21,0.2452919289962532,NORMAL,4,6,False
2015-06-22,0.2445380275596368,NORMAL,4,6,False
2015-06-23,0.2292810560143016,NORMAL,4,6,False
2015-06-24,0.2270875705015556,NORMAL,5,6,False
2015-06-25,0.2296082968902144,NORMAL,5,6,False
2015-06-26,0.2225973525196656,NORMAL,4,6,False
2015-06-27,0.2135508946441381,NORMAL,4,6,False
2015-06-28,0.2161256225935904,NORMAL,4,6,False
2015-06-29,0.2222563836221608,NORMAL,4,6,False
2015-06-30,0.2311370398570155,NORMAL,4,6,False
2015-07-01,0.2417755869439962,NORMAL,5,7,False
2015-07-02,0.2239551130989066,NORMAL,5,7,False
2015-07-03,0.2082338089508424,NORMAL,4,7,False
2015-07-04,0.2089027796825959,NORMAL,4,7,False
2015-07-05,0.2096510612291735,NORMAL,4,7,False
2015-07-06,0.203578926226582,NORMAL,4,7,False
2015-07-07,0.2049896605469054,NORMAL,4,7,False
2015-07-08,0.1754434747048437,NORMAL,5,7,False
2015-07-09,0.1653529441198928,NORMAL,5,7,False
2015-07-10,0.1668956808509632,NORMAL,4,7,False
2015-07-11,0.1792389169758779,NORMAL,4,7,False
2015-07-12,0.1939129790370389,NORMAL,4,7,False
2015-07-13,0.201555758316448,NORMAL,4,7,False
2015-07-14,0.1884091806110044,NORMAL,4,7,False
2015-07-15,0.1742015916491733,NORMAL,5,7,False
2015-07-16,0.1748652035638137,NORMAL,5,7,False
2015-07-17,0.1715063998067246,NORMAL,4,7,False
2015-07-18,0.1678408608749245,NORMAL,4,7,False
2015-07-19,0.1647787911694608,NORMAL,4,7,False
2015-07-20,0.1503334343399108,NORMAL,4,7,False
2015-07-21,0.1420310410038149,NORMAL,4,7,False
2015-07-22,0.1564745827616425,NORMAL,5,7,False
2015-07-23,0.1490423825360405,NORMAL,5,7,False
2015-07-24,0.1645500648047839,NORMAL,4,7,False
2015-07-25,0.1728263390191518,NORMAL,4,7,False
2015-07-26,0.1708973721033432,NORMAL,4,7,False
2015-07-27,0.1657148698421484,NORMAL,4,7,False
2015-07-28,0.1505492558657443,NORMAL,4,7,False
2015-07-29,0.1389621540997161,NORMAL,5,7,False
2015-07-30,0.1295297804176438,NORMAL,5,7,False
2015-07-31,0.1212205784597482,NORMAL,4,7,False
2015-08-01,0.1137449422787963,NORMAL,4,8,False
2015-08-02,0.1223341470533334,NORMAL,4,8,False
2015-08-03,0.1303590057277696,NORMAL,4,8,False
2015-08-04,0.125112621813323,NORMAL,4,8,False
2015-08-05,0.1111230520807107,NORMAL,5,8,False
2015-08-06,0.0974852390882311,NORMAL,5,8,False
2015-08-07,0.0912213837638756,NORMAL,4,8,False
2015-08-08,0.1030939046537991,NORMAL,4,8,False
2015-08-09,0.0990508856605857,NORMAL,4,8,False
2015-08-10,0.0865192348537952,NORMAL,4,8,False
2015-08-11,0.0771681605816514,NORMAL,4,8,False
2015-08-12,0.0793517674275432,NORMAL,5,8,False
2015-08-13,0.086489957520689,NORMAL,5,8,False
2015-08-14,0.0796731162047133,NORMAL,4,8,False
2015-08-15,0.0672932450047757,NORMAL,4,8,False
2015-08-16,0.0612098982401138,NORMAL,4,8,False
2015-08-17,0.0597008713509378,NORMAL,4,8,False
2015-08-18,0.0591152310364304,NORMAL,4,8,False
2015-08-19,0.0523763508165771,NORMAL,5,8,False
2015-08-20,0.0508625634658594,NORMAL,5,8,False
2015-08-21,0.0536163814308538,NORMAL,4,8,False
2015-08-22,0.0541815981345902,NORMAL,4,8,False
2015-08-23,0.0445457316196701,NORMAL,4,8,False
2015-08-24,0.0422989476311556,NORMAL,4,8,False
2015-08-25,0.045149757237298,NORMAL,4,8,False
2015-08-26,0.0502037260323601,NORMAL,5,8,False
2015-08-27,0.0585485334591725,NORMAL,5,8,False
2015-08-28,0.0564477600678345,NORMAL,4,8,False
2015-08-29,0.0507329967115122,NORMAL,4,8,False
2015-08-30,0.044920447862341,NORMAL,4,8,False
2015-08-31,0.0377541889879854,NORMAL,4,8,False
2015-09-01,0.0400860325334844,NORMAL,4,9,False
2015-09-02,0.037463025137254,NORMAL,5,9,False
2015-09-03,0.0271181188319491,NORMAL,5,9,False
2015-09-04,0.0152438205289447,NORMAL,4,9,False
2015-09-05,0.0205202494615299,NORMAL,4,9,False
2015-09-06,0.0275496734700027,NORMAL,4,9,False
2015-09-07,0.0182862222765284,NORMAL,4,9,False
2015-09-08,0.0018398914972563,NORMAL,4,9,False
2015-09-09,0.0011319106900504,NORMAL,5,9,False
2015-09-10,0.0153424404507099,NORMAL,5,9,False
2015-09-11,0.0310753869550454,NORMAL,4,9,False
2015-09-12,0.0373509237980601,NORMAL,4,9,False
2015-09-13,0.0266637372105479,NORMAL,4,9,False
2015-09-14,0.0054210181221322,NORMAL,4,9,False
2015-09-15,0.0037441523763406,NORMAL,4,9,False
2015-09-16,0.0145887730880987,NORMAL,5,9,False
2015-09-17,0.0176407224759242,NORMAL,5,9,False
2015-09-18,0.0237755292369573,NORMAL,4,9,False
2015-09-19,0.0183193563172978,NORMAL,4,9,False
2015-09-20,0.0207458971209573,NORMAL,4,9,False
2015-09-21,0.0271372469218099,NORMAL,4,9,False
2015-09-22,0.0285558670135156,NORMAL,4,9,False
2015-09-23,0.0233758333264932,NORMAL,5,9,False
2015-09-24,0.0186115253850587,NORMAL,5,9,False
2015-09-25,0.0277475106423879,NORMAL,4,9,False
2015-09-26,0.0196821964759529,NORMAL,4,9,False
2015-09-27,0.0082517869725076,NORMAL,4,9,False
2015-09-28,0.0073209201728411,NORMAL,4,9,False
2015-09-29,0.0094193862075191,NORMAL,4,9,False
2015-09-30,0.0273643432698685,NORMAL,5,9,False
2015-10-01,0.0531367095071464,NORMAL,5,10,False
2015-10-02,0.04860578056333,NORMAL,4,10,False
2015-10-03,0.0252192366490239,NORMAL,4,10,False
2015-10-04,0.0162385960305585,NORMAL,4,10,False
2015-10-05,0.0334666808340505,NORMAL,4,10,False
2015-10-06,0.0239936870764447,NORMAL,4,10,False
2015-10-07,0.0175016996506482,NORMAL,5,10,False
2015-10-08,0.0311246921641202,NORMAL,5,10,False
2015-10-09,0.0306406160174234,NORMAL,4,10,False
2015-10-10,0.0541789206490132,NORMAL,4,10,False
2015-10-11,0.031984707856458,NORMAL,4,10,False
2015-10-12,0.0325555853513436,NORMAL,4,10,False
2015-10-13,0.0266113752707896,NORMAL,4,10,False
2015-10-14,0.0110106478261913,NORMAL,5,10,False
2015-10-15,0.0020971488258081,NORMAL,5,10,False
2015-10-16,0.0160006440129521,NORMAL,4,10,False
2015-10-17,0.0237011023269136,NORMAL,4,10,False
2015-10-18,0.0018227268661285,NORMAL,4,10,False
2015-10-19,0.0092476191495129,NORMAL,4,10,False
2015-10-20,0.0223442216670984,NORMAL,4,10,False
2015-10-21,0.0304596630241741,NORMAL,5,10,False
2015-10-22,0.0288585914508121,NORMAL,5,10,False
2015-10-23,0.0239633932223509,NORMAL,4,10,False
2015-10-24,0.0018287226490389,NORMAL,4,10,False
2015-10-25,0.0060998451217459,NORMAL,4,10,False
2015-10-26,0.0311809030494862,NORMAL,4,10,False
2015-10-27,0.0684782940348504,NORMAL,4,10,False
2015-10-28,0.0523897620806731,NORMAL,5,10,False
2015-10-29,0.0353082627117701,NORMAL,5,10,False
2015-10-30,0.0305815730505817,NORMAL,4,10,False
2015-10-31,0.0246275123365297,NORMAL,4,10,False
2015-11-01,0.0173038607775758,NORMAL,4,11,False
2015-11-02,0.0124042970278512,NORMAL,4,11,False
2015-11-03,0.0145233417749766,NORMAL,4,11,False
2015-11-04,0.0191030045841975,NORMAL,5,11,False
2015-11-05,0.0108343750080163,NORMAL,5,11,False
2015-11-06,0.0104962292409669,NORMAL,4,11,False
2015-11-07,0.0121932693173073,NORMAL,4,11,False
2015-11-08,0.0288022963383566,NORMAL,4,11,False
2015-11-09,0.0323974834881666,NORMAL,4,11,False
2015-11-10,0.0248224428674823,NORMAL,4,11,False
2015-11-11,0.0192344349723784,NORMAL,5,11,False
2015-11-12,0.02530255648531,NORMAL,5,11,False
2015-11-13,0.0420117546760743,NORMAL,4,11,False
2015-11-14,0.0610011538990128,NORMAL,4,11,False
2015-11-15,0.0493581587933891,NORMAL,4,11,False
2015-11-16,0.0372664849354775,NORMAL,4,11,False
2015-11-17,0.0329410311505555,NORMAL,4,11,False
2015-11-18,0.0228367005096714,NORMAL,5,11,False
2015-11-19,0.0249566073823288,NORMAL,5,11,False
2015-11-20,0.0106089476322035,NORMAL,4,11,False
2015-11-21,0.0064339978413444,NORMAL,4,11,False
2015-11-22,0.0139287380489521,NORMAL,4,11,False
2015-11-23,0.0078113039179476,NORMAL,4,11,False
2015-11-24,0.023685250455186,NORMAL,4,11,False
2015-11-25,0.0277532699287732,NORMAL,5,11,False
2015-11-26,0.0156401175858342,NORMAL,5,11,False
2015-11-27,0.047693298348571,NORMAL,4,11,False
2015-11-28,0.0345315314855614,NORMAL,4,11,False
2015-11-29,0.0318267917256179,NORMAL,4,11,False
2015-11-30,0.0238814204174109,NORMAL,4,11,False
2015-12-01,0.0234358191005982,NORMAL,4,12,False
2015-12-02,0.0426370908270751,NORMAL,5,12,False
2015-12-03,0.0556253976278003,NORMAL,5,12,False
2015-12-04,0.0612758644924047,NORMAL,4,12,False
2015-12-05,0.0408637848749817,NORMAL,4,12,False
2015-12-06,0.0315992854354248,NORMAL,4,12,False
2015-12-07,0.031113910734581,NORMAL,4,12,False
2015-12-08,0.0526675646233136,NORMAL,4,12,False
2015-12-09,0.0639019911842116,NORMAL,5,12,False
2015-12-10,0.0390654308766806,NORMAL,5,12,False
2015-12-11,0.0336383884700334,NORMAL,4,12,False
2015-12-12,0.029042686052872,NORMAL,4,12,False
2015-12-13,0.0344792474148034,NORMAL,4,12,False
2015-12-14,0.0639669419641046,NORMAL,4,12,False
2015-12-15,0.0711120745746506,NORMAL,4,12,False
2015-12-16,0.0499810990482931,NORMAL,5,12,False
2015-12-17,0.0519325920866998,NORMAL,5,12,False
2015-12-18,0.0521993502267558,NORMAL,4,12,False
2015-12-19,0.0283197649471019,NORMAL,4,12,False
2015-12-20,0.0470643600793286,NORMAL,4,12,False
2015-12-21,0.0346162689578257,NORMAL,4,12,False
2015-12-22,0.0293631663439408,NORMAL,4,12,False
2015-12-23,0.0427551099511577,NORMAL,5,12,False
2015-12-24,0.0472475294285273,NORMAL,5,12,False
2015-12-25,0.0615898657251302,NORMAL,4,12,False
2015-12-26,0.0562164871730476,NORMAL,4,12,False
2015-12-27,0.0452710752036942,NORMAL,4,12,False
2015-12-28,0.0304600657411049,NORMAL,4,12,False
2015-12-29,0.0260722816979792,NORMAL,4,12,False
2015-12-30,0.0277237651477474,NORMAL,5,12,False
2015-12-31,0.0344420490663303,NORMAL,5,12,False
2016-01-01,0.0582271003866198,NORMAL,4,1,False
2016-01-02,0.0510998122355513,NORMAL,4,1,False
2016-01-03,0.0391712300819483,NORMAL,4,1,False
2016-01-04,0.0495528754890939,NORMAL,4,1,False
2016-01-05,0.0414431536670273,NORMAL,4,1,False
2016-01-06,0.0457350928342054,NORMAL,5,1,False
2016-01-07,0.0693373182753219,NORMAL,5,1,False
2016-01-08,0.0740398804141762,NORMAL,4,1,False
2016-01-09,0.0704607104422744,NORMAL,4,1,False
2016-01-10,0.0553884137557844,NORMAL,4,1,False
2016-01-11,0.0687850292520858,NORMAL,4,1,False
2016-01-12,0.0925175760900871,NORMAL,4,1,False
2016-01-13,0.0919315331534495,NORMAL,5,1,False
2016-01-14,0.0870504487030371,NORMAL,5,1,False
2016-01-15,0.0733045270999285,NORMAL,4,1,False
2016-01-16,0.049006018514402,NORMAL,4,1,False
2016-01-17,0.0589696304178696,NORMAL,4,1,False
2016-01-18,0.0628173538403271,NORMAL,4,1,False
2016-01-19,0.0645276232251467,NORMAL,4,1,False
2016-01-20,0.0567135536265532,NORMAL,5,1,False
2016-01-21,0.0555422625720453,NORMAL,5,1,False
2016-01-22,0.0513137057241896,NORMAL,4,1,False
2016-01-23,0.0452709261345976,NORMAL,4,1,False
2016-01-24,0.0769774224227426,NORMAL,4,1,False
2016-01-25,0.0829338061600675,NORMAL,4,1,False
2016-01-26,0.0820468233127075,NORMAL,4,1,False
2016-01-27,0.0856926130940739,NORMAL,5,1,False
2016-01-28,0.0675163923766984,NORMAL,5,1,False
2016-01-29,0.0501623678708644,NORMAL,4,1,False
2016-01-30,0.0639062257499713,NORMAL,4,1,False
2016-01-31,0.0745605026575219,NORMAL,4,1,False
2016-02-01,0.0787749232507481,NORMAL,4,2,False
2016-02-02,0.0862952025133671,NORMAL,4,2,False
2016-02-03,0.0896140667169464,NORMAL,5,2,False
2016-02-04,0.0825155655004217,NORMAL,5,2,False
2016-02-05,0.0711092022420587,NORMAL,4,2,False
2016-02-06,0.0633493087499713,NORMAL,4,2,False
2016-02-07,0.085189061226396,NORMAL,4,2,False
2016-02-08,0.0995318221009855,NORMAL,4,2,False
2016-02-09,0.0758834550026653,NORMAL,4,2,False
2016-02-10,0.0612519253980307,NORMAL,5,2,False
2016-02-11,0.0600744639986639,NORMAL,5,2,False
2016-02-12,0.0678457364386829,NORMAL,4,2,False
2016-02-13,0.0552284949951649,NORMAL,4,2,False
2016-02-14,0.0703155029369938,NORMAL,4,2,False
2016-02-15,0.0958043696996586,NORMAL,4,2,False
2016-02-16,0.086018950583019,NORMAL,4,2,False
2016-02-17,0.0847296843316859,NORMAL,5,2,False
2016-02-18,0.0915156057298537,NORMAL,5,2,False
2016-02-19,0.087128632653553,NORMAL,4,2,False
2016-02-20,0.0712934084566974,NORMAL,4,2,False
2016-02-21,0.0501290036354509,NORMAL,4,2,False
2016-02-22,0.0262583077502516,NORMAL,4,2,False
2016-02-23,0.0319942648261693,NORMAL,4,2,False
2016-02-24,0.0503566144430996,NORMAL,5,2,False
2016-02-25,0.061680847817925,NORMAL,5,2,False
2016-02-26,0.0647459806797162,NORMAL,4,2,False
2016-02-27,0.0744474864663133,NORMAL,4,2,False
2016-02-28,0.0608191227299063,NORMAL,4,2,False
2016-02-29,0.0428804409245317,NORMAL,4,2,False
2016-03-01,0.0666839975163905,NORMAL,4,3,False
2016-03-02,0.0694086562237196,NORMAL,5,3,False
2016-03-03,0.0651322935197369,NORMAL,5,3,False
2016-03-04,0.06717747740493,NORMAL,4,3,False
2016-03-05,0.0760941400961201,NORMAL,4,3,False
2016-03-06,0.0838427592973738,NORMAL,4,3,False
2016-03-07,0.0873285020178474,NORMAL,4,3,False
2016-03-08,0.0863542077800403,NORMAL,4,3,False
2016-03-09,0.0745210300986804,NORMAL,5,3,False
2016-03-10,0.0622493843282496,NORMAL,5,3,False
2016-03-11,0.0646010570338445,NORMAL,4,3,False
2016-03-12,0.0853261103653449,NORMAL,4,3,False
2016-03-13,0.0721944372395223,NORMAL,4,3,False
2016-03-14,0.0629834947812952,NORMAL,4,3,False
2016-03-15,0.0787157078031043,NORMAL,4,3,False
2016-03-16,0.091183184616659,NORMAL,5,3,False
2016-03-17,0.0859562840982695,NORMAL,5,3,False
2016-03-18,0.0796274920939737,NORMAL,4,3,False
2016-03-19,0.0594482122643945,NORMAL,4,3,False
2016-03-20,0.0519892021258454,NORMAL,4,3,False
2016-03-21,0.0672147293907055,NORMAL,4,3,False
2016-03-22,0.0821567876733342,NORMAL,4,3,False
2016-03-23,0.0824014888839092,NORMAL,5,3,False
2016-03-24,0.0663203202842306,NORMAL,5,3,False
2016-03-25,0.065030460429022,NORMAL,4,3,False
2016-03-26,0.0601898757692014,NORMAL,4,3,False
2016-03-27,0.0594299960874324,NORMAL,4,3,False
2016-03-28,0.084589856184527,NORMAL,4,3,False
2016-03-29,0.0731209356992022,NORMAL,4,3,False
2016-03-30,0.082084983051143,NORMAL,5,3,False
2016-03-31,0.0843123554151157,NORMAL,5,3,False
2016-04-01,0.0768632077374924,NORMAL,4,4,False
2016-04-02,0.0745411984615086,NORMAL,4,4,False
2016-04-03,0.08196114845025,NORMAL,4,4,False
2016-04-04,0.0750608693124027,NORMAL,4,4,False
2016-04-05,0.0912462807989846,NORMAL,4,4,False
2016-04-06,0.1003725827780587,NORMAL,5,4,False
2016-04-07,0.0945191948409865,NORMAL,5,4,False
2016-04-08,0.08720109447649,NORMAL,4,4,False
2016-04-09,0.0813205919422693,NORMAL,4,4,False
2016-04-10,0.0805211674605664,NORMAL,4,4,False
2016-04-11,0.0882905116598909,NORMAL,4,4,False
2016-04-12,0.0811805187156046,NORMAL,4,4,False
2016-04-13,0.0639046734370363,NORMAL,5,4,False
2016-04-14,0.0416828442449565,NORMAL,5,4,False
2016-04-15,0.0434475722787122,NORMAL,4,4,False
2016-04-16,0.0643747857259299,NORMAL,4,4,False
2016-04-17,0.0898863969827174,NORMAL,4,4,False
2016-04-18,0.07565040168357,NORMAL,4,4,False
2016-04-19,0.0640850837250794,NORMAL,4,4,False
2016-04-20,0.0778416590898663,NORMAL,5,4,False
2016-04-21,0.0898287686308342,NORMAL,5,4,False
2016-04-22,0.0871903593916078,NORMAL,4,4,False
2016-04-23,0.0799229444711176,NORMAL,4,4,False
2016-04-24,0.0571147850166517,NORMAL,4,4,False
2016-04-25,0.0382472524256905,NORMAL,4,4,False
2016-04-26,0.0416201694670537,NORMAL,4,4,False
2016-04-27,0.0665279166950114,NORMAL,5,4,False
2016-04-28,0.0647595266568387,NORMAL,5,4,False
2016-04-29,0.0730925091735598,NORMAL,4,4,False
2016-04-30,0.0728115427788122,NORMAL,4,4,False
2016-05-01,0.0805104612822018,NORMAL,4,5,False
2016-05-02,0.063358651744761,NORMAL,4,5,False
2016-05-03,0.0731853050810348,NORMAL,4,5,False
2016-05-04,0.075931895082011,NORMAL,5,5,False
2016-05-05,0.0705655716796958,NORMAL,5,5,False
2016-05-06,0.0806768466409537,NORMAL,4,5,False
2016-05-07,0.0691139351970814,NORMAL,4,5,False
2016-05-08,0.0772852250506556,NORMAL,4,5,False
2016-05-09,0.0830945877158408,NORMAL,4,5,False
2016-05-10,0.0704978833897094,NORMAL,4,5,False
2016-05-11,0.0410384681463413,NORMAL,5,5,False
2016-05-12,0.0498327614848971,NORMAL,5,5,False
2016-05-13,0.0489144142536201,NORMAL,4,5,False
2016-05-14,0.0532873179519006,NORMAL,4,5,False
2016-05-15,0.0662310958918918,NORMAL,4,5,False
2016-05-16,0.0771483498448525,NORMAL,4,5,False
2016-05-17,0.0587370609181889,NORMAL,4,5,False
2016-05-18,0.0551712582550417,NORMAL,5,5,False
2016-05-19,0.0534692497301621,NORMAL,5,5,False
2016-05-20,0.0440809422866031,NORMAL,4,5,False
2016-05-21,0.0313640660480627,NORMAL,4,5,False
2016-05-22,0.0328759972050917,NORMAL,4,5,False
2016-05-23,0.0430197849395415,NORMAL,4,5,False
2016-05-24,0.0876415954166049,NORMAL,4,5,False
2016-05-25,0.089952030572269,NORMAL,5,5,False
2016-05-26,0.0782488598970168,NORMAL,5,5,False
2016-05-27,0.0624916128550116,NORMAL,4,5,False
2016-05-28,0.058224601355744,NORMAL,4,5,False
2016-05-29,0.0626579088635738,NORMAL,4,5,False
2016-05-30,0.0513241522951873,NORMAL,4,5,False
2016-05-31,0.0399707040577074,NORMAL,4,5,False
2016-06-01,0.048843823852607,NORMAL,5,6,False
2016-06-02,0.052525264580947,NORMAL,5,6,False
2016-06-03,0.0532943288844707,NORMAL,4,6,False
2016-06-04,0.0479296693124756,NORMAL,4,6,False
2016-06-05,0.0530116421594179,NORMAL,4,6,False
2016-06-06,0.0325341478105732,NORMAL,4,6,False
2016-06-07,0.0318011566806875,NORMAL,4,6,False
2016-06-08,0.0354164662355753,NORMAL,5,6,False
2016-06-09,0.0401917767933611,NORMAL,5,6,False
2016-06-10,0.0464533960449798,NORMAL,4,6,False
2016-06-11,0.0513568508509375,NORMAL,4,6,False
2016-06-12,0.0530999681309027,NORMAL,4,6,False
2016-06-13,0.0569247098212647,NORMAL,4,6,False
2016-06-14,0.0497736244986183,NORMAL,4,6,False
2016-06-15,0.0472076496323917,NORMAL,5,6,False
2016-06-16,0.0497710806370795,NORMAL,5,6,False
2016-06-17,0.0481200179725331,NORMAL,4,6,False
2016-06-18,0.0517665061442087,NORMAL,4,6,False
2016-06-19,0.0473962516085546,NORMAL,4,6,False
2016-06-20,0.0389439725007028,NORMAL,4,6,False
2016-06-21,0.0402791406789661,NORMAL,4,6,False
2016-06-22,0.0523683040581168,NORMAL,5,6,False
2016-06-23,0.0577788637494395,NORMAL,5,6,False
2016-06-24,0.0549421644134773,NORMAL,4,6,False
2016-06-25,0.0529954720240156,NORMAL,4,6,False
2016-06-26,0.0540662007280706,NORMAL,4,6,False
2016-06-27,0.0523585136373263,NORMAL,4,6,False
2016-06-28,0.0498514041683299,NORMAL,4,6,False
2016-06-29,0.0469823403955138,NORMAL,5,6,False
2016-06-30,0.0509617891775675,NORMAL,5,6,False
2016-07-01,0.0631625556599821,NORMAL,4,7,False
2016-07-02,0.0713442806826606,NORMAL,4,7,False
2016-07-03,0.0692020603873458,NORMAL,4,7,False
2016-07-04,0.0678230196100468,NORMAL,4,7,False
2016-07-05,0.0647046390251777,NORMAL,4,7,False
2016-07-06,0.0713988878161782,NORMAL,5,7,False
2016-07-07,0.0867849528798189,NORMAL,5,7,False
2016-07-08,0.096269557428479,NORMAL,4,7,False
2016-07-09,0.0979799072018798,NORMAL,4,7,False
2016-07-10,0.0922364031331757,NORMAL,4,7,False
2016-07-11,0.0960991358852445,NORMAL,4,7,False
2016-07-12,0.0863837104133769,NORMAL,4,7,False
2016-07-13,0.101515222479385,NORMAL,5,7,False
2016-07-14,0.1122350070446915,NORMAL,5,7,False
2016-07-15,0.1177558298148744,NORMAL,4,7,False
2016-07-16,0.1163421032884076,NORMAL,4,7,False
2016-07-17,0.1168418775536303,NORMAL,4,7,False
2016-07-18,0.1221243103796229,NORMAL,4,7,False
2016-07-19,0.1222428202068164,NORMAL,4,7,False
2016-07-20,0.1141164462278544,NORMAL,5,7,False
2016-07-21,0.1152680956917382,NORMAL,5,7,False
2016-07-22,0.1264754025082828,NORMAL,4,7,False
2016-07-23,0.1326426354807057,NORMAL,4,7,False
2016-07-24,0.1333829231229138,NORMAL,4,7,False
2016-07-25,0.125147003628144,NORMAL,4,7,False
2016-07-26,0.1389788594821384,NORMAL,4,7,False
2016-07-27,0.1462873865512002,NORMAL,5,7,False
2016-07-28,0.1549959252384695,NORMAL,5,7,False
2016-07-29,0.159842730085108,NORMAL,4,7,False
2016-07-30,0.1593103918268514,NORMAL,4,7,False
2016-07-31,0.1613876091732982,NORMAL,4,7,False
2016-08-01,0.1510274747223314,NORMAL,4,8,False
2016-08-02,0.1435195829585969,NORMAL,4,8,False
2016-08-03,0.1468935756885225,NORMAL,5,8,False
2016-08-04,0.1632477499661081,NORMAL,5,8,False
2016-08-05,0.1728858582137453,NORMAL,4,8,False
2016-08-06,0.1934724303027967,NORMAL,4,8,False
2016-08-07,0.1840284998643276,NORMAL,4,8,False
2016-08-08,0.1734913377563487,NORMAL,4,8,False
2016-08-09,0.1834607843829632,NORMAL,4,8,False
2016-08-10,0.1935728215153752,NORMAL,5,8,False
2016-08-11,0.195442470751071,NORMAL,5,8,False
2016-08-12,0.197759049879633,NORMAL,4,8,False
2016-08-13,0.1966988004229896,NORMAL,4,8,False
2016-08-14,0.1930109835100428,NORMAL,4,8,False
2016-08-15,0.1966224442468237,NORMAL,4,8,False
2016-08-16,0.1974369864124029,NORMAL,4,8,False
2016-08-17,0.1998063770691037,NORMAL,5,8,False
2016-08-18,0.2007470236634147,NORMAL,5,8,False
2016-08-19,0.1898311896960962,NORMAL,4,8,False
2016-08-20,0.1769336018941538,NORMAL,4,8,False
2016-08-21,0.1802840139822256,NORMAL,4,8,False
2016-08-22,0.1864154951478658,NORMAL,4,8,False
2016-08-23,0.1951250527817428,NORMAL,4,8,False
2016-08-24,0.1999512187213851,NORMAL,5,8,False
2016-08-25,0.1876733657020051,NORMAL,5,8,False
2016-08-26,0.1685623027785096,NORMAL,4,8,False
2016-08-27,0.170553153764345,NORMAL,4,8,False
2016-08-28,0.1699471987737165,NORMAL,4,8,False
2016-08-29,0.167896139615464,NORMAL,4,8,False
2016-08-30,0.190957135308371,NORMAL,4,8,False
2016-08-31,0.2136602128845171,NORMAL,5,8,False
2016-09-01,0.2041394702934011,NORMAL,5,9,False
2016-09-02,0.1900941992756468,NORMAL,4,9,False
2016-09-03,0.181027477341264,NORMAL,4,9,False
2016-09-04,0.1777867978792896,NORMAL,4,9,False
2016-09-05,0.1774144077171985,NORMAL,4,9,False
2016-09-06,0.1874248654805504,NORMAL,4,9,False
2016-09-07,0.1888413275408565,NORMAL,5,9,False
2016-09-08,0.187139692279581,NORMAL,5,9,False
2016-09-09,0.1755723132048497,NORMAL,4,9,False
2016-09-10,0.1590399657835801,NORMAL,4,9,False
2016-09-11,0.1481601258070571,NORMAL,4,9,False
2016-09-12,0.1528496656877522,NORMAL,4,9,False
2016-09-13,0.164335031807274,NORMAL,4,9,False
2016-09-14,0.1697410052094744,NORMAL,5,9,False
2016-09-15,0.1814516454003726,NORMAL,5,9,False
2016-09-16,0.1804379904265041,NORMAL,4,9,False
2016-09-17,0.1608579784903133,NORMAL,4,9,False
2016-09-18,0.1573727922875537,NORMAL,4,9,False
2016-09-19,0.1606556102205072,NORMAL,4,9,False
2016-09-20,0.1530462514691642,NORMAL,4,9,False
2016-09-21,0.1493183322378232,NORMAL,5,9,False
2016-09-22,0.1585090517880945,NORMAL,5,9,False
2016-09-23,0.1611765643813869,NORMAL,4,9,False
2016-09-24,0.159998505620118,NORMAL,4,9,False
2016-09-25,0.1529886122483151,NORMAL,4,9,False
2016-09-26,0.1498778865985585,NORMAL,4,9,False
2016-09-27,0.1660917795196685,NORMAL,4,9,False
2016-09-28,0.166747611062333,NORMAL,5,9,False
2016-09-29,0.1566586263535571,NORMAL,5,9,False
2016-09-30,0.1309948732425651,NORMAL,4,9,False
2016-10-01,0.1308888824278275,NORMAL,4,10,False
2016-10-02,0.145652203525761,NORMAL,4,10,False
2016-10-03,0.1757905140038946,NORMAL,4,10,False
2016-10-04,0.1407624277702932,NORMAL,4,10,False
2016-10-05,0.1457509359871962,NORMAL,5,10,False
2016-10-06,0.1343194323395041,NORMAL,5,10,False
2016-10-07,0.1319663984241659,NORMAL,4,10,False
2016-10-08,0.1478989482980128,NORMAL,4,10,False
2016-10-09,0.1255807956416112,NORMAL,4,10,False
2016-10-10,0.1270308275232819,NORMAL,4,10,False
2016-10-11,0.1354734102300736,NORMAL,4,10,False
2016-10-12,0.1372294187779836,NORMAL,5,10,False
2016-10-13,0.137006571883572,NORMAL,5,10,False
2016-10-14,0.1307345474342414,NORMAL,4,10,False
2016-10-15,0.1310066917932092,NORMAL,4,10,False
2016-10-16,0.1393623237380856,NORMAL,4,10,False
2016-10-17,0.1480851722516923,NORMAL,4,10,False
2016-10-18,0.1190833563820848,NORMAL,4,10,False
2016-10-19,0.1362343029817543,NORMAL,5,10,False
2016-10-20,0.1164963490961144,NORMAL,5,10,False
2016-10-21,0.1133866502689014,NORMAL,4,10,False
2016-10-22,0.0981003940528385,NORMAL,4,10,False
2016-10-23,0.1315173715433336,NORMAL,4,10,False
2016-10-24,0.1417718164950272,NORMAL,4,10,False
2016-10-25,0.1231520377251395,NORMAL,4,10,False
2016-10-26,0.0892787851144439,NORMAL,5,10,False
2016-10-27,0.0976407820957771,NORMAL,5,10,False
2016-10-28,0.1087839826268021,NORMAL,4,10,False
2016-10-29,0.1104436025624539,NORMAL,4,10,False
2016-10-30,0.1162664204666699,NORMAL,4,10,False
2016-10-31,0.0968682076603523,NORMAL,4,10,False
2016-11-01,0.099110073612322,NORMAL,4,11,False
2016-11-02,0.1115843995657493,NORMAL,5,11,False
2016-11-03,0.1059837872071474,NORMAL,5,11,False
2016-11-04,0.1459568977934241,NORMAL,4,11,False
2016-11-05,0.1395880330672409,NORMAL,4,11,False
2016-11-06,0.111159573388,NORMAL,4,11,False
2016-11-07,0.1031413680280775,NORMAL,4,11,False
2016-11-08,0.0978629168394013,NORMAL,4,11,False
2016-11-09,0.1059838556775419,NORMAL,5,11,False
2016-11-10,0.1314150689400748,NORMAL,5,11,False
2016-11-11,0.1355814382573446,NORMAL,4,11,False
2016-11-12,0.102065750192259,NORMAL,4,11,False
2016-11-13,0.0897204512181055,NORMAL,4,11,False
2016-11-14,0.1129945977043401,NORMAL,4,11,False
2016-11-15,0.1042569421009997,NORMAL,4,11,False
2016-11-16,0.1035859216564401,NORMAL,5,11,False
2016-11-17,0.1154316840272562,NORMAL,5,11,False
2016-11-18,0.1130377600103185,NORMAL,4,11,False
2016-11-19,0.1133754492691802,NORMAL,4,11,False
2016-11-20,0.1150325334104524,NORMAL,4,11,False
2016-11-21,0.1172365510841402,NORMAL,4,11,False
2016-11-22,0.1155725430148767,NORMAL,4,11,False
2016-11-23,0.1092213348313112,NORMAL,5,11,False
2016-11-24,0.1021703017464013,NORMAL,5,11,False
2016-11-25,0.0934677002749203,NORMAL,4,11,False
2016-11-26,0.1048583676489876,NORMAL,4,11,False
2016-11-27,0.1023537416852613,NORMAL,4,11,False
2016-11-28,0.0918330652720778,NORMAL,4,11,False
2016-11-29,0.0722492669869491,NORMAL,4,11,False
2016-11-30,0.1018102702895904,NORMAL,5,11,False
2016-12-01,0.0784285388884855,NORMAL,5,12,False
2016-12-02,0.0590778558633218,NORMAL,4,12,False
2016-12-03,0.0813098819999658,NORMAL,4,12,False
2016-12-04,0.0875551266443955,NORMAL,4,12,False
2016-12-05,0.1017345294150692,NORMAL,4,12,False
2016-12-06,0.1022963580128162,NORMAL,4,12,False
2016-12-07,0.0915667467699212,NORMAL,5,12,False
2016-12-08,0.0941357008741218,NORMAL,5,12,False
2016-12-09,0.0846407767327244,NORMAL,4,12,False
2016-12-10,0.089797511278809,NORMAL,4,12,False
2016-12-11,0.0845895152381203,NORMAL,4,12,False
2016-12-12,0.0940893664380897,NORMAL,4,12,False
2016-12-13,0.0624704850642223,NORMAL,4,12,False
2016-12-14,0.0528806143467398,NORMAL,5,12,False
2016-12-15,0.0677014349201515,NORMAL,5,12,False
2016-12-16,0.0843106728726722,NORMAL,4,12,False
2016-12-17,0.0918966599711124,NORMAL,4,12,False
2016-12-18,0.0856387207175964,NORMAL,4,12,False
2016-12-19,0.0733003112766968,NORMAL,4,12,False
2016-12-20,0.0670728958649348,NORMAL,4,12,False
2016-12-21,0.0641675342133957,NORMAL,5,12,False
2016-12-22,0.0686749196052781,NORMAL,5,12,False
2016-12-23,0.070822038721533,NORMAL,4,12,False
2016-12-24,0.0518200558557466,NORMAL,4,12,False
2016-12-25,0.0714985356459947,NORMAL,4,12,False
2016-12-26,0.0680990279474541,NORMAL,4,12,False
2016-12-27,0.0649540703797586,NORMAL,4,12,False
2016-12-28,0.0797514230977238,NORMAL,5,12,False
2016-12-29,0.0726412662975712,NORMAL,5,12,False
2016-12-30,0.0770188664682486,NORMAL,4,12,False
2016-12-31,0.0518120233990156,NORMAL,4,12,False
2017-01-01,0.0697801940188945,NORMAL,4,1,False
2017-01-02,0.0677533476025454,NORMAL,4,1,False
2017-01-03,0.0697737278441392,NORMAL,4,1,False
2017-01-04,0.0537416175019658,NORMAL,5,1,False
2017-01-05,0.0510341971293516,NORMAL,5,1,False
2017-01-06,0.0614449420792585,NORMAL,4,1,False
2017-01-07,0.0553141745336292,NORMAL,4,1,False
2017-01-08,0.0651176533422439,NORMAL,4,1,False
2017-01-09,0.0859350618678205,NORMAL,4,1,False
2017-01-10,0.0787613027818985,NORMAL,4,1,False
2017-01-11,0.0627861740110864,NORMAL,5,1,False
2017-01-12,0.0644833037296472,NORMAL,5,1,False
2017-01-13,0.0721666081026941,NORMAL,4,1,False
2017-01-14,0.0585592870528589,NORMAL,4,1,False
2017-01-15,0.061780002237893,NORMAL,4,1,False
2017-01-16,0.0444185844747587,NORMAL,4,1,False
2017-01-17,0.0379162479543593,NORMAL,4,1,False
2017-01-18,0.0481625316363216,NORMAL,5,1,False
2017-01-19,0.0694606799709596,NORMAL,5,1,False
2017-01-20,0.0709454921976495,NORMAL,4,1,False
2017-01-21,0.0736362083365087,NORMAL,4,1,False
2017-01-22,0.0615069946896576,NORMAL,4,1,False
2017-01-23,0.0392735746900382,NORMAL,4,1,False
2017-01-24,0.0267588884374795,NORMAL,4,1,False
2017-01-25,0.0349712122674529,NORMAL,5,1,False
2017-01-26,0.0734243448872582,NORMAL,5,1,False
2017-01-27,0.0778803570298304,NORMAL,4,1,False
2017-01-28,0.0682999795816975,NORMAL,4,1,False
2017-01-29,0.0556319793135164,NORMAL,4,1,False
2017-01-30,0.0547702369739121,NORMAL,4,1,False
2017-01-31,0.0609899892821736,NORMAL,4,1,False
2017-02-01,0.0487794497849312,NORMAL,5,2,False
2017-02-02,0.0442090772294985,NORMAL,5,2,False
2017-02-03,0.0421915673478057,NORMAL,4,2,False
2017-02-04,0.0515871146105536,NORMAL,4,2,False
2017-02-05,0.0493313933474832,NORMAL,4,2,False
2017-02-06,0.0233910366723044,NORMAL,4,2,False
2017-02-07,0.0111117645380856,NORMAL,4,2,False
2017-02-08,0.038012886965354,NORMAL,5,2,False
2017-02-09,0.0501089844120795,NORMAL,5,2,False
2017-02-10,0.0427766294737417,NORMAL,4,2,False
2017-02-11,0.0331472714422947,NORMAL,4,2,False
2017-02-12,0.0374609180886221,NORMAL,4,2,False
2017-02-13,0.0194920839448213,NORMAL,4,2,False
2017-02-14,0.0090653546074639,NORMAL,4,2,False
2017-02-15,0.03356034728412,NORMAL,5,2,False
2017-02-16,0.0476390687233731,NORMAL,5,2,False
2017-02-17,0.0339845949573985,NORMAL,4,2,False
2017-02-18,0.0352999698461406,NORMAL,4,2,False
2017-02-19,0.0540956427185716,NORMAL,4,2,False
2017-02-20,0.0399300993761106,NORMAL,4,2,False
2017-02-21,0.0441413035886532,NORMAL,4,2,False
2017-02-22,0.0737136719998543,NORMAL,5,2,False
2017-02-23,0.0590312531377407,NORMAL,5,2,False
2017-02-24,0.0619226533563955,NORMAL,4,2,False
2017-02-25,0.0509927128124754,NORMAL,4,2,False
2017-02-26,0.044192427733724,NORMAL,4,2,False
2017-02-27,0.0536956802428309,NORMAL,4,2,False
2017-02-28,0.0556097817843748,NORMAL,4,2,False
2017-03-01,0.0306635142384957,NORMAL,5,3,False
2017-03-02,0.0353350804716941,NORMAL,5,3,False
2017-03-03,0.0455355462877808,NORMAL,4,3,False
2017-03-04,0.039176968961522,NORMAL,4,3,False
2017-03-05,0.0166721962542177,NORMAL,4,3,False
2017-03-06,0.0241922647585723,NORMAL,4,3,False
2017-03-07,0.0409791577063477,NORMAL,4,3,False
2017-03-08,0.0491388716628124,NORMAL,5,3,False
2017-03-09,0.0524904014930534,NORMAL,5,3,False
2017-03-10,0.0369716323251285,NORMAL,4,3,False
2017-03-11,0.0310561552067133,NORMAL,4,3,False
2017-03-12,0.0180345574507834,NORMAL,4,3,False
2017-03-13,0.0210704228839882,NORMAL,4,3,False
2017-03-14,0.0158670526206382,NORMAL,4,3,False
2017-03-15,0.0038517150495541,NORMAL,5,3,False
2017-03-16,0.0070584344111652,NORMAL,5,3,False
2017-03-17,0.0032607820321581,NORMAL,4,3,False
2017-03-18,0.0023990270769239,NORMAL,4,3,False
2017-03-19,0.0252050204087279,NORMAL,4,3,False
2017-03-20,0.0311139107345787,NORMAL,4,3,False
2017-03-21,0.0302562915168063,NORMAL,4,3,False
2017-03-22,0.0267822944079203,NORMAL,5,3,False
2017-03-23,0.0254259181809453,NORMAL,5,3,False
2017-03-24,0.029344354518215,NORMAL,4,3,False
2017-03-25,0.0222097428605666,NORMAL,4,3,False
2017-03-26,0.0160806798997161,NORMAL,4,3,False
2017-03-27,0.0162925309849514,NORMAL,4,3,False
2017-03-28,0.0023012054003551,NORMAL,4,3,False
2017-03-29,0.005117738380601,NORMAL,5,3,False
2017-03-30,0.0040843448359463,NORMAL,5,3,False
2017-04-02,0.0127724707858571,NORMAL,4,4,False
2017-04-03,0.0082025390369956,NORMAL,4,4,False
2017-04-04,0.0094810735317731,NORMAL,4,4,False
2017-04-05,0.0140684160410131,NORMAL,5,4,False
2017-04-06,0.0006382626861165,NORMAL,5,4,False
2017-04-07,0.0133973859296646,NORMAL,4,4,False
2017-04-08,0.0084581769374961,NORMAL,4,4,False
2017-04-09,0.0024570679340795,NORMAL,4,4,False
2017-04-10,0.0321697096174858,NORMAL,4,4,False
2017-04-11,0.0195897485363665,NORMAL,4,4,False
2017-04-12,0.0013572199269352,NORMAL,5,4,False
2017-04-13,0.0128564341060459,NORMAL,5,4,False
2017-04-14,0.0277179891589705,NORMAL,4,4,False
2017-04-15,0.0189003706874932,NORMAL,4,4,False
2017-04-16,0.0138992960584579,NORMAL,4,4,False
2017-04-17,0.0023045356327361,NORMAL,4,4,False
2017-04-18,0.0151804458811402,NORMAL,4,4,False
2017-04-19,7.510307896083217e-05,NORMAL,5,4,False
2017-04-20,0.0190701090797065,NORMAL,5,4,False
2017-04-21,0.0332760793553484,NORMAL,4,4,False
2017-04-22,0.018560330019222,NORMAL,4,4,False
2017-04-23,0.0046598641320577,NORMAL,4,4,False
2017-04-24,0.0064473403864777,NORMAL,4,4,False
2017-04-25,0.0028590733761993,NORMAL,4,4,False
2017-04-26,0.0133576190437087,NORMAL,5,4,False
2017-04-27,0.0113975479663588,NORMAL,5,4,False
2017-04-28,0.0130216579588798,NORMAL,4,4,False
2017-04-29,0.0207612231634517,NORMAL,4,4,False
2017-04-30,0.0166400777191306,NORMAL,4,4,False
2017-05-01,0.029021070816941,NORMAL,4,5,False
2017-05-02,0.0226902070944225,NORMAL,4,5,False
2017-05-03,0.0311946002968641,NORMAL,5,5,False
2017-05-04,0.0426616924820629,NORMAL,5,5,False
2017-05-05,0.0138965673765614,NORMAL,4,5,False
2017-05-06,0.0040537131634618,NORMAL,4,5,False
2017-05-07,0.0088941576742258,NORMAL,4,5,False
2017-05-08,0.0245513435664693,NORMAL,4,5,False
2017-05-09,0.0200296059788574,NORMAL,4,5,False
2017-05-10,0.0193202670626197,NORMAL,5,5,False
2017-05-11,0.0342704154028336,NORMAL,5,5,False
2017-05-12,0.0476986658910109,NORMAL,4,5,False
2017-05-13,0.030748244365373,NORMAL,4,5,False
2017-05-14,0.0311282135875019,NORMAL,4,5,False
2017-05-15,0.0540895950544753,NORMAL,4,5,False
2017-05-16,0.0565189993026956,NORMAL,4,5,False
2017-05-17,0.0481705783947819,NORMAL,5,5,False
2017-05-18,0.0403231838169707,NORMAL,5,5,False
2017-05-19,0.0469794152040786,NORMAL,4,5,False
2017-05-20,0.066294542884585,NORMAL,4,5,False
2017-05-21,0.0590659860231239,NORMAL,4,5,False
2017-05-22,0.0591836906798683,NORMAL,4,5,False
2017-05-23,0.06285133724004,NORMAL,4,5,False
2017-05-24,0.1017458962219077,NORMAL,5,5,False
2017-05-25,0.1115994261345649,NORMAL,5,5,False
2017-05-26,0.1056466540707581,NORMAL,4,5,False
2017-05-27,0.1013588939999555,NORMAL,4,5,False
2017-05-28,0.1024500972905178,NORMAL,4,5,False
2017-05-29,0.1044169017038764,NORMAL,4,5,False
2017-05-30,0.1043454500010118,NORMAL,4,5,False
2017-05-31,0.095734967652237,NORMAL,5,5,False
2017-06-01,0.1005719632551235,NORMAL,5,6,False
2017-06-02,0.1183328406271504,NORMAL,4,6,False
2017-06-03,0.1295474621537863,NORMAL,4,6,False
2017-06-04,0.1289933899944939,NORMAL,4,6,False
2017-06-05,0.1409330727124088,NORMAL,4,6,False
2017-06-06,0.1291276620048502,NORMAL,4,6,False
2017-06-07,0.1263823883738122,NORMAL,5,6,False
2017-06-08,0.131980923674405,NORMAL,5,6,False
2017-06-09,0.135589489571009,NORMAL,4,6,False
2017-06-10,0.1641138009518488,NORMAL,4,6,False
2017-06-11,0.1873286793444148,NORMAL,4,6,False
2017-06-12,0.1921044825296164,NORMAL,4,6,False
2017-06-13,0.1905119137507252,NORMAL,4,6,False
2017-06-14,0.1848930513897783,NORMAL,5,6,False
2017-06-15,0.1990011874925675,NORMAL,5,6,False
2017-06-16,0.2031078059208643,NORMAL,4,6,False
2017-06-17,0.1967523501345275,NORMAL,4,6,False
2017-06-18,0.1911855800993238,NORMAL,4,6,False
2017-06-19,0.1926966945933822,NORMAL,4,6,False
2017-06-20,0.1972599706123742,NORMAL,4,6,False
2017-06-21,0.2064583640627603,NORMAL,5,6,False
2017-06-22,0.2206887099405476,NORMAL,5,6,False
2017-06-23,0.2332707106611485,NORMAL,4,6,False
2017-06-24,0.234863679836429,NORMAL,4,6,False
2017-06-25,0.2357152524514527,NORMAL,4,6,False
2017-06-26,0.2376378191243939,NORMAL,4,6,False
2017-06-27,0.2430051446315842,NORMAL,4,6,False
2017-06-28,0.2491759224744388,NORMAL,5,6,False
2017-06-29,0.2503598795169607,NORMAL,5,6,False
2017-06-30,0.2510506949928861,NORMAL,4,6,False
2017-07-01,0.2541014137066141,NORMAL,4,7,False
2017-07-02,0.2643007486779763,NORMAL,4,7,False
2017-07-03,0.2664257566854684,NORMAL,4,7,False
2017-07-04,0.2680797009112237,NORMAL,4,7,False
2017-07-05,0.2757302253926612,NORMAL,5,7,False
2017-07-06,0.2816535235685878,NORMAL,5,7,False
2017-07-07,0.282912426915354,NORMAL,4,7,False
2017-07-08,0.283920570576792,NORMAL,4,7,False
2017-07-09,0.2918771875938872,NORMAL,4,7,False
2017-07-10,0.2972556200048488,NORMAL,4,7,False
2017-07-11,0.3094558031388468,NORMAL,4,7,False
2017-07-12,0.3098672570330824,NORMAL,5,7,False
2017-07-13,0.3092972704949823,NORMAL,5,7,False
2017-07-14,0.3035989354782248,NORMAL,4,7,False
2017-07-15,0.3199381065575441,NORMAL,4,7,False
2017-07-16,0.3316774056546008,NORMAL,4,7,False
2017-07-17,0.3342621747584945,NORMAL,4,7,False
2017-07-18,0.3277501178659222,NORMAL,4,7,False
2017-07-19,0.3278088461462105,NORMAL,5,7,False
2017-07-20,0.3339588825181882,NORMAL,5,7,False
2017-07-21,0.3508869843725888,NORMAL,4,7,False
2017-07-22,0.3625074497450292,NORMAL,4,7,False
2017-07-23,0.3716114509448392,NORMAL,4,7,False
2017-07-24,0.3779438437692964,NORMAL,4,7,False
2017-07-25,0.380130702328585,NORMAL,4,7,False
2017-07-26,0.3925879340025734,NORMAL,5,7,False
2017-07-27,0.3925422790652521,NORMAL,5,7,False
2017-07-28,0.4026461961192873,WARNING,4,7,True
2017-07-29,0.3986722474325146,NORMAL,4,7,False
2017-07-30,0.3896058602267706,NORMAL,4,7,False
2017-07-31,0.3946088520251197,NORMAL,4,7,False
2017-08-01,0.4017802710834521,WARNING,4,8,True
2017-08-02,0.3970109689027908,NORMAL,5,8,False
2017-08-03,0.392735366936684,NORMAL,5,8,False
2017-08-04,0.3750784981486331,NORMAL,4,8,False
2017-08-05,0.3841977604036717,NORMAL,4,8,False
2017-08-06,0.3909387794328354,NORMAL,4,8,False
2017-08-07,0.3802885747909794,NORMAL,4,8,False
2017-08-08,0.3818499012349096,NORMAL,4,8,False
2017-08-09,0.3948893069221535,NORMAL,5,8,False
2017-08-10,0.4098906879580455,CRITICAL,5,8,True
2017-08-11,0.4222994527625001,CRITICAL,4,8,True
2017-08-12,0.4266841015382672,CRITICAL,4,8,True
2017-08-13,0.4316891708231801,CRITICAL,4,8,True
2017-08-14,0.4284506898226382,CRITICAL,4,8,True
2017-08-15,0.42743683385712,CRITICAL,4,8,True
2017-08-16,0.4326768846506273,CRITICAL,5,8,True
2017-08-17,0.4359173239612147,CRITICAL,5,8,True
2017-08-18,0.4383752423696115,CRITICAL,4,8,True
2017-08-19,0.4329360303603795,CRITICAL,4,8,True
2017-08-20,0.4278510058804053,WARNING,4,8,True
2017-08-21,0.4252564962479586,WARNING,4,8,True
2017-08-22,0.431848818569927,CRITICAL,4,8,True
2017-08-23,0.4401469587543883,CRITICAL,5,8,True
2017-08-24,0.4382638779542858,CRITICAL,5,8,True
2017-08-25,0.4281849630477079,WARNING,4,8,True
2017-08-26,0.4326013446632624,CRITICAL,4,8,True
2017-08-27,0.4359636125342047,CRITICAL,4,8,True
2017-08-28,0.4370525030564684,CRITICAL,4,8,True
2017-08-29,0.4358075355523572,CRITICAL,4,8,True
2017-08-30,0.4573482460891956,CRITICAL,5,8,True
2017-08-31,0.4900945625532853,CRITICAL,5,8,True
2017-09-01,0.4899090173338344,CRITICAL,4,9,True
2017-09-02,0.4733714175430509,CRITICAL,4,9,True
2017-09-03,0.4619448308741734,CRITICAL,4,9,True
2017-09-04,0.4540015587274947,CRITICAL,4,9,True
2017-09-05,0.4484400267361331,CRITICAL,4,9,True
2017-09-06,0.4542690198518083,CRITICAL,5,9,True
2017-09-07,0.4552824284000488,CRITICAL,5,9,True
2017-09-08,0.4653605619855453,CRITICAL,4,9,True
2017-09-09,0.4647793663267111,CRITICAL,4,9,True
2017-09-10,0.4533798881845807,WARNING,4,9,True
2017-09-11,0.4464582240691653,WARNING,4,9,True
2017-09-12,0.4567919540283343,CRITICAL,4,9,True
2017-09-13,0.4672752637760939,CRITICAL,5,9,True
2017-09-14,0.4808665713645324,CRITICAL,5,9,True
2017-09-15,0.494087649123194,CRITICAL,4,9,True
2017-09-16,0.4769431833026669,CRITICAL,4,9,True
2017-09-17,0.4497103455510082,NORMAL,4,9,False
2017-09-18,0.4457695430719396,NORMAL,4,9,False
2017-09-19,0.456711492301051,WARNING,4,9,True
2017-09-20,0.4658134359891882,WARNING,5,9,True
2017-09-21,0.4642368784376162,WARNING,5,9,True
2017-09-22,0.4651512278303965,WARNING,4,9,True
2017-09-23,0.469946913490166,CRITICAL,4,9,True
2017-09-24,0.4798027363819825,CRITICAL,4,9,True
2017-09-25,0.4860935572596879,CRITICAL,4,9,True
2017-09-26,0.471942897276138,WARNING,4,9,True
2017-09-27,0.4821590846744004,CRITICAL,5,9,True
2017-09-28,0.4652908164025078,NORMAL,5,9,False
2017-09-29,0.4759802447026287,WARNING,4,9,True
2017-09-30,0.499808910129576,CRITICAL,4,9,True
2017-10-01,0.4906373888843251,CRITICAL,4,10,True
2017-10-02,0.5022306660740609,CRITICAL,4,10,True
2017-10-03,0.5203862212169761,CRITICAL,4,10,True
2017-10-04,0.5033113304130967,CRITICAL,5,10,True
2017-10-05,0.4929533357608521,CRITICAL,5,10,True
2017-10-06,0.4850245537136449,CRITICAL,4,10,True
2017-10-07,0.503685909244962,CRITICAL,4,10,True
2017-10-08,0.5311094196372556,CRITICAL,4,10,True
2017-10-09,0.5255868667426135,CRITICAL,4,10,True
2017-10-10,0.5280810444030182,CRITICAL,4,10,True
2017-10-11,0.5150247284781344,CRITICAL,5,10,True
2017-10-12,0.5081295061000521,CRITICAL,5,10,True
2017-10-13,0.5082257559095439,CRITICAL,4,10,True
2017-10-14,0.5155685902353431,CRITICAL,4,10,True
2017-10-15,0.532166654750499,CRITICAL,4,10,True
2017-10-16,0.5381680234818157,CRITICAL,4,10,True
2017-10-17,0.5398767336230256,CRITICAL,4,10,True
2017-10-18,0.5192895104619698,WARNING,5,10,True
2017-10-19,0.5142251829300571,WARNING,5,10,True
2017-10-20,0.4930570809747583,NORMAL,4,10,False
2017-10-21,0.5169260754228395,WARNING,4,10,True
2017-10-22,0.5217067184908295,WARNING,4,10,True
2017-10-23,0.5250804048419315,CRITICAL,4,10,True
2017-10-24,0.5214965930535144,WARNING,4,10,True
2017-10-25,0.5459403744817094,CRITICAL,5,10,True
2017-10-26,0.5174996314163901,NORMAL,5,10,False
2017-10-27,0.5104667048781487,NORMAL,4,10,False
2017-10-28,0.5130062365382236,NORMAL,4,10,False
2017-10-29,0.5192309147446227,WARNING,4,10,True
2017-10-30,0.5179202662248591,NORMAL,4,10,False
2017-10-31,0.4978006143680209,NORMAL,4,10,False
2017-11-01,0.505086981779951,CRITICAL,5,11,True
2017-11-02,0.5309996917605391,CRITICAL,5,11,True
2017-11-03,0.5444942401750646,CRITICAL,4,11,True
2017-11-04,0.543880322725714,CRITICAL,4,11,True
2017-11-05,0.5170361481804071,CRITICAL,4,11,True
2017-11-06,0.4973295083155944,CRITICAL,4,11,True
2017-11-07,0.5089982047485468,CRITICAL,4,11,True
2017-11-08,0.5209793297385827,CRITICAL,5,11,True
2017-11-09,0.5203879041598619,CRITICAL,5,11,True
2017-11-10,0.5188588574827251,CRITICAL,4,11,True
2017-11-11,0.5531310353939779,CRITICAL,4,11,True
2017-11-12,0.5241450506127726,CRITICAL,4,11,True
2017-11-13,0.5225400562607233,CRITICAL,4,11,True
2017-11-14,0.5374172868256778,CRITICAL,4,11,True
2017-11-15,0.5318102666258336,CRITICAL,5,11,True
2017-11-16,0.5366314213439121,CRITICAL,5,11,True
2017-11-17,0.5447975063229147,CRITICAL,4,11,True
2017-11-18,0.5505365518699412,CRITICAL,4,11,True
2017-11-19,0.5535816880190803,CRITICAL,4,11,True
2017-11-20,0.5480346516210554,CRITICAL,4,11,True
2017-11-21,0.5228563962446289,NORMAL,4,11,False
2017-11-22,0.5241390235605712,NORMAL,5,11,False
2017-11-23,0.5310345548484398,WARNING,5,11,True
2017-11-24,0.5473497727530229,CRITICAL,4,11,True
2017-11-25,0.546024988672831,CRITICAL,4,11,True
2017-11-26,0.571562714578052,CRITICAL,4,11,True
2017-11-27,0.5380179606964277,WARNING,4,11,True
2017-11-28,0.5368781932528651,NORMAL,4,11,False
2017-11-29,0.5452188484731246,WARNING,5,11,True
2017-11-30,0.5810469953248057,CRITICAL,5,11,True
2017-12-01,0.5757896963701387,CRITICAL,4,12,True
2017-12-02,0.562941342547821,CRITICAL,4,12,True
2017-12-03,0.5889977260405598,CRITICAL,4,12,True
2017-12-04,0.5700349278359337,CRITICAL,4,12,True
2017-12-05,0.5578626117288421,CRITICAL,4,12,True
2017-12-06,0.5612587203368602,CRITICAL,5,12,True
2017-12-07,0.5758792129880604,CRITICAL,5,12,True
2017-12-08,0.5728912234526654,CRITICAL,4,12,True
2017-12-09,0.5502420284564814,WARNING,4,12,True
2017-12-10,0.5465156103001642,WARNING,4,12,True
2017-12-11,0.5622102254550023,WARNING,4,12,True
2017-12-12,0.5799144891201372,CRITICAL,4,12,True
2017-12-13,0.5808874464737858,CRITICAL,5,12,True
2017-12-14,0.5785314894442323,CRITICAL,5,12,True
2017-12-15,0.5717372018281134,WARNING,4,12,True
2017-12-16,0.5820960743651142,CRITICAL,4,12,True
2017-12-17,0.5761984898087922,CRITICAL,4,12,True
2017-12-18,0.5723180259279018,WARNING,4,12,True
2017-12-19,0.5825455876023634,CRITICAL,4,12,True
2017-12-20,0.5709577465340605,NORMAL,5,12,False
2017-12-21,0.5521374501301445,NORMAL,5,12,False
2017-12-22,0.5706932148235803,NORMAL,4,12,False
2017-12-23,0.5711987080670436,NORMAL,4,12,False
2017-12-24,0.561252664815451,NORMAL,4,12,False
2017-12-25,0.5764018774445225,WARNING,4,12,True
2017-12-26,0.5770339592833255,CRITICAL,4,12,True
2017-12-27,0.5821641988161129,CRITICAL,5,12,True
2017-12-28,0.5993259804868487,CRITICAL,5,12,True
2017-12-29,0.5988942828021233,CRITICAL,4,12,True
2017-12-30,0.601451617600688,CRITICAL,4,12,True
2017-12-31,0.5849240251738225,CRITICAL,4,12,True
2018-01-01,0.6013524952078243,CRITICAL,4,1,True
2018-01-02,0.6074404460244051,CRITICAL,4,1,True
2018-01-03,0.6202977871583699,CRITICAL,5,1,True
2018-01-04,0.6003155558279262,CRITICAL,5,1,True
2018-01-05,0.578959230180827,CRITICAL,4,1,True
2018-01-06,0.5976362006535709,CRITICAL,4,1,True
2018-01-07,0.5908231294512811,CRITICAL,4,1,True
2018-01-08,0.5926300958071651,CRITICAL,4,1,True
2018-01-09,0.6008238099839835,CRITICAL,4,1,True
2018-01-10,0.6156065269761527,CRITICAL,5,1,True
2018-01-11,0.6281202093138486,CRITICAL,5,1,True
2018-01-12,0.6366066359839438,CRITICAL,4,1,True
2018-01-13,0.6378814863602837,CRITICAL,4,1,True
2018-01-14,0.5940724545841449,WARNING,4,1,True
2018-01-15,0.6019393478863929,CRITICAL,4,1,True
2018-01-16,0.5904066983581292,WARNING,4,1,True
2018-01-17,0.5878237522663605,NORMAL,5,1,False
2018-01-18,0.6017878508475786,CRITICAL,5,1,True
2018-01-19,0.5996618413710127,WARNING,4,1,True
2018-01-20,0.6095108491872208,CRITICAL,4,1,True
2018-01-21,0.6199947889431253,CRITICAL,4,1,True
2018-01-22,0.6085662276768159,CRITICAL,4,1,True
2018-01-23,0.6051580150270792,WARNING,4,1,True
2018-01-24,0.6164568011200962,CRITICAL,5,1,True
2018-01-25,0.6343419296154834,CRITICAL,5,1,True
2018-01-26,0.6610450567122143,CRITICAL,4,1,True
2018-01-27,0.6355493964227895,CRITICAL,4,1,True
2018-01-28,0.6081858742098454,WARNING,4,1,True
2018-01-29,0.6046699546419269,WARNING,4,1,True
2018-01-30,0.6092615631186206,WARNING,4,1,True
2018-01-31,0.6349187472803075,CRITICAL,5,1,True
2018-02-01,0.6346342431986235,CRITICAL,5,2,True
2018-02-02,0.6447008899831121,CRITICAL,4,2,True
2018-02-03,0.6438629891391293,CRITICAL,4,2,True
2018-02-04,0.6446885893350646,CRITICAL,4,2,True
2018-02-05,0.6466714563949115,CRITICAL,4,2,True
2018-02-06,0.6299643655491038,CRITICAL,4,2,True
2018-02-07,0.6231329283891339,CRITICAL,5,2,True
2018-02-08,0.6158993561179225,WARNING,5,2,True
2018-02-09,0.6231233693752446,WARNING,4,2,True
2018-02-10,0.6284835119852888,CRITICAL,4,2,True
2018-02-11,0.6171335627758807,WARNING,4,2,True
2018-02-12,0.6128269389047898,WARNING,4,2,True
2018-02-13,0.6047262037573146,WARNING,4,2,True
2018-02-14,0.6102607971058445,WARNING,5,2,True
2018-02-15,0.6439775507550375,CRITICAL,5,2,True
2018-02-16,0.6484554859197342,CRITICAL,4,2,True
2018-02-17,0.6462379188458579,CRITICAL,4,2,True
2018-02-18,0.6462784568218234,CRITICAL,4,2,True
2018-02-19,0.6600109661388366,CRITICAL,4,2,True
2018-02-20,0.6444340661725598,CRITICAL,4,2,True
2018-02-21,0.6339370427481835,WARNING,5,2,True
2018-02-22,0.65473683603528,CRITICAL,5,2,True
2018-02-23,0.6643621979399873,CRITICAL,4,2,True
2018-02-24,0.6843572810044973,CRITICAL,4,2,True
2018-02-25,0.6741867872669535,CRITICAL,4,2,True
2018-02-26,0.6665976505403173,CRITICAL,4,2,True
2018-02-27,0.6749639275621312,CRITICAL,4,2,True
2018-02-28,0.6581309631847878,CRITICAL,5,2,True
2018-03-01,0.6343472931674655,CRITICAL,5,3,True
2018-03-02,0.6470223520883139,CRITICAL,4,3,True
2018-03-03,0.635565461336247,CRITICAL,4,3,True
2018-03-04,0.6537353100509518,CRITICAL,4,3,True
2018-03-05,0.6691272803511401,CRITICAL,4,3,True
2018-03-06,0.6913861661010418,CRITICAL,4,3,True
2018-03-07,0.7006258946124015,CRITICAL,5,3,True
2018-03-08,0.7036041581630313,CRITICAL,5,3,True
2018-03-09,0.6922653673131268,CRITICAL,4,3,True
2018-03-10,0.6710073379179646,CRITICAL,4,3,True
2018-03-11,0.6763467587514823,CRITICAL,4,3,True
2018-03-12,0.6483248267267748,WARNING,4,3,True
2018-03-13,0.6449731597453634,WARNING,4,3,True
2018-03-14,0.6503390187426227,WARNING,5,3,True
2018-03-15,0.6765101753150071,CRITICAL,5,3,True
2018-03-16,0.6783849025638875,CRITICAL,4,3,True
2018-03-17,0.6599332575718135,WARNING,4,3,True
2018-03-18,0.659998424392721,WARNING,4,3,True
2018-03-19,0.6849669432873309,CRITICAL,4,3,True
2018-03-20,0.6943739782408973,CRITICAL,4,3,True
2018-03-21,0.6725588011036868,WARNING,5,3,True
2018-03-22,0.6555413688328997,WARNING,5,3,True
2018-03-23,0.6500120732272662,NORMAL,4,3,False
2018-03-24,0.6523452634468186,NORMAL,4,3,False
2018-03-25,0.6567035980018152,WARNING,4,3,True
2018-03-26,0.6511117070268241,NORMAL,4,3,False
2018-03-27,0.6405424006295316,NORMAL,4,3,False
2018-03-28,0.6685434686321104,WARNING,5,3,True
2018-03-29,0.6926705574433001,CRITICAL,5,3,True
2018-03-30,0.6712272847204511,WARNING,4,3,True
2018-03-31,0.6651489994756523,WARNING,4,3,True
2018-04-01,0.6583844680046447,CRITICAL,4,4,True
2018-04-02,0.6693228979106606,CRITICAL,4,4,True
2018-04-03,0.6917911567950437,CRITICAL,4,4,True
2018-04-04,0.7054539496884374,CRITICAL,5,4,True
2018-04-05,0.6992060455360077,CRITICAL,5,4,True
2018-04-06,0.6820750879912276,CRITICAL,4,4,True
2018-04-07,0.6640994251295054,CRITICAL,4,4,True
2018-04-08,0.6645539032857483,CRITICAL,4,4,True
2018-04-09,0.6721178172885078,CRITICAL,4,4,True
2018-04-10,0.6788234084142487,CRITICAL,4,4,True
2018-04-11,0.6559583384005662,WARNING,5,4,True
2018-04-12,0.6877548620498145,CRITICAL,5,4,True
2018-04-13,0.7157752031993205,CRITICAL,4,4,True
2018-04-14,0.6892463696679567,CRITICAL,4,4,True
2018-04-15,0.6854336276362305,CRITICAL,4,4,True
2018-04-16,0.6630792141614993,WARNING,4,4,True
2018-04-17,0.6795609742476958,WARNING,4,4,True
2018-04-18,0.6942904134515065,CRITICAL,5,4,True
2018-04-19,0.6816752758757626,WARNING,5,4,True
2018-04-20,0.6715842262926961,WARNING,4,4,True
2018-04-21,0.685329208268918,WARNING,4,4,True
2018-04-22,0.7128548269658872,CRITICAL,4,4,True
2018-04-23,0.7036176037569422,CRITICAL,4,4,True
2018-04-24,0.6838227637362367,WARNING,4,4,True
2018-04-25,0.6705202889604684,NORMAL,5,4,False
2018-04-26,0.6752014686308682,NORMAL,5,4,False
2018-04-27,0.693872946273843,CRITICAL,4,4,True
2018-04-28,0.6887242599804534,WARNING,4,4,True
2018-04-29,0.7019024065015682,CRITICAL,4,4,True
2018-04-30,0.6963208008174654,CRITICAL,4,4,True
2018-05-01,0.6903964868554355,CRITICAL,4,5,True
2018-05-02,0.6950038927016358,CRITICAL,5,5,True
2018-05-03,0.689329064557165,CRITICAL,5,5,True
2018-05-04,0.6863396004596263,CRITICAL,4,5,True
2018-05-05,0.6916507517160326,CRITICAL,4,5,True
2018-05-06,0.7138344422860106,CRITICAL,4,5,True
2018-05-07,0.7144569603086082,CRITICAL,4,5,True
2018-05-08,0.7142212043045758,CRITICAL,4,5,True
2018-05-09,0.7248224973018215,CRITICAL,5,5,True
2018-05-10,0.7107993631497906,CRITICAL,5,5,True
2018-05-11,0.7120608638310028,CRITICAL,4,5,True
2018-05-12,0.6974260881054507,CRITICAL,4,5,True
2018-05-13,0.6901711115614132,WARNING,4,5,True
2018-05-14,0.6888283803184637,WARNING,4,5,True
2018-05-15,0.6926815999103331,WARNING,4,5,True
2018-05-16,0.7019750677808697,CRITICAL,5,5,True
2018-05-17,0.7245112837973122,CRITICAL,5,5,True
2018-05-18,0.7350017402185736,CRITICAL,4,5,True
2018-05-19,0.7308759154179363,CRITICAL,4,5,True
2018-05-20,0.7131572765046146,CRITICAL,4,5,True
2018-05-21,0.7089233950974357,WARNING,4,5,True
2018-05-22,0.6996898163568726,WARNING,4,5,True
2018-05-23,0.7052071824289986,WARNING,5,5,True
2018-05-24,0.705199814878317,WARNING,5,5,True
2018-05-25,0.712377548834946,WARNING,4,5,True
2018-05-26,0.7175206173602474,CRITICAL,4,5,True
2018-05-27,0.7185505138544684,CRITICAL,4,5,True
2018-05-28,0.7307682491417358,CRITICAL,4,5,True
2018-05-29,0.7338458195894383,CRITICAL,4,5,True
2018-05-30,0.7395319717668277,CRITICAL,5,5,True
2018-05-31,0.7417148767865307,CRITICAL,5,5,True
2018-06-01,0.7303802861779299,CRITICAL,4,6,True
2018-06-02,0.718918264831399,CRITICAL,4,6,True
2018-06-03,0.7221290539719653,CRITICAL,4,6,True
2018-06-04,0.7200494787568965,CRITICAL,4,6,True
2018-06-05,0.7136472439832808,CRITICAL,4,6,True
2018-06-06,0.7249217406561657,CRITICAL,5,6,True
2018-06-07,0.7400012219275894,CRITICAL,5,6,True
2018-06-08,0.7506212887182986,CRITICAL,4,6,True
2018-06-09,0.7495540548025443,CRITICAL,4,6,True
2018-06-10,0.7268772440755101,CRITICAL,4,6,True
2018-06-11,0.7128625432138633,WARNING,4,6,True
2018-06-12,0.7150714165562234,WARNING,4,6,True
2018-06-13,0.7331079762628713,CRITICAL,5,6,True
2018-06-14,0.7425408637920946,CRITICAL,5,6,True
2018-06-15,0.7307479628350547,CRITICAL,4,6,True
2018-06-16,0.7211727076871712,WARNING,4,6,True
2018-06-17,0.7332233312995833,CRITICAL,4,6,True
2018-06-18,0.7323439083883018,CRITICAL,4,6,True
2018-06-19,0.7355274696896951,CRITICAL,4,6,True
2018-06-20,0.7342881675036813,CRITICAL,5,6,True
2018-06-21,0.7359007864356899,CRITICAL,5,6,True
2018-06-22,0.7261587140490507,WARNING,4,6,True
2018-06-23,0.7323056927160122,WARNING,4,6,True
2018-06-24,0.7462661330890853,CRITICAL,4,6,True
2018-06-25,0.7375773480286931,CRITICAL,4,6,True
2018-06-26,0.723546718496935,NORMAL,4,6,False
2018-06-27,0.7121354414631152,NORMAL,5,6,False
2018-06-28,0.710807408477765,NORMAL,5,6,False
2018-06-29,0.718193281068439,NORMAL,4,6,False
2018-07-20,0.8479187305239931,CRITICAL,4,7,True
2018-07-21,0.8325507527159653,CRITICAL,4,7,True
2018-07-22,0.8312705127387283,CRITICAL,4,7,True
2018-07-23,0.8439182690166545,CRITICAL,4,7,True
2018-07-24,0.8401438075059026,CRITICAL,4,7,True
2018-07-25,0.8014195910831974,CRITICAL,5,7,True
2018-07-26,0.8082685115820666,CRITICAL,5,7,True
2018-07-27,0.8189286338068056,CRITICAL,4,7,True
2018-07-28,0.8043434421630887,WARNING,4,7,True
2018-07-29,0.7993928666658872,WARNING,4,7,True
2018-07-30,0.8039238570182281,WARNING,4,7,True
2018-07-31,0.7963484893445711,WARNING,4,7,True
2018-08-01,0.79918527448412,CRITICAL,5,8,True
2018-08-02,0.8082095125102433,CRITICAL,5,8,True
2018-08-03,0.8047288002823939,CRITICAL,4,8,True
2018-08-04,0.8140252300092444,CRITICAL,4,8,True
2018-08-05,0.8045425384580086,CRITICAL,4,8,True
2018-08-06,0.8100013998264349,CRITICAL,4,8,True
2018-08-07,0.8143316853928116,CRITICAL,4,8,True
2018-08-08,0.80518010953687,CRITICAL,5,8,True
2018-08-09,0.7959216149145152,WARNING,5,8,True
2018-08-10,0.7856364518241328,WARNING,4,8,True
2018-08-11,0.777622136105412,WARNING,4,8,True
2018-08-12,0.7745036785188416,WARNING,4,8,True
2018-08-13,0.7677158506582584,WARNING,4,8,True
2018-08-14,0.7669960512309378,WARNING,4,8,True
2018-08-15,0.7729394306402059,WARNING,5,8,True
2018-08-16,0.7713190019631369,WARNING,5,8,True
2018-08-17,0.7555003847960484,NORMAL,4,8,False
2018-08-18,0.7358105213361957,NORMAL,4,8,False
2018-08-19,0.7335284573828988,NORMAL,4,8,False
2018-08-20,0.7330861832374513,NORMAL,4,8,False
2018-08-21,0.7269502495611017,NORMAL,4,8,False
2018-08-22,0.73263858201937,NORMAL,5,8,False
2018-08-23,0.7364344598581164,NORMAL,5,8,False
2018-08-24,0.7397412801928892,NORMAL,4,8,False
2018-08-25,0.7255905588890906,NORMAL,4,8,False
2018-08-26,0.7088400100801405,NORMAL,4,8,False
2018-08-27,0.7106383983590071,NORMAL,4,8,False
2018-08-28,0.7073122239883601,NORMAL,4,8,False
2018-08-29,0.6958139330532797,NORMAL,5,8,False
2018-08-30,0.6886210756952543,NORMAL,5,8,False
2018-08-31,0.6864066947401212,NORMAL,4,8,False
2018-09-01,0.6812192679083388,CRITICAL,4,9,True
2018-09-02,0.6597575353795752,CRITICAL,4,9,True
2018-09-03,0.640076732915642,CRITICAL,4,9,True
2018-09-04,0.6379461688957923,CRITICAL,4,9,True
2018-09-05,0.6449155035405334,CRITICAL,5,9,True
2018-09-06,0.6508187613108458,CRITICAL,5,9,True
2018-09-07,0.6546174246405878,CRITICAL,4,9,True
2018-09-08,0.6533841278506667,CRITICAL,4,9,True
2018-09-09,0.6577260380353854,CRITICAL,4,9,True
2018-09-10,0.6613722499777102,CRITICAL,4,9,True
2018-09-11,0.6578953131473664,CRITICAL,4,9,True
2018-09-12,0.6383091148448208,WARNING,5,9,True
2018-09-13,0.6256395665211713,WARNING,5,9,True
2018-09-14,0.618370410544827,WARNING,4,9,True
2018-09-15,0.6105684559901058,WARNING,4,9,True
2018-09-16,0.6198288431785133,WARNING,4,9,True
2018-09-17,0.6404358117235277,WARNING,4,9,True
2018-09-18,0.6450670317605325,WARNING,4,9,True
2018-09-19,0.6394276142707686,WARNING,5,9,True
2018-09-20,0.6227593391056693,NORMAL,5,9,False
2018-09-21,0.6086712613561625,NORMAL,4,9,False
2018-09-22,0.6063460612352991,NORMAL,4,9,False
2018-09-23,0.6103297864268352,NORMAL,4,9,False
2018-09-24,0.6143945590735739,NORMAL,4,9,False
2018-09-25,0.6083282070821157,NORMAL,4,9,False
2018-09-26,0.6164112028221588,NORMAL,5,9,False
2018-09-27,0.6048423937025603,NORMAL,5,9,False
2018-09-28,0.6063524830221829,NORMAL,4,9,False
2018-09-29,0.6003699134276121,NORMAL,4,9,False
2018-09-30,0.5703475633339663,NORMAL,4,9,False
2018-10-01,0.5816406764701112,CRITICAL,4,10,True
2018-10-02,0.5621807244264825,CRITICAL,4,10,True
2018-10-03,0.5698741163947719,CRITICAL,5,10,True
2018-10-04,0.5745731880799158,CRITICAL,5,10,True
2018-10-05,0.5821233964490661,CRITICAL,4,10,True
2018-10-06,0.569220046225701,CRITICAL,4,10,True
2018-10-07,0.5507258149410192,CRITICAL,4,10,True
2018-10-08,0.545001239602149,WARNING,4,10,True
2018-10-09,0.5444442776752489,WARNING,4,10,True
2018-10-10,0.542110117454716,WARNING,5,10,True
2018-10-11,0.5552268560730222,CRITICAL,5,10,True
2018-10-12,0.5572824100378135,CRITICAL,4,10,True
2018-10-13,0.5542368369372512,WARNING,4,10,True
2018-10-14,0.5382531171492919,NORMAL,4,10,False
2018-10-15,0.534357500610006,NORMAL,4,10,False
2018-10-16,0.5397748154351298,NORMAL,4,10,False
2018-10-17,0.532268931858059,NORMAL,5,10,False
2018-10-18,0.5454759185658072,WARNING,5,10,True
2018-10-19,0.548447435181953,WARNING,4,10,True
2018-10-20,0.5482258818170562,WARNING,4,10,True
2018-10-21,0.5265298518429109,NORMAL,4,10,False
2018-10-22,0.5096266176395984,NORMAL,4,10,False
2018-10-23,0.5045486712296744,NORMAL,4,10,False
2018-10-24,0.5179081502596582,NORMAL,5,10,False
2018-10-25,0.5120743985844055,NORMAL,5,10,False
2018-10-26,0.4891817153332399,NORMAL,4,10,False
2018-10-27,0.4845231449709309,NORMAL,4,10,False
2018-10-28,0.4837238742070656,NORMAL,4,10,False
2018-10-29,0.4899496349056346,NORMAL,4,10,False
2018-10-30,0.5032130065567417,NORMAL,4,10,False
2018-10-31,0.5173985222238553,NORMAL,5,10,False
2018-11-01,0.5184650707735402,NORMAL,5,11,False
2018-11-02,0.5001341856815933,NORMAL,4,11,False
2018-11-03,0.4774974228170875,NORMAL,4,11,False
2018-11-04,0.505939194308203,NORMAL,4,11,False
2018-11-05,0.5146564006426825,NORMAL,4,11,False
2018-11-06,0.5081345822090158,NORMAL,4,11,False
2018-11-07,0.5014042486580593,NORMAL,5,11,False
2018-11-08,0.474612669750987,NORMAL,5,11,False
2018-11-09,0.4563243042881982,NORMAL,4,11,False
2018-11-10,0.4906733293411259,NORMAL,4,11,False
2018-11-11,0.4694043606478922,NORMAL,4,11,False
2018-11-12,0.4809378287045846,NORMAL,4,11,False
2018-11-13,0.48981344690618,NORMAL,4,11,False
2018-11-14,0.4814643811940144,NORMAL,5,11,False
2018-11-15,0.4624347249709356,NORMAL,5,11,False
2018-11-16,0.4546818363016292,NORMAL,4,11,False
2018-11-17,0.4458227684421006,NORMAL,4,11,False
2018-11-18,0.440192552987187,NORMAL,4,11,False
2018-11-19,0.4415677850810841,NORMAL,4,11,False
2018-11-20,0.4411341018986377,NORMAL,4,11,False
2018-11-21,0.4530673705884396,NORMAL,5,11,False
2018-11-22,0.4556337410550143,NORMAL,5,11,False
2018-11-23,0.4421244707637866,NORMAL,4,11,False
2018-11-24,0.4267162313651913,NORMAL,4,11,False
2018-11-25,0.4241707570684639,NORMAL,4,11,False
2018-11-26,0.3942095778282826,NORMAL,4,11,False
2018-11-27,0.42698356612675,NORMAL,4,11,False
2018-11-28,0.4348360981707439,NORMAL,5,11,False
2018-11-29,0.4183516912130645,NORMAL,5,11,False
2018-11-30,0.4038592607106742,NORMAL,4,11,False
2018-12-01,0.4127156592834656,NORMAL,4,12,False
2018-12-02,0.3928899804393098,NORMAL,4,12,False
2018-12-03,0.3937647488573155,NORMAL,4,12,False
2018-12-04,0.4112908472485596,NORMAL,4,12,False
2018-12-05,0.4194962942930368,NORMAL,5,12,False
2018-12-06,0.4052512154917377,NORMAL,5,12,False
2018-12-07,0.3921875396753908,NORMAL,4,12,False
2018-12-08,0.3957832404950113,NORMAL,4,12,False
2018-12-09,0.4127204993103135,NORMAL,4,12,False
2018-12-10,0.417994529312236,NORMAL,4,12,False
2018-12-11,0.395751005652214,NORMAL,4,12,False
2018-12-12,0.3754376094713507,NORMAL,5,12,False
2018-12-13,0.3625251603858557,NORMAL,5,12,False
2018-12-14,0.3724564536667988,NORMAL,4,12,False
2018-12-15,0.359283757110411,NORMAL,4,12,False
2018-12-16,0.3449691260910182,NORMAL,4,12,False
2018-12-17,0.3377243375928016,NORMAL,4,12,False
2018-12-18,0.333063273924319,NORMAL,4,12,False
2018-12-19,0.328358707974315,NORMAL,5,12,False
2018-12-20,0.3412559949926453,NORMAL,5,12,False
2018-12-21,0.3435280836876658,NORMAL,4,12,False
2018-12-22,0.3418452935479177,NORMAL,4,12,False
2018-12-23,0.3437673575698878,NORMAL,4,12,False
2018-12-24,0.3403665144926598,NORMAL,4,12,False
2018-12-25,0.3263500838111614,NORMAL,4,12,False
2018-12-26,0.3296596005920302,NORMAL,5,12,False
2018-12-27,0.3247362548814104,NORMAL,5,12,False
2018-12-28,0.3223531287627784,NORMAL,4,12,False
2018-12-29,0.3208297092546658,NORMAL,4,12,False
2018-12-30,0.3346885183189114,NORMAL,4,12,False
2018-12-31,0.3393589500764838,NORMAL,4,12,False
2019-01-01,0.3178560074674206,NORMAL,4,1,False
2019-01-02,0.3148616117839628,NORMAL,5,1,False
2019-01-03,0.3068112641503228,NORMAL,5,1,False
2019-01-04,0.2929389961928416,NORMAL,4,1,False
2019-01-05,0.3158147787690822,NORMAL,4,1,False
2019-01-06,0.3128666502725789,NORMAL,4,1,False
2019-01-07,0.3084540553644072,NORMAL,4,1,False
2019-01-08,0.3236707082925649,NORMAL,4,1,False
2019-01-09,0.3076731742263067,NORMAL,5,1,False
2019-01-10,0.2883096915809385,NORMAL,5,1,False
2019-01-11,0.2801937666696146,NORMAL,4,1,False
2019-01-12,0.275724787225836,NORMAL,4,1,False
2019-01-13,0.2760106312614112,NORMAL,4,1,False
2019-01-14,0.2952887256392325,NORMAL,4,1,False
2019-01-15,0.279666189640294,NORMAL,4,1,False
2019-01-16,0.2720635857876878,NORMAL,5,1,False
2019-01-17,0.2935498818694657,NORMAL,5,1,False
2019-01-18,0.2828077598377774,NORMAL,4,1,False
2019-01-19,0.2765628402114107,NORMAL,4,1,False
2019-01-20,0.2610648062680632,NORMAL,4,1,False
2019-01-21,0.2462557105138065,NORMAL,4,1,False
2019-01-22,0.2462450701836013,NORMAL,4,1,False
2019-01-23,0.2639980515578805,NORMAL,5,1,False
2019-01-24,0.2569731391134412,NORMAL,5,1,False
2019-01-25,0.2495585181946287,NORMAL,4,1,False
2019-01-26,0.2507572342210351,NORMAL,4,1,False
2019-01-27,0.2313337489568023,NORMAL,4,1,False
2019-01-28,0.2541393661318497,NORMAL,4,1,False
2019-01-29,0.2557127334274955,NORMAL,4,1,False
2019-01-30,0.2518528107888186,NORMAL,5,1,False
2019-01-31,0.2399653157716492,NORMAL,5,1,False
2019-02-01,0.2187488245903515,NORMAL,4,2,False
2019-02-02,0.2152939377547082,NORMAL,4,2,False
2019-02-03,0.2150228862223047,NORMAL,4,2,False
2019-02-04,0.227532698344093,NORMAL,4,2,False
2019-02-05,0.2297960110689279,NORMAL,4,2,False
2019-02-06,0.2305020783414408,NORMAL,5,2,False
2019-02-07,0.2330704696959996,NORMAL,5,2,False
2019-02-08,0.2542551178294271,NORMAL,4,2,False
2019-02-09,0.25629695187969,NORMAL,4,2,False
2019-02-10,0.2490551506904961,NORMAL,4,2,False
2019-02-11,0.2508031488495709,NORMAL,4,2,False
2019-02-12,0.2526712801361103,NORMAL,4,2,False
2019-02-13,0.2514370616017127,NORMAL,5,2,False
2019-02-14,0.2421563267571788,NORMAL,5,2,False
2019-02-15,0.2188320214981684,NORMAL,4,2,False
2019-02-16,0.2210665966585516,NORMAL,4,2,False
2019-02-17,0.1975530796801171,NORMAL,4,2,False
2019-02-18,0.1942348381436023,NORMAL,4,2,False
2019-02-19,0.1977507871488142,NORMAL,4,2,False
2019-02-20,0.200849773416095,NORMAL,5,2,False
2019-02-21,0.2062741639830974,NORMAL,5,2,False
2019-02-22,0.2094173520588119,NORMAL,4,2,False
2019-02-23,0.1844894661922247,NORMAL,4,2,False
2019-02-24,0.1634860201322504,NORMAL,4,2,False
2019-02-25,0.1762433820526529,NORMAL,4,2,False
2019-02-26,0.1830423834010823,NORMAL,4,2,False
2019-02-27,0.171200150743567,NORMAL,5,2,False
2019-02-28,0.1843184639359091,NORMAL,5,2,False
2019-03-01,0.2086336908626117,NORMAL,4,3,False
2019-03-02,0.1894481694806842,NORMAL,4,3,False
2019-03-03,0.1999137920089423,NORMAL,4,3,False
2019-03-04,0.1749812468398401,NORMAL,4,3,False
2019-03-05,0.166971494404655,NORMAL,4,3,False
2019-03-06,0.1623031181395525,NORMAL,5,3,False
2019-03-07,0.1569938483525695,NORMAL,5,3,False
2019-03-08,0.1467727642442641,NORMAL,4,3,False
2019-03-09,0.1617201288460834,NORMAL,4,3,False
2019-03-10,0.1677711680216373,NORMAL,4,3,False
2019-03-11,0.1374816286484961,NORMAL,4,3,False
2019-03-12,0.1608671313612792,NORMAL,4,3,False
2019-03-13,0.1672599213509583,NORMAL,5,3,False
2019-03-14,0.1640549645397246,NORMAL,5,3,False
2019-03-15,0.141201255191791,NORMAL,4,3,False
2019-03-16,0.1428010157595465,NORMAL,4,3,False
2019-03-17,0.1497954945518536,NORMAL,4,3,False
2019-03-18,0.1343651461591045,NORMAL,4,3,False
2019-03-19,0.1062282544194837,NORMAL,4,3,False
2019-03-20,0.1166645864068688,NORMAL,5,3,False
2019-03-21,0.1382670065998474,NORMAL,5,3,False
2019-03-22,0.1600520642402591,NORMAL,4,3,False
2019-03-23,0.1513770020624311,NORMAL,4,3,False
2019-03-24,0.1252355213894345,NORMAL,4,3,False
2019-03-25,0.1304715528168141,NORMAL,4,3,False
2019-03-26,0.1557873143120126,NORMAL,4,3,False
2019-03-27,0.1663050393470261,NORMAL,5,3,False
2019-03-28,0.1422762617080152,NORMAL,5,3,False
2019-03-29,0.1180403095641824,NORMAL,4,3,False
2019-03-30,0.1191963029134052,NORMAL,4,3,False
2019-03-31,0.1328877623736756,NORMAL,4,3,False
2019-04-01,0.1473509364803341,NORMAL,4,4,False
2019-04-02,0.1506377637657632,NORMAL,4,4,False
2019-04-03,0.1026390864109751,NORMAL,5,4,False
2019-04-04,0.0824753388605437,NORMAL,5,4,False
2019-04-05,0.0908402882506531,NORMAL,4,4,False
2019-04-06,0.105881167139376,NORMAL,4,4,False
2019-04-07,0.1209691093121794,NORMAL,4,4,False
2019-04-08,0.1310584054953827,NORMAL,4,4,False
2019-04-09,0.1269122824469309,NORMAL,4,4,False
2019-04-10,0.1295742692296372,NORMAL,5,4,False
2019-04-11,0.1366713498845618,NORMAL,5,4,False
2019-04-12,0.100236171291472,NORMAL,4,4,False
2019-04-13,0.0906944689470688,NORMAL,4,4,False
2019-04-14,0.1213893268128857,NORMAL,4,4,False
2019-04-15,0.1070376410629643,NORMAL,4,4,False
2019-04-16,0.0924129758446128,NORMAL,4,4,False
2019-04-17,0.0961453523337027,NORMAL,5,4,False
2019-04-18,0.1118300588698918,NORMAL,5,4,False
2019-04-19,0.117860496892451,NORMAL,4,4,False
2019-04-20,0.0998032748797671,NORMAL,4,4,False
2019-04-21,0.0936067939635132,NORMAL,4,4,False
2019-04-22,0.0690262015857434,NORMAL,4,4,False
2019-04-23,0.0714285573686426,NORMAL,4,4,False
2019-04-24,0.0994311120382225,NORMAL,5,4,False
2019-04-25,0.1146593325415356,NORMAL,5,4,False
2019-04-26,0.1108263325251357,NORMAL,4,4,False
2019-04-27,0.0986492785961097,NORMAL,4,4,False
2019-04-28,0.1047144540140865,NORMAL,4,4,False
2019-04-29,0.1040578228959817,NORMAL,4,4,False
2019-04-30,0.0692721830773965,NORMAL,4,4,False
2019-05-01,0.069371104684238,NORMAL,5,5,False
2019-05-02,0.0747035520354788,NORMAL,5,5,False
2019-05-03,0.089565496921209,NORMAL,4,5,False
2019-05-04,0.0899528054422665,NORMAL,4,5,False
2019-05-05,0.0966500251629085,NORMAL,4,5,False
2019-05-06,0.0889550754237499,NORMAL,4,5,False
2019-05-07,0.059311021239493,NORMAL,4,5,False
2019-05-08,0.0361460390026228,NORMAL,5,5,False
2019-05-09,0.0452361974344687,NORMAL,5,5,False
2019-05-10,0.0660717636623375,NORMAL,4,5,False
2019-05-11,0.0744930037211179,NORMAL,4,5,False
2019-05-12,0.0814258395321485,NORMAL,4,5,False
2019-05-13,0.0733753426693863,NORMAL,4,5,False
2019-05-14,0.0791394729001377,NORMAL,4,5,False
2019-05-15,0.0681479973983084,NORMAL,5,5,False
2019-05-16,0.0607958617405378,NORMAL,5,5,False
2019-05-17,0.050363650712351,NORMAL,4,5,False
2019-05-18,0.055954093586512,NORMAL,4,5,False
2019-05-19,0.0327154045296633,NORMAL,4,5,False
2019-05-20,0.0046867823507672,NORMAL,4,5,False
2019-05-21,0.0007751146395145,NORMAL,4,5,False
2019-05-22,0.0256047854199326,NORMAL,5,5,False
2019-05-23,0.045922732088442,NORMAL,5,5,False
2019-05-24,0.0319825016273668,NORMAL,4,5,False
2019-05-25,0.0221588706346102,NORMAL,4,5,False
2019-05-26,0.0314574285721328,NORMAL,4,5,False
2019-05-27,0.0120639760681305,NORMAL,4,5,False
2019-05-28,0.0070833140586726,NORMAL,4,5,False
2019-05-29,0.011691940042479,NORMAL,5,5,False
2019-05-30,0.0171714116773122,NORMAL,5,5,False
2019-05-31,0.0236520757608431,NORMAL,4,5,False
2019-06-01,0.0171546500913393,NORMAL,4,6,False
2019-06-02,0.0193862124689799,NORMAL,4,6,False
2019-06-03,0.0124471721093897,NORMAL,4,6,False
2019-06-04,0.0151858099962928,NORMAL,4,6,False
2019-06-05,0.0174212320660449,NORMAL,5,6,False
2019-06-06,0.0202339998602728,NORMAL,5,6,False
2019-06-07,0.0330586938865373,NORMAL,4,6,False
2019-06-08,0.0465293443557447,NORMAL,4,6,False
2019-06-09,0.0519865255812594,NORMAL,4,6,False
2019-06-10,0.0484568812172469,NORMAL,4,6,False
2019-06-11,0.0513801769867444,NORMAL,4,6,False
2019-06-12,0.0600234536064586,NORMAL,5,6,False
2019-06-13,0.0842909012071829,NORMAL,5,6,False
2019-06-14,0.0857142852206772,NORMAL,4,6,False
2019-06-15,0.0767902863461201,NORMAL,4,6,False
2019-06-16,0.0675747212763211,NORMAL,4,6,False
2019-06-17,0.0845550201807751,NORMAL,4,6,False
2019-06-18,0.0808881744398011,NORMAL,4,6,False
2019-06-19,0.0942355883258474,NORMAL,5,6,False
2019-06-20,0.0868707697115661,NORMAL,5,6,False
2019-06-21,0.0866348187490939,NORMAL,4,6,False
2019-06-22,0.0872940622643839,NORMAL,4,6,False
2019-06-23,0.0993881302789906,NORMAL,4,6,False
2019-06-24,0.115124953318326,NORMAL,4,6,False
2019-06-25,0.1138748005691531,NORMAL,4,6,False
2019-06-26,0.1105973305279826,NORMAL,5,6,False
2019-06-27,0.1098294539797904,NORMAL,5,6,False
2019-06-28,0.1149351862627804,NORMAL,4,6,False
2019-06-29,0.1316118035335953,NORMAL,4,6,False
2019-06-30,0.1647493491789666,NORMAL,4,6,False
2019-07-01,0.1419701137471464,NORMAL,4,7,False
2019-07-02,0.148100537298697,NORMAL,4,7,False
2019-07-03,0.1622146037964957,NORMAL,5,7,False
2019-07-04,0.1747042970042879,NORMAL,5,7,False
2019-07-05,0.1915810085314573,NORMAL,4,7,False
2019-07-06,0.2008301606681801,NORMAL,4,7,False
2019-07-07,0.2023521241308831,NORMAL,4,7,False
2019-07-08,0.2152784641016321,NORMAL,4,7,False
2019-07-09,0.228798285650595,NORMAL,4,7,False
2019-07-10,0.2381250408559458,NORMAL,5,7,False
2019-07-11,0.2512904557862171,NORMAL,5,7,False
2019-07-12,0.265113656185079,NORMAL,4,7,False
2019-07-13,0.2704180108123743,NORMAL,4,7,False
2019-07-14,0.2770330712949792,NORMAL,4,7,False
2019-07-15,0.2825226701108946,NORMAL,4,7,False
2019-07-16,0.2918400489785429,NORMAL,4,7,False
2019-07-17,0.3113827298763995,NORMAL,5,7,False
2019-07-18,0.3242696258587861,NORMAL,5,7,False
2019-07-19,0.3318966192206843,NORMAL,4,7,False
2019-07-20,0.3243532802738887,NORMAL,4,7,False
2019-07-21,0.3264340548018177,NORMAL,4,7,False
2019-07-22,0.3364729211503695,NORMAL,4,7,False
2019-07-23,0.3405998557133685,NORMAL,4,7,False
2019-07-24,0.3508976784209633,NORMAL,5,7,False
2019-07-25,0.3160258464591217,NORMAL,5,7,False
2019-07-26,0.3299025772043104,NORMAL,4,7,False
2019-07-27,0.3334406663219663,NORMAL,4,7,False
2019-07-28,0.3441661627138647,NORMAL,4,7,False
2019-07-29,0.3421538694543288,NORMAL,4,7,False
2019-07-30,0.3453095488171246,NORMAL,4,7,False
2019-07-31,0.3416546352031659,NORMAL,5,7,False
2019-08-01,0.338745852664054,NORMAL,5,8,False
2019-08-02,0.3304983744151307,NORMAL,4,8,False
2019-08-03,0.3243693451873507,NORMAL,4,8,False
2019-08-04,0.3188942286903813,NORMAL,4,8,False
2019-08-05,0.324454499856369,NORMAL,4,8,False
2019-08-06,0.3246013822714981,NORMAL,4,8,False
2019-08-07,0.3259071288968156,NORMAL,5,8,False
2019-08-08,0.3366245678543163,NORMAL,5,8,False
2019-08-09,0.3415394092137363,NORMAL,4,8,False
2019-08-10,0.3339065488123479,NORMAL,4,8,False
2019-08-11,0.3413370550817118,NORMAL,4,8,False
2019-08-12,0.3429550975405968,NORMAL,4,8,False
2019-08-13,0.3443413260321329,NORMAL,4,8,False
2019-08-14,0.3545079907167144,NORMAL,5,8,False
2019-08-15,0.36626623789482,NORMAL,5,8,False
2019-08-16,0.384192585211357,NORMAL,4,8,False
2019-08-17,0.3777423426777111,NORMAL,4,8,False
2019-08-18,0.3570938730859738,NORMAL,4,8,False
2019-08-19,0.3437482865490734,NORMAL,4,8,False
2019-08-20,0.3439121968199446,NORMAL,4,8,False
2019-08-21,0.3563775209322748,NORMAL,5,8,False
2019-08-22,0.3700475420436555,NORMAL,5,8,False
2019-08-23,0.3699417600337682,NORMAL,4,8,False
2019-08-24,0.3583680570431053,NORMAL,4,8,False
2019-08-25,0.3440457182072998,NORMAL,4,8,False
2019-08-26,0.3529878666208021,NORMAL,4,8,False
2019-08-27,0.3744527864398188,NORMAL,4,8,False
2019-08-28,0.3737397434362773,NORMAL,5,8,False
2019-08-29,0.3705088075142908,NORMAL,5,8,False
2019-08-30,0.3695875022327454,NORMAL,4,8,False
2019-08-31,0.3683416908171347,NORMAL,4,8,False
2019-09-01,0.3700724378053015,NORMAL,4,9,False
2019-09-02,0.3463663462155673,NORMAL,4,9,False
2019-09-03,0.3301425132238724,NORMAL,4,9,False
2019-09-04,0.3279268652702932,NORMAL,5,9,False
2019-09-05,0.3316632822689614,NORMAL,5,9,False
2019-09-06,0.3369394253428525,NORMAL,4,9,False
2019-09-07,0.3502097584902207,NORMAL,4,9,False
2019-09-08,0.3896245960389025,NORMAL,4,9,False
2019-09-09,0.3827324544387206,NORMAL,4,9,False
2019-09-10,0.370190996951287,NORMAL,4,9,False
2019-09-11,0.3611331551821699,NORMAL,5,9,False
2019-09-12,0.3616374925324809,NORMAL,5,9,False
2019-09-13,0.3781514161953953,NORMAL,4,9,False
2019-09-14,0.3751478591536768,NORMAL,4,9,False
2019-09-15,0.3770501895527374,NORMAL,4,9,False
2019-09-16,0.3621872513035886,NORMAL,4,9,False
2019-09-17,0.3799751429891617,NORMAL,4,9,False
2019-09-18,0.3766365764819016,NORMAL,5,9,False
2019-09-19,0.3761083557857645,NORMAL,5,9,False
2019-09-20,0.3753441914993943,NORMAL,4,9,False
2019-09-21,0.3530211183459906,NORMAL,4,9,False
2019-09-22,0.348536960030155,NORMAL,4,9,False
2019-09-23,0.3706657986779916,NORMAL,4,9,False
2019-09-24,0.370212453411897,NORMAL,4,9,False
2019-09-25,0.3811213031969768,NORMAL,5,9,False
2019-09-26,0.3794042584800327,NORMAL,5,9,False
2019-09-27,0.3792920189638452,NORMAL,4,9,False
2019-09-28,0.387900722956552,NORMAL,4,9,False
2019-09-29,0.3742799659015683,NORMAL,4,9,False
2019-09-30,0.3690981785092144,NORMAL,4,9,False
2019-10-01,0.370553074724071,NORMAL,4,10,False
2019-10-02,0.3728411887415697,NORMAL,5,10,False
2019-10-03,0.3756283178831816,NORMAL,5,10,False
2019-10-04,0.3813612065743786,NORMAL,4,10,False
2019-10-05,0.3748319158555986,NORMAL,4,10,False
2019-10-06,0.3725482415515151,NORMAL,4,10,False
2019-10-07,0.3868404231887105,NORMAL,4,10,False
2019-10-08,0.3889600358693471,NORMAL,4,10,False
2019-10-09,0.3995161930366879,NORMAL,5,10,False
2019-10-10,0.3929150459281504,NORMAL,5,10,False
2019-10-11,0.3738976388118812,NORMAL,4,10,False
2019-10-12,0.3682104940238725,NORMAL,4,10,False
2019-10-13,0.3702437366590991,NORMAL,4,10,False
2019-10-14,0.3646981232662351,NORMAL,4,10,False
2019-10-15,0.3821529737410134,NORMAL,4,10,False
2019-10-16,0.3812554158379778,NORMAL,5,10,False
2019-10-17,0.377639649877247,NORMAL,5,10,False
2019-10-18,0.3865811415970558,NORMAL,4,10,False
2019-10-19,0.3915929755671243,NORMAL,4,10,False
2019-10-20,0.39988379145428,NORMAL,4,10,False
2019-10-21,0.3885741842984579,NORMAL,4,10,False
2019-10-22,0.3772394442614705,NORMAL,4,10,False
2019-10-23,0.3638824643226949,NORMAL,5,10,False
2019-10-24,0.3726274105480386,NORMAL,5,10,False
2019-10-25,0.3819757901837319,NORMAL,4,10,False
2019-10-26,0.3545446076392572,NORMAL,4,10,False
2019-10-27,0.3632418960103502,NORMAL,4,10,False
2019-10-28,0.3733401318890099,NORMAL,4,10,False
2019-10-29,0.3893167495269785,NORMAL,4,10,False
2019-10-30,0.3954042994635966,NORMAL,5,10,False
2019-10-31,0.3972514777073496,NORMAL,5,10,False
2019-11-01,0.3809237518655388,NORMAL,4,11,False
2019-11-02,0.3744865202161757,NORMAL,4,11,False
2019-11-03,0.3608410355126731,NORMAL,4,11,False
2019-11-04,0.3950751185368616,NORMAL,4,11,False
2019-11-05,0.4005170219650785,NORMAL,4,11,False
2019-11-06,0.3943635853694254,NORMAL,5,11,False
2019-11-07,0.3913327980928234,NORMAL,5,11,False
2019-11-08,0.3783204937822468,NORMAL,4,11,False
2019-11-09,0.3597496396007971,NORMAL,4,11,False
2019-11-10,0.3983849264836057,NORMAL,4,11,False
2019-11-11,0.3987704146270308,NORMAL,4,11,False
2019-11-12,0.3767754483007886,NORMAL,4,11,False
2019-11-13,0.3866977068098032,NORMAL,5,11,False
2019-11-14,0.3855106624140109,NORMAL,5,11,False
2019-11-15,0.381197496529967,NORMAL,4,11,False
2019-11-16,0.3734235584421412,NORMAL,4,11,False
2019-11-17,0.3691383237432207,NORMAL,4,11,False
2019-11-18,0.391693346480439,NORMAL,4,11,False
2019-11-19,0.381906224444011,NORMAL,4,11,False
2019-11-20,0.363458668377131,NORMAL,5,11,False
2019-11-21,0.3630346978243547,NORMAL,5,11,False
2019-11-22,0.3818523367076177,NORMAL,4,11,False
2019-11-23,0.3672760515575255,NORMAL,4,11,False
2019-11-24,0.3473378680536129,NORMAL,4,11,False
2019-11-25,0.3444664441648584,NORMAL,4,11,False
2019-11-26,0.3412837803952901,NORMAL,4,11,False
2019-11-27,0.3317195707578071,NORMAL,5,11,False
2019-11-28,0.3509237974441055,NORMAL,5,11,False
2019-11-29,0.3592898720620472,NORMAL,4,11,False
2019-11-30,0.3699374722209874,NORMAL,4,11,False
2019-12-01,0.3765362929913629,NORMAL,4,12,False
2019-12-02,0.3673456595512905,NORMAL,4,12,False
2019-12-03,0.3696331289754427,NORMAL,4,12,False
2019-12-04,0.3625681604408815,NORMAL,5,12,False
2019-12-05,0.3548365086165551,NORMAL,5,12,False
2019-12-06,0.3672794589836458,NORMAL,4,12,False
2019-12-07,0.3666629073604059,NORMAL,4,12,False
2019-12-08,0.3633569874277433,NORMAL,4,12,False
2019-12-09,0.3818883512709166,NORMAL,4,12,False
2019-12-10,0.3804766877559113,NORMAL,4,12,False
2019-12-11,0.3735493034860517,NORMAL,5,12,False
2019-12-12,0.3592104852596446,NORMAL,5,12,False
2019-12-13,0.3655859993438951,NORMAL,4,12,False
2019-12-14,0.353519130663301,NORMAL,4,12,False
2019-12-15,0.3414039686964743,NORMAL,4,12,False
2019-12-16,0.3340370805804101,NORMAL,4,12,False
2019-12-17,0.3270930137597608,NORMAL,4,12,False
2019-12-18,0.3112620284994922,NORMAL,5,12,False
2019-12-19,0.3203193698224461,NORMAL,5,12,False
2019-12-20,0.3353237950684787,NORMAL,4,12,False
2019-12-21,0.3289772978652332,NORMAL,4,12,False
2019-12-22,0.323468443395538,NORMAL,4,12,False
2019-12-23,0.3265607382369951,NORMAL,4,12,False
2019-12-24,0.3194357393797864,NORMAL,4,12,False
2019-12-25,0.3189922811267972,NORMAL,5,12,False
2019-12-26,0.3318402794844403,NORMAL,5,12,False
2019-12-27,0.3344596207356792,NORMAL,4,12,False
2019-12-28,0.3314727144229251,NORMAL,4,12,False
2019-12-29,0.3486574045367246,NORMAL,4,12,False
2019-12-30,0.3497963527387188,NORMAL,4,12,False
2019-12-31,0.3501077498208997,NORMAL,4,12,False
2020-01-01,0.3299197791155697,NORMAL,5,1,False
2020-01-02,0.3387512162160384,NORMAL,5,1,False
2020-01-03,0.3403531823345445,NORMAL,4,1,False
2020-01-04,0.3196141308027395,NORMAL,4,1,False
2020-01-05,0.3209310791237477,NORMAL,4,1,False
2020-01-06,0.3276674512792272,NORMAL,4,1,False
2020-01-07,0.3257198002807603,NORMAL,4,1,False
2020-01-08,0.3307110436974774,NORMAL,5,1,False
2020-01-09,0.3119146838632605,NORMAL,5,1,False
2020-01-10,0.321260833876288,NORMAL,4,1,False
2020-01-11,0.3270441532787,NORMAL,4,1,False
2020-01-12,0.3251814319334638,NORMAL,4,1,False
2020-01-13,0.3262498938958337,NORMAL,4,1,False
2020-01-14,0.3131436323060814,NORMAL,4,1,False
2020-01-15,0.314378806276361,NORMAL,5,1,False
2020-01-16,0.3042233503179653,NORMAL,5,1,False
2020-01-17,0.3227261729623387,NORMAL,4,1,False
2020-01-18,0.3340484555479227,NORMAL,4,1,False
2020-01-19,0.3298894738681453,NORMAL,4,1,False
2020-01-20,0.3179455265401787,NORMAL,4,1,False
2020-01-21,0.3108048780996632,NORMAL,4,1,False
2020-01-22,0.2996505560416166,NORMAL,5,1,False
2020-01-23,0.3183777640041816,NORMAL,5,1,False
2020-01-24,0.307286437134345,NORMAL,4,1,False
2020-01-25,0.3114263799085101,NORMAL,4,1,False
2020-01-26,0.3134715493500243,NORMAL,4,1,False
2020-01-27,0.2949939594536488,NORMAL,4,1,False
2020-01-28,0.3072136030051648,NORMAL,4,1,False
2020-01-29,0.305857289067153,NORMAL,5,1,False
2020-01-30,0.310710566442807,NORMAL,5,1,False
2020-01-31,0.319594211948737,NORMAL,4,1,False
2020-02-01,0.3067086503219769,NORMAL,4,2,False
2020-02-02,0.3062100838760044,NORMAL,4,2,False
2020-02-03,0.3111069510346574,NORMAL,4,2,False
2020-02-04,0.3176521710916316,NORMAL,4,2,False
2020-02-05,0.3058277842861295,NORMAL,5,2,False
2020-02-06,0.3138267901456156,NORMAL,5,2,False
2020-02-07,0.3228549939808974,NORMAL,4,2,False
2020-02-08,0.3183396476681258,NORMAL,4,2,False
2020-02-09,0.3425950310392469,NORMAL,4,2,False
2020-02-10,0.3358271152346821,NORMAL,4,2,False
2020-02-11,0.3503732735209428,NORMAL,4,2,False
2020-02-12,0.3583141074683267,NORMAL,5,2,False
2020-02-13,0.3495775458960782,NORMAL,5,2,False
2020-02-14,0.3194922286423802,NORMAL,4,2,False
2020-02-15,0.309637819543124,NORMAL,4,2,False
2020-02-16,0.3173418328278907,NORMAL,4,2,False
2020-02-17,0.3201080384653201,NORMAL,4,2,False
2020-02-18,0.3249500497563983,NORMAL,4,2,False
2020-02-19,0.3150788742623872,NORMAL,5,2,False
2020-02-20,0.3125127199094921,NORMAL,5,2,False
2020-02-21,0.3265827522053127,NORMAL,4,2,False
2020-02-22,0.3386001810286902,NORMAL,4,2,False
2020-02-23,0.3345439849110265,NORMAL,4,2,False
2020-02-24,0.3196042562572322,NORMAL,4,2,False
2020-02-25,0.3163701475702195,NORMAL,4,2,False
2020-02-26,0.3254806506984316,NORMAL,5,2,False
2020-02-27,0.3186405780514033,NORMAL,5,2,False
2020-02-28,0.3327581097822708,NORMAL,4,2,False
2020-02-29,0.3380379090575408,NORMAL,4,2,False
2020-03-01,0.3224513564511535,NORMAL,4,3,False
2020-03-02,0.3241302570522307,NORMAL,4,3,False
2020-03-03,0.3280719647750622,NORMAL,4,3,False
2020-03-04,0.3386961103426837,NORMAL,5,3,False
2020-03-05,0.3526052709911451,NORMAL,5,3,False
2020-03-06,0.3534392508027038,NORMAL,4,3,False
2020-03-07,0.3458882967690714,NORMAL,4,3,False
2020-03-08,0.353619718207512,NORMAL,4,3,False
2020-03-09,0.3433114966558929,NORMAL,4,3,False
2020-03-10,0.3348253857518683,NORMAL,4,3,False
2020-03-11,0.3359119319154995,NORMAL,5,3,False
2020-03-12,0.3506368474129543,NORMAL,5,3,False
2020-03-13,0.3455087068479401,NORMAL,4,3,False
2020-03-14,0.3666200675911807,NORMAL,4,3,False
2020-03-15,0.352155648316504,NORMAL,4,3,False
2020-03-16,0.3497909933535262,NORMAL,4,3,False
2020-03-17,0.3504510531906544,NORMAL,4,3,False
2020-03-18,0.3626700860480434,NORMAL,5,3,False
2020-03-19,0.3722251441492242,NORMAL,5,3,False
2020-03-20,0.3686240283648067,NORMAL,4,3,False
2020-03-21,0.367310858870022,NORMAL,4,3,False
2020-03-22,0.3554022969047794,NORMAL,4,3,False
2020-03-23,0.3245938438713765,NORMAL,4,3,False
2020-03-24,0.3312341106573746,NORMAL,4,3,False
2020-03-25,0.3670421581446787,NORMAL,5,3,False
2020-03-26,0.3600471993691773,NORMAL,5,3,False
2020-03-27,0.3550253595936533,NORMAL,4,3,False
2020-03-28,0.3565741417065651,NORMAL,4,3,False
2020-03-29,0.3635604048166211,NORMAL,4,3,False
2020-03-30,0.3676297069664911,NORMAL,4,3,False
2020-03-31,0.3675223496629931,NORMAL,4,3,False
2020-04-01,0.3662133420232986,NORMAL,5,4,False
2020-04-02,0.3538549786034519,NORMAL,5,4,False
2020-04-03,0.3416735977747305,NORMAL,4,4,False
2020-04-04,0.3221657745575439,NORMAL,4,4,False
2020-04-05,0.3274752306475221,NORMAL,4,4,False
2020-04-06,0.343777763167635,NORMAL,4,4,False
2020-04-07,0.3550320075307568,NORMAL,4,4,False
2020-04-08,0.358542098958027,NORMAL,5,4,False
2020-04-09,0.3409690449614898,NORMAL,5,4,False
2020-04-10,0.3408577313238813,NORMAL,4,4,False
2020-04-11,0.3383538523556166,NORMAL,4,4,False
2020-04-12,0.3446907654536063,NORMAL,4,4,False
2020-04-13,0.3561686617325002,NORMAL,4,4,False
2020-04-14,0.3484421920660958,NORMAL,4,4,False
2020-04-15,0.3274145549816679,NORMAL,5,4,False
2020-04-16,0.3233873215573933,NORMAL,5,4,False
2020-04-17,0.3501167420324861,NORMAL,4,4,False
2020-04-18,0.3594551161873374,NORMAL,4,4,False
2020-04-19,0.3494014839328875,NORMAL,4,4,False
2020-04-20,0.3791979399043227,NORMAL,4,4,False
2020-04-21,0.3678951556660822,NORMAL,4,4,False
2020-04-22,0.351578970637251,NORMAL,5,4,False
2020-04-23,0.3650808929063117,NORMAL,5,4,False
2020-04-24,0.3773999602538279,NORMAL,4,4,False
2020-04-25,0.3648770244806038,NORMAL,4,4,False
2020-04-26,0.3477634386435026,NORMAL,4,4,False
2020-04-27,0.3494024379270767,NORMAL,4,4,False
2020-04-28,0.3562630719582222,NORMAL,4,4,False
2020-04-29,0.3382669498914773,NORMAL,5,4,False
2020-04-30,0.3531282173096005,NORMAL,5,4,False
2020-05-01,0.3732696363464279,NORMAL,4,5,False
2020-05-02,0.3647056654036796,NORMAL,4,5,False
2020-05-03,0.3453411657890962,NORMAL,4,5,False
2020-05-04,0.3508253546956629,NORMAL,4,5,False
2020-05-05,0.3484931511600494,NORMAL,4,5,False
2020-05-06,0.3282192308276784,NORMAL,5,5,False
2020-05-07,0.3246531198256531,NORMAL,5,5,False
2020-05-08,0.3421781467640649,NORMAL,4,5,False
2020-05-09,0.3489781151248391,NORMAL,4,5,False
2020-05-10,0.3737580397064219,NORMAL,4,5,False
2020-05-11,0.3846189580264481,NORMAL,4,5,False
2020-05-12,0.3686622241328656,NORMAL,4,5,False
2020-05-13,0.3544489811546719,NORMAL,5,5,False
2020-05-14,0.3568451588346307,NORMAL,5,5,False
2020-05-15,0.3373634611955923,NORMAL,4,5,False
2020-05-16,0.3535244856344504,NORMAL,4,5,False
2020-05-17,0.3625888191302719,NORMAL,4,5,False
2020-05-18,0.3410846721084403,NORMAL,4,5,False
2020-05-19,0.3097856962207202,NORMAL,4,5,False
2020-05-20,0.3093576289972771,NORMAL,5,5,False
2020-05-21,0.3241301735072001,NORMAL,5,5,False
2020-05-22,0.3378411724727316,NORMAL,4,5,False
2020-05-23,0.3301634239758125,NORMAL,4,5,False
2020-05-24,0.3430580732534048,NORMAL,4,5,False
2020-05-25,0.3655181092006771,NORMAL,4,5,False
2020-05-26,0.343129036007699,NORMAL,4,5,False
2020-05-27,0.3303730798421547,NORMAL,5,5,False
2020-05-28,0.3251814296960973,NORMAL,5,5,False
2020-05-29,0.3157107949935632,NORMAL,4,5,False
2020-05-30,0.3180665441392775,NORMAL,4,5,False
2020-05-31,0.3209310791237522,NORMAL,4,5,False
2020-06-01,0.3291895166738742,NORMAL,4,6,False
2020-06-02,0.3403236037830226,NORMAL,4,6,False
2020-06-03,0.3495002247017311,NORMAL,5,6,False
2020-06-04,0.334964548515214,NORMAL,5,6,False
2020-06-05,0.3233112350882746,NORMAL,4,6,False
2020-06-06,0.3182459356729303,NORMAL,4,6,False
2020-06-07,0.3197989007619725,NORMAL,4,6,False
2020-06-08,0.3210673684147628,NORMAL,4,6,False
2020-06-09,0.3127091389787452,NORMAL,4,6,False
2020-06-10,0.3141481325338406,NORMAL,5,6,False
2020-06-11,0.321158765707971,NORMAL,5,6,False
2020-06-12,0.3039746634490028,NORMAL,4,6,False
2020-06-13,0.3067996848315907,NORMAL,4,6,False
2020-06-14,0.3333743349249763,NORMAL,4,6,False
2020-06-15,0.3268956998115209,NORMAL,4,6,False
2020-06-16,0.3168931487975723,NORMAL,4,6,False
2020-06-17,0.3104439413893879,NORMAL,5,6,False
2020-06-18,0.2890337710987977,NORMAL,5,6,False
2020-06-19,0.2984595135921468,NORMAL,4,6,False
2020-06-20,0.3095949797738941,NORMAL,4,6,False
2020-06-21,0.3194402437868384,NORMAL,4,6,False
2020-06-22,0.3027677476752551,NORMAL,4,6,False
2020-06-23,0.3110140785906025,NORMAL,4,6,False
2020-06-24,0.3098672570330846,NORMAL,5,6,False
2020-06-25,0.3053684686665796,NORMAL,5,6,False
2020-06-26,0.3034110714928357,NORMAL,4,6,False
2020-06-27,0.3009493788460118,NORMAL,4,6,False
2020-06-28,0.2899179569536387,NORMAL,4,6,False
2020-06-29,0.2982524656506465,NORMAL,4,6,False
2020-06-30,0.3010448705799679,NORMAL,4,6,False
2020-07-01,0.2964935444724528,NORMAL,5,7,False
2020-07-02,0.2896854426648751,NORMAL,5,7,False
2020-07-03,0.2863637567041258,NORMAL,4,7,False
2020-07-04,0.2931686057594834,NORMAL,4,7,False
2020-07-05,0.3070906670462781,NORMAL,4,7,False
2020-07-06,0.3266009336259373,NORMAL,4,7,False
2020-07-07,0.3205890241375426,NORMAL,4,7,False
2020-07-08,0.3161249528621965,NORMAL,5,7,False
2020-07-09,0.3142880556162534,NORMAL,5,7,False
2020-07-10,0.303856577515333,NORMAL,4,7,False
2020-07-11,0.2951392351440948,NORMAL,4,7,False
2020-07-12,0.295115806548391,NORMAL,4,7,False
2020-07-13,0.302250567004181,NORMAL,4,7,False
2020-07-14,0.3117006853301027,NORMAL,4,7,False
2020-07-15,0.3172246765184009,NORMAL,5,7,False
2020-07-16,0.3026571931385822,NORMAL,5,7,False
2020-07-17,0.2959528712727737,NORMAL,4,7,False
2020-07-18,0.2898565561008284,NORMAL,4,7,False
2020-07-19,0.2895245048988383,NORMAL,4,7,False
2020-07-20,0.3002943914089477,NORMAL,4,7,False
2020-07-21,0.2805244480646658,NORMAL,4,7,False
2020-07-22,0.2774817364841345,NORMAL,5,7,False
2020-07-23,0.2677029248577652,NORMAL,5,7,False
2020-07-24,0.275483748178714,NORMAL,4,7,False
2020-07-25,0.2725894516152592,NORMAL,4,7,False
2020-07-26,0.2740299882644403,NORMAL,4,7,False
2020-07-27,0.2615353176973895,NORMAL,4,7,False
2020-07-28,0.2575392146368636,NORMAL,4,7,False
2020-07-29,0.2521746811272227,NORMAL,5,7,False
2020-07-30,0.2554659810058905,NORMAL,5,7,False
2020-07-31,0.2740559818897338,NORMAL,4,7,False
2020-08-01,0.2832190693556402,NORMAL,4,8,False
2020-08-02,0.2794954923182421,NORMAL,4,8,False
2020-08-03,0.2855962775187454,NORMAL,4,8,False
2020-08-04,0.2951792106608771,NORMAL,4,8,False
2020-08-05,0.2897932769280342,NORMAL,5,8,False
2020-08-06,0.2783495755463385,NORMAL,5,8,False
2020-08-07,0.2688467819519366,NORMAL,4,8,False
2020-08-08,0.2678636895719928,NORMAL,4,8,False
2020-08-09,0.2948106804650685,NORMAL,4,8,False
2020-08-10,0.2905992635958667,NORMAL,4,8,False
2020-08-11,0.2812673780132653,NORMAL,4,8,False
2020-08-12,0.264226043047583,NORMAL,5,8,False
2020-08-13,0.2603736310714019,NORMAL,5,8,False
2020-08-14,0.2819570043610755,NORMAL,4,8,False
2020-08-15,0.2481145559566145,NORMAL,4,8,False
2020-08-16,0.2293316936031113,NORMAL,4,8,False
2020-08-17,0.2338031790192242,NORMAL,4,8,False
2020-08-18,0.254344884063643,NORMAL,4,8,False
2020-08-19,0.236982401154615,NORMAL,5,8,False
2020-08-20,0.2012860606378209,NORMAL,5,8,False
2020-08-21,0.2036016198253235,NORMAL,4,8,False
2020-08-22,0.2195163325095194,NORMAL,4,8,False
2020-08-23,0.2321554481460876,NORMAL,4,8,False
2020-08-24,0.2389455091113438,NORMAL,4,8,False
2020-08-25,0.2280446274716905,NORMAL,4,8,False
2020-08-26,0.1991760476564003,NORMAL,5,8,False
2020-08-27,0.2055661751211867,NORMAL,5,8,False
2020-08-28,0.2135691461359762,NORMAL,4,8,False
2020-08-29,0.2052185595287524,NORMAL,4,8,False
2020-08-30,0.2060644914779071,NORMAL,4,8,False
2020-08-31,0.2126684435129249,NORMAL,4,8,False
2020-09-01,0.2270361738230526,NORMAL,4,9,False
2020-09-02,0.2203417046591927,NORMAL,5,9,False
2020-09-03,0.2371682234119023,NORMAL,5,9,False
2020-09-04,0.2445371822422204,NORMAL,4,9,False
2020-09-05,0.222258077740278,NORMAL,4,9,False
2020-09-06,0.2049162538485838,NORMAL,4,9,False
2020-09-07,0.1826290895094181,NORMAL,4,9,False
2020-09-08,0.2408165856494298,NORMAL,4,9,False
2020-09-09,0.2452759268741249,NORMAL,5,9,False
2020-09-10,0.2237754341074355,NORMAL,5,9,False
2020-09-11,0.1958965126530331,NORMAL,4,9,False
2020-09-12,0.1737125867451104,NORMAL,4,9,False
2020-09-13,0.1901604635211606,NORMAL,4,9,False
2020-09-14,0.1922331077742341,NORMAL,4,9,False
2020-09-15,0.2074115585381901,NORMAL,4,9,False
2020-09-16,0.2174985166699753,NORMAL,5,9,False
2020-09-17,0.2314667676527307,NORMAL,5,9,False
2020-09-18,0.2321596293761137,NORMAL,4,9,False
2020-09-19,0.2177117072306735,NORMAL,4,9,False
2020-09-20,0.2170597366556757,NORMAL,4,9,False
2020-09-21,0.2116635587893429,NORMAL,4,9,False
2020-09-22,0.2014708010069685,NORMAL,4,9,False
2020-09-23,0.2102966678482117,NORMAL,5,9,False
2020-09-24,0.2104577345307496,NORMAL,5,9,False
2020-09-25,0.2176001705082439,NORMAL,4,9,False
2020-09-26,0.2126914217739451,NORMAL,4,9,False
2020-09-27,0.2071806105721433,NORMAL,4,9,False
2020-09-28,0.225455936582033,NORMAL,4,9,False
2020-09-29,0.2208379387645098,NORMAL,4,9,False
2020-09-30,0.2138533350875605,NORMAL,5,9,False
2020-10-01,0.2258269927413813,NORMAL,5,10,False
2020-10-02,0.2516250220339399,NORMAL,4,10,False
2020-10-03,0.2527412510335429,NORMAL,4,10,False
2020-10-04,0.2642793363212516,NORMAL,4,10,False
2020-10-05,0.2510202039498687,NORMAL,4,10,False
2020-10-06,0.2215164993312836,NORMAL,4,10,False
2020-10-07,0.2171685995731084,NORMAL,5,10,False
2020-10-08,0.2101144672037607,NORMAL,5,10,False
2020-10-09,0.2318161066599708,NORMAL,4,10,False
2020-10-10,0.2665838514662272,NORMAL,4,10,False
2020-10-11,0.2759490707358255,NORMAL,4,10,False
2020-10-12,0.268521276295707,NORMAL,4,10,False
2020-10-13,0.2732104770544438,NORMAL,4,10,False
2020-10-14,0.2518420817775427,NORMAL,5,10,False
2020-10-15,0.2651176928013976,NORMAL,5,10,False
2020-10-16,0.2768524715008504,NORMAL,4,10,False
2020-10-17,0.2801881556825645,NORMAL,4,10,False
2020-10-18,0.2591189583507767,NORMAL,4,10,False
2020-10-19,0.2551362117776404,NORMAL,4,10,False
2020-10-20,0.2675459714535659,NORMAL,4,10,False
2020-10-21,0.2852924566960358,NORMAL,5,10,False
2020-10-22,0.2787464783931687,NORMAL,5,10,False
2020-10-23,0.2768014798476776,NORMAL,4,10,False
2020-10-24,0.2802631252787185,NORMAL,4,10,False
2020-10-25,0.2717335130057938,NORMAL,4,10,False
2020-10-26,0.2595362670206175,NORMAL,4,10,False
2020-10-27,0.2528482959361368,NORMAL,4,10,False
2020-10-28,0.2510186301617913,NORMAL,5,10,False
2020-10-29,0.247836328308413,NORMAL,5,10,False
2020-10-30,0.2531762417990342,NORMAL,4,10,False
2020-10-31,0.3090407402594757,NORMAL,4,10,False
2020-11-01,0.308894658100277,NORMAL,4,11,False
2020-11-02,0.3110212008715759,NORMAL,4,11,False
2020-11-03,0.2931837598242044,NORMAL,4,11,False
2020-11-04,0.2876689326945768,NORMAL,5,11,False
2020-11-05,0.2909297867252044,NORMAL,5,11,False
2020-11-06,0.3069751196728394,NORMAL,4,11,False
2020-11-07,0.2997980600479405,NORMAL,4,11,False
2020-11-08,0.2896743913959044,NORMAL,4,11,False
2020-11-09,0.2579472093110609,NORMAL,4,11,False
2020-11-10,0.2628121398316234,NORMAL,4,11,False
2020-11-11,0.2908983650898881,NORMAL,5,11,False
2020-11-12,0.2923538097770023,NORMAL,5,11,False
2020-11-13,0.2701081544252853,NORMAL,4,11,False
2020-11-14,0.2784210152017945,NORMAL,4,11,False
2020-11-15,0.2931110746501002,NORMAL,4,11,False
2020-11-16,0.280577213286051,NORMAL,4,11,False
2020-11-17,0.2711989338723182,NORMAL,4,11,False
2020-11-18,0.2806441125589407,NORMAL,5,11,False
2020-11-19,0.3178467723577429,NORMAL,5,11,False
2020-11-20,0.3054104810516475,NORMAL,4,11,False
2020-11-21,0.2867238979758354,NORMAL,4,11,False
2020-11-22,0.2957528241609279,NORMAL,4,11,False
2020-11-23,0.3194220371606886,NORMAL,4,11,False
2020-11-24,0.3158176437095324,NORMAL,4,11,False
2020-11-25,0.3030516526174103,NORMAL,5,11,False
2020-11-26,0.3129283951882629,NORMAL,5,11,False
2020-11-27,0.3151015789266497,NORMAL,4,11,False
2020-11-28,0.3177559558123556,NORMAL,4,11,False
2020-11-29,0.2978244696739719,NORMAL,4,11,False
2020-11-30,0.2910065768704925,NORMAL,4,11,False
2020-12-01,0.2749162656728917,NORMAL,4,12,False
2020-12-02,0.294283368148752,NORMAL,5,12,False
2020-12-03,0.3207269997732472,NORMAL,5,12,False
2020-12-04,0.335251333245544,NORMAL,4,12,False
2020-12-05,0.3151454073748593,NORMAL,4,12,False
2020-12-06,0.316265861902511,NORMAL,4,12,False
2020-12-07,0.3108041457712872,NORMAL,4,12,False
2020-12-08,0.2998513549585702,NORMAL,4,12,False
2020-12-09,0.3206204085885522,NORMAL,5,12,False
2020-12-10,0.3227919672871516,NORMAL,5,12,False
2020-12-11,0.3200182478014768,NORMAL,4,12,False
2020-12-12,0.3156996468892822,NORMAL,4,12,False
2020-12-13,0.3320360626297281,NORMAL,4,12,False
2020-12-14,0.316608359934674,NORMAL,4,12,False
2020-12-15,0.307543496087036,NORMAL,4,12,False
2020-12-16,0.3076463516981055,NORMAL,5,12,False
2020-12-17,0.3315935560931697,NORMAL,5,12,False
2020-12-18,0.3250422675251028,NORMAL,4,12,False
2020-12-19,0.3128374148075536,NORMAL,4,12,False
2020-12-20,0.3183963913965503,NORMAL,4,12,False
2020-12-21,0.3364889993059472,NORMAL,4,12,False
2020-12-22,0.3456045751505043,NORMAL,4,12,False
2020-12-23,0.3554065454114266,NORMAL,5,12,False
2020-12-24,0.3402315565636697,NORMAL,5,12,False
2020-12-25,0.3413676478556626,NORMAL,4,12,False
2020-12-26,0.3280428553988862,NORMAL,4,12,False
2020-12-27,0.3287037646145607,NORMAL,4,12,False
2020-12-28,0.3111283885754301,NORMAL,4,12,False
2020-12-29,0.3271037419900658,NORMAL,4,12,False
2020-12-30,0.3399567691680949,NORMAL,5,12,False
2020-12-31,0.3459115581149016,NORMAL,5,12,False
2021-01-01,0.3267464622497289,NORMAL,4,1,False
2021-01-02,0.3207949019421624,NORMAL,4,1,False
2021-01-03,0.3247237428084847,NORMAL,4,1,False
2021-01-04,0.3324507025634589,NORMAL,4,1,False
2021-01-05,0.3277983949022927,NORMAL,4,1,False
2021-01-06,0.3329051265042529,NORMAL,5,1,False
2021-01-07,0.3301051704175617,NORMAL,5,1,False
2021-01-08,0.3408389449253438,NORMAL,4,1,False
2021-01-09,0.3354193281633087,NORMAL,4,1,False
2021-01-10,0.3289901548857398,NORMAL,4,1,False
2021-01-11,0.3320005142072946,NORMAL,4,1,False
2021-01-12,0.3542381184882084,NORMAL,4,1,False
2021-01-13,0.365574965852128,NORMAL,5,1,False
2021-01-14,0.3364127075509439,NORMAL,5,1,False
2021-01-15,0.3342261326395461,NORMAL,4,1,False
2021-01-16,0.3289398130671597,NORMAL,4,1,False
2021-01-17,0.3338239944161814,NORMAL,4,1,False
2021-01-18,0.3158178506187913,NORMAL,4,1,False
2021-01-19,0.3111159967784959,NORMAL,4,1,False
2021-01-20,0.3323633114346088,NORMAL,5,1,False
2021-01-21,0.3275279836891684,NORMAL,5,1,False
2021-01-22,0.3221894187183622,NORMAL,4,1,False
2021-01-23,0.3467691895238806,NORMAL,4,1,False
2021-01-24,0.3398114246651293,NORMAL,4,1,False
2021-01-25,0.337027617517787,NORMAL,4,1,False
2021-01-26,0.3459854273263244,NORMAL,4,1,False
2021-01-27,0.3390716257374878,NORMAL,5,1,False
2021-01-28,0.3435676858978181,NORMAL,5,1,False
2021-01-29,0.3322025691397592,NORMAL,4,1,False
2021-01-30,0.322259486552737,NORMAL,4,1,False
2021-01-31,0.3227377467223326,NORMAL,4,1,False
2021-02-01,0.3437724037824424,NORMAL,4,2,False
2021-02-02,0.3354824898580274,NORMAL,4,2,False
2021-02-03,0.3417002335011055,NORMAL,5,2,False
2021-02-04,0.3540158851629776,NORMAL,5,2,False
2021-02-05,0.364595687763759,NORMAL,4,2,False
2021-02-06,0.3401450902065752,NORMAL,4,2,False
2021-02-07,0.3337865227919153,NORMAL,4,2,False
2021-02-08,0.3112221778162914,NORMAL,4,2,False
2021-02-09,0.3349273039397617,NORMAL,4,2,False
2021-02-10,0.3169859560174224,NORMAL,5,2,False
2021-02-11,0.3207028637893176,NORMAL,5,2,False
2021-02-12,0.326180186522335,NORMAL,4,2,False
2021-02-13,0.3395399784661936,NORMAL,4,2,False
2021-02-14,0.3345948392582454,NORMAL,4,2,False
2021-02-15,0.3377940096003008,NORMAL,4,2,False
2021-02-16,0.3361288657338859,NORMAL,4,2,False
2021-02-17,0.332800518644271,NORMAL,5,2,False
2021-02-18,0.3412720856485961,NORMAL,5,2,False
2021-02-19,0.3785137253100872,NORMAL,4,2,False
2021-02-20,0.3520304486825355,NORMAL,4,2,False
2021-02-21,0.3298172071642063,NORMAL,4,2,False
2021-02-22,0.3177204323621011,NORMAL,4,2,False
2021-02-23,0.3140153010183437,NORMAL,4,2,False
2021-02-24,0.3294396558607856,NORMAL,5,2,False
2021-02-25,0.3295366339072395,NORMAL,5,2,False
2021-02-26,0.319661306229234,NORMAL,4,2,False
2021-02-27,0.3176086941056246,NORMAL,4,2,False
2021-02-28,0.3096601498531577,NORMAL,4,2,False
2021-03-01,0.3067738881065856,NORMAL,4,3,False
2021-03-02,0.3210235174648833,NORMAL,4,3,False
2021-03-03,0.3422581420876728,NORMAL,5,3,False
2021-03-04,0.3412506314406633,NORMAL,5,3,False
2021-03-05,0.3047985812135141,NORMAL,4,3,False
2021-03-06,0.2867346079181366,NORMAL,4,3,False
2021-03-07,0.301421745603603,NORMAL,4,3,False
2021-03-08,0.3087675793981672,NORMAL,4,3,False
2021-03-09,0.3255132818473951,NORMAL,4,3,False
2021-03-10,0.300144090560501,NORMAL,5,3,False
2021-03-11,0.2951884470006305,NORMAL,5,3,False
2021-03-12,0.2887791508020221,NORMAL,4,3,False
2021-03-13,0.3129177393748594,NORMAL,4,3,False
2021-03-14,0.3024227732804531,NORMAL,4,3,False
2021-03-15,0.3382951121157903,NORMAL,4,3,False
2021-03-16,0.311212550851239,NORMAL,4,3,False
2021-03-17,0.2815399850008258,NORMAL,5,3,False
2021-03-18,0.268593274487139,NORMAL,5,3,False
2021-03-19,0.2733582013725636,NORMAL,4,3,False
2021-03-20,0.2906303494325594,NORMAL,4,3,False
2021-03-21,0.3124517858610515,NORMAL,4,3,False
2021-03-22,0.3160161478709128,NORMAL,4,3,False
2021-03-23,0.3308747149421646,NORMAL,4,3,False
2021-03-24,0.3113988233933157,NORMAL,5,3,False
2021-03-25,0.2942069169875274,NORMAL,5,3,False
2021-03-26,0.3013714053657198,NORMAL,4,3,False
2021-03-27,0.3230091825142749,NORMAL,4,3,False
2021-03-28,0.3354861286068837,NORMAL,4,3,False
2021-03-29,0.3290689305070407,NORMAL,4,3,False
2021-03-30,0.3050009055048218,NORMAL,4,3,False
2021-03-31,0.2909037295955259,NORMAL,5,3,False
2021-04-01,0.2875239312152549,NORMAL,5,4,False
2021-04-02,0.2994873979693646,NORMAL,4,4,False
2021-04-03,0.2821855599229437,NORMAL,4,4,False
2021-04-04,0.3055489773621544,NORMAL,4,4,False
2021-04-05,0.3164904534604369,NORMAL,4,4,False
2021-04-06,0.2969922815823685,NORMAL,4,4,False
2021-04-07,0.2877708583017388,NORMAL,5,4,False
2021-04-08,0.2936920159970531,NORMAL,5,4,False
2021-04-09,0.2940930178173938,NORMAL,4,4,False
2021-04-10,0.2980523394517889,NORMAL,4,4,False
2021-04-14,0.2831359254287418,NORMAL,5,4,False
2021-04-15,0.2944616857067746,NORMAL,5,4,False
2021-04-16,0.3006682573061119,NORMAL,4,4,False
2021-04-17,0.2808789469614105,NORMAL,4,4,False
2021-04-18,0.283748521672542,NORMAL,4,4,False
2021-04-19,0.2807406745344138,NORMAL,4,4,False
2021-04-20,0.2405912928130284,NORMAL,4,4,False
2021-04-21,0.2512251636289354,NORMAL,5,4,False
2021-04-22,0.2597326866092978,NORMAL,5,4,False
2021-04-23,0.2515901330080848,NORMAL,4,4,False
2021-04-24,0.2362586498220082,NORMAL,4,4,False
2021-04-25,0.2534768023540008,NORMAL,4,4,False
2021-04-26,0.2831979526451366,NORMAL,4,4,False
2021-04-27,0.294449691000159,NORMAL,4,4,False
2021-04-28,0.2908983650898835,NORMAL,5,4,False
2021-04-29,0.2959902980222627,NORMAL,5,4,False
2021-04-30,0.2841496454477185,NORMAL,4,4,False
2021-05-01,0.2587816584950737,NORMAL,4,5,False
2021-05-02,0.267236918093755,NORMAL,4,5,False
2021-05-03,0.2910548113372259,NORMAL,4,5,False
2021-05-04,0.3029759520348148,NORMAL,4,5,False
2021-05-05,0.3092422921260169,NORMAL,5,5,False
2021-05-06,0.3121238623906385,NORMAL,5,5,False
2021-05-07,0.3194170830482232,NORMAL,4,5,False
2021-05-08,0.3209153887931233,NORMAL,4,5,False
2021-05-09,0.3068792200236308,NORMAL,4,5,False
2021-05-10,0.2766059088584656,NORMAL,4,5,False
2021-05-11,0.2713062161753619,NORMAL,4,5,False
2021-05-12,0.3003962223255846,NORMAL,5,5,False
2021-05-13,0.3033544548965265,NORMAL,5,5,False
2021-05-14,0.3023590331746335,NORMAL,4,5,False
2021-05-15,0.3245487367210082,NORMAL,4,5,False
2021-05-16,0.3196757797108078,NORMAL,4,5,False
2021-05-17,0.3269090982744978,NORMAL,4,5,False
2021-05-18,0.3436359448895965,NORMAL,4,5,False
2021-05-19,0.3377197703161929,NORMAL,5,5,False
2021-05-20,0.3439189985527836,NORMAL,5,5,False
2021-05-21,0.3451893380727747,NORMAL,4,5,False
2021-05-22,0.3486086221152276,NORMAL,4,5,False
2021-05-23,0.348494135316708,NORMAL,4,5,False
2021-05-24,0.3528860383021473,NORMAL,4,5,False
2021-05-25,0.3516740714453841,NORMAL,4,5,False
2021-05-26,0.3555004242601213,NORMAL,5,5,False
2021-05-27,0.3564697101957379,NORMAL,5,5,False
2021-05-28,0.3634738713938466,NORMAL,4,5,False
2021-05-29,0.369902664908484,NORMAL,4,5,False
2021-05-30,0.3634586961221855,NORMAL,4,5,False
2021-05-31,0.3616057580102056,NORMAL,4,5,False
2021-06-01,0.3603317533012745,NORMAL,4,6,False
2021-06-02,0.365019739518381,NORMAL,5,6,False
2021-06-03,0.3802570632455184,NORMAL,5,6,False
2021-06-04,0.41116716974242,NORMAL,4,6,False
2021-06-05,0.4204455601440376,NORMAL,4,6,False
2021-06-06,0.4034623315717769,NORMAL,4,6,False
2021-06-07,0.385232607630982,NORMAL,4,6,False
2021-06-08,0.3843522609534798,NORMAL,4,6,False
2021-06-09,0.4021984458567124,NORMAL,5,6,False
2021-06-10,0.4106201310278913,NORMAL,5,6,False
2021-06-11,0.418853490516166,NORMAL,4,6,False
2021-06-12,0.4179581760430814,NORMAL,4,6,False
2021-06-13,0.4250754291400527,NORMAL,4,6,False
2021-06-14,0.4161187444948891,NORMAL,4,6,False
2021-06-15,0.4313901867243999,NORMAL,4,6,False
2021-06-16,0.4347770886087037,NORMAL,5,6,False
2021-06-17,0.4540541749956794,NORMAL,5,6,False
2021-06-18,0.4795711305948368,NORMAL,4,6,False
2021-06-19,0.4795028595142,NORMAL,4,6,False
2021-06-20,0.4672256533512292,NORMAL,4,6,False
2021-06-21,0.4479615316156381,NORMAL,4,6,False
2021-06-22,0.4765748107101894,NORMAL,4,6,False
2021-06-23,0.4700782179730188,NORMAL,5,6,False
2021-06-24,0.4905906911118235,NORMAL,5,6,False
2021-06-25,0.5053460693906104,NORMAL,4,6,False
2021-06-26,0.4995679364276542,NORMAL,4,6,False
2021-06-27,0.5000748851104219,NORMAL,4,6,False
2021-06-28,0.5049719915999822,NORMAL,4,6,False
2021-06-29,0.5113718257034565,NORMAL,4,6,False
2021-06-30,0.5139410983388438,NORMAL,5,6,False
2021-07-01,0.5226405959932136,WARNING,5,7,True
2021-07-02,0.5319422421796665,WARNING,4,7,True
2021-07-03,0.5303456331343743,WARNING,4,7,True
2021-07-04,0.522330353380416,WARNING,4,7,True
2021-07-05,0.5151628625433622,WARNING,4,7,True
2021-07-06,0.5096365344516743,WARNING,4,7,True
2021-07-07,0.5160010685046185,WARNING,5,7,True
2021-07-08,0.5216188393402301,WARNING,5,7,True
2021-07-09,0.5272107535190084,WARNING,4,7,True
2021-07-10,0.5330204412257168,WARNING,4,7,True
2021-07-11,0.5345648387035901,WARNING,4,7,True
2021-07-12,0.5376428037329596,WARNING,4,7,True
2021-07-13,0.5360226168860673,WARNING,4,7,True
2021-07-14,0.5321509127339762,WARNING,5,7,True
2021-07-15,0.51951632696244,NORMAL,5,7,False
2021-07-16,0.519798177409686,NORMAL,4,7,False
2021-07-17,0.5290042128603354,WARNING,4,7,True
2021-07-18,0.538603744490652,WARNING,4,7,True
2021-07-19,0.537618686499593,WARNING,4,7,True
2021-07-20,0.5217835732141652,NORMAL,4,7,False
2021-07-21,0.5330950657266236,WARNING,5,7,True
2021-07-22,0.5414934812175634,WARNING,5,7,True
2021-07-23,0.5497275940538439,WARNING,4,7,True
2021-07-24,0.5499689249276308,WARNING,4,7,True
2021-07-25,0.5567614229925933,WARNING,4,7,True
2021-07-26,0.5775300280275252,WARNING,4,7,True
2021-07-27,0.5773987191136835,WARNING,4,7,True
2021-07-28,0.5773066389590537,WARNING,5,7,True
2021-07-29,0.5822269767613251,WARNING,5,7,True
2021-07-30,0.5846488251669789,WARNING,4,7,True
2021-07-31,0.5870413902256932,WARNING,4,7,True
2021-08-01,0.5821002706308416,NORMAL,4,8,False
2021-08-02,0.5775541452608918,NORMAL,4,8,False
2021-08-03,0.5718897728522288,NORMAL,4,8,False
2021-08-04,0.5663576829477204,NORMAL,5,8,False
2021-08-05,0.5801512821434476,NORMAL,5,8,False
2021-08-06,0.585939719123745,NORMAL,4,8,False
2021-08-07,0.5771909207881972,NORMAL,4,8,False
2021-08-08,0.5697346346227378,NORMAL,4,8,False
2021-08-09,0.5530456767759698,NORMAL,4,8,False
2021-08-10,0.5552073747284343,NORMAL,4,8,False
2021-08-11,0.5613525991855595,NORMAL,5,8,False
2021-08-12,0.5782257669811292,NORMAL,5,8,False
2021-08-13,0.576739751381982,NORMAL,4,8,False
2021-08-14,0.5502420284564791,NORMAL,4,8,False
2021-08-15,0.5674060408290065,NORMAL,4,8,False
2021-08-16,0.5803731818721032,NORMAL,4,8,False
2021-08-17,0.5879123848122856,NORMAL,4,8,False
2021-08-18,0.5860936991974458,NORMAL,5,8,False
2021-08-19,0.6056120634122889,NORMAL,5,8,False
2021-08-20,0.6207401805319882,NORMAL,4,8,False
2021-08-21,0.6269171829227922,NORMAL,4,8,False
2021-08-22,0.6373709164246424,NORMAL,4,8,False
2021-08-23,0.631062247021991,NORMAL,4,8,False
2021-08-24,0.6282934436791496,NORMAL,4,8,False
2021-08-25,0.6293986709767104,NORMAL,5,8,False
2021-08-26,0.6436879189478966,NORMAL,5,8,False
2021-08-27,0.6460776646189174,NORMAL,4,8,False
2021-08-28,0.6319615657497116,NORMAL,4,8,False
2021-08-29,0.6321061532151323,NORMAL,4,8,False
2021-08-30,0.6292480951343591,NORMAL,4,8,False
2021-08-31,0.6193595098929134,NORMAL,4,8,False
2021-09-01,0.6205526011762713,WARNING,5,9,True
2021-09-02,0.6307590768900619,WARNING,5,9,True
2021-09-03,0.6061646190367916,NORMAL,4,9,False
2021-09-04,0.5815605772497349,NORMAL,4,9,False
2021-09-05,0.5999581761386531,NORMAL,4,9,False
2021-09-06,0.6177682920521985,WARNING,4,9,True
2021-09-07,0.6343763502619085,WARNING,4,9,True
2021-09-08,0.6034264169204294,NORMAL,5,9,False
2021-09-09,0.610090629319073,NORMAL,5,9,False
2021-09-10,0.6347333636724617,WARNING,4,9,True
2021-09-11,0.6555395037400874,CRITICAL,4,9,True
2021-09-12,0.6476782896426552,CRITICAL,4,9,True
2021-09-13,0.6338839633258012,WARNING,4,9,True
2021-09-14,0.6177690497502448,NORMAL,4,9,False
2021-09-15,0.6189217914616985,NORMAL,5,9,False
2021-09-16,0.6126490436155212,NORMAL,5,9,False
2021-09-17,0.6019940385610899,NORMAL,4,9,False
2021-09-18,0.5939466255285757,NORMAL,4,9,False
2021-09-19,0.6035045977210606,NORMAL,4,9,False
2021-09-20,0.6188642863240478,NORMAL,4,9,False
2021-09-21,0.648706583891399,CRITICAL,4,9,True
2021-09-22,0.644649960511354,WARNING,5,9,True
2021-09-23,0.6149982793845845,NORMAL,5,9,False
2021-09-24,0.6007917090545829,NORMAL,4,9,False
2021-09-25,0.5997058970045317,NORMAL,4,9,False
2021-09-26,0.6055468012436105,NORMAL,4,9,False
2021-09-27,0.6145794578627115,NORMAL,4,9,False
2021-09-28,0.6112248292643802,NORMAL,4,9,False
2021-09-29,0.6091503444383597,NORMAL,5,9,False
2021-09-30,0.6099163138795841,NORMAL,5,9,False
2021-10-01,0.5997826110759071,CRITICAL,4,10,True
2021-10-02,0.5817024839853142,CRITICAL,4,10,True
2021-10-03,0.5904403835748363,CRITICAL,4,10,True
2021-10-04,0.550020303834848,WARNING,4,10,True
2021-10-05,0.5511708780762902,WARNING,4,10,True
2021-10-06,0.5667680676291859,CRITICAL,5,10,True
2021-10-07,0.5841015381797898,CRITICAL,5,10,True
2021-10-08,0.5777703195304154,CRITICAL,4,10,True
2021-10-09,0.5751372893507007,CRITICAL,4,10,True
2021-10-10,0.574340967862986,CRITICAL,4,10,True
2021-10-11,0.544719871879547,NORMAL,4,10,False
2021-10-12,0.5393778709138546,NORMAL,4,10,False
2021-10-13,0.5505136155398506,WARNING,5,10,True
2021-10-14,0.5657367361860018,WARNING,5,10,True
2021-10-15,0.5524999297239805,WARNING,4,10,True
2021-10-16,0.5402255549132152,NORMAL,4,10,False
2021-10-17,0.534757549914101,NORMAL,4,10,False
2021-10-18,0.5461320698777433,NORMAL,4,10,False
2021-10-19,0.5349471117980228,NORMAL,4,10,False
2021-10-20,0.5382047573487687,NORMAL,5,10,False
2021-10-21,0.5217636552438052,NORMAL,5,10,False
2021-10-22,0.5274254552165972,NORMAL,4,10,False
2021-10-23,0.5253494450478391,NORMAL,4,10,False
2021-10-24,0.5217816617393638,NORMAL,4,10,False
2021-10-25,0.5365896845426489,NORMAL,4,10,False
2021-10-26,0.5419097332657635,NORMAL,4,10,False
2021-10-27,0.5355627383210458,NORMAL,5,10,False
2021-10-28,0.5209403500142333,NORMAL,5,10,False
2021-10-29,0.5316309247181563,NORMAL,4,10,False
2021-10-30,0.5255020617257196,NORMAL,4,10,False
2021-10-31,0.4845321906733933,NORMAL,4,10,False
2021-11-01,0.4864713939157568,NORMAL,4,11,False
2021-11-02,0.5030467189870181,NORMAL,4,11,False
2021-11-03,0.5202282989489745,NORMAL,5,11,False
2021-11-04,0.5127341154784594,NORMAL,5,11,False
2021-11-05,0.5080808322636698,NORMAL,4,11,False
2021-11-06,0.4718800580767062,NORMAL,4,11,False
2021-11-07,0.4750786351797506,NORMAL,4,11,False
2021-11-08,0.523177823098624,WARNING,4,11,True
2021-11-09,0.553198513603878,CRITICAL,4,11,True
2021-11-10,0.5498135475538222,CRITICAL,5,11,True
2021-11-11,0.5405226783084243,WARNING,5,11,True
2021-11-12,0.5203268803400002,NORMAL,4,11,False
2021-11-13,0.5372107061536016,WARNING,4,11,True
2021-11-14,0.5167738468105432,NORMAL,4,11,False
2021-11-15,0.4971901643005915,NORMAL,4,11,False
2021-11-16,0.5098618272880713,NORMAL,4,11,False
2021-11-17,0.5103522440656514,NORMAL,5,11,False
2021-11-18,0.5246492462112824,NORMAL,5,11,False
2021-11-19,0.4801883979754102,NORMAL,4,11,False
2021-11-20,0.4763139741920899,NORMAL,4,11,False
2021-11-21,0.4881027011571162,NORMAL,4,11,False
2021-11-22,0.5115747541570406,NORMAL,4,11,False
2021-11-23,0.5080782589999188,NORMAL,4,11,False
2021-11-24,0.506607819128904,NORMAL,5,11,False
2021-11-25,0.4899443830977305,NORMAL,5,11,False
2021-11-26,0.4804594588686207,NORMAL,4,11,False
2021-11-27,0.4643830984613273,NORMAL,4,11,False
2021-11-28,0.4762616678887515,NORMAL,4,11,False
2021-11-29,0.46717760722305,NORMAL,4,11,False
2021-11-30,0.4823224600959292,NORMAL,4,11,False
2021-12-01,0.4919627187315828,NORMAL,5,12,False
2021-12-02,0.5075368336058003,NORMAL,5,12,False
2021-12-03,0.4750140870634702,NORMAL,4,12,False
2021-12-04,0.4546290185046014,NORMAL,4,12,False
2021-12-05,0.4710156404913734,NORMAL,4,12,False
2021-12-06,0.4529404004593927,NORMAL,4,12,False
2021-12-07,0.4436337795596317,NORMAL,4,12,False
2021-12-08,0.4448087141555887,NORMAL,5,12,False
2021-12-09,0.4429998943563049,NORMAL,5,12,False
2021-12-10,0.441856093641796,NORMAL,4,12,False
2021-12-11,0.4442082446392225,NORMAL,4,12,False
2021-12-12,0.4488592043712243,NORMAL,4,12,False
2021-12-13,0.4582354730295012,NORMAL,4,12,False
2021-12-14,0.4699018514606711,NORMAL,4,12,False
2021-12-15,0.4596657125256917,NORMAL,5,12,False
2021-12-16,0.4516754396906977,NORMAL,5,12,False
2021-12-17,0.4469579427307967,NORMAL,4,12,False
2021-12-18,0.4580481675863298,NORMAL,4,12,False
2021-12-19,0.472313764617765,NORMAL,4,12,False
2021-12-20,0.4761117023388074,NORMAL,4,12,False
2021-12-21,0.4349626874158644,NORMAL,4,12,False
2021-12-22,0.4150169320836017,NORMAL,5,12,False
2021-12-23,0.4055435290748708,NORMAL,5,12,False
2021-12-24,0.4064276297680997,NORMAL,4,12,False
2022-01-01,0.3921043753123219,NORMAL,4,1,False
2022-01-02,0.4048193396791593,NORMAL,4,1,False
2022-01-03,0.4036688926929009,NORMAL,4,1,False
2022-01-04,0.3874849042024463,NORMAL,4,1,False
2022-01-05,0.3920032028878075,NORMAL,5,1,False
2022-01-06,0.3754110940278224,NORMAL,5,1,False
2022-01-07,0.3865945604531579,NORMAL,4,1,False
2022-01-08,0.3844869288459774,NORMAL,4,1,False
2022-01-09,0.3779334492675993,NORMAL,4,1,False
2022-01-10,0.3913021113613955,NORMAL,4,1,False
2022-01-11,0.3857522950082427,NORMAL,4,1,False
2022-01-12,0.371092359902912,NORMAL,5,1,False
2022-01-13,0.3710129814008033,NORMAL,5,1,False
2022-01-14,0.3939400422819764,NORMAL,4,1,False
2022-01-15,0.4077596334805808,NORMAL,4,1,False
2022-01-16,0.3984357808308201,NORMAL,4,1,False
2022-01-17,0.3778500545284284,NORMAL,4,1,False
2022-01-18,0.3790578792981144,NORMAL,4,1,False
2022-01-19,0.391557948919685,NORMAL,5,1,False
2022-01-20,0.3710880711285841,NORMAL,5,1,False
2022-01-21,0.3795013531190009,NORMAL,4,1,False
2022-01-22,0.3905487561921289,NORMAL,4,1,False
2022-01-23,0.3849807911743814,NORMAL,4,1,False
2022-01-24,0.3935423343718296,NORMAL,4,1,False
2022-01-25,0.402753857983601,NORMAL,4,1,False
2022-01-26,0.3801798324571497,NORMAL,5,1,False
2022-01-27,0.3809382343475051,NORMAL,5,1,False
2022-01-28,0.3897077350682221,NORMAL,4,1,False
2022-01-29,0.3998048238315445,NORMAL,4,1,False
2022-01-30,0.399455544319802,NORMAL,4,1,False
2022-01-31,0.3899059915187746,NORMAL,4,1,False
2022-02-01,0.3727523619365281,NORMAL,4,2,False
2022-02-02,0.37922763270604,NORMAL,5,2,False
2022-02-03,0.3757516795788169,NORMAL,5,2,False
2022-02-04,0.379775097783429,NORMAL,4,2,False
2022-02-05,0.363219660908489,NORMAL,4,2,False
2022-02-06,0.3727302465836728,NORMAL,4,2,False
2022-02-07,0.3828878766093014,NORMAL,4,2,False
2022-02-08,0.383220432656336,NORMAL,4,2,False
2022-02-09,0.372988712646669,NORMAL,5,2,False
2022-02-10,0.3697203653726195,NORMAL,5,2,False
2022-02-11,0.3645178583983798,NORMAL,4,2,False
2022-02-12,0.3555727621007974,NORMAL,4,2,False
2022-02-13,0.3640555655658638,NORMAL,4,2,False
2022-02-14,0.3713250030566625,NORMAL,4,2,False
2022-02-15,0.3654625294444902,NORMAL,4,2,False
2022-02-16,0.3583570235134461,NORMAL,5,2,False
2022-02-17,0.3473704442545978,NORMAL,5,2,False
2022-02-18,0.3552078560366046,NORMAL,4,2,False
2022-02-19,0.3317779477786928,NORMAL,4,2,False
2022-02-20,0.3439600687803986,NORMAL,4,2,False
2022-02-21,0.3479929196214675,NORMAL,4,2,False
2022-02-22,0.3479567396448106,NORMAL,4,2,False
2022-02-23,0.3641426428462321,NORMAL,5,2,False
2022-02-24,0.3744966084145212,NORMAL,5,2,False
2022-02-25,0.3882423959821646,NORMAL,4,2,False
2022-02-26,0.3978609693026986,NORMAL,4,2,False
2022-02-27,0.3717747201648628,NORMAL,4,2,False
2022-02-28,0.3721101529873503,NORMAL,4,2,False
2022-03-01,0.3873829860145529,NORMAL,4,3,False
2022-03-02,0.3814217155128179,NORMAL,5,3,False
2022-03-03,0.351347518050855,NORMAL,5,3,False
2022-03-04,0.3697002206239774,NORMAL,4,3,False
2022-03-05,0.38514291281232,NORMAL,4,3,False
2022-03-06,0.3688546100166321,NORMAL,4,3,False
2022-03-07,0.3520392554417469,NORMAL,4,3,False
2022-03-08,0.3484314638357885,NORMAL,4,3,False
2022-03-09,0.3400130964773104,NORMAL,5,3,False
2022-03-10,0.3632626487836826,NORMAL,5,3,False
2022-03-11,0.3517618937902729,NORMAL,4,3,False
2022-03-12,0.3544642830719537,NORMAL,4,3,False
2022-03-13,0.3404404126438947,NORMAL,4,3,False
2022-03-14,0.33345290759444,NORMAL,4,3,False
2022-03-15,0.3166598097884489,NORMAL,4,3,False
2022-03-16,0.3269746655191879,NORMAL,5,3,False
2022-03-17,0.3261495508292374,NORMAL,5,3,False
2022-03-18,0.3393440843558643,NORMAL,4,3,False
2022-03-19,0.3440060244084945,NORMAL,4,3,False
2022-03-20,0.3262038719670317,NORMAL,4,3,False
2022-03-21,0.311918897891306,NORMAL,4,3,False
2022-03-22,0.3156835408307193,NORMAL,4,3,False
2022-03-23,0.3230237071152919,NORMAL,5,3,False
2022-03-24,0.3360318953600668,NORMAL,5,3,False
2022-03-25,0.3414857337893391,NORMAL,4,3,False
2022-03-26,0.34024415717292,NORMAL,4,3,False
2022-03-27,0.3197239575134337,NORMAL,4,3,False
2022-03-28,0.2984105675138165,NORMAL,4,3,False
2022-03-29,0.2942780393152827,NORMAL,4,3,False
2022-03-30,0.2945569579363964,NORMAL,5,3,False
2022-03-31,0.3071679403572681,NORMAL,5,3,False
2022-04-01,0.3166340122932021,NORMAL,4,4,False
2022-04-02,0.3105508421248527,NORMAL,4,4,False
2022-04-03,0.3342013872034427,NORMAL,4,4,False
2022-04-04,0.3348919025186039,NORMAL,4,4,False
2022-04-05,0.3215250622316283,NORMAL,4,4,False
2022-04-06,0.3164575522118787,NORMAL,5,4,False
2022-04-07,0.3335834338792932,NORMAL,5,4,False
2022-04-08,0.3528192996509036,NORMAL,4,4,False
2022-04-09,0.3474010761200323,NORMAL,4,4,False
2022-04-10,0.3475412854424862,NORMAL,4,4,False
2022-04-11,0.3270323641339229,NORMAL,4,4,False
2022-04-12,0.3212488103012824,NORMAL,4,4,False
2022-04-13,0.3167257774938807,NORMAL,5,4,False
2022-04-14,0.3055615565380115,NORMAL,5,4,False
2022-04-15,0.3168379789059155,NORMAL,4,4,False
2022-04-16,0.3198899118171579,NORMAL,4,4,False
2022-04-17,0.3248441873150589,NORMAL,4,4,False
2022-04-18,0.3249207663681134,NORMAL,4,4,False
2022-04-19,0.3420267103438965,NORMAL,4,4,False
2022-04-20,0.3748743363791433,NORMAL,5,4,False
2022-04-21,0.3576014196643913,NORMAL,5,4,False
2022-04-22,0.3532379679612081,NORMAL,4,4,False
2022-04-23,0.3766204762209779,NORMAL,4,4,False
2022-04-24,0.3618902409921515,NORMAL,4,4,False
2022-04-25,0.3638245434798717,NORMAL,4,4,False
2022-04-26,0.3582451125070112,NORMAL,4,4,False
2022-04-27,0.313981832858996,NORMAL,5,4,False
2022-04-28,0.301807070149091,NORMAL,5,4,False
2022-04-29,0.3118488482081515,NORMAL,4,4,False
2022-04-30,0.3301714564325435,NORMAL,4,4,False
2022-05-01,0.3355771311229545,NORMAL,4,5,False
2022-05-02,0.3392517623726342,NORMAL,4,5,False
2022-05-03,0.343992658547228,NORMAL,4,5,False
2022-05-04,0.3373576661854915,NORMAL,5,5,False
2022-05-05,0.3311215635185609,NORMAL,5,5,False
2022-05-06,0.3196237334321544,NORMAL,4,5,False
2022-05-07,0.298285280696982,NORMAL,4,5,False
2022-05-08,0.2907235968753805,NORMAL,4,5,False
2022-05-09,0.3112864904386003,NORMAL,4,5,False
2022-05-10,0.334321158927547,NORMAL,4,5,False
2022-05-11,0.3299600129078691,NORMAL,5,5,False
2022-05-12,0.3087582335205761,NORMAL,5,5,False
2022-05-13,0.3251871911709767,NORMAL,4,5,False
2022-05-14,0.324559446663314,NORMAL,4,5,False
2022-05-15,0.3241563153552985,NORMAL,4,5,False
2022-05-16,0.3235273262180819,NORMAL,4,5,False
2022-05-17,0.3166249430399575,NORMAL,4,5,False
2022-05-18,0.2987117675546095,NORMAL,5,5,False
2022-05-19,0.3102841640600721,NORMAL,5,5,False
2022-05-20,0.3156920085950234,NORMAL,4,5,False
2022-05-21,0.3174533999421626,NORMAL,4,5,False
2022-05-22,0.3066169186537578,NORMAL,4,5,False
2022-05-23,0.3096063231807787,NORMAL,4,5,False
2022-05-24,0.291716674330037,NORMAL,4,5,False
2022-05-25,0.2915474702723298,NORMAL,5,5,False
2022-05-26,0.30672812909457,NORMAL,5,5,False
2022-05-27,0.3117441811305748,NORMAL,4,5,False
2022-05-28,0.313691532706588,NORMAL,4,5,False
2022-05-29,0.3130727442060495,NORMAL,4,5,False
2022-05-30,0.3121949062287178,NORMAL,4,5,False
2022-05-31,0.3151954063518601,NORMAL,4,5,False
2022-06-01,0.3101086597868833,NORMAL,5,6,False
2022-06-02,0.2989187974056238,NORMAL,5,6,False
2022-06-03,0.2686159776270302,NORMAL,4,6,False
2022-06-04,0.2537533405816188,NORMAL,4,6,False
2022-06-05,0.2617660609507766,NORMAL,4,6,False
2022-06-06,0.2787309050872613,NORMAL,4,6,False
2022-06-07,0.2932695856666403,NORMAL,4,6,False
2022-06-08,0.2942699568846537,NORMAL,5,6,False
2022-06-09,0.2843406631126533,NORMAL,5,6,False
2022-06-10,0.2675505204527327,NORMAL,4,6,False
2022-06-11,0.2512552465383477,NORMAL,4,6,False
2022-06-12,0.2637600866706959,NORMAL,4,6,False
2022-06-13,0.259343329153691,NORMAL,4,6,False
2022-06-14,0.2474654063807594,NORMAL,4,6,False
2022-06-15,0.252367803330264,NORMAL,5,6,False
2022-06-16,0.2610655292773619,NORMAL,5,6,False
2022-06-17,0.2474839630416554,NORMAL,4,6,False
2022-06-18,0.2291633130431626,NORMAL,4,6,False
2022-06-19,0.2292808392558946,NORMAL,4,6,False
2022-06-20,0.2432919705023995,NORMAL,4,6,False
2022-06-21,0.261666901246596,NORMAL,4,6,False
2022-06-22,0.2434385836924081,NORMAL,5,6,False
2022-06-23,0.2432424460339722,NORMAL,5,6,False
2022-06-24,0.2366012707450214,NORMAL,4,6,False
2022-06-25,0.2134143428797106,NORMAL,4,6,False
2022-06-26,0.1972131585171284,NORMAL,4,6,False
2022-06-27,0.195588082904687,NORMAL,4,6,False
2022-06-28,0.2018033761464135,NORMAL,4,6,False
2022-06-29,0.1871139567247573,NORMAL,5,6,False
2022-06-30,0.1773109832685951,NORMAL,5,6,False
2022-07-01,0.1710045345886078,NORMAL,4,7,False
2022-07-02,0.1749549400528046,NORMAL,4,7,False
2022-07-03,0.1827732004513831,NORMAL,4,7,False
2022-07-04,0.177398329561623,NORMAL,4,7,False
2022-07-05,0.1717696954084278,NORMAL,4,7,False
2022-07-06,0.1714737405312069,NORMAL,5,7,False
2022-07-07,0.1773163468205772,NORMAL,5,7,False
2022-07-08,0.1818469703169399,NORMAL,4,7,False
2022-07-09,0.1778359145335699,NORMAL,4,7,False
2022-07-10,0.1679049952511667,NORMAL,4,7,False
2022-07-11,0.1634853656021017,NORMAL,4,7,False
2022-07-12,0.1600893346641929,NORMAL,4,7,False
2022-07-13,0.1662594410490887,NORMAL,5,7,False
2022-07-14,0.1723604247872113,NORMAL,5,7,False
2022-07-15,0.1721048807887581,NORMAL,4,7,False
2022-07-16,0.1689091776201175,NORMAL,4,7,False
2022-07-17,0.1630952446220382,NORMAL,4,7,False
2022-07-18,0.1610763219581123,NORMAL,4,7,False
2022-07-19,0.157173938078892,NORMAL,4,7,False
2022-07-20,0.1539666763749207,NORMAL,5,7,False
2022-07-21,0.153067728300159,NORMAL,5,7,False
2022-07-22,0.1441373009063415,NORMAL,4,7,False
2022-07-23,0.1382733876489743,NORMAL,4,7,False
2022-07-24,0.1379919329077549,NORMAL,4,7,False
2022-07-25,0.1245762291051508,NORMAL,4,7,False
2022-07-26,0.1018404082248699,NORMAL,4,7,False
2022-07-27,0.0998495434781553,NORMAL,5,7,False
2022-07-28,0.1014730399884593,NORMAL,5,7,False
2022-07-29,0.103988083456867,NORMAL,4,7,False
2022-07-30,0.0985957288845672,NORMAL,4,7,False
2022-07-31,0.0909971629877747,NORMAL,4,7,False
2022-08-01,0.0939151864193303,NORMAL,4,8,False
2022-08-02,0.0968437349604583,NORMAL,4,8,False
2022-08-03,0.0908318094972404,NORMAL,5,8,False
2022-08-04,0.0886675596262646,NORMAL,5,8,False
2022-08-05,0.1104828098089928,NORMAL,4,8,False
2022-08-06,0.0950266406105306,NORMAL,4,8,False
2022-08-07,0.1008522001699964,NORMAL,4,8,False
2022-08-08,0.0963403082188999,NORMAL,4,8,False
2022-08-09,0.091307968123234,NORMAL,4,8,False
2022-08-10,0.0897481793579451,NORMAL,5,8,False
2022-08-11,0.0868090888637507,NORMAL,5,8,False
2022-08-12,0.0760741789988499,NORMAL,4,8,False
2022-08-13,0.070637424490348,NORMAL,4,8,False
2022-08-14,0.0675292200182811,NORMAL,4,8,False
2022-08-15,0.0758888943246359,NORMAL,4,8,False
2022-08-16,0.0673223272195226,NORMAL,4,8,False
2022-08-17,0.058918365444607,NORMAL,5,8,False
2022-08-18,0.0615789403302248,NORMAL,5,8,False
2022-08-19,0.0729556368413434,NORMAL,4,8,False
2022-08-20,0.0593384353557417,NORMAL,4,8,False
2022-08-21,0.0456002901883297,NORMAL,4,8,False
2022-08-22,0.0384375106000185,NORMAL,4,8,False
2022-08-23,0.0229986437156858,NORMAL,4,8,False
2022-08-24,0.0130142906827459,NORMAL,5,8,False
2022-08-25,0.0240394399930378,NORMAL,5,8,False
2022-08-26,0.0210863904746329,NORMAL,4,8,False
2022-08-27,0.0006533064807677,NORMAL,4,8,False
2022-08-28,0.0103849930111351,NORMAL,4,8,False
2022-08-29,0.008885860649031,NORMAL,4,8,False
2022-08-30,0.0024514006246235,NORMAL,4,8,False
2022-08-31,0.0128077572156065,NORMAL,5,8,False
2022-09-01,0.0079005120726777,NORMAL,5,9,False
2022-09-02,0.0179946860293285,NORMAL,4,9,False
2022-09-03,0.0153366373846083,NORMAL,4,9,False
2022-09-04,0.000877906625683,NORMAL,4,9,False
2022-09-05,0.0129134386211341,NORMAL,4,9,False
2022-09-06,0.0088963849801686,NORMAL,4,9,False
2022-09-07,0.0142695850025169,NORMAL,5,9,False
2022-09-08,0.0337689232923156,NORMAL,5,9,False
2022-09-09,0.0492257317151233,NORMAL,4,9,False
2022-09-10,0.0474905616778595,NORMAL,4,9,False
2022-09-11,0.0441683388324132,NORMAL,4,9,False
2022-09-12,0.0339999396606978,NORMAL,4,9,False
2022-09-13,0.0507793960896869,NORMAL,4,9,False
2022-09-14,0.0436000195894631,NORMAL,5,9,False
2022-09-15,0.03932288137192,NORMAL,5,9,False
2022-09-16,0.04747859665098,NORMAL,4,9,False
2022-09-17,0.0388556706922876,NORMAL,4,9,False
2022-09-18,0.0363447989943837,NORMAL,4,9,False
2022-09-19,0.0495769927224606,NORMAL,4,9,False
2022-09-20,0.0563875784814634,NORMAL,4,9,False
2022-09-21,0.0746631894981394,NORMAL,5,9,False
2022-09-22,0.0773156018517704,NORMAL,5,9,False
2022-09-23,0.0504736853323722,NORMAL,4,9,False
2022-09-24,0.0483125497499767,NORMAL,4,9,False
2022-09-25,0.0521631775242267,NORMAL,4,9,False
2022-09-26,0.0735120069917975,NORMAL,4,9,False
2022-09-27,0.0883845253652089,NORMAL,4,9,False
2022-09-28,0.090000311123031,NORMAL,5,9,False
2022-09-29,0.0920814604641861,NORMAL,5,9,False
2022-09-30,0.0895306078953494,NORMAL,4,9,False
2022-10-01,0.111702020783601,NORMAL,4,10,False
2022-10-02,0.1037723103182293,NORMAL,4,10,False
2022-10-03,0.1186835850860884,NORMAL,4,10,False
2022-10-04,0.1010304268368593,NORMAL,4,10,False
2022-10-05,0.0978485828744185,NORMAL,5,10,False
2022-10-06,0.1027924737765671,NORMAL,5,10,False
2022-10-07,0.1153001791486831,NORMAL,4,10,False
2022-10-08,0.111198653495139,NORMAL,4,10,False
2022-10-09,0.1171175616464562,NORMAL,4,10,False
2022-10-10,0.123311414199744,NORMAL,4,10,False
2022-10-11,0.1042488959282709,NORMAL,4,10,False
2022-10-12,0.1069467844399299,NORMAL,5,10,False
2022-10-13,0.1193926671675649,NORMAL,5,10,False
2022-10-14,0.1245833437982631,NORMAL,4,10,False
2022-10-15,0.1225538698268671,NORMAL,4,10,False
2022-10-16,0.121841662848679,NORMAL,4,10,False
2022-10-17,0.1306055374466198,NORMAL,4,10,False
2022-10-18,0.1344569104087069,NORMAL,4,10,False
2022-10-19,0.1250305329525218,NORMAL,5,10,False
2022-10-20,0.1355074591039954,NORMAL,5,10,False
2022-10-21,0.1313598661284701,NORMAL,4,10,False
2022-10-22,0.1425225572595511,NORMAL,4,10,False
2022-10-23,0.1424778216414291,NORMAL,4,10,False
2022-10-24,0.1570487439860138,NORMAL,4,10,False
2022-10-25,0.1578417704153607,NORMAL,4,10,False
2022-10-26,0.1622414263246899,NORMAL,5,10,False
2022-10-27,0.1824036758775619,NORMAL,5,10,False
2022-10-28,0.1660288227469391,NORMAL,4,10,False
2022-10-29,0.1682853234806923,NORMAL,4,10,False
2022-10-30,0.1602527542669255,NORMAL,4,10,False
2022-10-31,0.1354691795087449,NORMAL,4,10,False
2022-11-01,0.1405666375672329,NORMAL,4,11,False
2022-11-02,0.1579793265936747,NORMAL,5,11,False
2022-11-03,0.1753211054824694,NORMAL,5,11,False
2022-11-04,0.1712353389135164,NORMAL,4,11,False
2022-11-05,0.1672705564470394,NORMAL,4,11,False
2022-11-06,0.1527959010377996,NORMAL,4,11,False
2022-11-07,0.1497680192021102,NORMAL,4,11,False
2022-11-08,0.188076605471557,NORMAL,4,11,False
2022-11-09,0.2105434351076551,NORMAL,5,11,False
2022-11-10,0.228280817774137,NORMAL,5,11,False
2022-11-11,0.2117629681049911,NORMAL,4,11,False
2022-11-12,0.2069375052691362,NORMAL,4,11,False
2022-11-13,0.2095145574550604,NORMAL,4,11,False
2022-11-14,0.183585739766269,NORMAL,4,11,False
2022-11-15,0.1688542988231247,NORMAL,4,11,False
2022-11-16,0.1718680316957542,NORMAL,5,11,False
2022-11-17,0.1931415069498623,NORMAL,5,11,False
2022-11-18,0.2175867516521441,NORMAL,4,11,False
2022-11-19,0.1760286117691493,NORMAL,4,11,False
2022-11-20,0.169754487563201,NORMAL,4,11,False
2022-11-21,0.1880661857871304,NORMAL,4,11,False
2022-11-22,0.2176865211125116,NORMAL,4,11,False
2022-11-23,0.2158060151405376,NORMAL,5,11,False
2022-11-24,0.2018170522842551,NORMAL,5,11,False
2022-11-25,0.1656691974034763,NORMAL,4,11,False
2022-11-26,0.1630776140335799,NORMAL,4,11,False
2022-11-27,0.1686356919243742,NORMAL,4,11,False
2022-11-28,0.1854588448910149,NORMAL,4,11,False
2022-11-29,0.1710964989568043,NORMAL,4,11,False
2022-11-30,0.1961960647733549,NORMAL,5,11,False
2022-12-01,0.2029246257689881,NORMAL,5,12,False
2022-12-02,0.2207643367764854,NORMAL,4,12,False
2022-12-03,0.199724359124909,NORMAL,4,12,False
2022-12-04,0.1966109359842622,NORMAL,4,12,False
2022-12-05,0.2032493240372465,NORMAL,4,12,False
2022-12-06,0.1711018630719591,NORMAL,4,12,False
2022-12-07,0.1695934813043752,NORMAL,5,12,False
2022-12-08,0.1815750070960079,NORMAL,5,12,False
2022-12-09,0.1902310716078563,NORMAL,4,12,False
2022-12-10,0.1983240341681758,NORMAL,4,12,False
2022-12-11,0.199705021530881,NORMAL,4,12,False
2022-12-12,0.1783656985888545,NORMAL,4,12,False
2022-12-13,0.1921747894479528,NORMAL,4,12,False
2022-12-14,0.2163505124630065,NORMAL,5,12,False
2022-12-15,0.2089103497833162,NORMAL,5,12,False
2022-12-16,0.2127049718031744,NORMAL,4,12,False
2022-12-17,0.2093177899470188,NORMAL,4,12,False
2022-12-18,0.2145491378297867,NORMAL,4,12,False
2022-12-19,0.2291378342092228,NORMAL,4,12,False
2022-12-20,0.241752623743511,NORMAL,4,12,False
2022-12-21,0.1962094760374578,NORMAL,5,12,False
2022-12-22,0.18668379036093,NORMAL,5,12,False
2022-12-23,0.1908832280142915,NORMAL,4,12,False
2022-12-24,0.1982919043412516,NORMAL,4,12,False
2022-12-25,0.2074214995852894,NORMAL,4,12,False
2022-12-26,0.2124353102570516,NORMAL,4,12,False
2022-12-27,0.2062260890895234,NORMAL,4,12,False
2022-12-28,0.1964294207686978,NORMAL,5,12,False
2022-12-29,0.1967297232272704,NORMAL,5,12,False
2022-12-30,0.1870991105942545,NORMAL,4,12,False
2022-12-31,0.168652139004729,NORMAL,4,12,False
2023-01-01,0.1909982219779895,NORMAL,4,1,False
2023-01-02,0.2041389819791923,NORMAL,4,1,False
2023-01-03,0.2038900169406746,NORMAL,4,1,False
2023-01-04,0.1885891957757683,NORMAL,5,1,False
2023-01-05,0.1902988243982576,NORMAL,5,1,False
2023-01-06,0.1809398556446209,NORMAL,4,1,False
2023-01-07,0.1924041135576082,NORMAL,4,1,False
2023-01-08,0.1966992619557538,NORMAL,4,1,False
2023-01-09,0.2093911794677578,NORMAL,4,1,False
2023-01-10,0.2007251890007882,NORMAL,4,1,False
2023-01-11,0.1959385685026334,NORMAL,5,1,False
2023-01-12,0.2011868349261173,NORMAL,5,1,False
2023-01-13,0.2207133451233059,NORMAL,4,1,False
2023-01-14,0.2370110232691209,NORMAL,4,1,False
2023-01-15,0.2335820464128251,NORMAL,4,1,False
2023-01-16,0.2234327686718921,NORMAL,4,1,False
2023-01-17,0.2151010176090773,NORMAL,4,1,False
2023-01-18,0.2048168253369048,NORMAL,5,1,False
2023-01-19,0.2042172417971673,NORMAL,5,1,False
2023-01-20,0.2236654934651831,NORMAL,4,1,False
2023-01-21,0.2255246101441261,NORMAL,4,1,False
2023-01-22,0.2424414090073733,NORMAL,4,1,False
2023-01-23,0.2427533522905596,NORMAL,4,1,False
2023-01-24,0.2363160930366106,NORMAL,4,1,False
2023-01-25,0.2410808834636102,NORMAL,5,1,False
2023-01-26,0.2448461480772388,NORMAL,5,1,False
2023-01-27,0.2366012707450237,NORMAL,4,1,False
2023-01-28,0.2392065614421989,NORMAL,4,1,False
2023-01-29,0.2452250153814931,NORMAL,4,1,False
2023-01-30,0.2474160174079624,NORMAL,4,1,False
2023-01-31,0.2361551695820372,NORMAL,4,1,False
2023-02-01,0.2464453891036546,NORMAL,5,2,False
2023-02-02,0.2567532334820877,NORMAL,5,2,False
2023-02-03,0.2498322628590546,NORMAL,4,2,False
2023-02-04,0.2485509861056536,NORMAL,4,2,False
2023-02-05,0.2521037349790773,NORMAL,4,2,False
2023-02-06,0.2562054091235267,NORMAL,4,2,False
2023-02-07,0.2554659841304862,NORMAL,4,2,False
2023-02-08,0.2606613290497739,NORMAL,5,2,False
2023-02-09,0.270483926561559,NORMAL,5,2,False
2023-02-10,0.2482756755515225,NORMAL,4,2,False
2023-02-11,0.2512016968268051,NORMAL,4,2,False
2023-02-12,0.2587148001176049,NORMAL,4,2,False
2023-02-13,0.253177356489813,NORMAL,4,2,False
2023-02-14,0.2737307962242227,NORMAL,4,2,False
2023-02-15,0.2864377786501845,NORMAL,5,2,False
2023-02-16,0.2656299120158843,NORMAL,5,2,False
2023-02-17,0.24975174972246,NORMAL,4,2,False
2023-02-18,0.2601444986537266,NORMAL,4,2,False
2023-02-19,0.2591698126979911,NORMAL,4,2,False
2023-02-20,0.2823324119365644,NORMAL,4,2,False
2023-02-21,0.2892330890145008,NORMAL,4,2,False
2023-02-22,0.2635849846236016,NORMAL,5,2,False
2023-02-23,0.267265795371057,NORMAL,5,2,False
2023-02-24,0.2941681634115484,NORMAL,4,2,False
2023-02-25,0.3125696662498571,NORMAL,4,2,False
2023-02-26,0.316421101488756,NORMAL,4,2,False
2023-02-27,0.2946322009531646,NORMAL,4,2,False
2023-02-28,0.2870069812262787,NORMAL,4,2,False
2023-03-01,0.3045161626571362,NORMAL,5,3,False
2023-03-02,0.3068488090142109,NORMAL,5,3,False
2023-03-03,0.309143606818505,NORMAL,4,3,False
2023-03-04,0.341352636201766,NORMAL,4,3,False
2023-03-05,0.3072405535433487,NORMAL,4,3,False
2023-03-06,0.2817696764913625,NORMAL,4,3,False
2023-03-07,0.2861219022261396,NORMAL,4,3,False
2023-03-08,0.3049185005801392,NORMAL,5,3,False
2023-03-09,0.2904899754624972,NORMAL,5,3,False
2023-03-10,0.3080969360427473,NORMAL,4,3,False
2023-03-11,0.3197185527402361,NORMAL,4,3,False
2023-03-12,0.3190976460792591,NORMAL,4,3,False
2023-03-13,0.3067980053399523,NORMAL,4,3,False
2023-03-14,0.3035552764712646,NORMAL,4,3,False
2023-03-15,0.311650955158397,NORMAL,5,3,False
2023-03-16,0.3148405014706202,NORMAL,5,3,False
2023-03-17,0.2975497151486009,NORMAL,4,3,False
2023-03-18,0.3030645924517841,NORMAL,4,3,False
2023-03-19,0.3042963544937982,NORMAL,4,3,False
2023-03-20,0.2986517398474765,NORMAL,4,3,False
2023-03-21,0.2955627448942712,NORMAL,4,3,False
2023-03-22,0.2993662372426962,NORMAL,5,3,False
2023-03-23,0.3328888538973433,NORMAL,5,3,False
2023-03-24,0.3446499000575783,NORMAL,4,3,False
2023-03-25,0.3470556804806139,NORMAL,4,3,False
2023-03-26,0.3414200279640155,NORMAL,4,3,False
2023-03-27,0.3405353351262197,NORMAL,4,3,False
2023-03-28,0.3379928957493286,NORMAL,4,3,False
2023-03-29,0.3232114648126928,NORMAL,5,3,False
2023-03-30,0.3083237858098579,NORMAL,5,3,False
2023-03-31,0.3078822343451585,NORMAL,4,3,False
2023-04-01,0.3079108413460137,NORMAL,4,4,False
2023-04-02,0.3269131562835124,NORMAL,4,4,False
2023-04-03,0.3453319848734328,NORMAL,4,4,False
2023-04-04,0.3614608995408443,NORMAL,4,4,False
2023-04-05,0.3471639824954987,NORMAL,5,4,False
2023-04-06,0.3167445624249988,NORMAL,5,4,False
2023-04-07,0.3300770223336087,NORMAL,4,4,False
2023-04-08,0.3566946285575283,NORMAL,4,4,False
2023-04-09,0.3324536035858461,NORMAL,4,4,False
2023-04-10,0.3344256360068641,NORMAL,4,4,False
2023-04-11,0.3176628993219343,NORMAL,4,4,False
2023-04-12,0.3208242598028761,NORMAL,5,4,False
2023-04-13,0.3319502323001148,NORMAL,5,4,False
2023-04-14,0.3363033715637393,NORMAL,4,4,False
2023-04-15,0.3367741358652283,NORMAL,4,4,False
2023-04-16,0.3452742521743338,NORMAL,4,4,False
2023-04-17,0.3461626895782578,NORMAL,4,4,False
2023-04-18,0.3376442282644282,NORMAL,4,4,False
2023-04-19,0.359287765241995,NORMAL,5,4,False
2023-04-20,0.3710773440246154,NORMAL,5,4,False
2023-04-21,0.3852285209022325,NORMAL,4,4,False
2023-04-22,0.3893331777402071,NORMAL,4,4,False
2023-04-23,0.4075842102411472,NORMAL,4,4,False
2023-04-24,0.3796052531789463,NORMAL,4,4,False
2023-04-25,0.3658326533900029,NORMAL,4,4,False
2023-04-26,0.381014013084177,NORMAL,5,4,False
2023-04-27,0.350105855766518,NORMAL,5,4,False
2023-04-28,0.3487292323117987,NORMAL,4,4,False
2023-04-29,0.3448601423075335,NORMAL,4,4,False
2023-04-30,0.3561677886576669,NORMAL,4,4,False
2023-05-01,0.3685113258306389,NORMAL,4,5,False
2023-05-02,0.3611926937832228,NORMAL,4,5,False
2023-05-03,0.3848228120886071,NORMAL,5,5,False
2023-05-04,0.3958033186716243,NORMAL,5,5,False
2023-05-05,0.4006870431287683,NORMAL,4,5,False
2023-05-06,0.3841120808652074,NORMAL,4,5,False
2023-05-07,0.3744485882107708,NORMAL,4,5,False
2023-05-08,0.3688328889421856,NORMAL,4,5,False
2023-05-09,0.3863503938477263,NORMAL,4,5,False
2023-05-10,0.4071123330229941,NORMAL,5,5,False
2023-05-11,0.3997455293799856,NORMAL,5,5,False
2023-05-12,0.3871339984683543,NORMAL,4,5,False
2023-05-13,0.3846743528363637,NORMAL,4,5,False
2023-05-14,0.3836023707102767,NORMAL,4,5,False
2023-05-15,0.3856077645944545,NORMAL,4,5,False
2023-05-16,0.3961935451522835,NORMAL,4,5,False
2023-05-17,0.4088289748278083,NORMAL,5,5,False
2023-05-18,0.4026150296915188,NORMAL,5,5,False
2023-05-19,0.4068865546467016,NORMAL,4,5,False
2023-05-20,0.3949826723075125,NORMAL,4,5,False
2023-05-21,0.4086815935232515,NORMAL,4,5,False
2023-05-22,0.4091086686632026,NORMAL,4,5,False
2023-05-23,0.4129832255791307,NORMAL,4,5,False
2023-05-24,0.39732211022991,NORMAL,5,5,False
2023-05-25,0.4048677215248661,NORMAL,5,5,False
2023-05-26,0.4261560320054741,NORMAL,4,5,False
2023-05-27,0.4395628071632619,NORMAL,4,5,False
2023-05-28,0.4460193905607091,NORMAL,4,5,False
2023-05-29,0.4502151530890537,NORMAL,4,5,False
2023-05-30,0.4420567297048444,NORMAL,4,5,False
2023-05-31,0.4294286764855777,NORMAL,5,5,False
2023-06-01,0.4269923734595591,NORMAL,5,6,False
2023-06-02,0.4259144925956857,NORMAL,4,6,False
2023-06-03,0.4157331855286563,NORMAL,4,6,False
2023-06-04,0.4199230808033473,NORMAL,4,6,False
2023-06-05,0.422158771606741,NORMAL,4,6,False
2023-06-06,0.4177841086404729,NORMAL,4,6,False
2023-06-07,0.4162588151392698,NORMAL,5,6,False
2023-06-08,0.4224601720329404,NORMAL,5,6,False
2023-06-09,0.427739457025206,NORMAL,4,6,False
2023-06-10,0.4318248738459566,NORMAL,4,6,False
2023-06-11,0.4371332625202527,NORMAL,4,6,False
2023-06-12,0.4456328787495331,NORMAL,4,6,False
2023-06-13,0.4431027321595523,NORMAL,4,6,False
2023-06-14,0.439808994899068,NORMAL,5,6,False
2023-06-15,0.4543464885788102,NORMAL,5,6,False
2023-06-16,0.464480285025426,NORMAL,4,6,False
2023-06-17,0.4766459824036301,NORMAL,4,6,False
2023-06-18,0.4736680961805589,NORMAL,4,6,False
2023-06-19,0.4644711177008828,NORMAL,4,6,False
2023-06-20,0.468957767193859,NORMAL,4,6,False
2023-06-21,0.4821081218708182,NORMAL,5,6,False
2023-06-22,0.483872842251655,NORMAL,5,6,False
2023-06-23,0.4926062074098142,NORMAL,4,6,False
2023-06-24,0.5055628266343826,NORMAL,4,6,False
2023-06-25,0.4932871680289154,NORMAL,4,6,False
2023-06-26,0.4751094973078288,NORMAL,4,6,False
2023-06-27,0.4704865400122779,NORMAL,4,6,False
2023-06-28,0.4835833609218315,NORMAL,5,6,False
2023-06-29,0.4741379954003885,NORMAL,5,6,False
2023-06-30,0.4687474812650423,NORMAL,4,6,False
2023-07-01,0.4704609907209385,NORMAL,4,7,False
2023-07-02,0.4882552641987797,NORMAL,4,7,False
2023-07-03,0.4926882807389573,NORMAL,4,7,False
2023-07-04,0.4854256007115594,NORMAL,4,7,False
2023-07-05,0.4642711406176699,NORMAL,5,7,False
2023-07-06,0.4741379954003885,NORMAL,5,7,False
2023-07-07,0.4918010760438449,NORMAL,4,7,False
2023-07-08,0.5017340222593828,NORMAL,4,7,False
2023-07-09,0.4974893430359964,NORMAL,4,7,False
2023-07-10,0.4882935848811752,NORMAL,4,7,False
2023-07-11,0.4923184886823241,NORMAL,4,7,False
2023-07-12,0.4945269524275201,NORMAL,5,7,False
2023-07-13,0.5018139236386935,NORMAL,5,7,False
2023-07-14,0.4971149430592235,NORMAL,4,7,False
2023-07-15,0.4819206289901631,NORMAL,4,7,False
2023-07-16,0.4846419290016074,NORMAL,4,7,False
2023-07-17,0.4997358722669875,NORMAL,4,7,False
2023-07-18,0.5042000037447719,NORMAL,4,7,False
2023-07-19,0.4935881639405154,NORMAL,5,7,False
2023-07-20,0.4885391324778777,NORMAL,5,7,False
2023-07-21,0.4966855396640393,NORMAL,4,7,False
2023-07-22,0.491747001057466,NORMAL,4,7,False
2023-07-23,0.4593218171754866,NORMAL,4,7,False
2023-07-24,0.4578790739142096,NORMAL,4,7,False
2023-07-25,0.4645860133446935,NORMAL,4,7,False
2023-07-26,0.4600868262184378,NORMAL,5,7,False
2023-07-27,0.4487952122752003,NORMAL,5,7,False
2023-07-28,0.4427417381443601,NORMAL,4,7,False
2023-07-29,0.4439806583651836,NORMAL,4,7,False
2023-07-30,0.4464744031410883,NORMAL,4,7,False
2023-07-31,0.4562980552824442,NORMAL,4,7,False
2023-08-01,0.4472062802510938,NORMAL,4,8,False
2023-08-02,0.4351150524640264,NORMAL,5,8,False
2023-08-03,0.4251151302651022,NORMAL,5,8,False
2023-08-04,0.4242505544393546,NORMAL,4,8,False
2023-08-05,0.4554670714901783,NORMAL,4,8,False
2023-08-06,0.4468491193837615,NORMAL,4,8,False
2023-08-07,0.4470799127514882,NORMAL,4,8,False
2023-08-08,0.4408766243713256,NORMAL,4,8,False
2023-08-09,0.4421425548524849,NORMAL,5,8,False
2023-08-10,0.4418762302156212,NORMAL,5,8,False
2023-08-11,0.4291618557717462,NORMAL,4,8,False
2023-08-12,0.4072187813940429,NORMAL,4,8,False
2023-08-13,0.4067009505262784,NORMAL,4,8,False
2023-08-14,0.4093766379228256,NORMAL,4,8,False
2023-08-15,0.4158798477613909,NORMAL,4,8,False
2023-08-16,0.4053688686899812,NORMAL,5,8,False
2023-08-17,0.3983778236240232,NORMAL,5,8,False
2023-08-18,0.391911111239745,NORMAL,4,8,False
2023-08-19,0.4097088429805831,NORMAL,4,8,False
2023-08-20,0.4008928487649019,NORMAL,4,8,False
2023-08-21,0.3838123705549968,NORMAL,4,8,False
2023-08-22,0.3784919651495392,NORMAL,4,8,False
2023-08-23,0.3775807294745487,NORMAL,5,8,False
2023-08-24,0.3817776302330277,NORMAL,5,8,False
2023-08-25,0.3858726259950101,NORMAL,4,8,False
2023-08-26,0.3818094432690557,NORMAL,4,8,False
2023-08-27,0.3753853788174467,NORMAL,4,8,False
2023-08-28,0.3694492182393135,NORMAL,4,8,False
2023-08-29,0.3572232485704875,NORMAL,4,8,False
2023-08-30,0.3415848966298476,NORMAL,5,8,False
2023-08-31,0.3482822480919022,NORMAL,5,8,False
2023-09-01,0.3371890160663008,NORMAL,4,9,False
2023-09-02,0.3334005040383089,NORMAL,4,9,False
2023-09-03,0.337271383848744,NORMAL,4,9,False
2023-09-04,0.3498606653610254,NORMAL,4,9,False
2023-09-05,0.3632846986926432,NORMAL,4,9,False
2023-09-06,0.3602265537290043,NORMAL,5,9,False
2023-09-07,0.3447154860224338,NORMAL,5,9,False
2023-09-08,0.3320630130363205,NORMAL,4,9,False
2023-09-09,0.3248325501921622,NORMAL,4,9,False
2023-09-10,0.3191511769710686,NORMAL,4,9,False
2023-09-11,0.3142475507574111,NORMAL,4,9,False
2023-09-12,0.3298126201419968,NORMAL,4,9,False
2023-09-13,0.3103098287483847,NORMAL,5,9,False
2023-09-14,0.3088601410082741,NORMAL,5,9,False
2023-09-15,0.315826197156022,NORMAL,4,9,False
2023-09-16,0.323948979951776,NORMAL,4,9,False
2023-09-17,0.3209712272926043,NORMAL,4,9,False
2023-09-18,0.3065836299322531,NORMAL,4,9,False
2023-09-19,0.2977620321067328,NORMAL,4,9,False
2023-09-20,0.3122946958352031,NORMAL,5,9,False
2023-09-21,0.3042743040618121,NORMAL,5,9,False
2023-09-22,0.313035075087341,NORMAL,4,9,False
2023-09-23,0.3227708862979278,NORMAL,4,9,False
2023-09-24,0.3076955661237326,NORMAL,4,9,False
2023-09-25,0.2983033798099715,NORMAL,4,9,False
2023-09-26,0.2794167582857085,NORMAL,4,9,False
2023-09-27,0.2735897876422832,NORMAL,5,9,False
2023-09-28,0.282766460605296,NORMAL,5,9,False
2023-09-29,0.2823595700440579,NORMAL,4,9,False
2023-09-30,0.2737996750960247,NORMAL,4,9,False
2023-10-01,0.2563862063238736,NORMAL,4,10,False
2023-10-02,0.2668437887304772,NORMAL,4,10,False
2023-10-03,0.2549027520394895,NORMAL,4,10,False
2023-10-04,0.2420196719506195,NORMAL,5,10,False
2023-10-05,0.2532669246923775,NORMAL,5,10,False
2023-10-06,0.2599232426458238,NORMAL,4,10,False
2023-10-07,0.266142066346032,NORMAL,4,10,False
2023-10-08,0.2590895163602757,NORMAL,4,10,False
2023-10-09,0.2611896373524762,NORMAL,4,10,False
2023-10-10,0.2731943847089886,NORMAL,4,10,False
2023-10-11,0.2662940599718181,NORMAL,5,10,False
2023-10-12,0.2503437888610077,NORMAL,5,10,False
2023-10-13,0.2389361517063253,NORMAL,4,10,False
2023-10-14,0.2251497621633582,NORMAL,4,10,False
2023-10-15,0.2283627844613528,NORMAL,4,10,False
2023-10-16,0.2378495148394968,NORMAL,4,10,False
2023-10-17,0.2329367004906325,NORMAL,4,10,False
2023-10-18,0.2191668779240228,NORMAL,5,10,False
2023-10-19,0.2296404782021274,NORMAL,5,10,False
2023-10-20,0.2275301240218147,NORMAL,4,10,False
2023-10-21,0.2332357686056636,NORMAL,4,10,False
2023-10-22,0.2179510260043117,NORMAL,4,10,False
2023-10-23,0.2146165800303648,NORMAL,4,10,False
2023-10-24,0.2020662177888781,NORMAL,4,10,False
2023-10-25,0.2114688123305638,NORMAL,5,10,False
2023-10-26,0.2206297108687221,NORMAL,5,10,False
2023-10-27,0.1976060749200991,NORMAL,4,10,False
2023-10-28,0.199740424038371,NORMAL,4,10,False
2023-10-29,0.1912658764370391,NORMAL,4,10,False
2023-10-30,0.2036834342378376,NORMAL,4,10,False
2023-10-31,0.2152619410636462,NORMAL,4,10,False
2023-11-01,0.218201266908817,NORMAL,5,11,False
2023-11-02,0.1888238476026129,NORMAL,5,11,False
2023-11-03,0.217492819659445,NORMAL,4,11,False
2023-11-04,0.2236503702402847,NORMAL,4,11,False
2023-11-05,0.2185398658142182,NORMAL,4,11,False
2023-11-06,0.1818975334306585,NORMAL,4,11,False
2023-11-07,0.187663568604831,NORMAL,4,11,False
2023-11-08,0.1949461349592242,NORMAL,5,11,False
2023-11-09,0.1936778621482808,NORMAL,5,11,False
2023-11-10,0.1811545573422096,NORMAL,4,11,False
2023-11-11,0.2006507691345228,NORMAL,4,11,False
2023-11-12,0.1913194073288463,NORMAL,4,11,False
2023-11-13,0.1770204929055564,NORMAL,4,11,False
2023-11-14,0.19278629857532,NORMAL,4,11,False
2023-11-15,0.1931222030416124,NORMAL,5,11,False
2023-11-16,0.175254061082665,NORMAL,5,11,False
2023-11-17,0.1725664894385799,NORMAL,4,11,False
2023-11-18,0.1499124174518496,NORMAL,4,11,False
2023-11-19,0.1667219625421657,NORMAL,4,11,False
2023-11-20,0.1675611780409405,NORMAL,4,11,False
2023-11-21,0.1561762126605569,NORMAL,4,11,False
2023-11-22,0.1537467316436784,NORMAL,5,11,False
2023-11-23,0.1612015548841467,NORMAL,5,11,False
2023-11-24,0.1837578154255017,NORMAL,4,11,False
2023-11-25,0.211896208557598,NORMAL,4,11,False
2023-11-26,0.1826474028556324,NORMAL,4,11,False
2023-11-27,0.1545378720233604,NORMAL,4,11,False
2023-11-28,0.1564980595696992,NORMAL,4,11,False
2023-11-29,0.1706717469380256,NORMAL,5,11,False
2023-11-30,0.1615770035230394,NORMAL,5,11,False
2023-12-01,0.1558197570264956,NORMAL,4,12,False
2023-12-02,0.1617469037018489,NORMAL,4,12,False
2023-12-03,0.1539013139536758,NORMAL,4,12,False
2023-12-04,0.1305814202132623,NORMAL,4,12,False
2023-12-05,0.1354975487482622,NORMAL,4,12,False
2023-12-06,0.1476311952140303,NORMAL,5,12,False
2023-12-07,0.1465858757272926,NORMAL,5,12,False
2023-12-08,0.1281232380372917,NORMAL,4,12,False
2023-12-09,0.1661112051922349,NORMAL,4,12,False
2023-12-10,0.1799440928192301,NORMAL,4,12,False
2023-12-11,0.1752250988660986,NORMAL,4,12,False
2023-12-12,0.192839939726843,NORMAL,4,12,False
2023-12-13,0.1960995036718332,NORMAL,5,12,False
2023-12-14,0.1829507581799445,NORMAL,5,12,False
2023-12-15,0.1611067863296698,NORMAL,4,12,False
2023-12-16,0.1359359427403215,NORMAL,4,12,False
2023-12-17,0.1513050657008925,NORMAL,4,12,False
2023-12-18,0.1669716456697732,NORMAL,4,12,False
2023-12-19,0.1610843780249564,NORMAL,4,12,False
2023-12-20,0.1505280282596522,NORMAL,5,12,False
2023-12-21,0.1656801207909241,NORMAL,5,12,False
2023-12-22,0.1620729439688261,NORMAL,4,12,False
2023-12-23,0.1598458889422352,NORMAL,4,12,False
2023-12-24,0.134924612807042,NORMAL,4,12,False
2023-12-25,0.1225155454986686,NORMAL,4,12,False
2023-12-26,0.1257080385952327,NORMAL,4,12,False
2023-12-27,0.1329056272321059,NORMAL,5,12,False
2023-12-28,0.1292079672985898,NORMAL,5,12,False
2023-12-29,0.1184616616457068,NORMAL,4,12,False
2023-12-30,0.1203262018268718,NORMAL,4,12,False
2023-12-31,0.1400100475289895,NORMAL,4,12,False
2024-01-01,0.1158163140081458,NORMAL,4,1,False
2024-01-02,0.1135851383509282,NORMAL,4,1,False
2024-01-03,0.107021887518893,NORMAL,5,1,False
2024-01-04,0.0906440285324296,NORMAL,5,1,False
2024-01-05,0.1112423170642156,NORMAL,4,1,False
2024-01-06,0.1219862428845545,NORMAL,4,1,False
2024-01-07,0.1281529549930791,NORMAL,4,1,False
2024-01-08,0.1156555324523702,NORMAL,4,1,False
2024-01-09,0.1056730685012204,NORMAL,4,1,False
2024-01-10,0.1040714094168666,NORMAL,5,1,False
2024-01-11,0.1043479038519769,NORMAL,5,1,False
2024-01-12,0.1232119367048978,NORMAL,4,1,False
2024-01-13,0.1110085520191826,NORMAL,4,1,False
2024-01-14,0.0845788090597625,NORMAL,4,1,False
2024-01-15,0.1154947508966014,NORMAL,4,1,False
2024-01-16,0.1080869203197762,NORMAL,4,1,False
2024-01-17,0.106753662236891,NORMAL,5,1,False
2024-01-18,0.1322115564097273,NORMAL,5,1,False
2024-01-19,0.140763800482949,NORMAL,4,1,False
2024-01-20,0.122039792596097,NORMAL,4,1,False
2024-01-21,0.109524204643208,NORMAL,4,1,False
2024-01-22,0.0987734690962583,NORMAL,4,1,False
2024-01-23,0.0836533758008359,NORMAL,4,1,False
2024-01-24,0.0960782960131976,NORMAL,5,1,False
2024-01-25,0.1014515857805242,NORMAL,5,1,False
2024-01-26,0.0941466943935485,NORMAL,4,1,False
2024-01-27,0.1003521594230315,NORMAL,4,1,False
2024-01-28,0.1043049426917357,NORMAL,4,1,False
2024-01-29,0.1140745138206093,NORMAL,4,1,False
2024-01-30,0.1052171187132695,NORMAL,4,1,False
2024-01-31,0.1085775941545073,NORMAL,5,1,False
2024-02-01,0.1064665068857179,NORMAL,5,2,False
2024-02-02,0.0972061935842178,NORMAL,4,2,False
2024-02-03,0.1044487123557209,NORMAL,4,2,False
2024-02-04,0.105322029636127,NORMAL,4,2,False
2024-02-05,0.1037041034732818,NORMAL,4,2,False
2024-02-06,0.088910208650138,NORMAL,4,2,False
2024-02-07,0.0804139395442685,NORMAL,5,2,False
2024-02-08,0.0706379796314799,NORMAL,5,2,False
2024-02-09,0.0643836715650289,NORMAL,4,2,False
2024-02-10,0.0832698014422714,NORMAL,4,2,False
2024-02-11,0.0775662622326536,NORMAL,4,2,False
2024-02-12,0.0453136018018924,NORMAL,4,2,False
2024-02-13,0.0486525244317774,NORMAL,4,2,False
2024-02-14,0.0650446308855401,NORMAL,5,2,False
2024-02-15,0.0631558246135697,NORMAL,5,2,False
2024-02-16,0.0589892914130626,NORMAL,4,2,False
2024-02-17,0.0513006236538248,NORMAL,4,2,False
2024-02-18,0.0595531171385949,NORMAL,4,2,False
2024-02-19,0.0926905669028657,NORMAL,4,2,False
2024-02-20,0.0863354333770133,NORMAL,4,2,False
2024-02-21,0.0743252256428214,NORMAL,5,2,False
2024-02-22,0.0930576269253004,NORMAL,5,2,False
2024-02-23,0.0926974579348108,NORMAL,4,2,False
2024-02-24,0.0695075255768906,NORMAL,4,2,False
2024-02-25,0.0593657590172606,NORMAL,4,2,False
2024-02-26,0.0735039679140109,NORMAL,4,2,False
2024-02-27,0.0817491149217538,NORMAL,4,2,False
2024-02-28,0.0787777653240577,NORMAL,5,2,False
2024-02-29,0.0622708385361824,NORMAL,5,2,False
2024-03-01,0.0492203641726857,NORMAL,4,3,False
2024-03-02,0.0291578179326789,NORMAL,4,3,False
2024-03-03,0.0267386804590821,NORMAL,4,3,False
2024-03-04,0.0577473754482984,NORMAL,4,3,False
2024-03-05,0.0628406090097327,NORMAL,4,3,False
2024-03-06,0.0619868626707161,NORMAL,5,3,False
2024-03-07,0.0382421256471133,NORMAL,5,3,False
2024-03-08,0.0568422744371569,NORMAL,4,3,False
2024-03-09,0.0576194896153601,NORMAL,4,3,False
2024-03-10,0.0278895946329982,NORMAL,4,3,False
2024-03-11,0.0262073935909197,NORMAL,4,3,False
2024-03-12,0.0354568011570093,NORMAL,4,3,False
2024-03-13,0.0345742388500901,NORMAL,5,3,False
2024-03-14,0.0312426903077758,NORMAL,5,3,False
2024-03-15,0.0296556719797251,NORMAL,4,3,False
2024-03-16,0.0306839847115271,NORMAL,4,3,False
2024-03-17,0.0395860944934757,NORMAL,4,3,False
2024-03-18,0.0444561001711045,NORMAL,4,3,False
2024-03-19,0.0466678018254097,NORMAL,4,3,False
2024-03-20,0.0519284145956322,NORMAL,5,3,False
2024-03-21,0.0469310798614646,NORMAL,5,3,False
2024-03-22,0.0158610879095181,NORMAL,4,3,False
2024-03-23,0.0034004066826917,NORMAL,4,3,False
2024-03-24,0.0267654459049834,NORMAL,4,3,False
2024-03-25,0.0296374001140689,NORMAL,4,3,False
2024-03-26,0.0257745733070233,NORMAL,4,3,False
2024-03-27,0.0034332836096282,NORMAL,5,3,False
2024-03-28,0.0099493889306313,NORMAL,5,3,False
2024-03-29,0.0165857061388858,NORMAL,4,3,False
2024-03-30,0.0042036523557675,NORMAL,4,3,False
2024-03-31,0.0072266703943468,NORMAL,4,3,False
2024-04-01,0.005654151378001,NORMAL,4,4,False
2024-04-02,2.682057575804713e-05,NORMAL,4,4,False
2024-04-03,0.010031625546885,NORMAL,5,4,False
2024-04-04,0.0119607209246899,NORMAL,5,4,False
2024-04-05,0.0157805747729212,NORMAL,4,4,False
2024-04-06,0.0010174445192298,NORMAL,4,4,False
2024-04-07,0.0091537824995059,NORMAL,4,4,False
2024-04-08,0.0452332110240035,NORMAL,4,4,False
2024-04-09,0.0492693976742971,NORMAL,4,4,False
2024-04-10,0.0332331124400756,NORMAL,5,4,False
2024-04-11,0.0109148282877815,NORMAL,5,4,False
2024-04-12,0.0134188560994244,NORMAL,4,4,False
2024-04-13,0.0134945273076866,NORMAL,4,4,False
2024-04-14,0.0012579759575373,NORMAL,4,4,False
2024-04-15,0.0068332161203309,NORMAL,4,4,False
2024-04-16,0.0192303528211588,NORMAL,4,4,False
2024-04-17,0.0018239319176162,NORMAL,5,4,False
2024-04-18,0.0029499535912916,NORMAL,5,4,False
2024-04-19,0.0091248221476084,NORMAL,4,4,False
2024-04-20,0.0179391533653783,NORMAL,4,4,False
2024-04-21,0.0317973497351237,NORMAL,4,4,False
2024-04-22,0.0409992967219992,NORMAL,4,4,False
2024-04-23,0.0271156020951109,NORMAL,4,4,False
2024-04-24,0.0215653126729798,NORMAL,5,4,False
2024-04-25,0.0294459003930796,NORMAL,5,4,False
2024-04-26,0.0115670539577044,NORMAL,4,4,False
2024-04-27,0.0100941206249925,NORMAL,4,4,False
2024-04-28,0.0147209952477409,NORMAL,4,4,False
2024-04-29,0.0122729920906326,NORMAL,4,4,False
2024-04-30,0.0173529125178416,NORMAL,4,4,False
2024-05-01,0.0125261206695039,NORMAL,5,5,False
2024-05-02,0.0166270111509149,NORMAL,5,5,False
2024-05-03,0.0159416010461127,NORMAL,4,5,False
2024-05-04,0.0262661335096032,NORMAL,4,5,False
2024-05-05,0.0213052949403719,NORMAL,4,5,False
2024-05-06,0.0135592445368167,NORMAL,4,5,False
2024-05-07,0.0015019522426587,NORMAL,4,5,False
2024-05-08,0.0201168961501676,NORMAL,5,5,False
2024-05-09,0.0277831992779874,NORMAL,5,5,False
2024-05-10,0.0344864601755153,NORMAL,4,5,False
2024-05-11,0.0479269918269009,NORMAL,4,5,False
2024-05-12,0.0234465306127689,NORMAL,4,5,False
2024-05-13,0.0207408206946549,NORMAL,4,5,False
2024-05-14,0.0062491941524871,NORMAL,4,5,False
2024-05-15,0.0034601061378293,NORMAL,5,5,False
2024-05-16,0.0278368347978286,NORMAL,5,5,False
2024-05-17,0.0442553874158991,NORMAL,4,5,False
2024-05-18,0.0272568031730629,NORMAL,4,5,False
2024-05-19,0.0024356555773525,NORMAL,4,5,False
2024-05-20,0.0109867396444554,NORMAL,4,5,False
2024-05-21,0.0297171979439959,NORMAL,4,5,False
2024-05-22,0.0385707955519211,NORMAL,5,5,False
2024-05-23,0.0175388149882262,NORMAL,5,5,False
2024-05-24,0.0148680925581599,NORMAL,4,5,False
2024-05-25,0.0243115690384515,NORMAL,4,5,False
2024-05-26,0.057973955830203,NORMAL,4,5,False
2024-05-27,0.0685733335369897,NORMAL,4,5,False
2024-05-28,0.066622310192141,NORMAL,4,5,False
2024-05-29,0.058043951025285,NORMAL,5,5,False
2024-05-30,0.0463410891432026,NORMAL,5,5,False
2024-05-31,0.0407664848300455,NORMAL,4,5,False
2024-06-01,0.0476860181249768,NORMAL,4,6,False
2024-06-02,0.0480707408453576,NORMAL,4,6,False
2024-06-03,0.0539958058136094,NORMAL,4,6,False
2024-06-04,0.0508249910684811,NORMAL,4,6,False
2024-06-05,0.0531890734210434,NORMAL,5,6,False
2024-06-06,0.0580068147087696,NORMAL,5,6,False
2024-06-07,0.0767290191765028,NORMAL,4,6,False
2024-06-08,0.0933906969230318,NORMAL,4,6,False
2024-06-09,0.1036893374359234,NORMAL,4,6,False
2024-06-10,0.1113144304465185,NORMAL,4,6,False
2024-06-11,0.1251179859284756,NORMAL,4,6,False
2024-06-12,0.1180191240809861,NORMAL,5,6,False
2024-06-13,0.1265798268263498,NORMAL,5,6,False
2024-06-14,0.1374090864580894,NORMAL,4,6,False
2024-06-15,0.1386669780287812,NORMAL,4,6,False
2024-06-16,0.1592276376887693,NORMAL,4,6,False
2024-06-17,0.1623625744042941,NORMAL,4,6,False
2024-06-18,0.1467353699924322,NORMAL,4,6,False
2024-06-19,0.1542027146230882,NORMAL,5,6,False
2024-06-20,0.1606651996857304,NORMAL,5,6,False
2024-06-21,0.1724591385897832,NORMAL,4,6,False
2024-06-22,0.1915473181729876,NORMAL,4,6,False
2024-06-23,0.1956821750113602,NORMAL,4,6,False
2024-06-24,0.1975201412665538,NORMAL,4,6,False
2024-06-25,0.1938323010300279,NORMAL,4,6,False
2024-06-26,0.1924248173084063,NORMAL,5,6,False
2024-06-27,0.2040563352376461,NORMAL,5,6,False
2024-06-28,0.2163656357470972,NORMAL,4,6,False
2024-06-29,0.2254442855768203,NORMAL,4,6,False
2024-06-30,0.2311999217272798,NORMAL,4,6,False
2024-07-01,0.2366168562452432,NORMAL,4,7,False
2024-07-02,0.2369329662791258,NORMAL,4,7,False
2024-07-03,0.2448360374116382,NORMAL,5,7,False
2024-07-04,0.2320272588350787,NORMAL,5,7,False
2024-07-05,0.2488392675076964,NORMAL,4,7,False
2024-07-06,0.2619651888460299,NORMAL,4,7,False
2024-07-07,0.2691800894664531,NORMAL,4,7,False
2024-07-08,0.2614576066120967,NORMAL,4,7,False
2024-07-09,0.2677766284051175,NORMAL,4,7,False
2024-07-10,0.2864646011783879,NORMAL,5,7,False
2024-07-11,0.2978380416808103,NORMAL,5,7,False
2024-07-12,0.2972276626022154,NORMAL,4,7,False
2024-07-13,0.2823408540864058,NORMAL,4,7,False
2024-07-14,0.2718298686110504,NORMAL,4,7,False
2024-07-15,0.2844493690875711,NORMAL,4,7,False
2024-07-16,0.3080879537750011,NORMAL,4,7,False
2024-07-17,0.3261619429147171,NORMAL,5,7,False
2024-07-18,0.3292684563080314,NORMAL,5,7,False
2024-07-19,0.3343978939976198,NORMAL,4,7,False
2024-07-20,0.3415668350479176,NORMAL,4,7,False
2024-07-21,0.3680248811935728,NORMAL,4,7,False
2024-07-22,0.3329250081529853,NORMAL,4,7,False
2024-07-23,0.3320923690817487,NORMAL,4,7,False
2024-07-24,0.3412630262914457,NORMAL,5,7,False
2024-07-25,0.3406928220343074,NORMAL,5,7,False
2024-07-26,0.3309626668361679,NORMAL,4,7,False
2024-07-27,0.3320885361056193,NORMAL,4,7,False
2024-07-28,0.3415003243017331,NORMAL,4,7,False
2024-07-29,0.3524867641053127,NORMAL,4,7,False
2024-07-30,0.3596907415405708,NORMAL,4,7,False
2024-07-31,0.3610848746314102,NORMAL,5,7,False
2024-08-01,0.3632733758876491,NORMAL,5,8,False
2024-08-02,0.3493733374045741,NORMAL,4,8,False
2024-08-03,0.3404958408171522,NORMAL,4,8,False
2024-08-04,0.3500385015454222,NORMAL,4,8,False
2024-08-05,0.3691276551277691,NORMAL,4,8,False
2024-08-06,0.3690243019056519,NORMAL,4,8,False
2024-08-07,0.369829018824683,NORMAL,5,8,False
2024-08-08,0.3787472233619755,NORMAL,5,8,False
2024-08-09,0.3800220047356552,NORMAL,4,8,False
2024-08-10,0.3734556882690608,NORMAL,4,8,False
2024-08-11,0.3941211909509344,NORMAL,4,8,False
2024-08-12,0.3868940170406342,NORMAL,4,8,False
2024-08-13,0.3813349461802832,NORMAL,4,8,False
2024-08-14,0.384071781299001,NORMAL,5,8,False
2024-08-15,0.3908420330862764,NORMAL,5,8,False
2024-08-16,0.3925283786203183,NORMAL,4,8,False
2024-08-17,0.3784358114421364,NORMAL,4,8,False
2024-08-18,0.3876707184878352,NORMAL,4,8,False
2024-08-19,0.3885822233762468,NORMAL,4,8,False
2024-08-20,0.3736374409366672,NORMAL,4,8,False
2024-08-21,0.3757031525005303,NORMAL,5,8,False
2024-08-22,0.4010059640962701,NORMAL,5,8,False
2024-08-23,0.4022436304363004,NORMAL,4,8,False
2024-08-24,0.3928406838459747,NORMAL,4,8,False
2024-08-25,0.4060585798245625,NORMAL,4,8,False
2024-08-26,0.4221855685327041,NORMAL,4,8,False
2024-08-27,0.4194469843377027,NORMAL,4,8,False
2024-08-28,0.4148908662010587,NORMAL,5,8,False
2024-08-29,0.4048140860050273,NORMAL,5,8,False
2024-08-30,0.4171922361310595,NORMAL,4,8,False
2024-09-13,0.4071817694808872,NORMAL,4,9,False
2024-09-14,0.4140731444709644,NORMAL,4,9,False
2024-09-15,0.4134993737861472,NORMAL,4,9,False
2024-09-16,0.4121367212969186,NORMAL,4,9,False
2024-09-17,0.3968640595463261,NORMAL,4,9,False
2024-09-18,0.4077828962280014,NORMAL,5,9,False
2024-09-19,0.4242569619476367,NORMAL,5,9,False
2024-09-20,0.3987010524260519,NORMAL,4,9,False
2024-09-21,0.4156528609613505,NORMAL,4,9,False
2024-09-22,0.4299333575718118,NORMAL,4,9,False
2024-09-23,0.4277057352808971,NORMAL,4,9,False
2024-09-24,0.4289414681573573,NORMAL,4,9,False
2024-09-25,0.431467188628796,NORMAL,5,9,False
2024-09-26,0.4143612085368464,NORMAL,5,9,False
2024-09-27,0.4197954942143471,NORMAL,4,9,False
2024-09-28,0.4227214228844237,NORMAL,4,9,False
2024-09-29,0.426159429699202,NORMAL,4,9,False
2024-09-30,0.4342441852156421,NORMAL,4,9,False
2024-10-01,0.4447924284325402,NORMAL,4,10,False
2024-10-02,0.4363220662330352,NORMAL,5,10,False
2024-10-03,0.427421457618293,NORMAL,5,10,False
2024-10-04,0.4415877165198079,NORMAL,4,10,False
2024-10-05,0.4481039861536409,NORMAL,4,10,False
2024-10-06,0.4476788482068163,NORMAL,4,10,False
2024-10-07,0.4545830520208685,NORMAL,4,10,False
2024-10-08,0.4578004076769768,NORMAL,4,10,False
2024-10-09,0.4690991956937126,NORMAL,5,10,False
2024-10-10,0.4804133512218643,NORMAL,5,10,False
2024-10-11,0.4754569093147522,NORMAL,4,10,False
2024-10-12,0.444435830913257,NORMAL,4,10,False
2024-10-13,0.4384447693695927,NORMAL,4,10,False
2024-10-14,0.4638547884037549,NORMAL,4,10,False
2024-10-15,0.4617698528897121,NORMAL,4,10,False
2024-10-16,0.4578605563778163,NORMAL,5,10,False
2024-10-17,0.4534346847415035,NORMAL,5,10,False
2024-10-18,0.4637556667960583,NORMAL,4,10,False
2024-10-19,0.4437129098074893,NORMAL,4,10,False
2024-10-20,0.4546646295880194,NORMAL,4,10,False
2024-10-21,0.4847295937282203,NORMAL,4,10,False
2024-10-22,0.4664366330722549,NORMAL,4,10,False
2024-10-23,0.4744368788055536,NORMAL,5,10,False
2024-10-24,0.4729043784440324,NORMAL,5,10,False
2024-10-25,0.476342553817316,NORMAL,4,10,False
2024-10-26,0.472121031778628,NORMAL,4,10,False
2024-10-27,0.4960440089571271,NORMAL,4,10,False
2024-10-28,0.4889903049561875,NORMAL,4,10,False
2024-10-29,0.4953223931676393,NORMAL,4,10,False
2024-10-30,0.4838784087320323,NORMAL,5,10,False
2024-10-31,0.4983276148489833,NORMAL,5,10,False
2024-11-01,0.47237057241189,NORMAL,4,11,False
2024-11-02,0.4983336155766979,NORMAL,4,11,False
2024-11-03,0.5195440704617078,NORMAL,4,11,False
2024-11-04,0.5090344055758326,NORMAL,4,11,False
2024-11-05,0.4761456814980034,NORMAL,4,11,False
2024-11-06,0.4741150084671539,NORMAL,5,11,False
2024-11-07,0.4784556547476447,NORMAL,5,11,False
2024-11-08,0.4871313141212532,NORMAL,4,11,False
2024-11-09,0.5106232743747641,NORMAL,4,11,False
2024-11-10,0.5233982946720261,WARNING,4,11,True
2024-11-11,0.5195655974789357,NORMAL,4,11,False
2024-11-12,0.5047632358357664,NORMAL,4,11,False
2024-11-13,0.5097353259170508,NORMAL,5,11,False
2024-11-14,0.5172073178332547,NORMAL,5,11,False
2024-11-15,0.4979469121373833,NORMAL,4,11,False
2024-11-16,0.505589601490155,NORMAL,4,11,False
2024-11-17,0.4845081017720757,NORMAL,4,11,False
2024-11-18,0.4701520660048421,NORMAL,4,11,False
2024-11-19,0.4958588046828781,NORMAL,4,11,False
2024-11-20,0.5086087797326383,NORMAL,5,11,False
2024-11-21,0.5115487704899556,NORMAL,5,11,False
2024-11-22,0.4913716726486652,NORMAL,4,11,False
2024-11-23,0.5054557272113067,NORMAL,4,11,False
2024-11-24,0.5199187867043786,NORMAL,4,11,False
2024-11-25,0.5251393580790475,WARNING,4,11,True
2024-11-26,0.548534415478909,CRITICAL,4,11,True
2024-11-27,0.5557627843086304,CRITICAL,5,11,True
2024-11-28,0.5605716356252486,CRITICAL,5,11,True
2024-11-29,0.5657121354394715,CRITICAL,4,11,True
2024-11-30,0.5508926574516676,CRITICAL,4,11,True
2024-12-01,0.5513949510886388,WARNING,4,12,True
2024-12-02,0.5388057903197118,NORMAL,4,12,False
2024-12-03,0.5292504215062296,NORMAL,4,12,False
2024-12-04,0.5364237414762675,NORMAL,5,12,False
2024-12-05,0.5334588803452792,NORMAL,5,12,False
2024-12-06,0.5245967603508409,NORMAL,4,12,False
2024-12-07,0.5173973128843774,NORMAL,4,12,False
2024-12-08,0.549012826403098,WARNING,4,12,True
2024-12-09,0.5753835942579637,CRITICAL,4,12,True
2024-12-10,0.5762668908165398,CRITICAL,4,12,True
2024-12-11,0.5629243993380944,WARNING,5,12,True
2024-12-12,0.57870044133173,CRITICAL,5,12,True
2024-12-13,0.5852768276324298,CRITICAL,4,12,True
2024-12-14,0.584575426009344,CRITICAL,4,12,True
2024-12-15,0.5734496785143546,WARNING,4,12,True
2024-12-16,0.5736953879223531,WARNING,4,12,True
2024-12-17,0.5715196489067137,WARNING,4,12,True
2024-12-18,0.5658480549119198,WARNING,5,12,True
2024-12-19,0.5671688045657738,WARNING,5,12,True
2024-12-20,0.5760178169238275,WARNING,4,12,True
2024-12-21,0.5820585895670384,CRITICAL,4,12,True
2024-12-22,0.5872338831554219,CRITICAL,4,12,True
2024-12-23,0.5710156953261444,WARNING,4,12,True
2024-12-24,0.5700445172398199,NORMAL,4,12,False
2024-12-25,0.5948700304245599,CRITICAL,5,12,True
2024-12-26,0.5900979892980844,CRITICAL,5,12,True
2024-12-27,0.5868334149399643,CRITICAL,4,12,True
2024-12-28,0.5850305985574245,CRITICAL,4,12,True
2024-12-29,0.5849052893616884,CRITICAL,4,12,True
2024-12-30,0.6123097582337227,CRITICAL,4,12,True
2024-12-31,0.5936734444859044,CRITICAL,4,12,True
2025-01-01,0.5906857160253235,WARNING,5,1,True
2025-01-02,0.580416777966668,WARNING,5,1,True
2025-01-03,0.5695230905717084,WARNING,4,1,True
2025-01-04,0.5835579814901211,WARNING,4,1,True
2025-01-05,0.5945943807792891,WARNING,4,1,True
2025-01-06,0.608049047005751,CRITICAL,4,1,True
2025-01-07,0.600351767850573,WARNING,4,1,True
2025-01-08,0.5952991908757618,WARNING,5,1,True
2025-01-09,0.5771718290162418,NORMAL,5,1,False
2025-01-10,0.5649606794979064,NORMAL,4,1,False
2025-01-11,0.590492669134346,WARNING,4,1,True
2025-01-12,0.6081376964072148,CRITICAL,4,1,True
2025-01-13,0.6142391369029933,CRITICAL,4,1,True
2025-01-14,0.6213522786720099,CRITICAL,4,1,True
2025-01-15,0.6191712409739597,CRITICAL,5,1,True
2025-01-16,0.6145289685859704,CRITICAL,5,1,True
2025-01-17,0.6421459397817842,CRITICAL,4,1,True
2025-01-18,0.6594379227400825,CRITICAL,4,1,True
2025-01-19,0.6574396477641994,CRITICAL,4,1,True
2025-01-20,0.6427778630526144,CRITICAL,4,1,True
2025-01-21,0.6423796100692094,CRITICAL,4,1,True
2025-01-22,0.6194931113123615,CRITICAL,5,1,True
2025-01-23,0.6176130109768636,CRITICAL,5,1,True
2025-01-24,0.6096723080211851,WARNING,4,1,True
2025-01-25,0.6075750271151082,WARNING,4,1,True
2025-01-26,0.628265311727767,CRITICAL,4,1,True
2025-01-27,0.6409288751612328,CRITICAL,4,1,True
2025-01-28,0.6537783547679435,CRITICAL,4,1,True
2025-01-29,0.6476567659225981,CRITICAL,5,1,True
2025-01-30,0.639147672193299,CRITICAL,5,1,True
2025-01-31,0.6413408084158173,CRITICAL,4,1,True
2025-02-01,0.6427571875958581,WARNING,4,2,True
2025-02-02,0.6550575230786564,CRITICAL,4,2,True
2025-02-03,0.6549972612913302,CRITICAL,4,2,True
2025-02-04,0.6619586303752708,CRITICAL,4,2,True
2025-02-05,0.6590563404076943,CRITICAL,5,2,True
2025-02-06,0.6502770425604453,CRITICAL,5,2,True
2025-02-07,0.6488553678314918,CRITICAL,4,2,True
2025-02-08,0.635795725095863,WARNING,4,2,True
2025-02-09,0.640390058722727,WARNING,4,2,True
2025-02-10,0.6429922384603113,WARNING,4,2,True
2025-02-11,0.6385979088868009,WARNING,4,2,True
2025-02-12,0.6450549806871725,WARNING,5,2,True
2025-02-13,0.6804202047114624,CRITICAL,5,2,True
2025-02-14,0.679262495752787,CRITICAL,4,2,True
2025-02-15,0.6639360985093098,CRITICAL,4,2,True
2025-02-16,0.6426115907328417,WARNING,4,2,True
2025-02-17,0.6472529496882831,WARNING,4,2,True
2025-02-18,0.6666790517093366,CRITICAL,4,2,True
2025-02-19,0.6799779124038681,CRITICAL,5,2,True
2025-02-20,0.6790793167154264,CRITICAL,5,2,True
2025-02-21,0.6821609686702647,CRITICAL,4,2,True
2025-02-22,0.6806971582208424,CRITICAL,4,2,True
2025-02-23,0.67863788092095,CRITICAL,4,2,True
2025-02-24,0.6933168654171139,CRITICAL,4,2,True
2025-02-25,0.723431390021158,CRITICAL,4,2,True
2025-02-26,0.7104483044393248,CRITICAL,5,2,True
2025-02-27,0.7224704522673373,CRITICAL,5,2,True
2025-02-28,0.7109578338596255,CRITICAL,4,2,True
2025-03-01,0.6716204821150796,CRITICAL,4,3,True
2025-03-02,0.6477773217925045,WARNING,4,3,True
2025-03-03,0.6548632766615198,WARNING,4,3,True
2025-03-04,0.6791774400142994,CRITICAL,4,3,True
2025-03-05,0.6900900055353517,CRITICAL,5,3,True
2025-03-06,0.6852742192571326,CRITICAL,5,3,True
2025-03-07,0.6848447398901489,CRITICAL,4,3,True
2025-03-08,0.6966014225477565,CRITICAL,4,3,True
2025-03-09,0.7029409058026795,CRITICAL,4,3,True
2025-03-10,0.7257411458312435,CRITICAL,4,3,True
2025-03-11,0.7187646098386151,CRITICAL,4,3,True
2025-03-12,0.7336229688043165,CRITICAL,5,3,True
2025-03-13,0.6965913139437263,CRITICAL,5,3,True
2025-03-14,0.6798260877089654,CRITICAL,4,3,True
2025-03-15,0.6982614636054484,CRITICAL,4,3,True
2025-03-16,0.7117735029513244,CRITICAL,4,3,True
2025-03-17,0.7234098132725397,CRITICAL,4,3,True
2025-03-18,0.7235118517484412,CRITICAL,4,3,True
2025-03-19,0.7335156786915168,CRITICAL,5,3,True
2025-03-20,0.7551076660909952,CRITICAL,5,3,True
2025-03-21,0.7592120403931528,CRITICAL,4,3,True
2025-03-22,0.731301635624665,CRITICAL,4,3,True
2025-03-23,0.7406534190828056,CRITICAL,4,3,True
2025-03-24,0.7736272525254927,CRITICAL,4,3,True
2025-03-25,0.7675244165734408,CRITICAL,4,3,True
2025-03-26,0.7648712141575738,CRITICAL,5,3,True
2025-03-27,0.7456678145988603,CRITICAL,5,3,True
2025-03-28,0.7104479173278467,CRITICAL,4,3,True
2025-03-29,0.7092123796150616,CRITICAL,4,3,True
2025-03-30,0.7189466424538616,CRITICAL,4,3,True
2025-03-31,0.7384964825891982,CRITICAL,4,3,True
2025-04-01,0.748857295843281,CRITICAL,4,4,True
2025-04-02,0.7434131915974007,CRITICAL,5,4,True
2025-04-03,0.7463114408369613,CRITICAL,5,4,True
2025-04-04,0.7684173756773537,CRITICAL,4,4,True
2025-04-05,0.76027202956696,CRITICAL,4,4,True
2025-04-06,0.7460600391556144,CRITICAL,4,4,True
2025-04-07,0.7638999684012584,CRITICAL,4,4,True
2025-04-08,0.7883103627887812,CRITICAL,4,4,True
2025-04-09,0.8000623711562689,CRITICAL,5,4,True
2025-04-10,0.7924379879007971,CRITICAL,5,4,True
2025-04-11,0.7816752055035867,CRITICAL,4,4,True
2025-04-12,0.7764440424515637,CRITICAL,4,4,True
2025-04-13,0.787144998619769,CRITICAL,4,4,True
2025-04-14,0.7869453247286519,CRITICAL,4,4,True
2025-04-15,0.7789768024237025,CRITICAL,4,4,True
2025-04-16,0.7710403956436287,CRITICAL,5,4,True
2025-04-17,0.7842585711249425,CRITICAL,5,4,True
2025-04-18,0.7824534991573514,CRITICAL,4,4,True
2025-04-19,0.7922947570669467,CRITICAL,4,4,True
2025-04-20,0.7837457869898347,CRITICAL,4,4,True
2025-04-21,0.7909112697710422,CRITICAL,4,4,True
2025-04-22,0.7880421570311666,CRITICAL,4,4,True
2025-04-23,0.8067948257345265,CRITICAL,5,4,True
2025-04-24,0.7945565909345449,CRITICAL,5,4,True
2025-04-25,0.7826413631427427,CRITICAL,4,4,True
2025-04-26,0.7897511457688666,CRITICAL,4,4,True
2025-04-27,0.8035789824054315,CRITICAL,4,4,True
2025-04-28,0.8158592078417433,CRITICAL,4,4,True
2025-04-29,0.8235257787639315,CRITICAL,4,4,True
2025-04-30,0.8059901498885162,CRITICAL,5,4,True
2025-05-01,0.8068123072183669,CRITICAL,5,5,True
2025-05-02,0.8155175605863311,CRITICAL,4,5,True
2025-05-03,0.8271823941342369,CRITICAL,4,5,True
2025-05-04,0.8151951859281957,CRITICAL,4,5,True
2025-05-05,0.8211649991822393,CRITICAL,4,5,True
2025-05-06,0.8300968198255563,CRITICAL,4,5,True
2025-05-07,0.8390623271593942,CRITICAL,5,5,True
2025-05-08,0.8239488558077811,CRITICAL,5,5,True
2025-05-09,0.8414159528582168,CRITICAL,4,5,True
2025-05-10,0.8389365558169237,CRITICAL,4,5,True
2025-05-11,0.8265437349919127,CRITICAL,4,5,True
2025-05-12,0.844022777027901,CRITICAL,4,5,True
2025-05-13,0.8366142197356607,CRITICAL,4,5,True
2025-05-14,0.8400815832310023,CRITICAL,5,5,True
2025-05-15,0.8568006117108056,CRITICAL,5,5,True
2025-05-16,0.8437508338195183,CRITICAL,4,5,True
2025-05-17,0.8537430510573001,CRITICAL,4,5,True
2025-05-18,0.8704925971679024,CRITICAL,4,5,True
2025-05-19,0.8916409144625319,CRITICAL,4,5,True
2025-05-20,0.8777838035299184,CRITICAL,4,5,True
2025-05-21,0.8533319121619158,CRITICAL,5,5,True
2025-05-22,0.8419167549547435,CRITICAL,5,5,True
2025-05-23,0.858672601802073,CRITICAL,4,5,True
2025-05-24,0.8697276399515245,CRITICAL,4,5,True
2025-05-25,0.869261386656271,CRITICAL,4,5,True
2025-05-26,0.8502664607770646,CRITICAL,4,5,True
2025-05-27,0.8421928994940959,CRITICAL,4,5,True
2025-05-28,0.8531977995209125,CRITICAL,5,5,True
2025-05-29,0.8673668091196161,CRITICAL,5,5,True
2025-05-30,0.873057615540656,CRITICAL,4,5,True
2025-05-31,0.8749219619707539,CRITICAL,4,5,True
2025-06-01,0.8718041040172471,CRITICAL,4,6,True
2025-06-02,0.8938650593173837,CRITICAL,4,6,True
2025-06-03,0.9071791545647696,CRITICAL,4,6,True
2025-06-04,0.9039192003475311,CRITICAL,5,6,True
2025-06-05,0.904026686931398,CRITICAL,5,6,True
2025-06-06,0.897801986187992,CRITICAL,4,6,True
2025-06-07,0.8773584738457516,CRITICAL,4,6,True
2025-06-08,0.876113340807947,CRITICAL,4,6,True
2025-06-09,0.8719987677323178,CRITICAL,4,6,True
2025-06-10,0.8861250025918145,CRITICAL,4,6,True
2025-06-11,0.8687012208206396,CRITICAL,5,6,True
2025-06-12,0.873695800460931,CRITICAL,5,6,True
2025-06-13,0.8803037978343423,CRITICAL,4,6,True
2025-06-14,0.8884968138457485,CRITICAL,4,6,True
2025-06-15,0.890325792583499,CRITICAL,4,6,True
2025-06-16,0.8979917859155475,CRITICAL,4,6,True
2025-06-17,0.892293735017016,CRITICAL,4,6,True
2025-06-18,0.8904542911910225,CRITICAL,5,6,True
2025-06-19,0.8853615260264935,CRITICAL,5,6,True
2025-06-20,0.8976946353391974,CRITICAL,4,6,True
2025-06-21,0.9066233912015088,CRITICAL,4,6,True
2025-06-22,0.8865250992649834,CRITICAL,4,6,True
2025-06-23,0.881886833412337,CRITICAL,4,6,True
2025-06-24,0.8726610735594271,WARNING,4,6,True
2025-06-25,0.8769893820345093,CRITICAL,5,6,True
2025-06-26,0.8802125161216934,CRITICAL,5,6,True
2025-06-27,0.8736480452090298,WARNING,4,6,True
2025-06-28,0.8677730754803705,WARNING,4,6,True
2025-06-29,0.8805296393822727,CRITICAL,4,6,True
2025-06-30,0.8806005809661505,CRITICAL,4,6,True
2025-07-01,0.8980601588057849,CRITICAL,4,7,True
2025-07-02,0.9114831532999984,CRITICAL,5,7,True
2025-07-03,0.8972149759115079,CRITICAL,5,7,True
2025-07-04,0.8940447064801521,CRITICAL,4,7,True
2025-07-05,0.8977073642303619,CRITICAL,4,7,True
2025-07-06,0.8921726083509384,CRITICAL,4,7,True
2025-07-07,0.8806273778921135,CRITICAL,4,7,True
2025-07-08,0.8856690528038658,CRITICAL,4,7,True
2025-07-09,0.884875205325376,CRITICAL,5,7,True
2025-07-10,0.8809634133994788,CRITICAL,5,7,True
2025-07-11,0.8837121872835969,CRITICAL,4,7,True
2025-07-12,0.8947085803842081,CRITICAL,4,7,True
2025-07-13,0.9028520212670316,CRITICAL,4,7,True
2025-07-14,0.907719070039784,CRITICAL,4,7,True
2025-07-15,0.90854700392862,CRITICAL,4,7,True
2025-07-16,0.9032218146143274,CRITICAL,5,7,True
2025-07-17,0.88731922250072,CRITICAL,5,7,True
2025-07-18,0.8832827838884193,CRITICAL,4,7,True
2025-07-19,0.8815621262015213,CRITICAL,4,7,True
2025-07-20,0.8929488062821859,CRITICAL,4,7,True
2025-07-21,0.866612585613942,WARNING,4,7,True
2025-07-22,0.8709981978622018,WARNING,4,7,True
2025-07-23,0.8684329955386398,WARNING,5,7,True
2025-07-24,0.8756266791752313,WARNING,5,7,True
2025-07-25,0.8826655165078415,CRITICAL,4,7,True
2025-07-26,0.8873187201919004,CRITICAL,4,7,True
2025-07-27,0.8839823819040142,CRITICAL,4,7,True
2025-07-28,0.8766882297756882,WARNING,4,7,True
2025-07-29,0.8886193161376535,CRITICAL,4,7,True
2025-07-30,0.8893277450066124,CRITICAL,5,7,True
2025-07-31,0.8727035433438637,WARNING,5,7,True
2025-08-01,0.8642548459394354,CRITICAL,4,8,True
2025-08-02,0.8774655732688319,CRITICAL,4,8,True
2025-08-03,0.8881577914651894,CRITICAL,4,8,True
2025-08-04,0.8745176787727575,CRITICAL,4,8,True
2025-08-05,0.8658486473159477,CRITICAL,4,8,True
2025-08-06,0.8711420708868631,CRITICAL,5,8,True
2025-08-07,0.8651945705660294,CRITICAL,5,8,True
2025-08-08,0.8586457640898757,CRITICAL,4,8,True
2025-08-09,0.866407557836143,CRITICAL,4,8,True
2025-08-10,0.8644971372851825,CRITICAL,4,8,True
2025-08-11,0.8301419693795399,CRITICAL,4,8,True
2025-08-12,0.8369897077963236,CRITICAL,4,8,True
2025-08-13,0.8527686390697107,CRITICAL,5,8,True
2025-08-14,0.8568810649905663,CRITICAL,5,8,True
2025-08-15,0.858940978924059,CRITICAL,4,8,True
2025-08-16,0.8734761197592139,CRITICAL,4,8,True
2025-08-17,0.8565745652973058,CRITICAL,4,8,True
2025-08-18,0.8581983508618457,CRITICAL,4,8,True
2025-08-19,0.8727415352867103,CRITICAL,4,8,True
2025-08-20,0.8658848553596209,CRITICAL,5,8,True
2025-08-21,0.8460198722226304,CRITICAL,5,8,True
2025-08-22,0.8567671242359558,CRITICAL,4,8,True
2025-08-23,0.8552156681246101,CRITICAL,4,8,True
2025-08-24,0.8508199944277341,WARNING,4,8,True
2025-08-25,0.8371359670556441,WARNING,4,8,True
2025-08-26,0.8303784358710571,WARNING,4,8,True
2025-08-27,0.8297549098739164,WARNING,5,8,True
2025-08-28,0.8307605668276755,WARNING,5,8,True
2025-08-29,0.8257427289340876,WARNING,4,8,True
2025-08-30,0.8101535858650126,WARNING,4,8,True
2025-08-31,0.8385935387383364,WARNING,4,8,True
2025-09-01,0.8715941341502929,CRITICAL,4,9,True
2025-09-02,0.8561851938689956,CRITICAL,4,9,True
2025-09-03,0.8504645838973081,CRITICAL,5,9,True
2025-09-04,0.8469772662518019,CRITICAL,5,9,True
2025-09-05,0.8517484720547699,CRITICAL,4,9,True
2025-09-06,0.8580109630669134,CRITICAL,4,9,True
2025-09-07,0.8582500822109589,CRITICAL,4,9,True
2025-09-08,0.8494437951500332,CRITICAL,4,9,True
2025-09-09,0.840543434084752,CRITICAL,4,9,True
2025-09-10,0.8291648142535104,CRITICAL,5,9,True
2025-09-11,0.8257402821704907,CRITICAL,5,9,True
2025-09-12,0.8348702348529183,CRITICAL,4,9,True
2025-09-13,0.8335280349515448,CRITICAL,4,9,True
2025-09-14,0.8390164327836355,CRITICAL,4,9,True
2025-09-15,0.8268995413381269,CRITICAL,4,9,True
2025-09-16,0.8247595252489732,CRITICAL,4,9,True
2025-09-17,0.8181139326350173,CRITICAL,5,9,True
2025-09-18,0.8065441296191566,CRITICAL,5,9,True
2025-09-19,0.8105391649734424,CRITICAL,4,9,True
2025-09-20,0.818480566009242,CRITICAL,4,9,True
2025-09-21,0.8043551803366766,WARNING,4,9,True
2025-09-22,0.8018176186376111,WARNING,4,9,True
2025-09-23,0.8014256243362684,WARNING,4,9,True
2025-09-24,0.8098257714211498,WARNING,5,9,True
2025-09-25,0.8008587645159426,WARNING,5,9,True
2025-09-26,0.7950135484664118,WARNING,4,9,True
2025-09-27,0.8004075383650178,WARNING,4,9,True
2025-09-28,0.8043551803366742,WARNING,4,9,True
2025-09-29,0.7923583037729952,WARNING,4,9,True
2025-09-30,0.8009160333967968,WARNING,4,9,True
2025-10-01,0.7879117658815669,CRITICAL,5,10,True
2025-10-02,0.7816572484126242,CRITICAL,5,10,True
2025-10-03,0.7890555763582647,CRITICAL,4,10,True
2025-10-04,0.7867523619227172,CRITICAL,4,10,True
2025-10-05,0.7710589656308717,CRITICAL,4,10,True
2025-10-06,0.7778879637534668,CRITICAL,4,10,True
2025-10-07,0.7845286616063752,CRITICAL,4,10,True
2025-10-08,0.7613306404351481,CRITICAL,5,10,True
2025-10-09,0.7497441141068258,CRITICAL,5,10,True
2025-10-10,0.745739508869329,CRITICAL,4,10,True
2025-10-11,0.7595491084611898,CRITICAL,4,10,True
2025-10-12,0.7609951579705957,CRITICAL,4,10,True
2025-10-13,0.7571471430588117,CRITICAL,4,10,True
2025-10-14,0.7289296080523099,CRITICAL,4,10,True
2025-10-15,0.7441910449152034,CRITICAL,5,10,True
2025-10-16,0.7417524216504188,CRITICAL,5,10,True
2025-10-17,0.7449343775033621,CRITICAL,4,10,True
2025-10-18,0.7378614752881221,CRITICAL,4,10,True
2025-10-19,0.7602724909311621,CRITICAL,4,10,True
2025-10-20,0.7477146251201543,CRITICAL,4,10,True
2025-10-21,0.7166189637776763,WARNING,4,10,True
2025-10-22,0.7288753813128749,WARNING,5,10,True
2025-10-23,0.7124942455767888,WARNING,5,10,True
2025-10-24,0.7291806404426427,WARNING,4,10,True
2025-10-25,0.7499637100958065,CRITICAL,4,10,True
2025-10-26,0.7586397987309583,CRITICAL,4,10,True
2025-10-27,0.7407206274440523,WARNING,4,10,True
2025-10-28,0.7220635406573098,WARNING,4,10,True
2025-10-29,0.7272660296208628,WARNING,5,10,True
2025-10-30,0.7288798968884153,WARNING,5,10,True
2025-10-31,0.7264163560861615,WARNING,4,10,True
2025-11-01,0.742386425913122,CRITICAL,4,11,True
2025-11-02,0.7275115851434543,CRITICAL,4,11,True
2025-11-03,0.7135485445184905,CRITICAL,4,11,True
2025-11-04,0.7258988829912344,CRITICAL,4,11,True
2025-11-05,0.7210968481348103,CRITICAL,5,11,True
2025-11-06,0.7210491109915292,CRITICAL,5,11,True
2025-11-07,0.7063149096492244,CRITICAL,4,11,True
2025-11-08,0.7276067055285111,CRITICAL,4,11,True
2025-11-09,0.7246744478775341,CRITICAL,4,11,True
2025-11-10,0.7030441495413503,CRITICAL,4,11,True
2025-11-11,0.6977909195929386,CRITICAL,4,11,True
2025-11-12,0.7201312371196046,CRITICAL,5,11,True
2025-11-13,0.7053339036779166,CRITICAL,5,11,True
2025-11-14,0.6855425204073217,CRITICAL,4,11,True
2025-11-15,0.6940310363939152,CRITICAL,4,11,True
2025-11-16,0.6922882583324902,CRITICAL,4,11,True
2025-11-17,0.6954874164200443,CRITICAL,4,11,True
2025-11-18,0.7112012074738076,CRITICAL,4,11,True
2025-11-19,0.7056202493632798,CRITICAL,5,11,True
2025-11-20,0.6930513696341796,CRITICAL,5,11,True
2025-11-21,0.6866428666074698,WARNING,4,11,True
2025-11-22,0.7153705964419808,CRITICAL,4,11,True
2025-11-23,0.713111775246577,CRITICAL,4,11,True
2025-11-24,0.6937724131584707,WARNING,4,11,True
2025-11-25,0.6819667798935205,WARNING,4,11,True
2025-11-26,0.6472007829431952,WARNING,5,11,True
2025-11-27,0.6459057476933503,WARNING,5,11,True
2025-11-28,0.647862372480136,WARNING,4,11,True
2025-11-29,0.6656764641343075,WARNING,4,11,True
2025-11-30,0.653879843458839,WARNING,4,11,True
2025-12-01,0.647172558910401,CRITICAL,4,12,True
2025-12-02,0.6532151226769491,CRITICAL,4,12,True
2025-12-03,0.6520882986601717,CRITICAL,4,12,True
2025-12-04,0.6418996951801833,CRITICAL,4,12,True
2025-12-05,0.650319291638557,CRITICAL,3,12,True
2025-12-06,0.6772683110606612,CRITICAL,3,12,True
2025-12-07,0.6603406498251809,CRITICAL,3,12,True
2025-12-08,0.6534963273794514,CRITICAL,3,12,True
2025-12-09,0.6448548500295697,CRITICAL,3,12,True
2025-12-10,0.6470453610411839,CRITICAL,3,12,True
2025-12-11,0.6404080699258083,CRITICAL,3,12,True
2025-12-12,0.6294727788317687,CRITICAL,2,12,True
2025-12-13,0.639098284641634,CRITICAL,2,12,True
2025-12-14,0.634579510223926,CRITICAL,2,12,True
2025-12-15,0.627371982649088,CRITICAL,2,12,True
2025-12-16,0.6157413337611136,CRITICAL,2,12,True
2025-12-17,0.6370622237892722,CRITICAL,2,12,True
2025-12-18,0.6501786977754297,CRITICAL,2,12,True
