date,score,level,n_predictions,month,is_anomaly
2014-01-08,0.2124859999166398,NORMAL,2,1,False
2014-01-09,0.0879623139983383,NORMAL,2,1,False
2014-01-10,0.1068069049448723,NORMAL,2,1,False
2014-01-11,0.0454803809984436,NORMAL,2,1,False
2014-01-12,0.1916420649852187,NORMAL,2,1,False
2014-01-13,0.1377841879361641,NORMAL,2,1,False
2014-01-14,0.1494660924250469,NORMAL,2,1,False
2014-01-15,0.5898640859159625,NORMAL,3,1,False
2014-01-16,0.1576937077556257,NORMAL,3,1,False
2014-01-17,0.2966523779840678,NORMAL,3,1,False
2014-01-18,0.4042151005037225,NORMAL,3,1,False
2014-01-19,0.3531259435600958,NORMAL,3,1,False
2014-01-20,0.5026107085950207,NORMAL,3,1,False
2014-01-21,0.4688822759100339,NORMAL,3,1,False
2014-01-22,0.4025205259996388,NORMAL,4,1,False
2014-01-23,1.0884353479702753,NORMAL,4,1,False
2014-01-24,0.6756723946186424,NORMAL,4,1,False
2014-01-25,0.4496566465453446,NORMAL,4,1,False
2014-01-26,0.5407997850195525,NORMAL,4,1,False
2014-01-27,0.7841986509173774,NORMAL,4,1,False
2014-01-28,0.434289299368749,NORMAL,4,1,False
2014-01-29,0.910350229333524,NORMAL,5,1,False
2014-01-30,0.8818856166247632,NORMAL,5,1,False
2014-01-31,0.1639542777809324,NORMAL,4,1,False
2014-02-01,0.5107632563752631,NORMAL,4,2,False
2014-02-02,0.869940947830367,NORMAL,4,2,False
2014-02-03,0.3997596564518116,NORMAL,4,2,False
2014-02-04,0.2592993172169271,NORMAL,4,2,False
2014-02-05,0.1317158473356829,NORMAL,5,2,False
2014-02-06,0.4113198308378886,NORMAL,5,2,False
2014-02-07,0.3107163096676162,NORMAL,4,2,False
2014-02-08,0.28903797005392,NORMAL,4,2,False
2014-02-09,0.2822051501097777,NORMAL,4,2,False
2014-02-10,0.2528317814008695,NORMAL,4,2,False
2014-02-11,0.1784292124909669,NORMAL,4,2,False
2014-02-12,0.5146186008160569,NORMAL,5,2,False
2014-02-13,0.3563544097341185,NORMAL,5,2,False
2014-02-14,0.2422269998821573,NORMAL,4,2,False
2014-02-15,0.305274391695834,NORMAL,4,2,False
2014-02-16,0.0839851786721565,NORMAL,4,2,False
2014-02-17,0.0907644504756086,NORMAL,4,2,False
2014-02-18,0.1309885306246192,NORMAL,4,2,False
2014-02-19,0.1175929921558939,NORMAL,5,2,False
2014-02-20,0.016241118917086,NORMAL,5,2,False
2014-02-21,0.0160068794542187,NORMAL,4,2,False
2014-02-22,0.0952261669942205,NORMAL,4,2,False
2014-02-23,0.1597107794759098,NORMAL,4,2,False
2014-02-24,0.3195617673350661,NORMAL,4,2,False
2014-02-25,0.2943064566466006,NORMAL,4,2,False
2014-02-26,0.8082749531713079,WARNING,5,2,True
2014-02-27,0.6886616343912402,NORMAL,5,2,False
2014-02-28,0.2270905823720036,NORMAL,4,2,False
2014-03-01,0.4055041793666487,NORMAL,4,3,False
2014-03-02,0.2796378262451424,NORMAL,4,3,False
2014-03-03,0.1488583680835399,NORMAL,4,3,False
2014-03-04,0.1559030884192286,NORMAL,4,3,False
2014-03-05,0.2057235862559035,NORMAL,5,3,False
2014-03-06,0.1569710121999317,NORMAL,5,3,False
2014-03-07,0.0881267473351651,NORMAL,4,3,False
2014-03-08,0.2915244795205307,NORMAL,4,3,False
2014-03-09,0.2286835076700831,NORMAL,4,3,False
2014-03-10,0.1293871164773141,NORMAL,4,3,False
2014-03-11,0.243104739560631,NORMAL,4,3,False
2014-03-12,0.064887738805714,NORMAL,5,3,False
2014-03-13,0.1137155764455669,NORMAL,5,3,False
2014-03-14,0.2706222150452956,NORMAL,4,3,False
2014-03-15,0.3567243349082987,NORMAL,4,3,False
2014-03-16,0.0498877483491368,NORMAL,4,3,False
2014-03-17,0.2139536666539166,NORMAL,4,3,False
2014-03-18,0.1500707316542127,NORMAL,4,3,False
2014-03-19,0.457107816180239,NORMAL,5,3,False
2014-03-20,0.1003555073758249,NORMAL,5,3,False
2014-03-21,0.1984195032847212,NORMAL,4,3,False
2014-03-22,0.2022982359905074,NORMAL,4,3,False
2014-03-23,0.2174351294764939,NORMAL,4,3,False
2014-03-24,0.0969621380353872,NORMAL,4,3,False
2014-03-25,0.0710746184859801,NORMAL,4,3,False
2014-03-26,0.2165460540454421,NORMAL,5,3,False
2014-03-27,0.1178395669550444,NORMAL,5,3,False
2014-03-28,0.0315701446283838,NORMAL,4,3,False
2014-03-29,0.1532172060621592,NORMAL,4,3,False
2014-03-30,0.1001305304713448,NORMAL,4,3,False
2014-03-31,0.1497941631889899,NORMAL,4,3,False
2014-04-01,0.2343507332813524,NORMAL,4,4,False
2014-04-02,0.2565606279396014,NORMAL,5,4,False
2014-04-03,0.5287277563954267,NORMAL,5,4,False
2014-04-04,0.2603698165454675,NORMAL,4,4,False
2014-04-05,0.3541667873224896,NORMAL,4,4,False
2014-04-06,0.2379242553808629,NORMAL,4,4,False
2014-04-07,0.0970476278394315,NORMAL,4,4,False
2014-04-08,0.1302632595148196,NORMAL,4,4,False
2014-04-09,0.1124562781528333,NORMAL,5,4,False
2014-04-10,0.4555618403169872,NORMAL,5,4,False
2014-04-11,0.2803499669504667,NORMAL,4,4,False
2014-04-12,0.3808506337899758,NORMAL,4,4,False
2014-04-13,0.3900029811525182,NORMAL,4,4,False
2014-04-14,0.1334639239268371,NORMAL,4,4,False
2014-04-15,0.3036263408206701,NORMAL,4,4,False
2014-04-16,0.1037323488385042,NORMAL,5,4,False
2014-04-17,0.1566820711322707,NORMAL,5,4,False
2014-04-18,0.4152166330857567,NORMAL,4,4,False
2014-04-19,0.3231871739875644,NORMAL,4,4,False
2014-04-20,0.1132120790741499,NORMAL,4,4,False
2014-04-21,0.1346934684863082,NORMAL,4,4,False
2014-04-22,0.1412794784679331,NORMAL,4,4,False
2014-04-23,0.748758495485107,WARNING,5,4,True
2014-04-24,0.3491539893401575,NORMAL,5,4,False
2014-04-25,0.1182546830891201,NORMAL,4,4,False
2014-04-26,0.0387129829963027,NORMAL,4,4,False
2014-04-27,0.1441524414838506,NORMAL,4,4,False
2014-04-28,0.2828466117188077,NORMAL,4,4,False
2014-04-29,0.1948765217413507,NORMAL,4,4,False
2014-04-30,0.1280006249276037,NORMAL,5,4,False
2014-05-01,0.1917217039619007,NORMAL,5,5,False
2014-05-02,0.0638282587030005,NORMAL,4,5,False
2014-05-03,0.2027849407065369,NORMAL,4,5,False
2014-05-04,0.1616180517854103,NORMAL,4,5,False
2014-05-05,0.0775159846025988,NORMAL,4,5,False
2014-05-06,0.1018684137847193,NORMAL,4,5,False
2014-05-07,0.1784848172504237,NORMAL,5,5,False
2014-05-08,0.0663152939983175,NORMAL,5,5,False
2014-05-09,0.2145701852125527,NORMAL,4,5,False
2014-05-10,0.3353960839997979,NORMAL,4,5,False
2014-05-11,0.3675734861329884,NORMAL,4,5,False
2014-05-12,0.0861042345884648,NORMAL,4,5,False
2014-05-13,0.0773568903727086,NORMAL,4,5,False
2014-05-14,0.3031552638881868,NORMAL,5,5,False
2014-05-15,1.2611531098133182,CRITICAL,5,5,True
2014-05-16,0.5981072771817971,WARNING,4,5,True
2014-05-17,0.097745909224488,NORMAL,4,5,False
2014-05-18,0.0779865815184643,NORMAL,4,5,False
2014-05-19,0.1717845694942453,NORMAL,4,5,False
2014-05-20,0.192849099389765,NORMAL,4,5,False
2014-05-21,0.1804411295953339,NORMAL,5,5,False
2014-05-22,0.281200124785708,NORMAL,5,5,False
2014-05-23,0.3994681590959071,NORMAL,4,5,False
2014-05-24,0.2341292081158585,NORMAL,4,5,False
2014-05-25,0.1011493226625556,NORMAL,4,5,False
2014-05-26,0.2659041963014323,NORMAL,4,5,False
2014-05-27,0.2225694472589178,NORMAL,4,5,False
2014-05-28,0.6160511537318506,WARNING,5,5,True
2014-05-29,0.806188568998749,CRITICAL,5,5,True
2014-05-30,0.3364888043323172,NORMAL,4,5,False
2014-05-31,0.202093318880093,NORMAL,4,5,False
2014-06-01,0.0525336795451426,NORMAL,4,6,False
2014-06-02,0.2531581093221328,NORMAL,4,6,False
2014-06-03,0.1942530705130127,NORMAL,4,6,False
2014-06-04,0.3065300939771933,NORMAL,5,6,False
2014-06-05,0.2695716583999464,NORMAL,5,6,False
2014-06-06,0.3582161872128387,NORMAL,4,6,False
2014-06-07,0.3942343113448364,NORMAL,4,6,False
2014-06-08,0.2582545204082379,NORMAL,4,6,False
2014-06-09,0.3307236747980582,NORMAL,4,6,False
2014-06-10,0.4382270291978775,NORMAL,4,6,False
2014-06-11,0.1237265994640568,NORMAL,5,6,False
2014-06-12,0.2769293172899782,NORMAL,5,6,False
2014-06-13,0.1956398316975892,NORMAL,4,6,False
2014-06-14,0.129730185268919,NORMAL,4,6,False
2014-06-15,0.1718911538093085,NORMAL,4,6,False
2014-06-16,0.1713998878074983,NORMAL,4,6,False
2014-06-17,0.139775899578161,NORMAL,4,6,False
2014-06-18,0.3070632665604586,NORMAL,5,6,False
2014-06-19,0.5828224861521782,WARNING,5,6,True
2014-06-20,0.6579776729872426,WARNING,4,6,True
2014-06-21,0.6362186774997437,WARNING,4,6,True
2014-06-22,0.6285811662978078,WARNING,4,6,True
2014-06-23,0.6351220627176768,WARNING,4,6,True
2014-06-24,0.635561128142828,WARNING,4,6,True
2014-06-25,0.1515297235414265,NORMAL,5,6,False
2014-06-26,0.4709938615423301,NORMAL,5,6,False
2014-06-27,0.5985474327543292,NORMAL,4,6,False
2014-06-28,0.4794505439419685,NORMAL,4,6,False
2014-06-29,0.2939639353719263,NORMAL,4,6,False
2014-06-30,0.1406165178655789,NORMAL,4,6,False
2014-07-01,0.1708758706111182,NORMAL,4,7,False
2014-07-02,0.1339418732370117,NORMAL,5,7,False
2014-07-03,0.0805813089817629,NORMAL,5,7,False
2014-07-04,0.2327400222723115,NORMAL,4,7,False
2014-07-05,0.3390090798272886,NORMAL,4,7,False
2014-07-06,0.156476930200869,NORMAL,4,7,False
2014-07-07,0.2211363401747302,NORMAL,4,7,False
2014-07-08,0.1646516879027377,NORMAL,4,7,False
2014-07-09,0.4685612566453768,NORMAL,5,7,False
2014-07-10,0.0244543526385961,NORMAL,5,7,False
2014-07-11,0.2909015906666775,NORMAL,4,7,False
2014-07-12,0.2580153867777155,NORMAL,4,7,False
2014-07-13,0.1532769781551855,NORMAL,4,7,False
2014-07-14,0.036152629631139,NORMAL,4,7,False
2014-07-15,0.215910396635314,NORMAL,4,7,False
2014-07-16,0.053828503906567,NORMAL,5,7,False
2014-07-17,0.3238605803508474,NORMAL,5,7,False
2014-07-18,0.2035879959376951,NORMAL,4,7,False
2014-07-19,0.1013790122192883,NORMAL,4,7,False
2014-07-20,0.1286456910708301,NORMAL,4,7,False
2014-07-21,0.2271699158199688,NORMAL,4,7,False
2014-07-22,0.1269056744215209,NORMAL,4,7,False
2014-07-23,0.7453733390042045,CRITICAL,5,7,True
2014-07-24,1.0374599641697435,CRITICAL,5,7,True
2014-07-25,0.2661536335118292,NORMAL,4,7,False
2014-07-26,0.257901536621854,NORMAL,4,7,False
2014-07-27,0.0581306312564951,NORMAL,4,7,False
2014-07-28,0.0786339748399023,NORMAL,4,7,False
2014-07-29,0.0347261741025656,NORMAL,4,7,False
2014-07-30,0.0387306982151567,NORMAL,5,7,False
2014-07-31,0.6015012082673029,WARNING,5,7,True
2014-08-01,0.397996990456396,NORMAL,4,8,False
2014-08-02,0.3549433305350006,NORMAL,4,8,False
2014-08-03,0.2156052703996583,NORMAL,4,8,False
2014-08-04,0.2176003089499107,NORMAL,4,8,False
2014-08-05,0.2258776652913399,NORMAL,4,8,False
2014-08-06,0.1800631885138761,NORMAL,5,8,False
2014-08-07,0.10841405287417,NORMAL,5,8,False
2014-08-08,0.1746892646518749,NORMAL,4,8,False
2014-08-09,0.08790997399973,NORMAL,4,8,False
2014-08-10,0.048052827603187,NORMAL,4,8,False
2014-08-11,0.0532643390584333,NORMAL,4,8,False
2014-08-12,0.0831342052712096,NORMAL,4,8,False
2014-08-13,0.5735047715902285,NORMAL,5,8,False
2014-08-14,0.400876480966981,NORMAL,5,8,False
2014-08-15,0.0498918050726984,NORMAL,4,8,False
2014-08-16,0.1374712344336763,NORMAL,4,8,False
2014-08-17,0.0817639661929777,NORMAL,4,8,False
2014-08-18,0.1649366301178317,NORMAL,4,8,False
2014-08-19,0.123473884245381,NORMAL,4,8,False
2014-08-20,0.0694572019590794,NORMAL,5,8,False
2014-08-21,0.0611666395654665,NORMAL,5,8,False
2014-08-22,0.1999888777891551,NORMAL,4,8,False
2014-08-23,0.3530031664048947,NORMAL,4,8,False
2014-08-24,0.0910418041252139,NORMAL,4,8,False
2014-08-25,0.0847068629152495,NORMAL,4,8,False
2014-08-26,0.148657574479696,NORMAL,4,8,False
2014-08-27,0.1418784427009594,NORMAL,5,8,False
2014-08-28,0.1342447394789993,NORMAL,5,8,False
2014-08-29,0.109804956368136,NORMAL,4,8,False
2014-08-30,0.1295522339587143,NORMAL,4,8,False
2014-08-31,0.1747613763835872,NORMAL,4,8,False
2014-09-01,0.1153511267243981,NORMAL,4,9,False
2014-09-02,0.2064604627320281,NORMAL,4,9,False
2014-09-03,1.0622359506512746,CRITICAL,5,9,True
2014-09-04,0.9914713835649912,CRITICAL,5,9,True
2014-09-05,0.6037101018346458,WARNING,4,9,True
2014-09-06,0.5055641551840694,NORMAL,4,9,False
2014-09-07,0.5589398722537451,NORMAL,4,9,False
2014-09-08,0.640903865390543,WARNING,4,9,True
2014-09-09,0.43865104003907,NORMAL,4,9,False
2014-09-10,0.1660430755869434,NORMAL,5,9,False
2014-09-11,0.3113863641359711,NORMAL,5,9,False
2014-09-12,0.103929853900707,NORMAL,4,9,False
2014-09-13,0.3077331293199544,NORMAL,4,9,False
2014-09-14,0.362831987858591,NORMAL,4,9,False
2014-09-15,0.3266732836987874,NORMAL,4,9,False
2014-09-16,0.4356780968152749,NORMAL,4,9,False
2014-09-17,0.1370091279928234,NORMAL,5,9,False
2014-09-18,0.0655851161906943,NORMAL,5,9,False
2014-09-19,0.3972881683029797,NORMAL,4,9,False
2014-09-20,0.1423082671045765,NORMAL,4,9,False
2014-09-21,0.1211916280992942,NORMAL,4,9,False
2014-09-22,0.1542265068435695,NORMAL,4,9,False
2014-09-23,0.2376847266294196,NORMAL,4,9,False
2014-09-24,0.4474733886605445,NORMAL,5,9,False
2014-09-25,0.4110654886158999,NORMAL,5,9,False
2014-09-26,0.4903257968365279,NORMAL,4,9,False
2014-09-27,0.4914196653631568,NORMAL,4,9,False
2014-09-28,0.1716197457306042,NORMAL,4,9,False
2014-09-29,0.1276472717611786,NORMAL,4,9,False
2014-09-30,0.1476378941178118,NORMAL,4,9,False
2014-10-01,1.353886420143376,CRITICAL,5,10,True
2014-10-02,0.8284279258088464,CRITICAL,5,10,True
2014-10-03,0.5523603335956904,NORMAL,4,10,False
2014-10-04,0.5493830294062609,NORMAL,4,10,False
2014-10-05,0.3152920015431961,NORMAL,4,10,False
2014-10-06,0.1099603047219345,NORMAL,4,10,False
2014-10-07,0.1440417451953519,NORMAL,4,10,False
2014-10-08,0.3077248522251825,NORMAL,5,10,False
2014-10-09,0.2840819591283441,NORMAL,5,10,False
2014-10-10,0.4669947673127984,NORMAL,4,10,False
2014-10-11,0.2560910889559851,NORMAL,4,10,False
2014-10-12,0.4378955719032604,NORMAL,4,10,False
2014-10-13,0.1942013059937513,NORMAL,4,10,False
2014-10-14,0.1768069262534006,NORMAL,4,10,False
2014-10-15,0.0113419185650746,NORMAL,5,10,False
2014-10-16,0.063909571867274,NORMAL,5,10,False
2014-10-17,0.1909301409145408,NORMAL,4,10,False
2014-10-18,0.1367165357006221,NORMAL,4,10,False
2014-10-19,0.1373679948834897,NORMAL,4,10,False
2014-10-20,0.2621361125425489,NORMAL,4,10,False
2014-10-21,0.3474553648364099,NORMAL,4,10,False
2014-10-22,0.2622186659984952,NORMAL,5,10,False
2014-10-23,0.3009356432583565,NORMAL,5,10,False
2014-10-24,0.2607225298266334,NORMAL,4,10,False
2014-10-25,0.2473200364280047,NORMAL,4,10,False
2014-10-26,0.1877580478030983,NORMAL,4,10,False
2014-10-27,0.0956755464600453,NORMAL,4,10,False
2014-10-28,0.1931763345023361,NORMAL,4,10,False
2014-10-29,0.2377072022890733,NORMAL,5,10,False
2014-10-30,0.2329212981566124,NORMAL,5,10,False
2014-10-31,0.1579294596318977,NORMAL,4,10,False
2014-11-01,0.2515787633992073,NORMAL,4,11,False
2014-11-02,0.3326827767959686,NORMAL,4,11,False
2014-11-03,0.2059820023310072,NORMAL,4,11,False
2014-11-04,0.1746022488962102,NORMAL,4,11,False
2014-11-05,0.2575693569063348,NORMAL,5,11,False
2014-11-06,0.5327541285602393,NORMAL,5,11,False
2014-11-07,0.4738178270525941,NORMAL,4,11,False
2014-11-16,0.6646985942545434,WARNING,4,11,True
2014-11-17,0.6754607209194597,WARNING,4,11,True
2014-11-18,0.6246663452388612,WARNING,4,11,True
2014-11-19,0.3157802699510039,NORMAL,5,11,False
2014-11-20,0.7170494742135409,CRITICAL,5,11,True
2014-11-21,0.7081871412454277,CRITICAL,4,11,True
2014-11-22,0.4767277820691927,NORMAL,4,11,False
2014-11-23,0.621338378422965,WARNING,4,11,True
2014-11-24,0.523359692559407,NORMAL,4,11,False
2014-11-25,0.5244920175168866,NORMAL,4,11,False
2014-11-26,0.6593526529155503,WARNING,5,11,True
2014-11-27,0.1064784431181607,NORMAL,5,11,False
2014-11-28,0.1025398134302811,NORMAL,4,11,False
2014-11-29,0.3439485702602829,NORMAL,4,11,False
2014-11-30,0.471650787892135,NORMAL,4,11,False
2014-12-01,0.5456015420181952,NORMAL,4,12,False
2014-12-02,0.6663633679537447,WARNING,4,12,True
2014-12-03,0.070561900159482,NORMAL,5,12,False
2014-12-04,0.0510463967487067,NORMAL,5,12,False
2014-12-05,0.1937113824282574,NORMAL,4,12,False
2014-12-06,0.0970209137391487,NORMAL,4,12,False
2014-12-07,0.128265622515434,NORMAL,4,12,False
2014-12-08,0.1418882842067139,NORMAL,4,12,False
2014-12-09,0.1937544155225813,NORMAL,4,12,False
2014-12-10,0.9573282391922862,CRITICAL,5,12,True
2014-12-11,0.7740575108447971,CRITICAL,5,12,True
2014-12-12,0.8229989776218191,CRITICAL,4,12,True
2014-12-13,0.7695773324575451,CRITICAL,4,12,True
2014-12-14,0.4535767785643567,NORMAL,4,12,False
2014-12-15,0.5067688541612597,NORMAL,4,12,False
2014-12-16,0.6267629005052981,WARNING,4,12,True
2014-12-17,0.2312762363500515,NORMAL,5,12,False
2014-12-18,0.3335986109410295,NORMAL,5,12,False
2014-12-19,0.3839282478000462,NORMAL,4,12,False
2014-12-20,0.3683650483792124,NORMAL,4,12,False
2014-12-21,0.5044737336106079,NORMAL,4,12,False
2014-12-22,0.5359326962540625,NORMAL,4,12,False
2014-12-23,0.4551712722703258,NORMAL,4,12,False
2014-12-24,0.1162222654206316,NORMAL,5,12,False
2014-12-25,0.0363853726694147,NORMAL,5,12,False
2014-12-26,0.1492930656956939,NORMAL,4,12,False
2014-12-27,0.0887239644911739,NORMAL,4,12,False
2014-12-28,0.3338239757952116,NORMAL,4,12,False
2014-12-29,0.4012173296203364,NORMAL,4,12,False
2014-12-30,0.3221801919296204,NORMAL,4,12,False
2014-12-31,0.2519626409294893,NORMAL,5,12,False
2015-01-01,0.0854574207291636,NORMAL,5,1,False
2015-01-02,0.0804122633163561,NORMAL,4,1,False
2015-01-03,0.2466573837721946,NORMAL,4,1,False
2015-01-04,0.1015089122387374,NORMAL,4,1,False
2015-01-05,0.218222112344356,NORMAL,4,1,False
2015-01-06,0.1257848294644661,NORMAL,4,1,False
2015-01-07,0.582717817599251,NORMAL,5,1,False
2015-01-08,0.4347964830085007,NORMAL,5,1,False
2015-01-09,0.3080238215993904,NORMAL,4,1,False
2015-01-10,0.4075397144256918,NORMAL,4,1,False
2015-01-11,0.5119426432158459,NORMAL,4,1,False
2015-01-12,0.5337483453521673,NORMAL,4,1,False
2015-01-13,0.4139814194679841,NORMAL,4,1,False
2015-01-14,0.0768720059701372,NORMAL,5,1,False
2015-01-15,0.0972828901603791,NORMAL,5,1,False
2015-01-16,0.2446709668000526,NORMAL,4,1,False
2015-01-17,0.2395599194905364,NORMAL,4,1,False
2015-01-18,0.2640078134488197,NORMAL,4,1,False
2015-01-19,0.1994849132665386,NORMAL,4,1,False
2015-01-20,0.1070886673134264,NORMAL,4,1,False
2015-01-21,0.0510867331529034,NORMAL,5,1,False
2015-01-22,0.0429837853473345,NORMAL,5,1,False
2015-01-23,0.1320317680132635,NORMAL,4,1,False
2015-01-24,0.111939345025781,NORMAL,4,1,False
2015-01-25,0.1156785962637911,NORMAL,4,1,False
2015-01-26,0.0509504381825899,NORMAL,4,1,False
2015-01-27,0.217151642775438,NORMAL,4,1,False
2015-01-28,0.2737995314527952,NORMAL,5,1,False
2015-01-29,0.0703426380106591,NORMAL,5,1,False
2015-01-30,0.2188738996369022,NORMAL,4,1,False
2015-01-31,0.353003719801568,NORMAL,4,1,False
2015-02-01,0.2917664293746674,NORMAL,4,2,False
2015-02-02,0.285874172036005,NORMAL,4,2,False
2015-02-03,0.2745097754015483,NORMAL,4,2,False
2015-02-04,0.0472091538699372,NORMAL,5,2,False
2015-02-05,0.1239219346504405,NORMAL,5,2,False
2015-02-06,0.2241142485589496,NORMAL,4,2,False
2015-02-07,0.0566292476880813,NORMAL,4,2,False
2015-02-08,0.1646851315681284,NORMAL,4,2,False
2015-02-09,0.0956774879440769,NORMAL,4,2,False
2015-02-10,0.1053635990342358,NORMAL,4,2,False
2015-02-11,0.3628706165276421,NORMAL,5,2,False
2015-02-12,0.2459686856765795,NORMAL,5,2,False
2015-02-13,0.2912977048055691,NORMAL,4,2,False
2015-02-14,0.3699533526789584,NORMAL,4,2,False
2015-02-15,0.4889934169089204,NORMAL,4,2,False
2015-02-16,0.4673499206691525,NORMAL,4,2,False
2015-02-17,0.4851259918506195,NORMAL,4,2,False
2015-02-18,0.2247532200314036,NORMAL,5,2,False
2015-02-19,0.2773831261429509,NORMAL,5,2,False
2015-02-20,0.5122795145837389,WARNING,4,2,True
2015-02-21,0.3867731164098734,NORMAL,4,2,False
2015-02-22,0.1261611167678889,NORMAL,4,2,False
2015-02-23,0.1772795222820082,NORMAL,4,2,False
2015-02-24,0.2135258894883115,NORMAL,4,2,False
2015-02-25,0.0624822141190533,NORMAL,5,2,False
2015-02-26,0.3578177349285644,NORMAL,5,2,False
2015-02-27,0.3639234031987459,NORMAL,4,2,False
2015-02-28,0.4795137008162615,NORMAL,4,2,False
2015-03-01,0.4509169787733008,CRITICAL,4,3,True
2015-03-02,0.4612901805952265,CRITICAL,4,3,True
2015-03-03,0.4201991018323787,WARNING,4,3,True
2015-03-04,0.4221288583235371,WARNING,5,3,True
2015-03-05,0.1766951091900026,NORMAL,5,3,False
2015-03-06,0.2446670785963812,NORMAL,4,3,False
2015-03-07,0.1849985485066427,NORMAL,4,3,False
2015-03-08,0.2325308628507462,NORMAL,4,3,False
2015-03-09,0.2230139870376598,NORMAL,4,3,False
2015-03-10,0.2487245218516055,NORMAL,4,3,False
2015-03-11,0.8516998971346272,CRITICAL,5,3,True
2015-03-12,0.6026829830468406,CRITICAL,5,3,True
2015-03-13,0.3512445579170337,NORMAL,4,3,False
2015-03-14,0.2304133235886384,NORMAL,4,3,False
2015-03-15,0.370059195157234,NORMAL,4,3,False
2015-03-16,0.4606577355830054,CRITICAL,4,3,True
2015-03-17,0.2730115724812328,NORMAL,4,3,False
2015-03-18,0.2551437659521323,NORMAL,5,3,False
2015-03-19,0.4579315990263551,WARNING,5,3,True
2015-03-20,0.3131144830638009,NORMAL,4,3,False
2015-03-21,0.3963344706848653,NORMAL,4,3,False
2015-03-22,0.0872535408651458,NORMAL,4,3,False
2015-03-23,0.1048541204496925,NORMAL,4,3,False
2015-03-24,0.2446671558118785,NORMAL,4,3,False
2015-03-25,0.1348292586784054,NORMAL,5,3,False
2015-03-26,0.3449336750210078,NORMAL,5,3,False
2015-03-27,0.34814364089562,NORMAL,4,3,False
2015-03-28,0.9061134588452636,CRITICAL,4,3,True
2015-03-29,0.7852752484622141,CRITICAL,4,3,True
2015-03-30,0.5239286421497207,WARNING,4,3,True
2015-03-31,0.458922935782792,NORMAL,4,3,False
2015-04-01,0.5277293986797102,CRITICAL,5,4,True
2015-04-02,0.4669741728821452,WARNING,5,4,True
2015-04-03,0.2825822182481701,NORMAL,4,4,False
2015-04-04,0.1259379370038576,NORMAL,4,4,False
2015-04-05,0.409088082984204,NORMAL,4,4,False
2015-04-06,0.3780241083566493,NORMAL,4,4,False
2015-04-07,0.2658524796674861,NORMAL,4,4,False
2015-04-08,0.1933476307574917,NORMAL,5,4,False
2015-04-09,0.1768414753479754,NORMAL,5,4,False
2015-04-10,0.083034103556113,NORMAL,4,4,False
2015-04-11,0.1438016734290211,NORMAL,4,4,False
2015-04-12,0.2296178408916667,NORMAL,4,4,False
2015-04-13,0.1908147479182464,NORMAL,4,4,False
2015-04-14,0.1670266692209417,NORMAL,4,4,False
2015-04-15,0.1353204933295569,NORMAL,5,4,False
2015-04-16,0.0137249420921213,NORMAL,5,4,False
2015-04-17,0.2267283562187603,NORMAL,4,4,False
2015-04-18,0.2655531813149664,NORMAL,4,4,False
2015-04-19,0.1287365407119993,NORMAL,4,4,False
2015-04-20,0.0684550249785134,NORMAL,4,4,False
2015-04-21,0.065269653472102,NORMAL,4,4,False
2015-04-22,0.0968404461509873,NORMAL,5,4,False
2015-04-23,0.0260152697965983,NORMAL,5,4,False
2015-04-24,0.1982850911834924,NORMAL,4,4,False
2015-04-25,0.1858078058080198,NORMAL,4,4,False
2015-04-26,0.0968852844309983,NORMAL,4,4,False
2015-04-27,0.1548620505966935,NORMAL,4,4,False
2015-04-28,0.2647304774684799,NORMAL,4,4,False
2015-04-29,0.1957628108321319,NORMAL,5,4,False
2015-04-30,0.0634510514166524,NORMAL,5,4,False
2015-05-01,0.056105209752268,NORMAL,4,5,False
2015-05-02,0.27678796983946,NORMAL,4,5,False
2015-05-03,0.0912688598271146,NORMAL,4,5,False
2015-05-04,0.0692879236410775,NORMAL,4,5,False
2015-05-05,0.137601399944993,NORMAL,4,5,False
2015-05-06,2.64857508864829,CRITICAL,5,5,True
2015-05-07,2.279824678118056,CRITICAL,5,5,True
2015-05-08,1.723636839712796,CRITICAL,4,5,True
2015-05-09,1.60017052813272,WARNING,4,5,True
2015-05-10,1.2149650101457317,NORMAL,4,5,False
2015-05-11,1.29272780085877,WARNING,4,5,True
2015-05-12,1.8282171920457604,CRITICAL,4,5,True
2015-05-13,0.1434449851447532,NORMAL,5,5,False
2015-05-14,0.1627017768226205,NORMAL,5,5,False
2015-05-15,0.197229104148085,NORMAL,4,5,False
2015-05-16,0.3059949783449998,NORMAL,4,5,False
2015-05-17,0.3364721922361745,NORMAL,4,5,False
2015-05-18,0.3247103238093199,NORMAL,4,5,False
2015-05-19,0.3740965348847582,NORMAL,4,5,False
2015-05-20,0.146155388349702,NORMAL,5,5,False
2015-05-21,0.2758654108042278,NORMAL,5,5,False
2015-05-22,0.2387107756398462,NORMAL,4,5,False
2015-05-23,0.243611415945782,NORMAL,4,5,False
2015-05-24,0.1980783329777898,NORMAL,4,5,False
2015-05-25,0.2047154281938384,NORMAL,4,5,False
2015-05-26,0.2604096790886614,NORMAL,4,5,False
2015-05-27,0.0932107393237418,NORMAL,5,5,False
2015-05-28,0.636656155318946,NORMAL,5,5,False
2015-05-29,0.3859492294034365,NORMAL,4,5,False
2015-05-30,0.3538978594514866,NORMAL,4,5,False
2015-05-31,0.2039028077372763,NORMAL,4,5,False
2015-06-01,0.1663548210836239,NORMAL,4,6,False
2015-06-02,0.2113883386049203,NORMAL,4,6,False
2015-06-03,0.2440177626972819,NORMAL,5,6,False
2015-06-04,0.3844875494105387,NORMAL,5,6,False
2015-06-05,0.285963333383038,NORMAL,4,6,False
2015-06-06,0.2123756265820508,NORMAL,4,6,False
2015-06-07,0.1166600470546921,NORMAL,4,6,False
2015-06-08,0.0892692362066629,NORMAL,4,6,False
2015-06-09,0.0896629691120697,NORMAL,4,6,False
2015-06-10,0.2936818541670571,NORMAL,5,6,False
2015-06-11,0.2094574082847826,NORMAL,5,6,False
2015-06-12,0.3001456371290679,NORMAL,4,6,False
2015-06-13,0.1766416369839388,NORMAL,4,6,False
2015-06-14,0.1416381288330797,NORMAL,4,6,False
2015-06-15,0.114141515122473,NORMAL,4,6,False
2015-06-16,0.1293314103240769,NORMAL,4,6,False
2015-06-17,0.012654607441297,NORMAL,5,6,False
2015-06-18,0.0239341671721929,NORMAL,5,6,False
2015-06-19,0.1271873829229879,NORMAL,4,6,False
2015-06-20,0.11510799793317,NORMAL,4,6,False
2015-06-21,0.0282033722140439,NORMAL,4,6,False
2015-06-22,0.0319352656833443,NORMAL,4,6,False
2015-06-23,0.166028699376763,NORMAL,4,6,False
2015-06-24,0.0072511275144739,NORMAL,5,6,False
2015-06-25,0.2189794368312511,NORMAL,5,6,False
2015-06-26,0.2895890011290453,NORMAL,4,6,False
2015-06-27,0.3351649636503061,NORMAL,4,6,False
2015-06-28,0.0939547655326002,NORMAL,4,6,False
2015-06-29,0.1076996510616668,NORMAL,4,6,False
2015-06-30,0.237593180407079,NORMAL,4,6,False
2015-07-01,0.3812630399486821,NORMAL,5,7,False
2015-07-02,0.17835571436251,NORMAL,5,7,False
2015-07-03,0.0826654594870918,NORMAL,4,7,False
2015-07-04,0.1130195747939707,NORMAL,4,7,False
2015-07-05,0.0736907769248042,NORMAL,4,7,False
2015-07-06,0.03705623071725,NORMAL,4,7,False
2015-07-07,0.1402157332772468,NORMAL,4,7,False
2015-07-08,0.8575100245156648,CRITICAL,5,7,True
2015-07-09,0.7179338831502091,WARNING,5,7,True
2015-07-10,0.5989628252163876,NORMAL,4,7,False
2015-07-11,0.2374134845660416,NORMAL,4,7,False
2015-07-12,0.0478702852516663,NORMAL,4,7,False
2015-07-13,0.1379130059846629,NORMAL,4,7,False
2015-07-14,0.4261690647411703,NORMAL,4,7,False
2015-07-15,0.4479484761646009,NORMAL,5,7,False
2015-07-16,0.4320095948726921,NORMAL,5,7,False
2015-07-17,0.4384346404284517,NORMAL,4,7,False
2015-07-18,0.4368533605898977,NORMAL,4,7,False
2015-07-19,0.4173225342707316,NORMAL,4,7,False
2015-07-20,0.5017328488199547,NORMAL,4,7,False
2015-07-21,0.1499306183992613,NORMAL,4,7,False
2015-07-22,0.4374667868501124,NORMAL,5,7,False
2015-07-23,0.4092415835622418,NORMAL,5,7,False
2015-07-24,0.9160153679441878,CRITICAL,4,7,True
2015-07-25,0.6579036940791059,WARNING,4,7,True
2015-07-26,0.4813947119525297,NORMAL,4,7,False
2015-07-27,0.3614994780954291,NORMAL,4,7,False
2015-07-28,0.1342714144639757,NORMAL,4,7,False
2015-07-29,0.7915630657920172,CRITICAL,5,7,True
2015-07-30,0.7602117044432419,WARNING,5,7,True
2015-07-31,0.8672778450014043,CRITICAL,4,7,True
2015-08-01,0.8907945008115231,CRITICAL,4,8,True
2015-08-02,0.1667841248070619,NORMAL,4,8,False
2015-08-03,0.1896081170476291,NORMAL,4,8,False
2015-08-04,0.315484414257281,NORMAL,4,8,False
2015-08-05,0.5492518627921523,CRITICAL,5,8,True
2015-08-06,0.7063412679594008,CRITICAL,5,8,True
2015-08-07,0.7832764831215834,CRITICAL,4,8,True
2015-08-08,0.3310977294847679,NORMAL,4,8,False
2015-08-09,0.5004113704601505,NORMAL,4,8,False
2015-08-10,0.6585565549595952,WARNING,4,8,True
2015-08-11,0.7558664854442859,CRITICAL,4,8,True
2015-08-12,0.2218917135109271,NORMAL,5,8,False
2015-08-13,0.3334831461051446,NORMAL,5,8,False
2015-08-14,0.39913510500633,NORMAL,4,8,False
2015-08-15,0.5147696767638669,NORMAL,4,8,False
2015-08-16,0.5325303449292014,NORMAL,4,8,False
2015-08-17,0.3558714831321451,NORMAL,4,8,False
2015-08-18,0.4177920627716662,NORMAL,4,8,False
2015-08-19,0.0280461917070148,NORMAL,5,8,False
2015-08-20,0.1543194912868453,NORMAL,5,8,False
2015-08-21,0.7381924291022985,CRITICAL,4,8,True
2015-08-22,0.4287792360795884,NORMAL,4,8,False
2015-08-23,0.2333410622811264,NORMAL,4,8,False
2015-08-24,0.2220015597106556,NORMAL,4,8,False
2015-08-25,0.1985639086644239,NORMAL,4,8,False
2015-08-26,0.2357695263461337,NORMAL,5,8,False
2015-08-27,0.3377723609084171,NORMAL,5,8,False
2015-08-28,0.3330230968121733,NORMAL,4,8,False
2015-08-29,0.1991454145689894,NORMAL,4,8,False
2015-08-30,0.1600204326612395,NORMAL,4,8,False
2015-08-31,0.0596271646562297,NORMAL,4,8,False
2015-09-01,0.1066090765928332,NORMAL,4,9,False
2015-09-02,0.3883810181695286,NORMAL,5,9,False
2015-09-03,0.5117445608024718,NORMAL,5,9,False
2015-09-04,0.4933649838101923,NORMAL,4,9,False
2015-09-05,0.5115885847224805,NORMAL,4,9,False
2015-09-06,0.4354339645922293,NORMAL,4,9,False
2015-09-07,0.4345522900181536,NORMAL,4,9,False
2015-09-08,0.4722120011665855,NORMAL,4,9,False
2015-09-09,0.1777096139025703,NORMAL,5,9,False
2015-09-10,0.1302941096561131,NORMAL,5,9,False
2015-09-11,0.0962777657437056,NORMAL,4,9,False
2015-09-12,0.1459200726088448,NORMAL,4,9,False
2015-09-13,0.1321137667239923,NORMAL,4,9,False
2015-09-14,0.1339433960218345,NORMAL,4,9,False
2015-09-15,0.1506758598149873,NORMAL,4,9,False
2015-09-16,0.0993474270072108,NORMAL,5,9,False
2015-09-17,0.2343595906694653,NORMAL,5,9,False
2015-09-18,0.1596426565043495,NORMAL,4,9,False
2015-09-19,0.2266107008226894,NORMAL,4,9,False
2015-09-20,0.3474845037030796,NORMAL,4,9,False
2015-09-21,0.4145324524430562,NORMAL,4,9,False
2015-09-22,0.3624354118080564,NORMAL,4,9,False
2015-09-23,0.4388628863468573,NORMAL,5,9,False
2015-09-24,0.3134591983654132,NORMAL,5,9,False
2015-09-25,0.0393298324341655,NORMAL,4,9,False
2015-09-26,0.1215409936678305,NORMAL,4,9,False
2015-09-27,0.0790647871052784,NORMAL,4,9,False
2015-09-28,0.1816657766373307,NORMAL,4,9,False
2015-09-29,0.2180827322043921,NORMAL,4,9,False
2015-09-30,0.0088979456738044,NORMAL,5,9,False
2015-10-01,0.6755725077466214,WARNING,5,10,True
2015-10-02,0.4768110451210796,NORMAL,4,10,False
2015-10-03,0.1684700245149004,NORMAL,4,10,False
2015-10-04,0.0901395248451586,NORMAL,4,10,False
2015-10-05,0.0695645797732769,NORMAL,4,10,False
2015-10-06,0.071997322867878,NORMAL,4,10,False
2015-10-07,0.031900253179659,NORMAL,5,10,False
2015-10-08,1.1717320513892462,CRITICAL,5,10,True
2015-10-09,0.7283579039922587,WARNING,4,10,True
2015-10-10,1.060537859160321,CRITICAL,4,10,True
2015-10-11,0.9343291055786346,WARNING,4,10,True
2015-10-12,0.677233639259208,NORMAL,4,10,False
2015-10-13,0.5699310948317203,NORMAL,4,10,False
2015-10-14,0.3665320229896185,NORMAL,5,10,False
2015-10-15,0.4094227726452558,NORMAL,5,10,False
2015-10-16,0.2643564204695379,NORMAL,4,10,False
2015-10-17,0.1539115739540827,NORMAL,4,10,False
2015-10-18,0.1753947798802809,NORMAL,4,10,False
2015-10-19,0.1886486448363412,NORMAL,4,10,False
2015-10-20,0.1572269729576914,NORMAL,4,10,False
2015-10-21,0.373409830642692,NORMAL,5,10,False
2015-10-22,0.0632660990371684,NORMAL,5,10,False
2015-10-23,0.0754781615360025,NORMAL,4,10,False
2015-10-24,0.1785117530543964,NORMAL,4,10,False
2015-10-25,0.1428126749673993,NORMAL,4,10,False
2015-10-26,0.0849901893022605,NORMAL,4,10,False
2015-10-27,0.0726069034199508,NORMAL,4,10,False
2015-10-28,0.5027945039213407,NORMAL,5,10,False
2015-10-29,0.3804125174828504,NORMAL,5,10,False
2015-10-30,0.2782865741160368,NORMAL,4,10,False
2015-10-31,0.3075236453792496,NORMAL,4,10,False
2015-11-01,0.3492349385503756,NORMAL,4,11,False
2015-11-02,0.2946423632842054,NORMAL,4,11,False
2015-11-03,0.3044409671263502,NORMAL,4,11,False
2015-11-04,0.2948679428767461,NORMAL,5,11,False
2015-11-05,0.0749579669200704,NORMAL,5,11,False
2015-11-06,0.1576198343722526,NORMAL,4,11,False
2015-11-07,0.0541292915728662,NORMAL,4,11,False
2015-11-08,0.1697702814536319,NORMAL,4,11,False
2015-11-09,0.209180508330958,NORMAL,4,11,False
2015-11-10,0.1349783236617421,NORMAL,4,11,False
2015-11-11,0.568514448381406,NORMAL,5,11,False
2015-11-12,0.2509295978981955,NORMAL,5,11,False
2015-11-13,0.4422034196500256,NORMAL,4,11,False
2015-11-14,0.3883029329191952,NORMAL,4,11,False
2015-11-15,0.3440487088388837,NORMAL,4,11,False
2015-11-16,0.3377499055579795,NORMAL,4,11,False
2015-11-17,0.396013286701509,NORMAL,4,11,False
2015-11-18,0.4350919296777368,NORMAL,5,11,False
2015-11-19,0.2846159566294883,NORMAL,5,11,False
2015-11-20,0.2401378712550501,NORMAL,4,11,False
2015-11-21,0.2940673446843407,NORMAL,4,11,False
2015-11-22,0.2445490029356765,NORMAL,4,11,False
2015-11-23,0.246326302509553,NORMAL,4,11,False
2015-11-24,0.2918498291850462,NORMAL,4,11,False
2015-11-25,0.0285901939503283,NORMAL,5,11,False
2015-11-26,0.1644156865751856,NORMAL,5,11,False
2015-11-27,0.2914058758106014,NORMAL,4,11,False
2015-11-28,0.4110170139077034,NORMAL,4,11,False
2015-11-29,0.3741115429359453,NORMAL,4,11,False
2015-11-30,0.3398124900766737,NORMAL,4,11,False
2015-12-01,0.3299348725209486,NORMAL,4,12,False
2015-12-02,1.084788705578564,CRITICAL,5,12,True
2015-12-03,0.9665759704081468,CRITICAL,5,12,True
2015-12-04,0.5088397322803805,NORMAL,4,12,False
2015-12-05,0.2191772084931613,NORMAL,4,12,False
2015-12-06,0.0948274760945158,NORMAL,4,12,False
2015-12-07,0.1222357966660039,NORMAL,4,12,False
2015-12-08,0.1946126632014495,NORMAL,4,12,False
2015-12-09,0.3929306612970947,NORMAL,5,12,False
2015-12-10,0.2886178028224245,NORMAL,5,12,False
2015-12-11,0.2294831488262261,NORMAL,4,12,False
2015-12-12,0.1883719495036759,NORMAL,4,12,False
2015-12-13,0.2231100405917316,NORMAL,4,12,False
2015-12-14,0.2386994259355854,NORMAL,4,12,False
2015-12-15,0.2643616379226259,NORMAL,4,12,False
2015-12-16,0.143872155637083,NORMAL,5,12,False
2015-12-17,0.3546799444843637,NORMAL,5,12,False
2015-12-18,0.321142635593768,NORMAL,4,12,False
2015-12-19,0.2141853944505113,NORMAL,4,12,False
2015-12-20,0.1150504422505666,NORMAL,4,12,False
2015-12-21,0.093615318786438,NORMAL,4,12,False
2015-12-22,0.0672143839387527,NORMAL,4,12,False
2015-12-23,0.0143038768716275,NORMAL,5,12,False
2015-12-24,0.165687061011796,NORMAL,5,12,False
2015-12-25,0.1739967386749598,NORMAL,4,12,False
2015-12-26,0.0520642516839284,NORMAL,4,12,False
2015-12-27,0.0253005230910181,NORMAL,4,12,False
2015-12-28,0.0898861820684851,NORMAL,4,12,False
2015-12-29,0.1833479537216955,NORMAL,4,12,False
2015-12-30,0.152473831758199,NORMAL,5,12,False
2015-12-31,0.2490732630957006,NORMAL,5,12,False
2016-01-01,0.3919974164822062,NORMAL,4,1,False
2016-01-02,0.3905083529587523,NORMAL,4,1,False
2016-01-03,0.3749666291845367,NORMAL,4,1,False
2016-01-04,0.2791385471430629,NORMAL,4,1,False
2016-01-05,0.2583105149603215,NORMAL,4,1,False
2016-01-06,0.0075739376007487,NORMAL,5,1,False
2016-01-07,0.0392729241048946,NORMAL,5,1,False
2016-01-08,0.4789486918253129,NORMAL,4,1,False
2016-01-09,0.6491318013519647,WARNING,4,1,True
2016-01-10,0.4337570279130701,NORMAL,4,1,False
2016-01-11,0.4572273068185794,NORMAL,4,1,False
2016-01-12,0.5184762854678847,NORMAL,4,1,False
2016-01-13,0.1414289900364934,NORMAL,5,1,False
2016-01-14,0.0737849378225614,NORMAL,5,1,False
2016-01-15,0.0719577568493436,NORMAL,4,1,False
2016-01-16,0.1134061055174988,NORMAL,4,1,False
2016-01-17,0.214377705377661,NORMAL,4,1,False
2016-01-18,0.2500299513328561,NORMAL,4,1,False
2016-01-19,0.3069340114628846,NORMAL,4,1,False
2016-01-20,0.0326819358863962,NORMAL,5,1,False
2016-01-21,0.1425297428884846,NORMAL,5,1,False
2016-01-22,0.3579735463715514,NORMAL,4,1,False
2016-01-23,0.5087680727712739,NORMAL,4,1,False
2016-01-24,0.4638232640827041,NORMAL,4,1,False
2016-01-25,0.4557192385177827,NORMAL,4,1,False
2016-01-26,0.4177489053605288,NORMAL,4,1,False
2016-01-27,0.2838309901699483,NORMAL,5,1,False
2016-01-28,0.1312655499205246,NORMAL,5,1,False
2016-01-29,0.0525379058528618,NORMAL,4,1,False
2016-01-30,0.2231347606969604,NORMAL,4,1,False
2016-01-31,0.3096427988645917,NORMAL,4,1,False
2016-02-01,0.3599926261420862,NORMAL,4,2,False
2016-02-02,0.383658516286011,NORMAL,4,2,False
2016-02-03,0.0619859938718307,NORMAL,5,2,False
2016-02-04,0.1083646518684038,NORMAL,5,2,False
2016-02-05,0.1220287086144329,NORMAL,4,2,False
2016-02-06,0.1748442771310724,NORMAL,4,2,False
2016-02-07,0.2871273354433319,NORMAL,4,2,False
2016-02-08,0.1679220339579045,NORMAL,4,2,False
2016-02-09,0.2242310642875963,NORMAL,4,2,False
2016-02-10,0.2364992597959575,NORMAL,5,2,False
2016-02-11,0.2869517456040824,NORMAL,5,2,False
2016-02-12,0.0909503314024668,NORMAL,4,2,False
2016-02-13,0.0795886087313331,NORMAL,4,2,False
2016-02-14,0.083230080966015,NORMAL,4,2,False
2016-02-15,0.1307912056315175,NORMAL,4,2,False
2016-02-16,0.0873937163986201,NORMAL,4,2,False
2016-02-17,0.3080841527526076,NORMAL,5,2,False
2016-02-18,0.3964670652121875,NORMAL,5,2,False
2016-02-19,0.2780338806476291,NORMAL,4,2,False
2016-02-20,0.1664016641034863,NORMAL,4,2,False
2016-02-21,0.1453085349796488,NORMAL,4,2,False
2016-02-22,0.2464408621209842,NORMAL,4,2,False
2016-02-23,0.2649290352906179,NORMAL,4,2,False
2016-02-24,0.0440230665097592,NORMAL,5,2,False
2016-02-25,0.1083229343205745,NORMAL,5,2,False
2016-02-26,0.1280972180472207,NORMAL,4,2,False
2016-02-27,0.0896569615154809,NORMAL,4,2,False
2016-02-28,0.0556068473141451,NORMAL,4,2,False
2016-02-29,0.076781544867114,NORMAL,4,2,False
2016-03-01,0.0851223877705476,NORMAL,4,3,False
2016-03-02,0.0276935228496597,NORMAL,5,3,False
2016-03-03,0.1422532304749268,NORMAL,5,3,False
2016-03-04,0.0832836368663425,NORMAL,4,3,False
2016-03-05,0.348189211791099,NORMAL,4,3,False
2016-03-06,0.8106216856842284,CRITICAL,4,3,True
2016-03-07,0.7051163744754899,WARNING,4,3,True
2016-03-08,0.5059364253689727,WARNING,4,3,True
2016-03-09,0.0282215629864796,NORMAL,5,3,False
2016-03-10,0.0416792938586278,NORMAL,5,3,False
2016-03-11,0.070337672910797,NORMAL,4,3,False
2016-03-12,0.0943914604126542,NORMAL,4,3,False
2016-03-13,0.1211701122156517,NORMAL,4,3,False
2016-03-14,0.2173956153130618,NORMAL,4,3,False
2016-03-15,0.2916538661101398,NORMAL,4,3,False
2016-03-16,0.0678798352823259,NORMAL,5,3,False
2016-03-17,0.1800071591001058,NORMAL,5,3,False
2016-03-18,0.4109117645734461,NORMAL,4,3,False
2016-03-19,0.1705494253194869,NORMAL,4,3,False
2016-03-20,0.2419593696759164,NORMAL,4,3,False
2016-03-21,0.2347259068677256,NORMAL,4,3,False
2016-03-22,0.166140907229277,NORMAL,4,3,False
2016-03-23,0.012389711448512,NORMAL,5,3,False
2016-03-24,0.2464499640997311,NORMAL,5,3,False
2016-03-25,0.1971403352611237,NORMAL,4,3,False
2016-03-26,0.0500146808380796,NORMAL,4,3,False
2016-03-27,0.0622692554029574,NORMAL,4,3,False
2016-03-28,0.1818318155162926,NORMAL,4,3,False
2016-03-29,0.186933380032517,NORMAL,4,3,False
2016-03-30,0.0605441387434285,NORMAL,5,3,False
2016-03-31,0.2314423149366551,NORMAL,5,3,False
2016-04-01,0.0916051534217667,NORMAL,4,4,False
2016-04-02,0.1825270270360076,NORMAL,4,4,False
2016-04-03,0.0655391662389835,NORMAL,4,4,False
2016-04-04,0.054049811507846,NORMAL,4,4,False
2016-04-05,0.0924468846181369,NORMAL,4,4,False
2016-04-06,0.0308980475270288,NORMAL,5,4,False
2016-04-07,0.0704977370276919,NORMAL,5,4,False
2016-04-08,0.0217146506538736,NORMAL,4,4,False
2016-04-09,0.1014968537265959,NORMAL,4,4,False
2016-04-10,0.0685312424547564,NORMAL,4,4,False
2016-04-11,0.0388752257858864,NORMAL,4,4,False
2016-04-12,0.1565213168930544,NORMAL,4,4,False
2016-04-13,0.2641358090614517,NORMAL,5,4,False
2016-04-14,0.3033775392461993,NORMAL,5,4,False
2016-04-15,0.1620507935326999,NORMAL,4,4,False
2016-04-16,0.2644470686997159,NORMAL,4,4,False
2016-04-17,0.2217677703984952,NORMAL,4,4,False
2016-04-18,0.1860466140682538,NORMAL,4,4,False
2016-04-19,0.2009019553927707,NORMAL,4,4,False
2016-04-20,0.6967684184784343,CRITICAL,5,4,True
2016-04-21,0.8041309941508021,CRITICAL,5,4,True
2016-04-22,0.6295490248732094,CRITICAL,4,4,True
2016-04-23,0.3175599399615575,NORMAL,4,4,False
2016-04-24,0.274982426645922,NORMAL,4,4,False
2016-04-25,0.3109392578116285,NORMAL,4,4,False
2016-04-26,0.0590886538624234,NORMAL,4,4,False
2016-04-27,0.2398334701975477,NORMAL,5,4,False
2016-04-28,0.129415054817921,NORMAL,5,4,False
2016-04-29,0.0957196056422162,NORMAL,4,4,False
2016-04-30,0.2334668182716882,NORMAL,4,4,False
2016-05-01,0.2684311357607251,NORMAL,4,5,False
2016-05-02,0.1748107100826064,NORMAL,4,5,False
2016-05-03,0.0935662576834911,NORMAL,4,5,False
2016-05-04,0.8837060380241211,NORMAL,5,5,False
2016-05-05,0.7198772329588049,NORMAL,5,5,False
2016-05-06,0.3255199247238213,NORMAL,4,5,False
2016-05-07,0.5389557539567905,NORMAL,4,5,False
2016-05-08,0.4804011542222233,NORMAL,4,5,False
2016-05-09,0.414424119313486,NORMAL,4,5,False
2016-05-10,0.4278101396627309,NORMAL,4,5,False
2016-05-11,0.5858208092407133,NORMAL,5,5,False
2016-05-12,0.1298712528729667,NORMAL,5,5,False
2016-05-13,0.2652560579321427,NORMAL,4,5,False
2016-05-14,0.1016821640230059,NORMAL,4,5,False
2016-05-15,0.1264311061835783,NORMAL,4,5,False
2016-05-16,0.2254323694424299,NORMAL,4,5,False
2016-05-17,0.2449228006842166,NORMAL,4,5,False
2016-05-18,0.2695769747895369,NORMAL,5,5,False
2016-05-19,0.1750668010631682,NORMAL,5,5,False
2016-05-20,0.1197990891914738,NORMAL,4,5,False
2016-05-21,0.0964326401348018,NORMAL,4,5,False
2016-05-22,0.0805323768858087,NORMAL,4,5,False
2016-05-23,0.2015622646727626,NORMAL,4,5,False
2016-05-24,0.1382023643915156,NORMAL,4,5,False
2016-05-25,0.590282846799751,NORMAL,5,5,False
2016-05-26,0.3699548685588896,NORMAL,5,5,False
2016-05-27,0.5383528652665728,NORMAL,4,5,False
2016-05-28,0.6440874505506017,NORMAL,4,5,False
2016-05-29,0.5511304748483603,NORMAL,4,5,False
2016-05-30,0.5631188893712287,NORMAL,4,5,False
2016-05-31,0.5328488829512421,NORMAL,4,5,False
2016-06-01,0.0486871540437703,NORMAL,5,6,False
2016-06-02,0.3964686526285301,NORMAL,5,6,False
2016-06-03,0.1414698397493917,NORMAL,4,6,False
2016-06-04,0.0916213196505403,NORMAL,4,6,False
2016-06-05,0.1211504595288766,NORMAL,4,6,False
2016-06-06,0.1474222424975087,NORMAL,4,6,False
2016-06-07,0.158786570488958,NORMAL,4,6,False
2016-06-08,0.9533126241064844,CRITICAL,5,6,True
2016-06-09,0.6754435216652235,CRITICAL,5,6,True
2016-06-10,1.4372660171649376,CRITICAL,4,6,True
2016-06-11,1.2710917012909997,CRITICAL,4,6,True
2016-06-12,0.9938057247705078,CRITICAL,4,6,True
2016-06-13,0.829409011278234,CRITICAL,4,6,True
2016-06-14,0.68994219736586,WARNING,4,6,True
2016-06-15,0.5785931190122678,NORMAL,5,6,False
2016-06-16,0.6998532784438021,WARNING,5,6,True
2016-06-17,0.4779048433079216,NORMAL,4,6,False
2016-06-18,0.137969148487284,NORMAL,4,6,False
2016-06-19,0.1493958625539625,NORMAL,4,6,False
2016-06-20,0.195204166977939,NORMAL,4,6,False
2016-06-21,0.1608375175382033,NORMAL,4,6,False
2016-06-22,0.3006646395861604,NORMAL,5,6,False
2016-06-23,0.5588205506773978,NORMAL,5,6,False
2016-06-24,0.6146549887869984,NORMAL,4,6,False
2016-06-25,0.7132850955830669,WARNING,4,6,True
2016-06-26,1.0073461899652514,CRITICAL,4,6,True
2016-06-27,0.9594102929783684,CRITICAL,4,6,True
2016-06-28,0.9905711584802877,CRITICAL,4,6,True
2016-06-29,0.311241317056609,NORMAL,5,6,False
2016-06-30,0.2130852893245832,NORMAL,5,6,False
2016-07-01,0.4462172081329995,NORMAL,4,7,False
2016-07-02,0.4278747438938299,NORMAL,4,7,False
2016-07-03,0.4311949269228356,NORMAL,4,7,False
2016-07-04,0.6011709350284594,NORMAL,4,7,False
2016-07-05,0.6913342535057223,NORMAL,4,7,False
2016-07-06,0.269625837371886,NORMAL,5,7,False
2016-07-07,0.206462844878678,NORMAL,5,7,False
2016-07-08,0.2554081235140501,NORMAL,4,7,False
2016-07-09,0.3890203156865087,NORMAL,4,7,False
2016-07-10,0.4723696064184112,NORMAL,4,7,False
2016-07-11,0.6169336611646762,NORMAL,4,7,False
2016-07-12,0.4202997723090534,NORMAL,4,7,False
2016-07-13,0.5040580240693007,NORMAL,5,7,False
2016-07-14,0.3780252731157665,NORMAL,5,7,False
2016-07-15,0.3817155607176606,NORMAL,4,7,False
2016-07-16,0.4471441642934824,NORMAL,4,7,False
2016-07-17,0.4062564138255493,NORMAL,4,7,False
2016-07-18,0.4172414219215108,NORMAL,4,7,False
2016-07-19,0.4696910366259672,NORMAL,4,7,False
2016-07-20,0.4219509286796123,NORMAL,5,7,False
2016-07-21,0.3509912018306445,NORMAL,5,7,False
2016-07-22,0.5173084954846374,NORMAL,4,7,False
2016-07-23,0.4354416953084858,NORMAL,4,7,False
2016-07-24,0.3880821690057737,NORMAL,4,7,False
2016-07-25,0.5243238746938467,NORMAL,4,7,False
2016-07-26,0.3585612497952086,NORMAL,4,7,False
2016-07-27,0.058456717931488,NORMAL,5,7,False
2016-07-28,0.1601352314904477,NORMAL,5,7,False
2016-07-29,0.2134898371562541,NORMAL,4,7,False
2016-07-30,0.4136705609775687,NORMAL,4,7,False
2016-07-31,0.4110121454666848,NORMAL,4,7,False
2016-08-01,0.3913452706915161,NORMAL,4,8,False
2016-08-02,0.3250885490033763,NORMAL,4,8,False
2016-08-03,0.0625610542934673,NORMAL,5,8,False
2016-08-04,0.1861747300817262,NORMAL,5,8,False
2016-08-05,0.2793497662638916,NORMAL,4,8,False
2016-08-06,0.4542822720615824,NORMAL,4,8,False
2016-08-07,0.2660129713582713,NORMAL,4,8,False
2016-08-08,0.3593899363906691,NORMAL,4,8,False
2016-08-09,0.3406407104915128,NORMAL,4,8,False
2016-08-10,0.1693703856617369,NORMAL,5,8,False
2016-08-11,0.1528597310656556,NORMAL,5,8,False
2016-08-12,0.2452055850586235,NORMAL,4,8,False
2016-08-13,0.1818520512205201,NORMAL,4,8,False
2016-08-14,0.1866658936930246,NORMAL,4,8,False
2016-08-15,0.1899270664093324,NORMAL,4,8,False
2016-08-16,0.123304493072416,NORMAL,4,8,False
2016-08-17,0.2724360428080905,NORMAL,5,8,False
2016-08-18,0.0176492969918151,NORMAL,5,8,False
2016-08-19,0.0970204807643108,NORMAL,4,8,False
2016-08-20,0.0339846333797344,NORMAL,4,8,False
2016-08-21,0.0189923112889344,NORMAL,4,8,False
2016-08-22,0.058928686299331,NORMAL,4,8,False
2016-08-23,0.198703185507261,NORMAL,4,8,False
2016-08-24,0.0528079555544673,NORMAL,5,8,False
2016-08-25,0.1505924271994917,NORMAL,5,8,False
2016-08-26,0.2578449411630267,NORMAL,4,8,False
2016-08-27,0.1806034693623142,NORMAL,4,8,False
2016-08-28,0.1672191831300069,NORMAL,4,8,False
2016-08-29,0.0452962529235485,NORMAL,4,8,False
2016-08-30,0.174904906481447,NORMAL,4,8,False
2016-08-31,0.7575776683142391,CRITICAL,5,8,True
2016-09-01,1.1726581481420195,CRITICAL,5,9,True
2016-09-02,0.9980870318569974,CRITICAL,4,9,True
2016-09-03,1.234217828943441,CRITICAL,4,9,True
2016-09-04,1.0598107930214602,CRITICAL,4,9,True
2016-09-05,0.7417132935502693,WARNING,4,9,True
2016-09-06,0.5892463190719587,NORMAL,4,9,False
2016-09-07,0.1250290095286306,NORMAL,5,9,False
2016-09-08,0.1064440273288703,NORMAL,5,9,False
2016-09-09,0.1470380987373229,NORMAL,4,9,False
2016-09-10,0.2265255430488504,NORMAL,4,9,False
2016-09-11,0.1020366663798704,NORMAL,4,9,False
2016-09-12,0.1918015831891299,NORMAL,4,9,False
2016-09-13,0.1761203068210903,NORMAL,4,9,False
2016-09-14,0.8092434126781176,WARNING,5,9,True
2016-09-15,1.3697097528447688,CRITICAL,5,9,True
2016-09-16,0.8925331700529945,WARNING,4,9,True
2016-09-17,0.8049942335370828,NORMAL,4,9,False
2016-09-18,0.6973400578678164,NORMAL,4,9,False
2016-09-19,0.6143820537044432,NORMAL,4,9,False
2016-09-20,0.5558867801912039,NORMAL,4,9,False
2016-09-21,0.0680418681847227,NORMAL,5,9,False
2016-09-22,0.0309304453635209,NORMAL,5,9,False
2016-09-23,0.1106725326965874,NORMAL,4,9,False
2016-09-24,0.1848888677900426,NORMAL,4,9,False
2016-09-25,0.333008167742959,NORMAL,4,9,False
2016-09-26,0.2603509608796162,NORMAL,4,9,False
2016-09-27,0.6357898795888005,NORMAL,4,9,False
2016-09-28,0.2359763878036225,NORMAL,5,9,False
2016-09-29,0.1508201668388738,NORMAL,5,9,False
2016-09-30,0.1139471749347315,NORMAL,4,9,False
2016-10-01,0.1378210391326133,NORMAL,4,10,False
2016-10-02,0.2323921484558341,NORMAL,4,10,False
2016-10-03,0.1180966335222878,NORMAL,4,10,False
2016-10-04,0.1712702924235671,NORMAL,4,10,False
2016-10-05,0.2044646166241692,NORMAL,5,10,False
2016-10-06,0.0465280338040948,NORMAL,5,10,False
2016-10-07,0.1815055324501888,NORMAL,4,10,False
2016-10-08,0.451651180592758,NORMAL,4,10,False
2016-10-09,0.3361684657912104,NORMAL,4,10,False
2016-10-10,0.366580361545228,NORMAL,4,10,False
2016-10-11,0.4219171619742128,NORMAL,4,10,False
2016-10-12,0.0766301519224579,NORMAL,5,10,False
2016-10-13,0.0649691639268749,NORMAL,5,10,False
2016-10-14,0.0976279619326059,NORMAL,4,10,False
2016-10-15,0.0470462617670336,NORMAL,4,10,False
2016-10-16,0.1518932874796262,NORMAL,4,10,False
2016-10-17,0.1708760675967838,NORMAL,4,10,False
2016-10-18,0.1657633481879779,NORMAL,4,10,False
2016-10-19,0.0637353046723258,NORMAL,5,10,False
2016-10-20,0.2283989893718989,NORMAL,5,10,False
2016-10-21,0.2748282055147114,NORMAL,4,10,False
2016-10-22,0.1559549376219341,NORMAL,4,10,False
2016-10-23,0.1551051510208142,NORMAL,4,10,False
2016-10-24,0.0844244667044337,NORMAL,4,10,False
2016-10-25,0.1511619175920529,NORMAL,4,10,False
2016-10-26,0.4700920786245056,NORMAL,5,10,False
2016-10-27,0.6682524222541123,WARNING,5,10,True
2016-10-28,0.4622887179190441,NORMAL,4,10,False
2016-10-29,0.5896894106360907,WARNING,4,10,True
2016-10-30,0.5465558776121039,NORMAL,4,10,False
2016-10-31,0.5698147780531893,NORMAL,4,10,False
2016-11-01,0.5703567363146799,NORMAL,4,11,False
2016-11-02,0.128478618468214,NORMAL,5,11,False
2016-11-03,0.1419466615948389,NORMAL,5,11,False
2016-11-04,0.0915924242186011,NORMAL,4,11,False
2016-11-05,0.2614900115935038,NORMAL,4,11,False
2016-11-06,0.5211351121604528,NORMAL,4,11,False
2016-11-07,0.449075310340603,NORMAL,4,11,False
2016-11-08,0.4927682425252824,NORMAL,4,11,False
2016-11-09,0.2358989110280285,NORMAL,5,11,False
2016-11-10,0.2367715625625827,NORMAL,5,11,False
2016-11-11,0.476987886321751,NORMAL,4,11,False
2016-11-12,0.3178378948692689,NORMAL,4,11,False
2016-11-13,0.3800586267779223,NORMAL,4,11,False
2016-11-14,0.4139046338384912,NORMAL,4,11,False
2016-11-15,0.2558488979166738,NORMAL,4,11,False
2016-11-16,0.3425879210018612,NORMAL,5,11,False
2016-11-17,0.0588578806735385,NORMAL,5,11,False
2016-11-18,0.1514400666895272,NORMAL,4,11,False
2016-11-19,0.0410339551003092,NORMAL,4,11,False
2016-11-20,0.0809611565088711,NORMAL,4,11,False
2016-11-21,0.1213448478571531,NORMAL,4,11,False
2016-11-22,0.1676873644135495,NORMAL,4,11,False
2016-11-23,0.0427347725837386,NORMAL,5,11,False
2016-11-24,0.1092998862616404,NORMAL,5,11,False
2016-11-25,0.1033026149365703,NORMAL,4,11,False
2016-11-26,0.3344763126529725,NORMAL,4,11,False
2016-11-27,0.1004609663707886,NORMAL,4,11,False
2016-11-28,0.0342358133592361,NORMAL,4,11,False
2016-11-29,0.1413523761441763,NORMAL,4,11,False
2016-11-30,1.444830022372274,CRITICAL,5,11,True
2016-12-01,1.380880041149849,CRITICAL,5,12,True
2016-12-02,0.8138773490359651,WARNING,4,12,True
2016-12-03,1.0116440903810908,CRITICAL,4,12,True
2016-12-04,0.5961112043601535,NORMAL,4,12,False
2016-12-05,0.4230283510316091,NORMAL,4,12,False
2016-12-06,0.3141545893207139,NORMAL,4,12,False
2016-12-07,0.2205087709704563,NORMAL,5,12,False
2016-12-08,0.4175382317663875,NORMAL,5,12,False
2016-12-09,0.1517093136659082,NORMAL,4,12,False
2016-12-10,0.0816161986385948,NORMAL,4,12,False
2016-12-11,0.0955630496305671,NORMAL,4,12,False
2016-12-12,0.1644942799771291,NORMAL,4,12,False
2016-12-13,0.0626626989898058,NORMAL,4,12,False
2016-12-14,0.1500488021628385,NORMAL,5,12,False
2016-12-15,0.2582621827911228,NORMAL,5,12,False
2016-12-16,0.3394232868946389,NORMAL,4,12,False
2016-12-17,0.2012212823333745,NORMAL,4,12,False
2016-12-18,0.0768090435502755,NORMAL,4,12,False
2016-12-19,0.0998671351386489,NORMAL,4,12,False
2016-12-20,0.0211002032592484,NORMAL,4,12,False
2016-12-21,0.2949816386162103,NORMAL,5,12,False
2016-12-22,0.3099735487247274,NORMAL,5,12,False
2016-12-23,0.1844789766279773,NORMAL,4,12,False
2016-12-24,0.0455204941598165,NORMAL,4,12,False
2016-12-25,0.127827126745835,NORMAL,4,12,False
2016-12-26,0.0143790030523923,NORMAL,4,12,False
2016-12-27,0.0395903460575609,NORMAL,4,12,False
2016-12-28,0.657069289505043,NORMAL,5,12,False
2016-12-29,0.1314243515056078,NORMAL,5,12,False
2016-12-30,0.1508678561769729,NORMAL,4,12,False
2016-12-31,0.1771725443946714,NORMAL,4,12,False
2017-01-01,0.275970264694249,NORMAL,4,1,False
2017-01-02,0.3882931549077651,NORMAL,4,1,False
2017-01-03,0.3615817383754396,NORMAL,4,1,False
2017-01-04,0.2682902666215832,NORMAL,5,1,False
2017-01-05,0.4149955691410993,NORMAL,5,1,False
2017-01-06,0.7197384921031761,CRITICAL,4,1,True
2017-01-07,0.6437224325210714,WARNING,4,1,True
2017-01-08,0.7385761054555179,CRITICAL,4,1,True
2017-01-09,0.739840806467232,CRITICAL,4,1,True
2017-01-10,0.548850722053203,NORMAL,4,1,False
2017-01-11,0.1540209322013458,NORMAL,5,1,False
2017-01-12,0.078669795786774,NORMAL,5,1,False
2017-01-13,0.1322857823632949,NORMAL,4,1,False
2017-01-14,0.3469758820589671,NORMAL,4,1,False
2017-01-15,0.4005727698231455,NORMAL,4,1,False
2017-01-16,0.3924495035007506,NORMAL,4,1,False
2017-01-17,0.3571537241744602,NORMAL,4,1,False
2017-01-18,0.0656021384419758,NORMAL,5,1,False
2017-01-19,0.1611135861191719,NORMAL,5,1,False
2017-01-20,0.1064959110824818,NORMAL,4,1,False
2017-01-21,0.1090342057366985,NORMAL,4,1,False
2017-01-22,0.0750636710500831,NORMAL,4,1,False
2017-01-23,0.1484465862616341,NORMAL,4,1,False
2017-01-24,0.2014518690244551,NORMAL,4,1,False
2017-01-25,0.5742646068656763,NORMAL,5,1,False
2017-01-26,0.6281086929033535,WARNING,5,1,True
2017-01-27,0.1965426867420261,NORMAL,4,1,False
2017-01-28,0.1589783884193697,NORMAL,4,1,False
2017-01-29,0.3451954621910255,NORMAL,4,1,False
2017-01-30,0.2160631848143281,NORMAL,4,1,False
2017-01-31,0.1487650621569319,NORMAL,4,1,False
2017-02-01,0.0600125071548401,NORMAL,5,2,False
2017-02-02,0.0781300730313434,NORMAL,5,2,False
2017-02-03,0.2845811662349925,NORMAL,4,2,False
2017-02-04,0.1642706488227243,NORMAL,4,2,False
2017-02-05,0.2098274552309375,NORMAL,4,2,False
2017-02-06,0.1910717083350527,NORMAL,4,2,False
2017-02-07,0.1473997634634092,NORMAL,4,2,False
2017-02-08,0.270307081823314,NORMAL,5,2,False
2017-02-09,0.4599039867178998,WARNING,5,2,True
2017-02-10,0.2788441857132635,NORMAL,4,2,False
2017-02-11,0.0764542469335627,NORMAL,4,2,False
2017-02-12,0.0872677936322076,NORMAL,4,2,False
2017-02-13,0.1173517488110686,NORMAL,4,2,False
2017-02-14,0.1966800893519291,NORMAL,4,2,False
2017-02-15,0.7345912381363503,CRITICAL,5,2,True
2017-02-16,0.3305210507827406,NORMAL,5,2,False
2017-02-17,0.053029397312796,NORMAL,4,2,False
2017-02-18,0.1280199950889973,NORMAL,4,2,False
2017-02-19,0.1636902603208878,NORMAL,4,2,False
2017-02-20,0.1263102321981344,NORMAL,4,2,False
2017-02-21,0.0729869743952675,NORMAL,4,2,False
2017-02-22,0.0167752711915214,NORMAL,5,2,False
2017-02-23,0.2654642035769575,NORMAL,5,2,False
2017-02-24,0.2365043755774027,NORMAL,4,2,False
2017-02-25,0.056111309258785,NORMAL,4,2,False
2017-02-26,0.0993589664259106,NORMAL,4,2,False
2017-02-27,0.0969832373099162,NORMAL,4,2,False
2017-02-28,0.0890036195788845,NORMAL,4,2,False
2017-03-01,0.5325515525321903,WARNING,5,3,True
2017-03-02,0.0898833714900583,NORMAL,5,3,False
2017-03-03,0.1188286326303526,NORMAL,4,3,False
2017-03-04,0.0439270370991965,NORMAL,4,3,False
2017-03-05,0.034176967444663,NORMAL,4,3,False
2017-03-06,0.0265470195963756,NORMAL,4,3,False
2017-03-07,0.047584998271988,NORMAL,4,3,False
2017-03-08,0.538672619091752,WARNING,5,3,True
2017-03-09,0.7201100579451858,CRITICAL,5,3,True
2017-03-10,0.3551186845750933,NORMAL,4,3,False
2017-03-11,0.1986258813488163,NORMAL,4,3,False
2017-03-12,0.1220796048229588,NORMAL,4,3,False
2017-03-13,0.0465697090661191,NORMAL,4,3,False
2017-03-14,0.0683162910877717,NORMAL,4,3,False
2017-03-15,0.1053574297386215,NORMAL,5,3,False
2017-03-16,0.0115995595313201,NORMAL,5,3,False
2017-03-17,0.0435880095340514,NORMAL,4,3,False
2017-03-18,0.0875992317004824,NORMAL,4,3,False
2017-03-19,0.0176931289591109,NORMAL,4,3,False
2017-03-20,0.026432569535626,NORMAL,4,3,False
2017-03-21,0.045242441121277,NORMAL,4,3,False
2017-03-22,0.3963722202228844,NORMAL,5,3,False
2017-03-23,0.1891367738787701,NORMAL,5,3,False
2017-03-24,0.1706460091402393,NORMAL,4,3,False
2017-03-25,0.172290790212269,NORMAL,4,3,False
2017-03-26,0.1049338915037446,NORMAL,4,3,False
2017-03-27,0.1425380864858535,NORMAL,4,3,False
2017-03-28,0.1908835097967981,NORMAL,4,3,False
2017-03-29,0.7395804216776527,CRITICAL,5,3,True
2017-03-30,0.2496178844069497,NORMAL,5,3,False
2017-04-02,0.2347621651807599,NORMAL,4,4,False
2017-04-03,0.2032321537666573,NORMAL,4,4,False
2017-04-04,0.1025118726872896,NORMAL,4,4,False
2017-04-05,0.448570095934878,WARNING,5,4,True
2017-04-06,0.0175719426461933,NORMAL,5,4,False
2017-04-07,0.0887166310586049,NORMAL,4,4,False
2017-04-08,0.3075653917336814,NORMAL,4,4,False
2017-04-09,0.3104610698898096,NORMAL,4,4,False
2017-04-10,0.1799107474505837,NORMAL,4,4,False
2017-04-11,0.1588187366368564,NORMAL,4,4,False
2017-04-12,0.013736221988512,NORMAL,5,4,False
2017-04-13,0.5036578419542599,WARNING,5,4,True
2017-04-14,0.5603086327629314,CRITICAL,4,4,True
2017-04-15,0.6918658988638997,CRITICAL,4,4,True
2017-04-16,0.4362236957241129,NORMAL,4,4,False
2017-04-17,0.3198420157494587,NORMAL,4,4,False
2017-04-18,0.4072960678192301,NORMAL,4,4,False
2017-04-19,0.6761666956657947,CRITICAL,5,4,True
2017-04-20,0.2646009959269279,NORMAL,5,4,False
2017-04-21,0.3268260068082405,NORMAL,4,4,False
2017-04-22,0.9047288772153906,CRITICAL,4,4,True
2017-04-23,1.026978778144841,CRITICAL,4,4,True
2017-04-24,1.2417135441735134,CRITICAL,4,4,True
2017-04-25,1.116468610541088,CRITICAL,4,4,True
2017-04-26,0.4696124342717229,NORMAL,5,4,False
2017-04-27,0.7232605168728687,CRITICAL,5,4,True
2017-04-28,0.6020641327439437,WARNING,4,4,True
2017-04-29,0.4824089284403911,NORMAL,4,4,False
2017-04-30,0.2251835626505989,NORMAL,4,4,False
2017-05-01,0.3276967531941068,NORMAL,4,5,False
2017-05-02,0.3030372203884439,NORMAL,4,5,False
2017-05-03,1.3850513697028723,CRITICAL,5,5,True
2017-05-04,1.5128754326144198,CRITICAL,5,5,True
2017-05-05,1.274319491349811,WARNING,4,5,True
2017-05-06,1.024961266160924,NORMAL,4,5,False
2017-05-07,0.5759725143678018,NORMAL,4,5,False
2017-05-08,0.3144147232373548,NORMAL,4,5,False
2017-05-09,0.1395862775243762,NORMAL,4,5,False
2017-05-10,0.2112866673235751,NORMAL,5,5,False
2017-05-11,0.2247465906890733,NORMAL,5,5,False
2017-05-12,0.1479588456262368,NORMAL,4,5,False
2017-05-13,0.2062513087028037,NORMAL,4,5,False
2017-05-14,0.1893383562190423,NORMAL,4,5,False
2017-05-15,0.079724939055282,NORMAL,4,5,False
2017-05-16,0.1403435554419534,NORMAL,4,5,False
2017-05-17,0.2836499294269179,NORMAL,5,5,False
2017-05-18,0.4678210362148441,NORMAL,5,5,False
2017-05-19,1.031072901241591,WARNING,4,5,True
2017-05-20,1.3091103787734246,WARNING,4,5,True
2017-05-21,1.6607119480202697,CRITICAL,4,5,True
2017-05-22,1.6284392122021034,CRITICAL,4,5,True
2017-05-23,1.6464654314963052,CRITICAL,4,5,True
2017-05-24,0.7949412094619852,NORMAL,5,5,False
2017-05-25,1.0816235921739823,NORMAL,5,5,False
2017-05-26,1.2717637894339158,NORMAL,4,5,False
2017-05-27,1.3951010448912402,WARNING,4,5,True
2017-05-28,1.4372460496296586,WARNING,4,5,True
2017-05-29,1.5200257258776677,WARNING,4,5,True
2017-05-30,1.6802903440698616,CRITICAL,4,5,True
2017-05-31,0.383349826924134,NORMAL,5,5,False
2017-06-01,0.5071436942869237,NORMAL,5,6,False
2017-06-02,0.7381375645146727,WARNING,4,6,True
2017-06-03,0.7242024868913228,WARNING,4,6,True
2017-06-04,0.8247828229448277,WARNING,4,6,True
2017-06-05,0.869950564169635,WARNING,4,6,True
2017-06-06,0.9321386383648176,WARNING,4,6,True
2017-06-07,0.2075043231429195,NORMAL,5,6,False
2017-06-08,0.0887003014516592,NORMAL,5,6,False
2017-06-09,0.2542385684856278,NORMAL,4,6,False
2017-06-10,0.4770696638752785,NORMAL,4,6,False
2017-06-11,0.5420708232919134,NORMAL,4,6,False
2017-06-12,0.549610650512745,NORMAL,4,6,False
2017-06-13,0.5372218377111462,NORMAL,4,6,False
2017-06-14,0.0560388599307449,NORMAL,5,6,False
2017-06-15,0.0721217096042356,NORMAL,5,6,False
2017-06-16,0.2435531108599403,NORMAL,4,6,False
2017-06-17,0.3433031795649283,NORMAL,4,6,False
2017-06-18,0.1763105011836704,NORMAL,4,6,False
2017-06-19,0.1531022826063381,NORMAL,4,6,False
2017-06-20,0.1734620482854488,NORMAL,4,6,False
2017-06-21,0.3086968768741764,NORMAL,5,6,False
2017-06-22,0.1628099628775732,NORMAL,5,6,False
2017-06-23,0.2444742391642011,NORMAL,4,6,False
2017-06-24,0.2050864264352647,NORMAL,4,6,False
2017-06-25,0.2223033362450384,NORMAL,4,6,False
2017-06-26,0.393288728901464,NORMAL,4,6,False
2017-06-27,0.4604710272867797,NORMAL,4,6,False
2017-06-28,0.1678291273320494,NORMAL,5,6,False
2017-06-29,0.4019019393565669,NORMAL,5,6,False
2017-06-30,0.5363264501822518,NORMAL,4,6,False
2017-07-01,0.322671684635434,NORMAL,4,7,False
2017-07-02,0.2706306780042996,NORMAL,4,7,False
2017-07-03,0.2961458173045504,NORMAL,4,7,False
2017-07-04,0.2777587881456253,NORMAL,4,7,False
2017-07-05,0.1470199732927799,NORMAL,5,7,False
2017-07-06,0.0492135350409569,NORMAL,5,7,False
2017-07-07,0.5370309121728203,NORMAL,4,7,False
2017-07-08,0.4874719532302541,NORMAL,4,7,False
2017-07-09,0.4341912661086891,NORMAL,4,7,False
2017-07-10,0.4146034364226586,NORMAL,4,7,False
2017-07-11,0.4578210097479844,NORMAL,4,7,False
2017-07-12,0.2913652856804973,NORMAL,5,7,False
2017-07-13,0.0642861559248845,NORMAL,5,7,False
2017-07-14,0.4169555971460623,NORMAL,4,7,False
2017-07-15,0.2736454072633302,NORMAL,4,7,False
2017-07-16,0.2792905515351983,NORMAL,4,7,False
2017-07-17,0.3329261522370717,NORMAL,4,7,False
2017-07-18,0.3483070345098526,NORMAL,4,7,False
2017-07-19,0.0737246786955467,NORMAL,5,7,False
2017-07-20,0.2673890323182449,NORMAL,5,7,False
2017-07-21,0.3696517551184886,NORMAL,4,7,False
2017-07-22,0.3050786488451514,NORMAL,4,7,False
2017-07-23,0.4445015329660427,NORMAL,4,7,False
2017-07-24,0.4558764848389407,NORMAL,4,7,False
2017-07-25,0.4374943840760249,NORMAL,4,7,False
2017-07-26,0.2750240091891045,NORMAL,5,7,False
2017-07-27,0.1362688599455338,NORMAL,5,7,False
2017-07-28,0.0540648536338254,NORMAL,4,7,False
2017-07-29,0.0894236666545135,NORMAL,4,7,False
2017-07-30,0.2739116265975408,NORMAL,4,7,False
2017-07-31,0.2423485126248399,NORMAL,4,7,False
2017-08-01,0.113251393533912,NORMAL,4,8,False
2017-08-02,0.3423349825073155,NORMAL,5,8,False
2017-08-03,0.2127768345528814,NORMAL,5,8,False
2017-08-04,0.0821136458547122,NORMAL,4,8,False
2017-08-05,0.2821897061025562,NORMAL,4,8,False
2017-08-06,0.3136077281992313,NORMAL,4,8,False
2017-08-07,0.2041560412134079,NORMAL,4,8,False
2017-08-08,0.2301857813432561,NORMAL,4,8,False
2017-08-09,0.6864276236227705,WARNING,5,8,True
2017-08-10,0.6151340041545879,WARNING,5,8,True
2017-08-11,0.301017126484314,NORMAL,4,8,False
2017-08-12,0.0473389058676835,NORMAL,4,8,False
2017-08-13,0.0408796739752035,NORMAL,4,8,False
2017-08-14,0.0760089811510788,NORMAL,4,8,False
2017-08-15,0.1103391391853848,NORMAL,4,8,False
2017-08-16,0.4459224893846342,NORMAL,5,8,False
2017-08-17,0.1374040817991102,NORMAL,5,8,False
2017-08-18,0.0272948984244936,NORMAL,4,8,False
2017-08-19,0.0483869692439217,NORMAL,4,8,False
2017-08-20,0.151908282173438,NORMAL,4,8,False
2017-08-21,0.3866075294485162,NORMAL,4,8,False
2017-08-22,0.3575077702086917,NORMAL,4,8,False
2017-08-23,0.5085694721653309,NORMAL,5,8,False
2017-08-24,1.1277183196638243,CRITICAL,5,8,True
2017-08-25,1.1696259423380897,CRITICAL,4,8,True
2017-08-26,0.7689569433935519,CRITICAL,4,8,True
2017-08-27,0.772839227419458,CRITICAL,4,8,True
2017-08-28,0.7568690333313548,WARNING,4,8,True
2017-08-29,0.7729955267282879,CRITICAL,4,8,True
2017-08-30,0.035835667112599,NORMAL,5,8,False
2017-08-31,0.1360298601754241,NORMAL,5,8,False
2017-09-01,0.1637783523631545,NORMAL,4,9,False
2017-09-02,0.2294208296764318,NORMAL,4,9,False
2017-09-03,0.2210997008265545,NORMAL,4,9,False
2017-09-04,0.1742182999759945,NORMAL,4,9,False
2017-09-05,0.2247155204314364,NORMAL,4,9,False
2017-09-06,0.2195285707925961,NORMAL,5,9,False
2017-09-07,0.2442944613494024,NORMAL,5,9,False
2017-09-08,0.2830359330493103,NORMAL,4,9,False
2017-09-09,0.210750446415925,NORMAL,4,9,False
2017-09-10,0.1684209894665858,NORMAL,4,9,False
2017-09-11,0.225581624797604,NORMAL,4,9,False
2017-09-12,0.2025268518195986,NORMAL,4,9,False
2017-09-13,0.0110521288899613,NORMAL,5,9,False
2017-09-14,0.0428360213472655,NORMAL,5,9,False
2017-09-15,0.0225423188669668,NORMAL,4,9,False
2017-09-16,0.0515000284581027,NORMAL,4,9,False
2017-09-17,0.2784987448631074,NORMAL,4,9,False
2017-09-18,0.3781986884046526,NORMAL,4,9,False
2017-09-19,0.2164864394900613,NORMAL,4,9,False
2017-09-20,0.5199157299913614,NORMAL,5,9,False
2017-09-21,0.4001332014170891,NORMAL,5,9,False
2017-09-22,0.2546987301526794,NORMAL,4,9,False
2017-09-23,0.1814256259915373,NORMAL,4,9,False
2017-09-24,0.2452185591135948,NORMAL,4,9,False
2017-09-25,0.2754144472438048,NORMAL,4,9,False
2017-09-26,0.2591700629999521,NORMAL,4,9,False
2017-09-27,0.2494112481294742,NORMAL,5,9,False
2017-09-28,0.0998544538815932,NORMAL,5,9,False
2017-09-29,0.2378712551265351,NORMAL,4,9,False
2017-09-30,0.2055312678760759,NORMAL,4,9,False
2017-10-01,0.1875144227249671,NORMAL,4,10,False
2017-10-02,0.2077694700529038,NORMAL,4,10,False
2017-10-03,0.1192449118569547,NORMAL,4,10,False
2017-10-04,0.0885804402847696,NORMAL,5,10,False
2017-10-05,0.0766841119888483,NORMAL,5,10,False
2017-10-06,0.2856912113167218,NORMAL,4,10,False
2017-10-07,0.2437506906725748,NORMAL,4,10,False
2017-10-08,0.2929632140333779,NORMAL,4,10,False
2017-10-09,0.2409559009189153,NORMAL,4,10,False
2017-10-10,0.1598204581188112,NORMAL,4,10,False
2017-10-11,0.0504573516648182,NORMAL,5,10,False
2017-10-12,0.1710472208516713,NORMAL,5,10,False
2017-10-13,0.1040052758791079,NORMAL,4,10,False
2017-10-14,0.1692423056943728,NORMAL,4,10,False
2017-10-15,0.0853894030690598,NORMAL,4,10,False
2017-10-16,0.0630936086153364,NORMAL,4,10,False
2017-10-17,0.0357593297247018,NORMAL,4,10,False
2017-10-18,0.2912702525289493,NORMAL,5,10,False
2017-10-19,0.2047242520150145,NORMAL,5,10,False
2017-10-20,0.3016328002048861,NORMAL,4,10,False
2017-10-21,0.4530785330360913,NORMAL,4,10,False
2017-10-22,0.2537101493547903,NORMAL,4,10,False
2017-10-23,0.366486112191504,NORMAL,4,10,False
2017-10-24,0.3090494994073647,NORMAL,4,10,False
2017-10-25,0.1648180968226266,NORMAL,5,10,False
2017-10-26,0.0891633041880069,NORMAL,5,10,False
2017-10-27,0.3266320116730418,NORMAL,4,10,False
2017-10-28,0.239204588174626,NORMAL,4,10,False
2017-10-29,0.183795009624451,NORMAL,4,10,False
2017-10-30,0.2145495813499514,NORMAL,4,10,False
2017-10-31,0.3495906437367608,NORMAL,4,10,False
2017-11-01,0.07753838685393,NORMAL,5,11,False
2017-11-02,0.1731739746796101,NORMAL,5,11,False
2017-11-03,0.2660233294133436,NORMAL,4,11,False
2017-11-04,0.2178121814345652,NORMAL,4,11,False
2017-11-05,0.1866460699243269,NORMAL,4,11,False
2017-11-06,0.1953490724088976,NORMAL,4,11,False
2017-11-07,0.166038882492305,NORMAL,4,11,False
2017-11-08,0.00801998375748,NORMAL,5,11,False
2017-11-09,0.0124808269334658,NORMAL,5,11,False
2017-11-10,0.2162838489261524,NORMAL,4,11,False
2017-11-11,0.166114910710612,NORMAL,4,11,False
2017-11-12,0.0557465838997425,NORMAL,4,11,False
2017-11-13,0.2553046771471198,NORMAL,4,11,False
2017-11-14,0.1661677540968629,NORMAL,4,11,False
2017-11-15,0.069624808319002,NORMAL,5,11,False
2017-11-16,0.1950176984862188,NORMAL,5,11,False
2017-11-17,0.2052701675255348,NORMAL,4,11,False
2017-11-18,0.3638685334229306,NORMAL,4,11,False
2017-11-19,0.3704026985495381,NORMAL,4,11,False
2017-11-20,0.3104907566181852,NORMAL,4,11,False
2017-11-21,0.1858870597419044,NORMAL,4,11,False
2017-11-22,0.3861646366120214,NORMAL,5,11,False
2017-11-23,0.1728967076678849,NORMAL,5,11,False
2017-11-24,0.1584890716146478,NORMAL,4,11,False
2017-11-25,0.1405967677319071,NORMAL,4,11,False
2017-11-26,0.0914226499265905,NORMAL,4,11,False
2017-11-27,0.0526794173526929,NORMAL,4,11,False
2017-11-28,0.0809284431663516,NORMAL,4,11,False
2017-11-29,1.1323735564241308,CRITICAL,5,11,True
2017-11-30,0.5591937783979781,WARNING,5,11,True
2017-12-01,0.4015309345991277,NORMAL,4,12,False
2017-12-02,0.5816746761017363,NORMAL,4,12,False
2017-12-03,0.6398393655779014,NORMAL,4,12,False
2017-12-04,0.4666509933962285,NORMAL,4,12,False
2017-12-05,0.2842470223960154,NORMAL,4,12,False
2017-12-06,0.19163010095735,NORMAL,5,12,False
2017-12-07,0.3700407975034645,NORMAL,5,12,False
2017-12-08,0.0436907176466027,NORMAL,4,12,False
2017-12-09,0.131906045011337,NORMAL,4,12,False
2017-12-10,0.1219850429165593,NORMAL,4,12,False
2017-12-11,0.1786283917676173,NORMAL,4,12,False
2017-12-12,0.2153305917711253,NORMAL,4,12,False
2017-12-13,0.6314127959671901,NORMAL,5,12,False
2017-12-14,1.7129758763748446,CRITICAL,5,12,True
2017-12-15,1.3563309899744151,CRITICAL,4,12,True
2017-12-16,0.8414321318252835,WARNING,4,12,True
2017-12-17,0.7475731955786112,NORMAL,4,12,False
2017-12-18,0.5045747913919211,NORMAL,4,12,False
2017-12-19,0.5515365654903613,NORMAL,4,12,False
2017-12-20,0.1650849522854026,NORMAL,5,12,False
2017-12-21,0.2492378543304504,NORMAL,5,12,False
2017-12-22,0.1014470765951515,NORMAL,4,12,False
2017-12-23,0.12616753516155,NORMAL,4,12,False
2017-12-24,0.197032613256142,NORMAL,4,12,False
2017-12-25,0.2126303340183956,NORMAL,4,12,False
2017-12-26,0.1448948771321891,NORMAL,4,12,False
2017-12-27,0.0080969048698333,NORMAL,5,12,False
2017-12-28,0.1929354022713014,NORMAL,5,12,False
2017-12-29,0.5334528804610732,NORMAL,4,12,False
2017-12-30,0.5745088674795428,NORMAL,4,12,False
2017-12-31,0.381099601233527,NORMAL,4,12,False
2018-01-01,0.4235401622838569,NORMAL,4,1,False
2018-01-02,0.4153341553333922,NORMAL,4,1,False
2018-01-03,0.1656239817775611,NORMAL,5,1,False
2018-01-04,0.1359965355523703,NORMAL,5,1,False
2018-01-05,0.1144841945353453,NORMAL,4,1,False
2018-01-06,0.0961154493177103,NORMAL,4,1,False
2018-01-07,0.1923574304901601,NORMAL,4,1,False
2018-01-08,0.4537981165414277,NORMAL,4,1,False
2018-01-09,0.4488763815107355,NORMAL,4,1,False
2018-01-10,0.1714727239628441,NORMAL,5,1,False
2018-01-11,0.2663426238953024,NORMAL,5,1,False
2018-01-12,0.2608598278675382,NORMAL,4,1,False
2018-01-13,0.4964983284571814,NORMAL,4,1,False
2018-01-14,0.3119425348421505,NORMAL,4,1,False
2018-01-15,0.2882711996587281,NORMAL,4,1,False
2018-01-16,0.2954051693253892,NORMAL,4,1,False
2018-01-17,1.1406342261827624,CRITICAL,5,1,True
2018-01-18,0.3087888096262584,NORMAL,5,1,False
2018-01-19,0.3596615914829724,NORMAL,4,1,False
2018-01-20,0.3246588251612442,NORMAL,4,1,False
2018-01-21,0.0613322279885397,NORMAL,4,1,False
2018-01-22,0.1290841261648316,NORMAL,4,1,False
2018-01-23,0.1594451145937462,NORMAL,4,1,False
2018-01-24,0.5398476367420579,NORMAL,5,1,False
2018-01-25,0.5360381908137429,NORMAL,5,1,False
2018-01-26,0.3389058282895817,NORMAL,4,1,False
2018-01-27,0.3537327177325639,NORMAL,4,1,False
2018-01-28,0.1726189340269711,NORMAL,4,1,False
2018-01-29,0.0496322663323007,NORMAL,4,1,False
2018-01-30,0.1868428572841953,NORMAL,4,1,False
2018-01-31,0.1111994741015447,NORMAL,5,1,False
2018-02-01,0.0106651797528938,NORMAL,5,2,False
2018-02-02,0.073534425157126,NORMAL,4,2,False
2018-02-03,0.1683816439529431,NORMAL,4,2,False
2018-02-04,0.1920618122355318,NORMAL,4,2,False
2018-02-05,0.2127991971483467,NORMAL,4,2,False
2018-02-06,0.1078193096831711,NORMAL,4,2,False
2018-02-07,0.5422194784627814,CRITICAL,5,2,True
2018-02-08,0.9548049451287278,CRITICAL,5,2,True
2018-02-09,1.1021104849739818,CRITICAL,4,2,True
2018-02-10,1.0960041767692452,CRITICAL,4,2,True
2018-02-11,1.4147175742921707,CRITICAL,4,2,True
2018-02-12,1.374402010539814,CRITICAL,4,2,True
2018-02-13,1.2903732249294468,CRITICAL,4,2,True
2018-02-14,0.2385693198573123,NORMAL,5,2,False
2018-02-15,0.2573759062590752,NORMAL,5,2,False
2018-02-16,0.5046034535260457,NORMAL,4,2,False
2018-02-17,0.4651383390686275,NORMAL,4,2,False
2018-02-18,0.3911618330065958,NORMAL,4,2,False
2018-02-19,0.4872855050230062,NORMAL,4,2,False
2018-02-20,0.438968647418635,NORMAL,4,2,False
2018-02-21,0.1925826391163269,NORMAL,5,2,False
2018-02-22,0.4258033945505154,NORMAL,5,2,False
2018-02-23,0.3859069938982424,NORMAL,4,2,False
2018-02-24,0.355202443366265,NORMAL,4,2,False
2018-02-25,0.4050478603404759,NORMAL,4,2,False
2018-02-26,0.3427393910772645,NORMAL,4,2,False
2018-02-27,0.3199573482262333,NORMAL,4,2,False
2018-02-28,1.2816432886688007,CRITICAL,5,2,True
2018-03-01,0.8800475248869943,CRITICAL,5,3,True
2018-03-02,0.8711589525546142,CRITICAL,4,3,True
2018-03-03,1.1222956741752983,CRITICAL,4,3,True
2018-03-04,0.9180213766706138,CRITICAL,4,3,True
2018-03-05,0.7081295846504226,WARNING,4,3,True
2018-03-06,0.6769980239233414,WARNING,4,3,True
2018-03-07,0.5943066843101542,NORMAL,5,3,False
2018-03-08,0.4580463966677336,NORMAL,5,3,False
2018-03-09,0.4732730923407807,NORMAL,4,3,False
2018-03-10,0.3468302350339249,NORMAL,4,3,False
2018-03-11,0.2639000701143988,NORMAL,4,3,False
2018-03-12,0.1725552715624324,NORMAL,4,3,False
2018-03-13,0.336495601893882,NORMAL,4,3,False
2018-03-14,0.1090632441040864,NORMAL,5,3,False
2018-03-15,0.3637785560569131,NORMAL,5,3,False
2018-03-16,0.2582454863752461,NORMAL,4,3,False
2018-03-17,0.2665321349696718,NORMAL,4,3,False
2018-03-18,0.1217386169482027,NORMAL,4,3,False
2018-03-19,0.1758532639391971,NORMAL,4,3,False
2018-03-20,0.2408720410037569,NORMAL,4,3,False
2018-03-21,0.132521125459102,NORMAL,5,3,False
2018-03-22,0.2299090882237273,NORMAL,5,3,False
2018-03-23,0.0711324391489416,NORMAL,4,3,False
2018-03-24,0.2411861407101702,NORMAL,4,3,False
2018-03-25,0.3632083573214925,NORMAL,4,3,False
2018-03-26,0.4070044085176023,NORMAL,4,3,False
2018-03-27,0.3801467038329664,NORMAL,4,3,False
2018-03-28,0.6165882171590582,WARNING,5,3,True
2018-03-29,0.5827893951917664,NORMAL,5,3,False
2018-03-30,0.5329291821599712,NORMAL,4,3,False
2018-03-31,0.3111270361148058,NORMAL,4,3,False
2018-04-01,0.1235065768996243,NORMAL,4,4,False
2018-04-02,0.2617500317146822,NORMAL,4,4,False
2018-04-03,0.3672795465981211,NORMAL,4,4,False
2018-04-04,0.1284975156104753,NORMAL,5,4,False
2018-04-05,0.0741543581881695,NORMAL,5,4,False
2018-04-06,0.2597203886082157,NORMAL,4,4,False
2018-04-07,0.2747305935191669,NORMAL,4,4,False
2018-04-08,0.1480013161616312,NORMAL,4,4,False
2018-04-09,0.1327856422998233,NORMAL,4,4,False
2018-04-10,0.1114566242362136,NORMAL,4,4,False
2018-04-11,0.1329772410643618,NORMAL,5,4,False
2018-04-12,0.0307542624000127,NORMAL,5,4,False
2018-04-13,0.1130503852446201,NORMAL,4,4,False
2018-04-14,0.2364761292831878,NORMAL,4,4,False
2018-04-15,0.3408159477492982,NORMAL,4,4,False
2018-04-16,0.3456063377876146,NORMAL,4,4,False
2018-04-17,0.2333227253081797,NORMAL,4,4,False
2018-04-18,0.0911226712379168,NORMAL,5,4,False
2018-04-19,0.1991250022047996,NORMAL,5,4,False
2018-04-20,0.3973889856905619,NORMAL,4,4,False
2018-04-21,0.7152219466705537,CRITICAL,4,4,True
2018-04-22,0.7437223838166461,CRITICAL,4,4,True
2018-04-23,0.6473536740104564,WARNING,4,4,True
2018-04-24,0.4089665294278486,NORMAL,4,4,False
2018-04-25,0.5985146327881313,WARNING,5,4,True
2018-04-26,0.3506595721821587,NORMAL,5,4,False
2018-04-27,0.1866021638407615,NORMAL,4,4,False
2018-04-28,0.3040656438754681,NORMAL,4,4,False
2018-04-29,0.3077101858624623,NORMAL,4,4,False
2018-04-30,0.1723018040434069,NORMAL,4,4,False
2018-05-01,0.1112100728998783,NORMAL,4,5,False
2018-05-02,0.06497963069808,NORMAL,5,5,False
2018-05-03,0.3216686122704323,NORMAL,5,5,False
2018-05-04,0.3811572974557775,NORMAL,4,5,False
2018-05-05,0.3283902945062332,NORMAL,4,5,False
2018-05-06,0.2498450187407032,NORMAL,4,5,False
2018-05-07,0.1285285436662835,NORMAL,4,5,False
2018-05-08,0.0662732518713958,NORMAL,4,5,False
2018-05-09,0.0219922704777306,NORMAL,5,5,False
2018-05-10,0.1911295696484038,NORMAL,5,5,False
2018-05-11,0.3284637244140183,NORMAL,4,5,False
2018-05-12,0.4878050332275422,NORMAL,4,5,False
2018-05-13,0.345000128798468,NORMAL,4,5,False
2018-05-14,0.3644895668943642,NORMAL,4,5,False
2018-05-15,0.3648566507095543,NORMAL,4,5,False
2018-05-16,0.2895670319324379,NORMAL,5,5,False
2018-05-17,0.8003380413040949,NORMAL,5,5,False
2018-05-18,0.9892614178513192,NORMAL,4,5,False
2018-05-19,1.1386338326263088,NORMAL,4,5,False
2018-05-20,1.0684198918241394,NORMAL,4,5,False
2018-05-21,0.926785097057184,NORMAL,4,5,False
2018-05-22,0.9086662571000708,NORMAL,4,5,False
2018-05-23,0.0571296448930135,NORMAL,5,5,False
2018-05-24,0.3323239318344095,NORMAL,5,5,False
2018-05-25,0.6913962072651849,NORMAL,4,5,False
2018-05-26,0.8877322194726054,NORMAL,4,5,False
2018-05-27,0.9455829258722755,NORMAL,4,5,False
2018-05-28,1.0298061871351083,NORMAL,4,5,False
2018-05-29,1.145829604702308,NORMAL,4,5,False
2018-05-30,0.323025993762614,NORMAL,5,5,False
2018-05-31,0.4877772469634178,NORMAL,5,5,False
2018-06-01,0.4370350482757723,NORMAL,4,6,False
2018-06-02,0.4909825582024935,NORMAL,4,6,False
2018-06-03,0.5859334598987169,NORMAL,4,6,False
2018-06-04,0.7369006262340962,WARNING,4,6,True
2018-06-05,0.6711515430581269,NORMAL,4,6,False
2018-06-06,0.1672176317983202,NORMAL,5,6,False
2018-06-07,0.4174385224962268,NORMAL,5,6,False
2018-06-08,0.5611456647140289,NORMAL,4,6,False
2018-06-09,0.618806582559461,NORMAL,4,6,False
2018-06-10,0.5891135732026662,NORMAL,4,6,False
2018-06-11,0.624414627564414,NORMAL,4,6,False
2018-06-12,0.6683028157192965,NORMAL,4,6,False
2018-06-13,0.2249573044094069,NORMAL,5,6,False
2018-06-14,0.342174971423427,NORMAL,5,6,False
2018-06-15,0.108158699892882,NORMAL,4,6,False
2018-06-16,0.1216294557537269,NORMAL,4,6,False
2018-06-17,0.2652007481492017,NORMAL,4,6,False
2018-06-18,0.2552512630463626,NORMAL,4,6,False
2018-06-19,0.2191009901674252,NORMAL,4,6,False
2018-06-20,0.0190799623293487,NORMAL,5,6,False
2018-06-21,0.284706890448764,NORMAL,5,6,False
2018-06-22,0.2810758147162226,NORMAL,4,6,False
2018-06-23,0.4205348075084232,NORMAL,4,6,False
2018-06-24,0.4860516464516966,NORMAL,4,6,False
2018-06-25,0.3533961056481387,NORMAL,4,6,False
2018-06-26,0.2192362502214222,NORMAL,4,6,False
2018-06-27,0.4665919744273909,NORMAL,5,6,False
2018-06-28,0.1559281903129131,NORMAL,5,6,False
2018-06-29,0.0955953575149608,NORMAL,4,6,False
2018-07-20,0.4163148159290858,NORMAL,4,7,False
2018-07-21,0.3230912763848236,NORMAL,4,7,False
2018-07-22,0.2316445081273357,NORMAL,4,7,False
2018-07-23,0.1529331946517103,NORMAL,4,7,False
2018-07-24,0.0928030735155677,NORMAL,4,7,False
2018-07-25,1.0838170637731477,CRITICAL,5,7,True
2018-07-26,0.8071956266153332,CRITICAL,5,7,True
2018-07-27,0.3300194160492251,NORMAL,4,7,False
2018-07-28,0.1896377104478271,NORMAL,4,7,False
2018-07-29,0.1191742549834787,NORMAL,4,7,False
2018-07-30,0.0832666850260566,NORMAL,4,7,False
2018-07-31,0.1037707831727912,NORMAL,4,7,False
2018-08-01,0.016003315971443,NORMAL,5,8,False
2018-08-02,0.0245257521588585,NORMAL,5,8,False
2018-08-03,0.0415349344104713,NORMAL,4,8,False
2018-08-04,0.175234420628603,NORMAL,4,8,False
2018-08-05,0.2504095871693662,NORMAL,4,8,False
2018-08-06,0.2213244869385808,NORMAL,4,8,False
2018-08-07,0.1939547865378734,NORMAL,4,8,False
2018-08-08,0.1362484375934267,NORMAL,5,8,False
2018-08-09,0.1331245758749027,NORMAL,5,8,False
2018-08-10,0.153300366186467,NORMAL,4,8,False
2018-08-11,0.1446977103031389,NORMAL,4,8,False
2018-08-12,0.136892070205153,NORMAL,4,8,False
2018-08-13,0.1653077935471785,NORMAL,4,8,False
2018-08-14,0.2369729526152283,NORMAL,4,8,False
2018-08-15,0.1107250383940701,NORMAL,5,8,False
2018-08-16,0.3681068722633618,NORMAL,5,8,False
2018-08-17,0.2362531232705412,NORMAL,4,8,False
2018-08-18,0.2840629175792414,NORMAL,4,8,False
2018-08-19,0.5463150383291927,NORMAL,4,8,False
2018-08-20,0.5773100268753801,NORMAL,4,8,False
2018-08-21,0.4655660489277843,NORMAL,4,8,False
2018-08-22,0.4313745980208497,NORMAL,5,8,False
2018-08-23,0.5232410910609825,NORMAL,5,8,False
2018-08-24,0.6300429446271919,WARNING,4,8,True
2018-08-25,1.1629419920127035,CRITICAL,4,8,True
2018-08-26,1.1115372511835284,CRITICAL,4,8,True
2018-08-27,1.1172456873429533,CRITICAL,4,8,True
2018-08-28,0.9415636448543456,CRITICAL,4,8,True
2018-08-29,0.062443977686354,NORMAL,5,8,False
2018-08-30,0.3264230541164498,NORMAL,5,8,False
2018-08-31,0.3505740861692036,NORMAL,4,8,False
2018-09-01,0.1916442503099279,NORMAL,4,9,False
2018-09-02,0.2057514322510737,NORMAL,4,9,False
2018-09-03,0.1916472568210276,NORMAL,4,9,False
2018-09-04,0.2590669013707167,NORMAL,4,9,False
2018-09-05,0.2739950384346297,NORMAL,5,9,False
2018-09-06,0.0550267132439296,NORMAL,5,9,False
2018-09-07,0.0565842284110569,NORMAL,4,9,False
2018-09-08,0.1570536494698415,NORMAL,4,9,False
2018-09-09,0.2570304371167155,NORMAL,4,9,False
2018-09-10,0.2171945330147087,NORMAL,4,9,False
2018-09-11,0.073149933590844,NORMAL,4,9,False
2018-09-12,0.0971275169555025,NORMAL,5,9,False
2018-09-13,0.0488379127715747,NORMAL,5,9,False
2018-09-14,0.1188243769940505,NORMAL,4,9,False
2018-09-15,0.030266555325748,NORMAL,4,9,False
2018-09-16,0.0373731796129322,NORMAL,4,9,False
2018-09-17,0.1157610008038019,NORMAL,4,9,False
2018-09-18,0.1276514165996208,NORMAL,4,9,False
2018-09-19,0.031389286943637,NORMAL,5,9,False
2018-09-20,0.069328557150042,NORMAL,5,9,False
2018-09-21,0.0684033088413912,NORMAL,4,9,False
2018-09-22,0.1205038809825053,NORMAL,4,9,False
2018-09-23,0.2004534848400163,NORMAL,4,9,False
2018-09-24,0.3980194703108628,NORMAL,4,9,False
2018-09-25,0.4721111780784155,NORMAL,4,9,False
2018-09-26,0.3095048859107568,NORMAL,5,9,False
2018-09-27,0.2881773931056185,NORMAL,5,9,False
2018-09-28,0.1637096565819742,NORMAL,4,9,False
2018-09-29,0.1562879416444046,NORMAL,4,9,False
2018-09-30,0.1214634299201532,NORMAL,4,9,False
2018-10-01,0.1325455196739862,NORMAL,4,10,False
2018-10-02,0.1314529355873246,NORMAL,4,10,False
2018-10-03,0.6513629257020764,WARNING,5,10,True
2018-10-04,1.0644985808662766,CRITICAL,5,10,True
2018-10-05,0.7025531719992119,WARNING,4,10,True
2018-10-06,0.5361110117972532,NORMAL,4,10,False
2018-10-07,0.4779904046104627,NORMAL,4,10,False
2018-10-08,0.4418325882633881,NORMAL,4,10,False
2018-10-09,0.4098602002878359,NORMAL,4,10,False
2018-10-10,0.2150690333728832,NORMAL,5,10,False
2018-10-11,0.4128508947534988,NORMAL,5,10,False
2018-10-12,0.3445726844186943,NORMAL,4,10,False
2018-10-13,0.3034292463536978,NORMAL,4,10,False
2018-10-14,0.2699274901222299,NORMAL,4,10,False
2018-10-15,0.3144149039794688,NORMAL,4,10,False
2018-10-16,0.2891813201198874,NORMAL,4,10,False
2018-10-17,0.4692845244581096,NORMAL,5,10,False
2018-10-18,0.0528980393417681,NORMAL,5,10,False
2018-10-19,0.0434173834837256,NORMAL,4,10,False
2018-10-20,0.1260494562019791,NORMAL,4,10,False
2018-10-21,0.0806817978353536,NORMAL,4,10,False
2018-10-22,0.1593012134693224,NORMAL,4,10,False
2018-10-23,0.1223295899066748,NORMAL,4,10,False
2018-10-24,0.5780895058829917,WARNING,5,10,True
2018-10-25,0.3784313929287854,NORMAL,5,10,False
2018-10-26,0.1803220272526171,NORMAL,4,10,False
2018-10-27,0.0894617241992216,NORMAL,4,10,False
2018-10-28,0.1337642644222481,NORMAL,4,10,False
2018-10-29,0.1828861440438778,NORMAL,4,10,False
2018-10-30,0.2264988882772888,NORMAL,4,10,False
2018-10-31,0.2300496887386852,NORMAL,5,10,False
2018-11-01,0.7916570054443898,CRITICAL,5,11,True
2018-11-02,0.7696983436776071,CRITICAL,4,11,True
2018-11-03,0.6113431368232218,WARNING,4,11,True
2018-11-04,1.00456807285709,CRITICAL,4,11,True
2018-11-05,0.8990923299610574,CRITICAL,4,11,True
2018-11-06,0.6575713003114646,WARNING,4,11,True
2018-11-07,0.5653203111221081,NORMAL,5,11,False
2018-11-08,0.2179428128760099,NORMAL,5,11,False
2018-11-09,0.1848513456366677,NORMAL,4,11,False
2018-11-10,0.4588203732728818,NORMAL,4,11,False
2018-11-11,0.3463916532061161,NORMAL,4,11,False
2018-11-12,0.2582009699219023,NORMAL,4,11,False
2018-11-13,0.2996984708452504,NORMAL,4,11,False
2018-11-14,0.0259527175019865,NORMAL,5,11,False
2018-11-15,0.0596105696314967,NORMAL,5,11,False
2018-11-16,0.1468198724763876,NORMAL,4,11,False
2018-11-17,0.0911729363417069,NORMAL,4,11,False
2018-11-18,0.1115583305141288,NORMAL,4,11,False
2018-11-19,0.0833018801689643,NORMAL,4,11,False
2018-11-20,0.1547600677481114,NORMAL,4,11,False
2018-11-21,0.4541697486342484,NORMAL,5,11,False
2018-11-22,0.0404422699801029,NORMAL,5,11,False
2018-11-23,0.0761237970905416,NORMAL,4,11,False
2018-11-24,0.1539798968280546,NORMAL,4,11,False
2018-11-25,0.0328731989748039,NORMAL,4,11,False
2018-11-26,0.2147615596859594,NORMAL,4,11,False
2018-11-27,0.1820875491550886,NORMAL,4,11,False
2018-11-28,0.4090346708501237,NORMAL,5,11,False
2018-11-29,0.0996601885637986,NORMAL,5,11,False
2018-11-30,0.125864413328955,NORMAL,4,11,False
2018-12-01,0.2876377844428751,NORMAL,4,12,False
2018-12-02,0.165941953043755,NORMAL,4,12,False
2018-12-03,0.1181963917438957,NORMAL,4,12,False
2018-12-04,0.3005942940644854,NORMAL,4,12,False
2018-12-05,0.4093975730491073,NORMAL,5,12,False
2018-12-06,0.0695894622306201,NORMAL,5,12,False
2018-12-07,0.318419933997984,NORMAL,4,12,False
2018-12-08,0.498789207320595,NORMAL,4,12,False
2018-12-09,0.599317817349125,NORMAL,4,12,False
2018-12-10,0.585558058733542,NORMAL,4,12,False
2018-12-11,0.5514125658550285,NORMAL,4,12,False
2018-12-12,0.1129700322825474,NORMAL,5,12,False
2018-12-13,0.1127250198041202,NORMAL,5,12,False
2018-12-14,0.1931008779582653,NORMAL,4,12,False
2018-12-15,0.2319876635108471,NORMAL,4,12,False
2018-12-16,0.3184797444099959,NORMAL,4,12,False
2018-12-17,0.2233700931281569,NORMAL,4,12,False
2018-12-18,0.2641047801282564,NORMAL,4,12,False
2018-12-19,0.2416551109419365,NORMAL,5,12,False
2018-12-20,0.1241624797716653,NORMAL,5,12,False
2018-12-21,0.0373577086394483,NORMAL,4,12,False
2018-12-22,0.1118327210856517,NORMAL,4,12,False
2018-12-23,0.2248532763685266,NORMAL,4,12,False
2018-12-24,0.1450534792738516,NORMAL,4,12,False
2018-12-25,0.1313699013117216,NORMAL,4,12,False
2018-12-26,0.4132537809906128,NORMAL,5,12,False
2018-12-27,0.3030593997147447,NORMAL,5,12,False
2018-12-28,0.1652744495422531,NORMAL,4,12,False
2018-12-29,0.4023464911574789,NORMAL,4,12,False
2018-12-30,0.4661187032302777,NORMAL,4,12,False
2018-12-31,0.4813682095931152,NORMAL,4,12,False
2019-01-01,0.4183585633460327,NORMAL,4,1,False
2019-01-02,0.2472810963630524,NORMAL,5,1,False
2019-01-03,0.1850462135516362,NORMAL,5,1,False
2019-01-04,0.3212797230495587,NORMAL,4,1,False
2019-01-05,0.2524389991092391,NORMAL,4,1,False
2019-01-06,0.1892032701911709,NORMAL,4,1,False
2019-01-07,0.3037468908122308,NORMAL,4,1,False
2019-01-08,0.2396436188833102,NORMAL,4,1,False
2019-01-09,0.3268189033140037,NORMAL,5,1,False
2019-01-10,0.4815650477235215,NORMAL,5,1,False
2019-01-11,0.2968733146170887,NORMAL,4,1,False
2019-01-12,0.4721495420457645,NORMAL,4,1,False
2019-01-13,0.3641343461599295,NORMAL,4,1,False
2019-01-14,0.2292708690397544,NORMAL,4,1,False
2019-01-15,0.2657423875887877,NORMAL,4,1,False
2019-01-16,0.2657645373762511,NORMAL,5,1,False
2019-01-17,0.1086449809293192,NORMAL,5,1,False
2019-01-18,0.0474844621543514,NORMAL,4,1,False
2019-01-19,0.3215776751017713,NORMAL,4,1,False
2019-01-20,0.2022471612967446,NORMAL,4,1,False
2019-01-21,0.2412253125612457,NORMAL,4,1,False
2019-01-22,0.4420682568754931,NORMAL,4,1,False
2019-01-23,0.0662600220002201,NORMAL,5,1,False
2019-01-24,0.1972857998048306,NORMAL,5,1,False
2019-01-25,0.0894340309097231,NORMAL,4,1,False
2019-01-26,0.267396161755961,NORMAL,4,1,False
2019-01-27,0.1659528640693725,NORMAL,4,1,False
2019-01-28,0.1270766227276232,NORMAL,4,1,False
2019-01-29,0.123130464784139,NORMAL,4,1,False
2019-01-30,1.0377153777184625,CRITICAL,5,1,True
2019-01-31,0.3759244953773653,NORMAL,5,1,False
2019-02-01,0.4615777937509419,NORMAL,4,2,False
2019-02-02,0.5155811827761781,WARNING,4,2,True
2019-02-03,0.3936995714430209,NORMAL,4,2,False
2019-02-04,0.4208244049454941,NORMAL,4,2,False
2019-02-05,0.4011785201849082,NORMAL,4,2,False
2019-02-06,0.1248906536307676,NORMAL,5,2,False
2019-02-07,0.3105776789762323,NORMAL,5,2,False
2019-02-08,0.2574583842258658,NORMAL,4,2,False
2019-02-09,0.2692397270675158,NORMAL,4,2,False
2019-02-10,0.2492593102758451,NORMAL,4,2,False
2019-02-11,0.2100152964428024,NORMAL,4,2,False
2019-02-12,0.236332623421244,NORMAL,4,2,False
2019-02-13,0.1726171595297787,NORMAL,5,2,False
2019-02-14,0.0223365942177476,NORMAL,5,2,False
2019-02-15,0.1050840635144488,NORMAL,4,2,False
2019-02-16,0.2035978708788704,NORMAL,4,2,False
2019-02-17,0.2756696871831038,NORMAL,4,2,False
2019-02-18,0.4204828732899277,NORMAL,4,2,False
2019-02-19,0.4501435825587515,NORMAL,4,2,False
2019-02-20,0.0570087813048872,NORMAL,5,2,False
2019-02-21,0.0842841374205292,NORMAL,5,2,False
2019-02-22,0.0772267700031061,NORMAL,4,2,False
2019-02-23,0.1171356827375953,NORMAL,4,2,False
2019-02-24,0.0860497473251099,NORMAL,4,2,False
2019-02-25,0.0915262902893685,NORMAL,4,2,False
2019-02-26,0.0993746829111799,NORMAL,4,2,False
2019-02-27,0.2851083855564529,NORMAL,5,2,False
2019-02-28,0.2478162632148709,NORMAL,5,2,False
2019-03-01,0.1164352741474101,NORMAL,4,3,False
2019-03-02,0.4374876948294808,NORMAL,4,3,False
2019-03-03,0.5853527731680233,NORMAL,4,3,False
2019-03-04,0.4917869564980679,NORMAL,4,3,False
2019-03-05,0.5688951433146691,NORMAL,4,3,False
2019-03-06,0.5150354728455125,NORMAL,5,3,False
2019-03-07,0.3384251227366581,NORMAL,5,3,False
2019-03-08,0.1685968390207466,NORMAL,4,3,False
2019-03-09,0.1795330682867403,NORMAL,4,3,False
2019-03-10,0.1547209332116116,NORMAL,4,3,False
2019-03-11,0.2028011825980036,NORMAL,4,3,False
2019-03-12,0.2072804199234456,NORMAL,4,3,False
2019-03-13,0.2978166544511755,NORMAL,5,3,False
2019-03-14,0.1465218295641222,NORMAL,5,3,False
2019-03-15,0.1789179204404892,NORMAL,4,3,False
2019-03-16,0.1020670177551705,NORMAL,4,3,False
2019-03-17,0.1140271392889145,NORMAL,4,3,False
2019-03-18,0.2216531566598839,NORMAL,4,3,False
2019-03-19,0.2714663708459909,NORMAL,4,3,False
2019-03-20,0.2537032819263915,NORMAL,5,3,False
2019-03-21,0.3118517315799103,NORMAL,5,3,False
2019-03-22,0.1245918550320213,NORMAL,4,3,False
2019-03-23,0.0621092123809283,NORMAL,4,3,False
2019-03-24,0.2034240691607879,NORMAL,4,3,False
2019-03-25,0.2508709776950014,NORMAL,4,3,False
2019-03-26,0.2678711576825724,NORMAL,4,3,False
2019-03-27,0.3612704221516036,NORMAL,5,3,False
2019-03-28,0.2853716703335917,NORMAL,5,3,False
2019-03-29,0.1399550004800223,NORMAL,4,3,False
2019-03-30,0.1951412760107986,NORMAL,4,3,False
2019-03-31,0.2179998525004547,NORMAL,4,3,False
2019-04-01,0.2208011435300881,NORMAL,4,4,False
2019-04-02,0.2497162452845406,NORMAL,4,4,False
2019-04-03,0.1753944175457572,NORMAL,5,4,False
2019-04-04,0.2889877175686655,NORMAL,5,4,False
2019-04-05,0.2435158182682897,NORMAL,4,4,False
2019-04-06,0.1110093357942747,NORMAL,4,4,False
2019-04-07,0.0578894910375216,NORMAL,4,4,False
2019-04-08,0.0585374511531578,NORMAL,4,4,False
2019-04-09,0.1304584321012092,NORMAL,4,4,False
2019-04-10,0.2952390534620934,NORMAL,5,4,False
2019-04-11,0.2681291601003878,NORMAL,5,4,False
2019-04-12,0.1508986951160031,NORMAL,4,4,False
2019-04-13,0.0699602826940496,NORMAL,4,4,False
2019-04-14,0.060083630506641,NORMAL,4,4,False
2019-04-15,0.0282267200635309,NORMAL,4,4,False
2019-04-16,0.0447332318954077,NORMAL,4,4,False
2019-04-17,0.3552871413691146,NORMAL,5,4,False
2019-04-18,0.6596537651105214,WARNING,5,4,True
2019-04-19,0.8420429153353208,CRITICAL,4,4,True
2019-04-20,0.733578316602135,CRITICAL,4,4,True
2019-04-21,0.8923157228014479,CRITICAL,4,4,True
2019-04-22,1.0189876324050688,CRITICAL,4,4,True
2019-04-23,0.7543209317751975,CRITICAL,4,4,True
2019-04-24,0.6036275355685891,NORMAL,5,4,False
2019-04-25,0.6173269269756088,NORMAL,5,4,False
2019-04-26,0.7289569652408987,WARNING,4,4,True
2019-04-27,0.9574768575885172,CRITICAL,4,4,True
2019-04-28,0.9146139950217068,CRITICAL,4,4,True
2019-04-29,0.934346183104872,CRITICAL,4,4,True
2019-04-30,0.9077742078123336,CRITICAL,4,4,True
2019-05-01,0.2081839431135057,NORMAL,5,5,False
2019-05-02,0.2823667472774809,NORMAL,5,5,False
2019-05-03,0.3876536836505007,NORMAL,4,5,False
2019-05-04,0.4946237479611816,NORMAL,4,5,False
2019-05-05,0.9419675040262956,NORMAL,4,5,False
2019-05-06,0.954860287767197,NORMAL,4,5,False
2019-05-07,0.8889912068523783,NORMAL,4,5,False
2019-05-08,0.1930912195023658,NORMAL,5,5,False
2019-05-09,0.141966183648937,NORMAL,5,5,False
2019-05-10,0.1406740067987376,NORMAL,4,5,False
2019-05-11,0.1643326229366109,NORMAL,4,5,False
2019-05-12,0.1832372595450383,NORMAL,4,5,False
2019-05-13,0.2603944290596856,NORMAL,4,5,False
2019-05-14,0.3536363221691926,NORMAL,4,5,False
2019-05-15,0.0294463657641962,NORMAL,5,5,False
2019-05-16,0.279937060126863,NORMAL,5,5,False
2019-05-17,0.2969787641540969,NORMAL,4,5,False
2019-05-18,0.0664022582087803,NORMAL,4,5,False
2019-05-19,0.4627821896885684,NORMAL,4,5,False
2019-05-20,0.5017882376415396,NORMAL,4,5,False
2019-05-21,0.5094062879039741,NORMAL,4,5,False
2019-05-22,0.2458298976598073,NORMAL,5,5,False
2019-05-23,0.4017086578048593,NORMAL,5,5,False
2019-05-24,0.3044354478727176,NORMAL,4,5,False
2019-05-25,0.2753020306917951,NORMAL,4,5,False
2019-05-26,0.1864185861556993,NORMAL,4,5,False
2019-05-27,0.497043502433122,NORMAL,4,5,False
2019-05-28,0.4401485953206358,NORMAL,4,5,False
2019-05-29,0.3725807597910621,NORMAL,5,5,False
2019-05-30,0.3009757969867326,NORMAL,5,5,False
2019-05-31,0.2861183094916409,NORMAL,4,5,False
2019-06-01,0.2800562330008209,NORMAL,4,6,False
2019-06-02,0.2540430060514745,NORMAL,4,6,False
2019-06-03,0.1660251046708192,NORMAL,4,6,False
2019-06-04,0.1668881172299427,NORMAL,4,6,False
2019-06-05,0.0394218216958402,NORMAL,5,6,False
2019-06-06,0.2644350482570344,NORMAL,5,6,False
2019-06-07,0.2346373802234939,NORMAL,4,6,False
2019-06-08,0.2297965343483962,NORMAL,4,6,False
2019-06-09,0.268811245292831,NORMAL,4,6,False
2019-06-10,0.3050937003917878,NORMAL,4,6,False
2019-06-11,0.2862566222304352,NORMAL,4,6,False
2019-06-12,0.0372722084846223,NORMAL,5,6,False
2019-06-13,0.6116889254725125,NORMAL,5,6,False
2019-06-14,0.5254850002994482,NORMAL,4,6,False
2019-06-15,0.5963457582085552,NORMAL,4,6,False
2019-06-16,0.4872978583852887,NORMAL,4,6,False
2019-06-17,0.5039415606406532,NORMAL,4,6,False
2019-06-18,0.4741866855735077,NORMAL,4,6,False
2019-06-19,0.0794243262774623,NORMAL,5,6,False
2019-06-20,0.2077966893685297,NORMAL,5,6,False
2019-06-21,0.1547859535359159,NORMAL,4,6,False
2019-06-22,0.2105342225546662,NORMAL,4,6,False
2019-06-23,0.1444115741660397,NORMAL,4,6,False
2019-06-24,0.1155816446473484,NORMAL,4,6,False
2019-06-25,0.1323808054985966,NORMAL,4,6,False
2019-06-26,0.424004459482458,NORMAL,5,6,False
2019-06-27,0.347277638312344,NORMAL,5,6,False
2019-06-28,0.1970871354557739,NORMAL,4,6,False
2019-06-29,0.4851316385004413,NORMAL,4,6,False
2019-06-30,0.4627262382239831,NORMAL,4,6,False
2019-07-01,0.5147037979472938,NORMAL,4,7,False
2019-07-02,0.4949097838771589,NORMAL,4,7,False
2019-07-03,0.9296043139733338,CRITICAL,5,7,True
2019-07-04,0.9059939756207324,CRITICAL,5,7,True
2019-07-05,1.1443287360231047,CRITICAL,4,7,True
2019-07-06,1.270991297180803,CRITICAL,4,7,True
2019-07-07,1.184613183409856,CRITICAL,4,7,True
2019-07-08,1.049278472387722,CRITICAL,4,7,True
2019-07-09,0.7806416990487636,WARNING,4,7,True
2019-07-10,0.7210318674703247,NORMAL,5,7,False
2019-07-11,1.026524299811424,CRITICAL,5,7,True
2019-07-12,0.4645401218775729,NORMAL,4,7,False
2019-07-13,0.5328539328920843,NORMAL,4,7,False
2019-07-14,0.6076543513719501,NORMAL,4,7,False
2019-07-15,0.3813740802200008,NORMAL,4,7,False
2019-07-16,0.3337889406435526,NORMAL,4,7,False
2019-07-17,1.3888962430904823,CRITICAL,5,7,True
2019-07-18,0.7529443823224875,NORMAL,5,7,False
2019-07-19,0.7488976279896159,NORMAL,4,7,False
2019-07-20,0.5421092328529297,NORMAL,4,7,False
2019-07-21,0.3803499668957628,NORMAL,4,7,False
2019-07-22,0.4532112976230444,NORMAL,4,7,False
2019-07-23,0.388522642470456,NORMAL,4,7,False
2019-07-24,0.2519676323076565,NORMAL,5,7,False
2019-07-25,0.230155554446787,NORMAL,5,7,False
2019-07-26,0.0797751172873305,NORMAL,4,7,False
2019-07-27,0.0656363520867575,NORMAL,4,7,False
2019-07-28,0.1270577515535578,NORMAL,4,7,False
2019-07-29,0.275703212763238,NORMAL,4,7,False
2019-07-30,0.1126056844399009,NORMAL,4,7,False
2019-07-31,0.1841702496353923,NORMAL,5,7,False
2019-08-01,0.1496586210377978,NORMAL,5,8,False
2019-08-02,0.3296988231864416,NORMAL,4,8,False
2019-08-03,0.2989040369443065,NORMAL,4,8,False
2019-08-04,0.1118308619149201,NORMAL,4,8,False
2019-08-05,0.3084790464713841,NORMAL,4,8,False
2019-08-06,0.1878566345720912,NORMAL,4,8,False
2019-08-07,0.3294773148946859,NORMAL,5,8,False
2019-08-08,0.889220399084147,CRITICAL,5,8,True
2019-08-09,0.7695345520897678,WARNING,4,8,True
2019-08-10,0.7364060404482471,WARNING,4,8,True
2019-08-11,0.5577921702121081,NORMAL,4,8,False
2019-08-12,0.2857370853770461,NORMAL,4,8,False
2019-08-13,0.3962782004975009,NORMAL,4,8,False
2019-08-14,0.2202904228400897,NORMAL,5,8,False
2019-08-15,0.2309166561869245,NORMAL,5,8,False
2019-08-16,0.497969758956524,NORMAL,4,8,False
2019-08-17,0.254691982647426,NORMAL,4,8,False
2019-08-18,0.3801987695203712,NORMAL,4,8,False
2019-08-19,0.3897557358960823,NORMAL,4,8,False
2019-08-20,0.3543402916989423,NORMAL,4,8,False
2019-08-21,1.3406180307039106,CRITICAL,5,8,True
2019-08-22,0.7246065858429236,NORMAL,5,8,False
2019-08-23,0.5130237550659497,NORMAL,4,8,False
2019-08-24,0.1119072955117999,NORMAL,4,8,False
2019-08-25,0.1009643995104301,NORMAL,4,8,False
2019-08-26,0.2825430436544316,NORMAL,4,8,False
2019-08-27,0.3715944871332248,NORMAL,4,8,False
2019-08-28,0.6956215788654989,NORMAL,5,8,False
2019-08-29,0.4660829526508865,NORMAL,5,8,False
2019-08-30,0.0919598398236626,NORMAL,4,8,False
2019-08-31,0.0863314104166561,NORMAL,4,8,False
2019-09-01,0.1359039056224608,NORMAL,4,9,False
2019-09-02,0.1008723665322422,NORMAL,4,9,False
2019-09-03,0.1976732511199354,NORMAL,4,9,False
2019-09-04,0.4425857156025046,NORMAL,5,9,False
2019-09-05,0.493434201452586,NORMAL,5,9,False
2019-09-06,0.461860874027987,NORMAL,4,9,False
2019-09-07,0.3828469885499978,NORMAL,4,9,False
2019-09-08,0.360931485916426,NORMAL,4,9,False
2019-09-09,0.225579759719691,NORMAL,4,9,False
2019-09-10,0.2919912493278102,NORMAL,4,9,False
2019-09-11,1.0775788816933964,CRITICAL,5,9,True
2019-09-12,0.456305857021587,NORMAL,5,9,False
2019-09-13,0.0646965067293504,NORMAL,4,9,False
2019-09-14,0.2169783359902497,NORMAL,4,9,False
2019-09-15,0.1012350811498294,NORMAL,4,9,False
2019-09-16,0.2213840304521125,NORMAL,4,9,False
2019-09-17,0.1471500669842823,NORMAL,4,9,False
2019-09-18,0.3414767443065824,NORMAL,5,9,False
2019-09-19,0.049999340130606,NORMAL,5,9,False
2019-09-20,0.3325511528246238,NORMAL,4,9,False
2019-09-21,0.3536599744558711,NORMAL,4,9,False
2019-09-22,0.2504447865623613,NORMAL,4,9,False
2019-09-23,0.1738033641509301,NORMAL,4,9,False
2019-09-24,0.1343932343712335,NORMAL,4,9,False
2019-09-25,0.1401695789387057,NORMAL,5,9,False
2019-09-26,0.4991330400579956,NORMAL,5,9,False
2019-09-27,0.1957888246009397,NORMAL,4,9,False
2019-09-28,0.3961437500131716,NORMAL,4,9,False
2019-09-29,0.1735634279930119,NORMAL,4,9,False
2019-09-30,0.1038130145234177,NORMAL,4,9,False
2019-10-01,0.1243019064573327,NORMAL,4,10,False
2019-10-02,0.4546960454208782,NORMAL,5,10,False
2019-10-03,0.5614834601005803,WARNING,5,10,True
2019-10-04,0.3990831348090218,NORMAL,4,10,False
2019-10-05,0.3873420647253929,NORMAL,4,10,False
2019-10-06,0.4424432288260149,NORMAL,4,10,False
2019-10-07,0.4311622579736759,NORMAL,4,10,False
2019-10-08,0.3205430238961048,NORMAL,4,10,False
2019-10-09,0.3563663613913128,NORMAL,5,10,False
2019-10-10,0.3657016257012297,NORMAL,5,10,False
2019-10-11,0.1881006787466448,NORMAL,4,10,False
2019-10-12,0.1730718881356434,NORMAL,4,10,False
2019-10-13,0.1346940917884586,NORMAL,4,10,False
2019-10-14,0.0653242601608775,NORMAL,4,10,False
2019-10-15,0.1769755712978154,NORMAL,4,10,False
2019-10-16,0.1365948087749746,NORMAL,5,10,False
2019-10-17,0.0106794769885083,NORMAL,5,10,False
2019-10-18,0.2128445341183916,NORMAL,4,10,False
2019-10-19,0.2974753885214581,NORMAL,4,10,False
2019-10-20,0.2512707222524855,NORMAL,4,10,False
2019-10-21,0.2595115830241025,NORMAL,4,10,False
2019-10-22,0.2372464932111268,NORMAL,4,10,False
2019-10-23,0.2252847324423066,NORMAL,5,10,False
2019-10-24,0.1484857107927664,NORMAL,5,10,False
2019-10-25,0.0898391432578316,NORMAL,4,10,False
2019-10-26,0.2050397464159098,NORMAL,4,10,False
2019-10-27,0.2850607783663753,NORMAL,4,10,False
2019-10-28,0.3832395400451702,NORMAL,4,10,False
2019-10-29,0.3447097946150834,NORMAL,4,10,False
2019-10-30,0.2824315559390644,NORMAL,5,10,False
2019-10-31,0.2287049953922844,NORMAL,5,10,False
2019-11-01,0.2213390434438919,NORMAL,4,11,False
2019-11-02,0.2995102985648831,NORMAL,4,11,False
2019-11-03,0.2744596090272299,NORMAL,4,11,False
2019-11-04,0.2487020500618769,NORMAL,4,11,False
2019-11-05,0.217413945310315,NORMAL,4,11,False
2019-11-06,0.0296104022677787,NORMAL,5,11,False
2019-11-07,0.1846499692828221,NORMAL,5,11,False
2019-11-08,0.1707447950143994,NORMAL,4,11,False
2019-11-09,0.1930476204599689,NORMAL,4,11,False
2019-11-10,0.424899509372297,NORMAL,4,11,False
2019-11-11,0.3763067438450703,NORMAL,4,11,False
2019-11-12,0.0988751349561594,NORMAL,4,11,False
2019-11-13,0.5602582402374866,NORMAL,5,11,False
2019-11-14,0.5402211374732308,NORMAL,5,11,False
2019-11-15,0.2711097965868146,NORMAL,4,11,False
2019-11-16,0.1690624002359812,NORMAL,4,11,False
2019-11-17,0.1696965638752536,NORMAL,4,11,False
2019-11-18,0.4839183851147442,NORMAL,4,11,False
2019-11-19,0.3042194098207373,NORMAL,4,11,False
2019-11-20,0.249408906682351,NORMAL,5,11,False
2019-11-21,0.0454247182579609,NORMAL,5,11,False
2019-11-22,0.2603849869572,NORMAL,4,11,False
2019-11-23,0.0935918382832431,NORMAL,4,11,False
2019-11-24,0.1434520705406128,NORMAL,4,11,False
2019-11-25,0.149530249418858,NORMAL,4,11,False
2019-11-26,0.0609559992773927,NORMAL,4,11,False
2019-11-27,0.4727147111418164,NORMAL,5,11,False
2019-11-28,0.1666051931202559,NORMAL,5,11,False
2019-11-29,0.0201916164545091,NORMAL,4,11,False
2019-11-30,0.3491480374337525,NORMAL,4,11,False
2019-12-01,0.4516708238970086,NORMAL,4,12,False
2019-12-02,0.5281989883035146,NORMAL,4,12,False
2019-12-03,0.4245653398592623,NORMAL,4,12,False
2019-12-04,0.3379941989531154,NORMAL,5,12,False
2019-12-05,0.4095091300597681,NORMAL,5,12,False
2019-12-06,0.1265811986685856,NORMAL,4,12,False
2019-12-07,0.112460717156121,NORMAL,4,12,False
2019-12-08,0.1443106349847049,NORMAL,4,12,False
2019-12-09,0.1809108841079259,NORMAL,4,12,False
2019-12-10,0.1152643200446881,NORMAL,4,12,False
2019-12-11,0.1718517054158944,NORMAL,5,12,False
2019-12-12,0.154522557118299,NORMAL,5,12,False
2019-12-13,0.1258334227632153,NORMAL,4,12,False
2019-12-14,0.1405612717046659,NORMAL,4,12,False
2019-12-15,0.0226532362425838,NORMAL,4,12,False
2019-12-16,0.1046001736727119,NORMAL,4,12,False
2019-12-17,0.1293336785775182,NORMAL,4,12,False
2019-12-18,0.2170648396018853,NORMAL,5,12,False
2019-12-19,0.0942368856455227,NORMAL,5,12,False
2019-12-20,0.0833075926355935,NORMAL,4,12,False
2019-12-21,0.0542809548560623,NORMAL,4,12,False
2019-12-22,0.0564839332800657,NORMAL,4,12,False
2019-12-23,0.0589319126809784,NORMAL,4,12,False
2019-12-24,0.0883343377245996,NORMAL,4,12,False
2019-12-25,0.4131198065054624,NORMAL,5,12,False
2019-12-26,0.2950010433067167,NORMAL,5,12,False
2019-12-27,0.2198631856765923,NORMAL,4,12,False
2019-12-28,0.2349034925662817,NORMAL,4,12,False
2019-12-29,0.3654973087585811,NORMAL,4,12,False
2019-12-30,0.296779529134235,NORMAL,4,12,False
2019-12-31,0.2403979655213226,NORMAL,4,12,False
2020-01-01,0.3216367286143257,NORMAL,5,1,False
2020-01-02,0.2286216959582195,NORMAL,5,1,False
2020-01-03,0.2597235632283062,NORMAL,4,1,False
2020-01-04,0.138652490607906,NORMAL,4,1,False
2020-01-05,0.0538711083825505,NORMAL,4,1,False
2020-01-06,0.1264328192794458,NORMAL,4,1,False
2020-01-07,0.2049864858435609,NORMAL,4,1,False
2020-01-08,0.1180893275814377,NORMAL,5,1,False
2020-01-09,0.0685367572724106,NORMAL,5,1,False
2020-01-10,0.0854328813337004,NORMAL,4,1,False
2020-01-11,0.0453854100593387,NORMAL,4,1,False
2020-01-12,0.0668953382595604,NORMAL,4,1,False
2020-01-13,0.0719711838320301,NORMAL,4,1,False
2020-01-14,0.1567214168012762,NORMAL,4,1,False
2020-01-15,0.5472787706667347,WARNING,5,1,True
2020-01-16,0.0389495008204215,NORMAL,5,1,False
2020-01-17,0.064492918801951,NORMAL,4,1,False
2020-01-18,0.3142271157956596,NORMAL,4,1,False
2020-01-19,0.4249866248992566,NORMAL,4,1,False
2020-01-20,0.2091727473533088,NORMAL,4,1,False
2020-01-21,0.1986805009560982,NORMAL,4,1,False
2020-01-22,0.2026087464713039,NORMAL,5,1,False
2020-01-23,0.1198721366395681,NORMAL,5,1,False
2020-01-24,0.7817039396961354,CRITICAL,4,1,True
2020-01-25,1.148150100016431,CRITICAL,4,1,True
2020-01-26,0.6861912048900126,WARNING,4,1,True
2020-01-27,0.735834745731427,CRITICAL,4,1,True
2020-01-28,0.6779748226496568,WARNING,4,1,True
2020-01-29,0.1546069749498524,NORMAL,5,1,False
2020-01-30,0.4192027473470684,NORMAL,5,1,False
2020-01-31,0.179348383420906,NORMAL,4,1,False
2020-02-01,0.0877430270786357,NORMAL,4,2,False
2020-02-02,0.2054122884582882,NORMAL,4,2,False
2020-02-03,0.2057715455349685,NORMAL,4,2,False
2020-02-04,0.1697610116914657,NORMAL,4,2,False
2020-02-05,0.1762016630307539,NORMAL,5,2,False
2020-02-06,0.189863946556712,NORMAL,5,2,False
2020-02-07,0.0403371481935792,NORMAL,4,2,False
2020-02-08,0.253530180232991,NORMAL,4,2,False
2020-02-09,0.3352616797768962,NORMAL,4,2,False
2020-02-10,0.0432862980017155,NORMAL,4,2,False
2020-02-11,0.2773374268843835,NORMAL,4,2,False
2020-02-12,0.6066988500595559,WARNING,5,2,True
2020-02-13,0.2639462125285567,NORMAL,5,2,False
2020-02-14,0.9860411656034136,CRITICAL,4,2,True
2020-02-15,0.939288202095621,CRITICAL,4,2,True
2020-02-16,0.6034046745157278,WARNING,4,2,True
2020-02-17,0.0694200795272999,NORMAL,4,2,False
2020-02-18,0.0640554819657826,NORMAL,4,2,False
2020-02-19,0.4158513872934521,NORMAL,5,2,False
2020-02-20,0.5082989908697125,NORMAL,5,2,False
2020-02-21,0.0490978474952709,NORMAL,4,2,False
2020-02-22,0.3448007893607452,NORMAL,4,2,False
2020-02-23,0.3346573922837261,NORMAL,4,2,False
2020-02-24,0.2457508219823895,NORMAL,4,2,False
2020-02-25,0.1583472812170106,NORMAL,4,2,False
2020-02-26,0.1508948723541886,NORMAL,5,2,False
2020-02-27,0.0959869491312066,NORMAL,5,2,False
2020-02-28,0.6052222296720962,WARNING,4,2,True
2020-02-29,0.6422559538976678,WARNING,4,2,True
2020-03-01,0.5294411961959195,NORMAL,4,3,False
2020-03-02,0.5069046211317814,NORMAL,4,3,False
2020-03-03,0.4004260213900654,NORMAL,4,3,False
2020-03-04,0.4243856110091346,NORMAL,5,3,False
2020-03-05,0.6007276946485498,WARNING,5,3,True
2020-03-06,0.6591954952219955,WARNING,4,3,True
2020-03-07,0.8939388906946728,CRITICAL,4,3,True
2020-03-08,0.7251595554051355,WARNING,4,3,True
2020-03-09,0.5728829655657428,NORMAL,4,3,False
2020-03-10,0.8369213947569901,CRITICAL,4,3,True
2020-03-11,0.2155661176580024,NORMAL,5,3,False
2020-03-12,0.1703230034826921,NORMAL,5,3,False
2020-03-13,0.3329366955200658,NORMAL,4,3,False
2020-03-14,0.2838860752571615,NORMAL,4,3,False
2020-03-15,0.2242040273707104,NORMAL,4,3,False
2020-03-16,0.3235389139789696,NORMAL,4,3,False
2020-03-17,0.6666984476340797,WARNING,4,3,True
2020-03-18,0.3510772325374121,NORMAL,5,3,False
2020-03-19,0.1622561200385746,NORMAL,5,3,False
2020-03-20,0.1759353602918462,NORMAL,4,3,False
2020-03-21,0.1828498549018385,NORMAL,4,3,False
2020-03-22,0.2141492444890916,NORMAL,4,3,False
2020-03-23,0.3340895870135024,NORMAL,4,3,False
2020-03-24,0.3416370625299559,NORMAL,4,3,False
2020-03-25,0.5515951071166487,NORMAL,5,3,False
2020-03-26,0.2765743888208425,NORMAL,5,3,False
2020-03-27,0.3113370315295997,NORMAL,4,3,False
2020-03-28,0.452738703524879,NORMAL,4,3,False
2020-03-29,0.5403710617502151,NORMAL,4,3,False
2020-03-30,0.4707842119591804,NORMAL,4,3,False
2020-03-31,0.3471804949096352,NORMAL,4,3,False
2020-04-01,0.4248646264557245,NORMAL,5,4,False
2020-04-02,0.3082795703826577,NORMAL,5,4,False
2020-04-03,0.4149680616113666,NORMAL,4,4,False
2020-04-04,0.0940857256873183,NORMAL,4,4,False
2020-04-05,0.2134604903427812,NORMAL,4,4,False
2020-04-06,0.4464305142969604,NORMAL,4,4,False
2020-04-07,0.3653374914905152,NORMAL,4,4,False
2020-04-08,0.2920987044255783,NORMAL,5,4,False
2020-04-09,0.3414898010026445,NORMAL,5,4,False
2020-04-10,0.3616373731353756,NORMAL,4,4,False
2020-04-11,0.4598057582766904,NORMAL,4,4,False
2020-04-12,0.540925050703841,NORMAL,4,4,False
2020-04-13,0.714609171414027,WARNING,4,4,True
2020-04-14,0.7399929272867698,WARNING,4,4,True
2020-04-15,0.0369479180481572,NORMAL,5,4,False
2020-04-16,0.0482077155031156,NORMAL,5,4,False
2020-04-17,0.1889871212014733,NORMAL,4,4,False
2020-04-18,0.2193390670494447,NORMAL,4,4,False
2020-04-19,0.2857008600351898,NORMAL,4,4,False
2020-04-20,0.8414268536199072,WARNING,4,4,True
2020-04-21,0.8365840726950315,WARNING,4,4,True
2020-04-22,0.0950909175857588,NORMAL,5,4,False
2020-04-23,0.1333658918074245,NORMAL,5,4,False
2020-04-24,0.2165301294096002,NORMAL,4,4,False
2020-04-25,0.1631853649047339,NORMAL,4,4,False
2020-04-26,0.1556176639964084,NORMAL,4,4,False
2020-04-27,0.2452477001498605,NORMAL,4,4,False
2020-04-28,0.2603638200289391,NORMAL,4,4,False
2020-04-29,0.0406348427929723,NORMAL,5,4,False
2020-04-30,0.0781054291530633,NORMAL,5,4,False
2020-05-01,0.3352830748736146,NORMAL,4,5,False
2020-05-02,0.2945841082544502,NORMAL,4,5,False
2020-05-03,0.2086066820430763,NORMAL,4,5,False
2020-05-04,0.2597001562880959,NORMAL,4,5,False
2020-05-05,0.2750758646607099,NORMAL,4,5,False
2020-05-06,0.0609297651606539,NORMAL,5,5,False
2020-05-07,0.1894690017779639,NORMAL,5,5,False
2020-05-08,0.1904685392700049,NORMAL,4,5,False
2020-05-09,0.2213451458247108,NORMAL,4,5,False
2020-05-10,0.4128070657027526,NORMAL,4,5,False
2020-05-11,0.4815708269988105,NORMAL,4,5,False
2020-05-12,0.4417202471731573,NORMAL,4,5,False
2020-05-13,0.0564028781303118,NORMAL,5,5,False
2020-05-14,0.2701513035714915,NORMAL,5,5,False
2020-05-15,0.3140051218138928,NORMAL,4,5,False
2020-05-16,0.4600783845945057,NORMAL,4,5,False
2020-05-17,0.4133127046898314,NORMAL,4,5,False
2020-05-18,0.4105101983612931,NORMAL,4,5,False
2020-05-19,0.4489027719568114,NORMAL,4,5,False
2020-05-20,0.3546811627661747,NORMAL,5,5,False
2020-05-21,0.6638434452418478,NORMAL,5,5,False
2020-05-22,0.6830015999869382,NORMAL,4,5,False
2020-05-23,0.6538824063690732,NORMAL,4,5,False
2020-05-24,0.6949026959824474,NORMAL,4,5,False
2020-05-25,0.4173706713279499,NORMAL,4,5,False
2020-05-26,0.4586449198329172,NORMAL,4,5,False
2020-05-27,0.0845771287537602,NORMAL,5,5,False
2020-05-28,0.212005004342025,NORMAL,5,5,False
2020-05-29,0.4931783124635562,NORMAL,4,5,False
2020-05-30,0.7534682709240597,NORMAL,4,5,False
2020-05-31,0.8555836342955268,NORMAL,4,5,False
2020-06-01,0.8058453202661876,WARNING,4,6,True
2020-06-02,0.7257448038286757,WARNING,4,6,True
2020-06-03,0.8173666991613685,WARNING,5,6,True
2020-06-04,0.1653127192204634,NORMAL,5,6,False
2020-06-05,0.1448592460371015,NORMAL,4,6,False
2020-06-06,0.1873615466008284,NORMAL,4,6,False
2020-06-07,0.2176999969343795,NORMAL,4,6,False
2020-06-08,0.3429101004854522,NORMAL,4,6,False
2020-06-09,0.3629410388506988,NORMAL,4,6,False
2020-06-10,0.1032126803857762,NORMAL,5,6,False
2020-06-11,0.3081363596816513,NORMAL,5,6,False
2020-06-12,0.2760234471681596,NORMAL,4,6,False
2020-06-13,0.3255152620937793,NORMAL,4,6,False
2020-06-14,0.564259434513488,NORMAL,4,6,False
2020-06-15,0.6434093135791907,NORMAL,4,6,False
2020-06-16,0.5980295579318508,NORMAL,4,6,False
2020-06-17,0.2715977102042004,NORMAL,5,6,False
2020-06-18,0.5097796693792254,NORMAL,5,6,False
2020-06-19,0.7285309661914329,WARNING,4,6,True
2020-06-20,0.7634338520575648,WARNING,4,6,True
2020-06-21,0.2012859658101556,NORMAL,4,6,False
2020-06-22,0.3751046886527762,NORMAL,4,6,False
2020-06-23,0.1624869174065774,NORMAL,4,6,False
2020-06-24,0.5258144051146845,NORMAL,5,6,False
2020-06-25,0.0328359314525416,NORMAL,5,6,False
2020-06-26,0.2340011309106544,NORMAL,4,6,False
2020-06-27,0.2941795174201617,NORMAL,4,6,False
2020-06-28,0.5140356995016443,NORMAL,4,6,False
2020-06-29,0.4011543209356834,NORMAL,4,6,False
2020-06-30,0.2946246628531478,NORMAL,4,6,False
2020-07-01,0.1131281628633925,NORMAL,5,7,False
2020-07-02,0.3119294316841752,NORMAL,5,7,False
2020-07-03,0.5558745167484623,NORMAL,4,7,False
2020-07-04,0.8346488832862079,WARNING,4,7,True
2020-07-05,0.3049377633432019,NORMAL,4,7,False
2020-07-06,0.1100776986564317,NORMAL,4,7,False
2020-07-07,0.3490888396873046,NORMAL,4,7,False
2020-07-08,0.0476376813382661,NORMAL,5,7,False
2020-07-09,0.2119294303327558,NORMAL,5,7,False
2020-07-10,0.3066278674446777,NORMAL,4,7,False
2020-07-11,0.3185925834097019,NORMAL,4,7,False
2020-07-12,0.3983051397149223,NORMAL,4,7,False
2020-07-13,0.3452856624133891,NORMAL,4,7,False
2020-07-14,0.373744121667096,NORMAL,4,7,False
2020-07-15,0.0296225928409772,NORMAL,5,7,False
2020-07-16,0.1645614227346677,NORMAL,5,7,False
2020-07-17,0.1247922121518983,NORMAL,4,7,False
2020-07-18,0.2979612090185142,NORMAL,4,7,False
2020-07-19,0.2783048155231894,NORMAL,4,7,False
2020-07-20,0.2877713304845369,NORMAL,4,7,False
2020-07-21,0.1132489894625483,NORMAL,4,7,False
2020-07-22,0.2864267708880141,NORMAL,5,7,False
2020-07-23,0.675211775922015,NORMAL,5,7,False
2020-07-24,0.9052149464576712,WARNING,4,7,True
2020-07-25,0.9315544187872824,CRITICAL,4,7,True
2020-07-26,1.1588628612798562,CRITICAL,4,7,True
2020-07-27,1.2043552590092694,CRITICAL,4,7,True
2020-07-28,1.097927472417178,CRITICAL,4,7,True
2020-07-29,0.7541015998935765,NORMAL,5,7,False
2020-07-30,0.8299801739698092,WARNING,5,7,True
2020-07-31,0.6086685747276562,NORMAL,4,7,False
2020-08-01,0.9041296753523416,CRITICAL,4,8,True
2020-08-02,1.0466975117568675,CRITICAL,4,8,True
2020-08-03,0.2022100536545535,NORMAL,4,8,False
2020-08-04,0.4650296537044111,NORMAL,4,8,False
2020-08-05,0.2273310929251703,NORMAL,5,8,False
2020-08-06,0.3928389352798105,NORMAL,5,8,False
2020-08-07,0.2679008579167134,NORMAL,4,8,False
2020-08-08,0.3298408529812179,NORMAL,4,8,False
2020-08-09,0.5560488507158257,NORMAL,4,8,False
2020-08-10,0.204573905610143,NORMAL,4,8,False
2020-08-11,0.0520584969255508,NORMAL,4,8,False
2020-08-12,0.0893930493170337,NORMAL,5,8,False
2020-08-13,0.0381815300619354,NORMAL,5,8,False
2020-08-14,0.0606306683705327,NORMAL,4,8,False
2020-08-15,0.1387541184129608,NORMAL,4,8,False
2020-08-16,0.2678603647917673,NORMAL,4,8,False
2020-08-17,0.2693059819771408,NORMAL,4,8,False
2020-08-18,0.3919560931056808,NORMAL,4,8,False
2020-08-19,0.203297715272281,NORMAL,5,8,False
2020-08-20,0.1969156523189864,NORMAL,5,8,False
2020-08-21,0.254090997978056,NORMAL,4,8,False
2020-08-22,0.3840941352506252,NORMAL,4,8,False
2020-08-23,0.4456936866520103,NORMAL,4,8,False
2020-08-24,0.4099889626888285,NORMAL,4,8,False
2020-08-25,0.4076134553174598,NORMAL,4,8,False
2020-08-26,0.1083627909539845,NORMAL,5,8,False
2020-08-27,0.2357486998116583,NORMAL,5,8,False
2020-08-28,0.5453745488805851,NORMAL,4,8,False
2020-08-29,0.4962904775898805,NORMAL,4,8,False
2020-08-30,0.3181512631322201,NORMAL,4,8,False
2020-08-31,0.2253965204097119,NORMAL,4,8,False
2020-09-01,0.1849707281798085,NORMAL,4,9,False
2020-09-02,0.1943955387032842,NORMAL,5,9,False
2020-09-03,0.3966979052440641,NORMAL,5,9,False
2020-09-04,0.5231449989988498,NORMAL,4,9,False
2020-09-05,0.2279565262989181,NORMAL,4,9,False
2020-09-06,0.0999624230598051,NORMAL,4,9,False
2020-09-07,0.0441125374877098,NORMAL,4,9,False
2020-09-08,0.3299782223158187,NORMAL,4,9,False
2020-09-09,0.2883656344298299,NORMAL,5,9,False
2020-09-10,0.3471204317424898,NORMAL,5,9,False
2020-09-11,0.3482934972418659,NORMAL,4,9,False
2020-09-12,0.415014081303667,NORMAL,4,9,False
2020-09-13,0.401801106546468,NORMAL,4,9,False
2020-09-14,0.3724229395600897,NORMAL,4,9,False
2020-09-15,0.3225945881724696,NORMAL,4,9,False
2020-09-16,0.4467842425343136,NORMAL,5,9,False
2020-09-17,0.6478369855934267,WARNING,5,9,True
2020-09-18,0.5918333159396099,WARNING,4,9,True
2020-09-19,0.5037781146411685,NORMAL,4,9,False
2020-09-20,0.3788927977751495,NORMAL,4,9,False
2020-09-21,0.307823850852222,NORMAL,4,9,False
2020-09-22,0.2681404765477391,NORMAL,4,9,False
2020-09-23,0.0845542390150635,NORMAL,5,9,False
2020-09-24,0.176643785961309,NORMAL,5,9,False
2020-09-25,0.2595658686459431,NORMAL,4,9,False
2020-09-26,0.2964622721649766,NORMAL,4,9,False
2020-09-27,0.3068562189820968,NORMAL,4,9,False
2020-09-28,0.3648309960431888,NORMAL,4,9,False
2020-09-29,0.3555532603668702,NORMAL,4,9,False
2020-09-30,0.0712361488021426,NORMAL,5,9,False
2020-10-01,0.1236862849986763,NORMAL,5,10,False
2020-10-02,0.2168970187047622,NORMAL,4,10,False
2020-10-03,0.0765392511331863,NORMAL,4,10,False
2020-10-04,0.2629914608167428,NORMAL,4,10,False
2020-10-05,0.5019967514679333,NORMAL,4,10,False
2020-10-06,0.4660498309964197,NORMAL,4,10,False
2020-10-07,0.1512719547250557,NORMAL,5,10,False
2020-10-08,0.0332940372198323,NORMAL,5,10,False
2020-10-09,0.109033724131769,NORMAL,4,10,False
2020-10-10,0.1161740047067735,NORMAL,4,10,False
2020-10-11,0.1013282273454309,NORMAL,4,10,False
2020-10-12,0.3099674713644124,NORMAL,4,10,False
2020-10-13,0.3580005720106375,NORMAL,4,10,False
2020-10-14,0.2830308101760667,NORMAL,5,10,False
2020-10-15,0.3797617717402778,NORMAL,5,10,False
2020-10-16,0.4735178446563798,NORMAL,4,10,False
2020-10-17,0.2597043607510401,NORMAL,4,10,False
2020-10-18,0.2484067723311575,NORMAL,4,10,False
2020-10-19,0.3735652267221091,NORMAL,4,10,False
2020-10-20,0.4056300772847774,NORMAL,4,10,False
2020-10-21,0.0231888442365461,NORMAL,5,10,False
2020-10-22,0.0735040448937309,NORMAL,5,10,False
2020-10-23,0.147504625326364,NORMAL,4,10,False
2020-10-24,0.2444142032774034,NORMAL,4,10,False
2020-10-25,0.0886612986527151,NORMAL,4,10,False
2020-10-26,0.2077429273158275,NORMAL,4,10,False
2020-10-27,0.2083064757806441,NORMAL,4,10,False
2020-10-28,0.3350134402019205,NORMAL,5,10,False
2020-10-29,0.2043284743574064,NORMAL,5,10,False
2020-10-30,0.3873603709907051,NORMAL,4,10,False
2020-10-31,0.7274105465520678,CRITICAL,4,10,True
2020-11-01,0.463574951175264,NORMAL,4,11,False
2020-11-02,0.3143491561521386,NORMAL,4,11,False
2020-11-03,0.2913930289693447,NORMAL,4,11,False
2020-11-04,0.1756534188927988,NORMAL,5,11,False
2020-11-05,0.1887830318665304,NORMAL,5,11,False
2020-11-06,0.1911125493127515,NORMAL,4,11,False
2020-11-07,0.1321344302400714,NORMAL,4,11,False
2020-11-08,0.1654408150236112,NORMAL,4,11,False
2020-11-09,0.1333019478485781,NORMAL,4,11,False
2020-11-10,0.1770459084914365,NORMAL,4,11,False
2020-11-11,0.4181849476183928,NORMAL,5,11,False
2020-11-12,0.3413820796121555,NORMAL,5,11,False
2020-11-13,0.0693099799174336,NORMAL,4,11,False
2020-11-14,0.2789306733905342,NORMAL,4,11,False
2020-11-15,0.36205836362426,NORMAL,4,11,False
2020-11-16,0.2643774937622127,NORMAL,4,11,False
2020-11-17,0.3578198565671892,NORMAL,4,11,False
2020-11-18,0.1834962838439676,NORMAL,5,11,False
2020-11-19,1.0431698516666903,CRITICAL,5,11,True
2020-11-20,1.133734827768739,CRITICAL,4,11,True
2020-11-21,0.9349973325085732,CRITICAL,4,11,True
2020-11-22,0.9619364316918336,CRITICAL,4,11,True
2020-11-23,0.9283288101644238,CRITICAL,4,11,True
2020-11-24,0.8323818405643898,CRITICAL,4,11,True
2020-11-25,0.1389531905092703,NORMAL,5,11,False
2020-11-26,0.3904162441218431,NORMAL,5,11,False
2020-11-27,0.4568868565056028,NORMAL,4,11,False
2020-11-28,0.5205518717355486,NORMAL,4,11,False
2020-11-29,0.495964243380659,NORMAL,4,11,False
2020-11-30,0.5858565417687294,NORMAL,4,11,False
2020-12-01,0.5232386418861354,NORMAL,4,12,False
2020-12-02,0.1660592151029981,NORMAL,5,12,False
2020-12-03,0.1553798900759374,NORMAL,5,12,False
2020-12-04,0.0958850990535302,NORMAL,4,12,False
2020-12-05,0.1088817317847041,NORMAL,4,12,False
2020-12-06,0.2352348650519946,NORMAL,4,12,False
2020-12-07,0.3405306572099347,NORMAL,4,12,False
2020-12-08,0.2400295750674695,NORMAL,4,12,False
2020-12-09,0.1421643234881286,NORMAL,5,12,False
2020-12-10,0.0803541342624928,NORMAL,5,12,False
2020-12-11,0.1667454427941803,NORMAL,4,12,False
2020-12-12,0.2929616063460112,NORMAL,4,12,False
2020-12-13,0.2840522706048954,NORMAL,4,12,False
2020-12-14,0.241950722207449,NORMAL,4,12,False
2020-12-15,0.2146971726209146,NORMAL,4,12,False
2020-12-16,0.2905714351789392,NORMAL,5,12,False
2020-12-17,0.2329110392438313,NORMAL,5,12,False
2020-12-18,0.0460656424202153,NORMAL,4,12,False
2020-12-19,0.1070856338985344,NORMAL,4,12,False
2020-12-20,0.2226989497250853,NORMAL,4,12,False
2020-12-21,0.2090615959275186,NORMAL,4,12,False
2020-12-22,0.0761116789446695,NORMAL,4,12,False
2020-12-23,0.1231331570162133,NORMAL,5,12,False
2020-12-24,0.4171046532715319,NORMAL,5,12,False
2020-12-25,0.3356436998570919,NORMAL,4,12,False
2020-12-26,0.4882180669964525,NORMAL,4,12,False
2020-12-27,0.419597025074405,NORMAL,4,12,False
2020-12-28,0.4821926448458356,NORMAL,4,12,False
2020-12-29,0.3671729312682364,NORMAL,4,12,False
2020-12-30,0.5482404816675602,NORMAL,5,12,False
2020-12-31,0.558450490886274,NORMAL,5,12,False
2021-01-01,0.2989032563654512,NORMAL,4,1,False
2021-01-02,0.2000872845191443,NORMAL,4,1,False
2021-01-03,0.1599466651020323,NORMAL,4,1,False
2021-01-04,0.2119432366507542,NORMAL,4,1,False
2021-01-05,0.2243710883239138,NORMAL,4,1,False
2021-01-06,0.1151123576325272,NORMAL,5,1,False
2021-01-07,0.099376934370907,NORMAL,5,1,False
2021-01-08,0.2350429773182271,NORMAL,4,1,False
2021-01-09,0.2987821899315581,NORMAL,4,1,False
2021-01-10,0.2402732321180711,NORMAL,4,1,False
2021-01-11,0.0707055506196928,NORMAL,4,1,False
2021-01-12,0.228836604044217,NORMAL,4,1,False
2021-01-13,0.0977574617646125,NORMAL,5,1,False
2021-01-14,0.3607666972857866,NORMAL,5,1,False
2021-01-15,0.4027451748586159,NORMAL,4,1,False
2021-01-16,0.3658394897658061,NORMAL,4,1,False
2021-01-17,0.1459851148744744,NORMAL,4,1,False
2021-01-18,0.1672442917291067,NORMAL,4,1,False
2021-01-19,0.2005794916339072,NORMAL,4,1,False
2021-01-20,0.184520018939722,NORMAL,5,1,False
2021-01-21,0.0454406966256805,NORMAL,5,1,False
2021-01-22,0.0536233399755423,NORMAL,4,1,False
2021-01-23,0.0541380538572076,NORMAL,4,1,False
2021-01-24,0.0566346794524687,NORMAL,4,1,False
2021-01-25,0.0973775685761263,NORMAL,4,1,False
2021-01-26,0.0795419599509475,NORMAL,4,1,False
2021-01-27,0.1405692058860016,NORMAL,5,1,False
2021-01-28,0.3031623415649472,NORMAL,5,1,False
2021-01-29,0.0825109157102299,NORMAL,4,1,False
2021-01-30,0.0639812574816555,NORMAL,4,1,False
2021-01-31,0.159645418685149,NORMAL,4,1,False
2021-02-01,0.0552946274784957,NORMAL,4,2,False
2021-02-02,0.1076199813540948,NORMAL,4,2,False
2021-02-03,0.4558082355122669,NORMAL,5,2,False
2021-02-04,0.4084210238600983,NORMAL,5,2,False
2021-02-05,0.5295259272733828,WARNING,4,2,True
2021-02-06,0.4281056923188805,NORMAL,4,2,False
2021-02-07,0.2188211609195739,NORMAL,4,2,False
2021-02-08,0.1012483564315337,NORMAL,4,2,False
2021-02-09,0.1599440941410341,NORMAL,4,2,False
2021-02-10,0.0707015086504106,NORMAL,5,2,False
2021-02-11,0.0269395588863203,NORMAL,5,2,False
2021-02-12,0.308338330167179,NORMAL,4,2,False
2021-02-13,0.2276736471101231,NORMAL,4,2,False
2021-02-14,0.1728787534402278,NORMAL,4,2,False
2021-02-15,0.2667039611372763,NORMAL,4,2,False
2021-02-16,0.3088018091388766,NORMAL,4,2,False
2021-02-17,0.2894469061925143,NORMAL,5,2,False
2021-02-18,0.1105014577865243,NORMAL,5,2,False
2021-02-19,0.7480029728222564,WARNING,4,2,True
2021-02-20,0.5362405538942087,WARNING,4,2,True
2021-02-21,0.3902443212916202,NORMAL,4,2,False
2021-02-22,0.3192422024287719,NORMAL,4,2,False
2021-02-23,0.078448446285886,NORMAL,4,2,False
2021-02-24,0.6051085771830214,WARNING,5,2,True
2021-02-25,0.5883405183319766,WARNING,5,2,True
2021-02-26,0.7630406457441868,CRITICAL,4,2,True
2021-02-27,0.3183327056532616,NORMAL,4,2,False
2021-02-28,0.4697459097181762,NORMAL,4,2,False
2021-03-01,0.655706571721964,WARNING,4,3,True
2021-03-02,0.3813868965513211,NORMAL,4,3,False
2021-03-03,0.772531863020243,CRITICAL,5,3,True
2021-03-04,0.8878897790596744,CRITICAL,5,3,True
2021-03-05,0.256293389420399,NORMAL,4,3,False
2021-03-06,0.0979107018122316,NORMAL,4,3,False
2021-03-07,0.423693972833715,NORMAL,4,3,False
2021-03-08,0.3069442101528924,NORMAL,4,3,False
2021-03-09,0.4209009185685307,NORMAL,4,3,False
2021-03-10,0.1209141267618709,NORMAL,5,3,False
2021-03-11,0.2256887355066401,NORMAL,5,3,False
2021-03-12,0.2447396677515858,NORMAL,4,3,False
2021-03-13,0.3722089244925498,NORMAL,4,3,False
2021-03-14,0.5515901068413241,NORMAL,4,3,False
2021-03-15,0.806397969292429,CRITICAL,4,3,True
2021-03-16,0.7844375877556726,CRITICAL,4,3,True
2021-03-17,0.3607646167619127,NORMAL,5,3,False
2021-03-18,0.313496126658845,NORMAL,5,3,False
2021-03-19,0.1060141130179582,NORMAL,4,3,False
2021-03-20,0.1274418577791759,NORMAL,4,3,False
2021-03-21,0.2168978234164347,NORMAL,4,3,False
2021-03-22,0.2290721234299902,NORMAL,4,3,False
2021-03-23,0.5518595067944295,NORMAL,4,3,False
2021-03-24,0.1073945004859358,NORMAL,5,3,False
2021-03-25,0.0994483593498606,NORMAL,5,3,False
2021-03-26,0.1254681385660026,NORMAL,4,3,False
2021-03-27,0.1097060840309909,NORMAL,4,3,False
2021-03-28,0.2312328816586528,NORMAL,4,3,False
2021-03-29,0.2738794257108823,NORMAL,4,3,False
2021-03-30,0.339484545484487,NORMAL,4,3,False
2021-03-31,0.199583464035474,NORMAL,5,3,False
2021-04-01,0.063044296750407,NORMAL,5,4,False
2021-04-02,0.224573220123583,NORMAL,4,4,False
2021-04-03,0.6036986745135945,NORMAL,4,4,False
2021-04-04,0.6246193900529938,NORMAL,4,4,False
2021-04-05,0.3433554711718768,NORMAL,4,4,False
2021-04-06,0.4460834482935729,NORMAL,4,4,False
2021-04-07,0.200160122152688,NORMAL,5,4,False
2021-04-08,0.4582817133424269,NORMAL,5,4,False
2021-04-09,0.1531006603633118,NORMAL,4,4,False
2021-04-10,0.1421855351274452,NORMAL,4,4,False
2021-04-14,0.5051341114496201,NORMAL,5,4,False
2021-04-15,0.7127307547666708,NORMAL,5,4,False
2021-04-16,0.5823339167499103,NORMAL,4,4,False
2021-04-17,0.5084474769020888,NORMAL,4,4,False
2021-04-18,0.4454815247087615,NORMAL,4,4,False
2021-04-19,0.5107180816312863,NORMAL,4,4,False
2021-04-20,0.1796449214568367,NORMAL,4,4,False
2021-04-21,0.0737236450182562,NORMAL,5,4,False
2021-04-22,0.0788768747612496,NORMAL,5,4,False
2021-04-23,0.4459808843129926,NORMAL,4,4,False
2021-04-24,0.4669596485330477,NORMAL,4,4,False
2021-04-25,0.4691118225018869,NORMAL,4,4,False
2021-04-26,0.491745228776367,NORMAL,4,4,False
2021-04-27,0.4485318610549317,NORMAL,4,4,False
2021-04-28,0.2118971988792633,NORMAL,5,4,False
2021-04-29,0.5762262434084653,NORMAL,5,4,False
2021-04-30,0.6960511419007048,NORMAL,4,4,False
2021-05-01,0.5364622726632032,NORMAL,4,5,False
2021-05-02,0.3457605849685414,NORMAL,4,5,False
2021-05-03,0.294173244962243,NORMAL,4,5,False
2021-05-04,0.1988163661811958,NORMAL,4,5,False
2021-05-05,0.4576388678965014,NORMAL,5,5,False
2021-05-06,0.2205618178140645,NORMAL,5,5,False
2021-05-07,0.0556114061930351,NORMAL,4,5,False
2021-05-08,0.1547854128524555,NORMAL,4,5,False
2021-05-09,0.5352992924297801,NORMAL,4,5,False
2021-05-10,0.5392257767357551,NORMAL,4,5,False
2021-05-11,0.5445010729128742,NORMAL,4,5,False
2021-05-12,0.6216688969706557,NORMAL,5,5,False
2021-05-13,0.2482528059263537,NORMAL,5,5,False
2021-05-14,0.2041549629241527,NORMAL,4,5,False
2021-05-15,0.2379573650884179,NORMAL,4,5,False
2021-05-16,0.3081208792183134,NORMAL,4,5,False
2021-05-17,0.2670840363278133,NORMAL,4,5,False
2021-05-18,0.2658913188346808,NORMAL,4,5,False
2021-05-19,0.0278278522304027,NORMAL,5,5,False
2021-05-20,0.0376074118215856,NORMAL,5,5,False
2021-05-21,0.0979174262137938,NORMAL,4,5,False
2021-05-22,0.0673719769166128,NORMAL,4,5,False
2021-05-23,0.121701958116598,NORMAL,4,5,False
2021-05-24,0.1232197022174818,NORMAL,4,5,False
2021-05-25,0.1452463690405784,NORMAL,4,5,False
2021-05-26,0.2315899580418424,NORMAL,5,5,False
2021-05-27,0.1412856716397365,NORMAL,5,5,False
2021-05-28,0.0949370338724912,NORMAL,4,5,False
2021-05-29,0.0989161357901906,NORMAL,4,5,False
2021-05-30,0.1171356150254637,NORMAL,4,5,False
2021-05-31,0.0497361926717012,NORMAL,4,5,False
2021-06-01,0.1066579434534885,NORMAL,4,6,False
2021-06-02,0.1520616121219712,NORMAL,5,6,False
2021-06-03,0.6106770032699775,NORMAL,5,6,False
2021-06-04,0.7511622300717573,WARNING,4,6,True
2021-06-05,0.6010789710495122,NORMAL,4,6,False
2021-06-06,0.1664396065586368,NORMAL,4,6,False
2021-06-07,0.0512585096505771,NORMAL,4,6,False
2021-06-08,0.0667438891301967,NORMAL,4,6,False
2021-06-09,0.4008501870340606,NORMAL,5,6,False
2021-06-10,0.1101216676611148,NORMAL,5,6,False
2021-06-11,0.1400630941211583,NORMAL,4,6,False
2021-06-12,0.2060450765752555,NORMAL,4,6,False
2021-06-13,0.0533226058079514,NORMAL,4,6,False
2021-06-14,0.0505807627445261,NORMAL,4,6,False
2021-06-15,0.1688326199806069,NORMAL,4,6,False
2021-06-16,0.1418483221288773,NORMAL,5,6,False
2021-06-17,0.4113025278810644,NORMAL,5,6,False
2021-06-18,0.1278308746498271,NORMAL,4,6,False
2021-06-19,0.0484139583785734,NORMAL,4,6,False
2021-06-20,0.0854429710403334,NORMAL,4,6,False
2021-06-21,0.2015416345810558,NORMAL,4,6,False
2021-06-22,0.569702087419057,NORMAL,4,6,False
2021-06-23,0.2159696230389031,NORMAL,5,6,False
2021-06-24,0.419156850573283,NORMAL,5,6,False
2021-06-25,0.7326877152973434,WARNING,4,6,True
2021-06-26,0.7699709338844734,WARNING,4,6,True
2021-06-27,0.6971949583609731,WARNING,4,6,True
2021-06-28,0.5600499893880062,NORMAL,4,6,False
2021-06-29,0.4771496169532615,NORMAL,4,6,False
2021-06-30,0.1643197572440582,NORMAL,5,6,False
2021-07-01,0.1056062664447533,NORMAL,5,7,False
2021-07-02,0.0831020571950575,NORMAL,4,7,False
2021-07-03,0.1126042627473793,NORMAL,4,7,False
2021-07-04,0.2422835353793164,NORMAL,4,7,False
2021-07-05,0.2490007332966835,NORMAL,4,7,False
2021-07-06,0.2418345645357824,NORMAL,4,7,False
2021-07-07,0.007450886076858,NORMAL,5,7,False
2021-07-08,0.0516112495156475,NORMAL,5,7,False
2021-07-09,0.1369067862365588,NORMAL,4,7,False
2021-07-10,0.0611398488580029,NORMAL,4,7,False
2021-07-11,0.1018188186170587,NORMAL,4,7,False
2021-07-12,0.0616943001707164,NORMAL,4,7,False
2021-07-13,0.1357730907239118,NORMAL,4,7,False
2021-07-14,0.199011375087826,NORMAL,5,7,False
2021-07-15,0.3180735204611979,NORMAL,5,7,False
2021-07-16,0.1296843275031271,NORMAL,4,7,False
2021-07-17,0.1977748535241705,NORMAL,4,7,False
2021-07-18,0.048477329580485,NORMAL,4,7,False
2021-07-19,0.0980817190809448,NORMAL,4,7,False
2021-07-20,0.162130531295167,NORMAL,4,7,False
2021-07-21,0.5486577131303684,NORMAL,5,7,False
2021-07-22,0.5957263833620876,NORMAL,5,7,False
2021-07-23,0.7587265378050627,NORMAL,4,7,False
2021-07-24,0.5807935712823198,NORMAL,4,7,False
2021-07-25,0.5503527348195241,NORMAL,4,7,False
2021-07-26,0.2413446129035319,NORMAL,4,7,False
2021-07-27,0.329333134174124,NORMAL,4,7,False
2021-07-28,0.0448551647403569,NORMAL,5,7,False
2021-07-29,0.2247794040874091,NORMAL,5,7,False
2021-07-30,0.5431489742566643,NORMAL,4,7,False
2021-07-31,0.6928081297986223,NORMAL,4,7,False
2021-08-01,0.8005296622977137,WARNING,4,8,True
2021-08-02,0.6140853707840253,NORMAL,4,8,False
2021-08-03,0.6679997358438562,NORMAL,4,8,False
2021-08-04,0.067514693457881,NORMAL,5,8,False
2021-08-05,0.1130121181811203,NORMAL,5,8,False
2021-08-06,0.2641357685818168,NORMAL,4,8,False
2021-08-07,0.2139354222145854,NORMAL,4,8,False
2021-08-08,0.1202022545339636,NORMAL,4,8,False
2021-08-09,0.2169998214526818,NORMAL,4,8,False
2021-08-10,0.1818147898718175,NORMAL,4,8,False
2021-08-11,0.0193940874286389,NORMAL,5,8,False
2021-08-12,0.089540285166486,NORMAL,5,8,False
2021-08-13,0.1422390439813564,NORMAL,4,8,False
2021-08-14,0.1166407453225227,NORMAL,4,8,False
2021-08-15,0.0693440327118545,NORMAL,4,8,False
2021-08-16,0.0566965714448054,NORMAL,4,8,False
2021-08-17,0.1001905316948496,NORMAL,4,8,False
2021-08-18,0.1549508294543965,NORMAL,5,8,False
2021-08-19,0.1987924023699179,NORMAL,5,8,False
2021-08-20,0.2140697707962185,NORMAL,4,8,False
2021-08-21,0.0492360120173176,NORMAL,4,8,False
2021-08-22,0.1033258435050654,NORMAL,4,8,False
2021-08-23,0.0885262112581763,NORMAL,4,8,False
2021-08-24,0.1167895341346209,NORMAL,4,8,False
2021-08-25,0.2438027326446856,NORMAL,5,8,False
2021-08-26,0.1073545556188776,NORMAL,5,8,False
2021-08-27,0.0364655309274575,NORMAL,4,8,False
2021-08-28,0.2323203887075694,NORMAL,4,8,False
2021-08-29,0.4038970237464734,NORMAL,4,8,False
2021-08-30,0.2488730695609377,NORMAL,4,8,False
2021-08-31,0.3402596244004449,NORMAL,4,8,False
2021-09-01,0.4024542465706486,NORMAL,5,9,False
2021-09-02,0.4558214924085206,NORMAL,5,9,False
2021-09-03,0.4417525685223872,NORMAL,4,9,False
2021-09-04,0.3705999308578117,NORMAL,4,9,False
2021-09-05,0.4306628911770648,NORMAL,4,9,False
2021-09-06,0.3820675515083349,NORMAL,4,9,False
2021-09-07,0.367218128076074,NORMAL,4,9,False
2021-09-08,0.006975127546553,NORMAL,5,9,False
2021-09-09,0.0225327691295725,NORMAL,5,9,False
2021-09-10,0.1677976596146183,NORMAL,4,9,False
2021-09-11,0.2306131710364123,NORMAL,4,9,False
2021-09-12,0.1625077111174992,NORMAL,4,9,False
2021-09-13,0.1444401523441295,NORMAL,4,9,False
2021-09-14,0.1833443150590951,NORMAL,4,9,False
2021-09-15,0.1511762979001716,NORMAL,5,9,False
2021-09-16,0.1107274616817429,NORMAL,5,9,False
2021-09-17,0.0466443861916892,NORMAL,4,9,False
2021-09-18,0.1398114810677024,NORMAL,4,9,False
2021-09-19,0.2298395673230243,NORMAL,4,9,False
2021-09-20,0.1552636351184414,NORMAL,4,9,False
2021-09-21,0.0372349776808794,NORMAL,4,9,False
2021-09-22,0.0448819915947968,NORMAL,5,9,False
2021-09-23,0.2929086868633308,NORMAL,5,9,False
2021-09-24,0.1507032427383199,NORMAL,4,9,False
2021-09-25,0.1082212208434122,NORMAL,4,9,False
2021-09-26,0.1113314786006303,NORMAL,4,9,False
2021-09-27,0.0557301877347362,NORMAL,4,9,False
2021-09-28,0.082757497528627,NORMAL,4,9,False
2021-09-29,0.4668291569094547,NORMAL,5,9,False
2021-09-30,0.4622127195066237,NORMAL,5,9,False
2021-10-01,0.3883592835545248,NORMAL,4,10,False
2021-10-02,0.2372529391920758,NORMAL,4,10,False
2021-10-03,0.2357976533677035,NORMAL,4,10,False
2021-10-04,0.2746969383157142,NORMAL,4,10,False
2021-10-05,0.2978962919605057,NORMAL,4,10,False
2021-10-06,0.3362523658623076,NORMAL,5,10,False
2021-10-07,0.1804247658698681,NORMAL,5,10,False
2021-10-08,0.073268056287512,NORMAL,4,10,False
2021-10-09,0.0822236987597221,NORMAL,4,10,False
2021-10-10,0.1688809917811886,NORMAL,4,10,False
2021-10-11,0.1077784184053404,NORMAL,4,10,False
2021-10-12,0.1674507701691033,NORMAL,4,10,False
2021-10-13,0.4688412310676867,NORMAL,5,10,False
2021-10-14,0.326670927425722,NORMAL,5,10,False
2021-10-15,0.2567590307144751,NORMAL,4,10,False
2021-10-16,0.2333665408936527,NORMAL,4,10,False
2021-10-17,0.3812680786237908,NORMAL,4,10,False
2021-10-18,0.3307035617119859,NORMAL,4,10,False
2021-10-19,0.2806699759287623,NORMAL,4,10,False
2021-10-20,0.3737550090174993,NORMAL,5,10,False
2021-10-21,0.3060325133499673,NORMAL,5,10,False
2021-10-22,0.0996917698961213,NORMAL,4,10,False
2021-10-23,0.0785070371663697,NORMAL,4,10,False
2021-10-24,0.0773951407731075,NORMAL,4,10,False
2021-10-25,0.1754944991570171,NORMAL,4,10,False
2021-10-26,0.2062661778525681,NORMAL,4,10,False
2021-10-27,0.3178618800572414,NORMAL,5,10,False
2021-10-28,0.5100476619480628,WARNING,5,10,True
2021-10-29,0.2987890746496753,NORMAL,4,10,False
2021-10-30,0.2460180165059575,NORMAL,4,10,False
2021-10-31,0.2595271832164228,NORMAL,4,10,False
2021-11-01,0.1834751271236706,NORMAL,4,11,False
2021-11-02,0.115861868648963,NORMAL,4,11,False
2021-11-03,0.4596492687790943,NORMAL,5,11,False
2021-11-04,0.2843373178711095,NORMAL,5,11,False
2021-11-05,0.1967775863126983,NORMAL,4,11,False
2021-11-06,0.0839896330692889,NORMAL,4,11,False
2021-11-07,0.0350509221863239,NORMAL,4,11,False
2021-11-08,0.4865369183775957,NORMAL,4,11,False
2021-11-09,0.786823349554103,CRITICAL,4,11,True
2021-11-10,0.0774393074126161,NORMAL,5,11,False
2021-11-11,0.2025848151555601,NORMAL,5,11,False
2021-11-12,0.0934252733091893,NORMAL,4,11,False
2021-11-13,0.1010929935370966,NORMAL,4,11,False
2021-11-14,0.2019044757101658,NORMAL,4,11,False
2021-11-15,0.2827973163007103,NORMAL,4,11,False
2021-11-16,0.2863598203654691,NORMAL,4,11,False
2021-11-17,0.3234934049221558,NORMAL,5,11,False
2021-11-18,0.3775514806919601,NORMAL,5,11,False
2021-11-19,0.1032221947931393,NORMAL,4,11,False
2021-11-20,0.2077875372638878,NORMAL,4,11,False
2021-11-21,0.0842376404513859,NORMAL,4,11,False
2021-11-22,0.2255583554945588,NORMAL,4,11,False
2021-11-23,0.2567318984685607,NORMAL,4,11,False
2021-11-24,0.084428552120792,NORMAL,5,11,False
2021-11-25,0.2656831402185077,NORMAL,5,11,False
2021-11-26,0.4504478948068098,NORMAL,4,11,False
2021-11-27,0.5174727138614785,NORMAL,4,11,False
2021-11-28,0.2494836259562249,NORMAL,4,11,False
2021-11-29,0.2405498280871134,NORMAL,4,11,False
2021-11-30,0.1725097444487729,NORMAL,4,11,False
2021-12-01,0.1561970803542674,NORMAL,5,12,False
2021-12-02,0.6066369751155389,WARNING,5,12,True
2021-12-03,0.1898093821740555,NORMAL,4,12,False
2021-12-04,0.0268623321626559,NORMAL,4,12,False
2021-12-05,0.2144674772601869,NORMAL,4,12,False
2021-12-06,0.0609042343238318,NORMAL,4,12,False
2021-12-07,0.1010845633046658,NORMAL,4,12,False
2021-12-08,0.0195695665907833,NORMAL,5,12,False
2021-12-09,0.2321190838345546,NORMAL,5,12,False
2021-12-10,0.2241903900936713,NORMAL,4,12,False
2021-12-11,0.1582935205005267,NORMAL,4,12,False
2021-12-12,0.2398201750855546,NORMAL,4,12,False
2021-12-13,0.3095927091639459,NORMAL,4,12,False
2021-12-14,0.3623103798067849,NORMAL,4,12,False
2021-12-15,0.3380349367557674,NORMAL,5,12,False
2021-12-16,0.2900032236737079,NORMAL,5,12,False
2021-12-17,0.0373220043734629,NORMAL,4,12,False
2021-12-18,0.1884121054895037,NORMAL,4,12,False
2021-12-19,0.3039836387346494,NORMAL,4,12,False
2021-12-20,0.4057113889015353,NORMAL,4,12,False
2021-12-21,0.0939312143719262,NORMAL,4,12,False
2021-12-22,0.0634843638617812,NORMAL,5,12,False
2021-12-23,0.1624412584484245,NORMAL,5,12,False
2021-12-24,0.2052612379394144,NORMAL,4,12,False
2022-01-01,0.3779860620754968,NORMAL,4,1,False
2022-01-02,0.3933291825785723,NORMAL,4,1,False
2022-01-03,0.3914570341306395,NORMAL,4,1,False
2022-01-04,0.3680284414157791,NORMAL,4,1,False
2022-01-05,0.3385123086077339,NORMAL,5,1,False
2022-01-06,0.3461027520615842,NORMAL,5,1,False
2022-01-07,0.2946999896122759,NORMAL,4,1,False
2022-01-08,0.4022340302090755,NORMAL,4,1,False
2022-01-09,0.3733527240982954,NORMAL,4,1,False
2022-01-10,0.4621632815449881,NORMAL,4,1,False
2022-01-11,0.4745413272795099,NORMAL,4,1,False
2022-01-12,0.0295904290069739,NORMAL,5,1,False
2022-01-13,0.2419313697804584,NORMAL,5,1,False
2022-01-14,0.2060640820107505,NORMAL,4,1,False
2022-01-15,0.4152584454473123,NORMAL,4,1,False
2022-01-16,0.463530653410017,NORMAL,4,1,False
2022-01-17,0.3695624174142123,NORMAL,4,1,False
2022-01-18,0.395547370095069,NORMAL,4,1,False
2022-01-19,0.2427243405416597,NORMAL,5,1,False
2022-01-20,0.1525287433993781,NORMAL,5,1,False
2022-01-21,0.2109906624681726,NORMAL,4,1,False
2022-01-22,0.0753964977247602,NORMAL,4,1,False
2022-01-23,0.1215240041452477,NORMAL,4,1,False
2022-01-24,0.1785065328598095,NORMAL,4,1,False
2022-01-25,0.3056828536381746,NORMAL,4,1,False
2022-01-26,0.1027101704211865,NORMAL,5,1,False
2022-01-27,0.0747939656622334,NORMAL,5,1,False
2022-01-28,0.2377136143603409,NORMAL,4,1,False
2022-01-29,0.2672802469268474,NORMAL,4,1,False
2022-01-30,0.1844686500274325,NORMAL,4,1,False
2022-01-31,0.1664478613772166,NORMAL,4,1,False
2022-02-01,0.172766977554395,NORMAL,4,2,False
2022-02-02,0.1181803193067186,NORMAL,5,2,False
2022-02-03,0.1204354725707501,NORMAL,5,2,False
2022-02-04,0.0690649388047872,NORMAL,4,2,False
2022-02-05,0.0366429410922946,NORMAL,4,2,False
2022-02-06,0.0398153111316794,NORMAL,4,2,False
2022-02-07,0.0465169600137236,NORMAL,4,2,False
2022-02-08,0.0657109316999325,NORMAL,4,2,False
2022-02-09,0.0914801869626192,NORMAL,5,2,False
2022-02-10,0.0248104590040688,NORMAL,5,2,False
2022-02-11,0.019353841944242,NORMAL,4,2,False
2022-02-12,0.0784119693726755,NORMAL,4,2,False
2022-02-13,0.0274810387653141,NORMAL,4,2,False
2022-02-14,0.1246020110252283,NORMAL,4,2,False
2022-02-15,0.1260923397392838,NORMAL,4,2,False
2022-02-16,0.0552610979871425,NORMAL,5,2,False
2022-02-17,0.0397921547610797,NORMAL,5,2,False
2022-02-18,0.2579175465422931,NORMAL,4,2,False
2022-02-19,0.5046020948253076,NORMAL,4,2,False
2022-02-20,0.2614593063052209,NORMAL,4,2,False
2022-02-21,0.1884803595300924,NORMAL,4,2,False
2022-02-22,0.1303367501775205,NORMAL,4,2,False
2022-02-23,0.1198973003580114,NORMAL,5,2,False
2022-02-24,0.5917173676028606,WARNING,5,2,True
2022-02-25,0.6852804617221052,WARNING,4,2,True
2022-02-26,0.7671479120113188,CRITICAL,4,2,True
2022-02-27,0.6509087993367321,WARNING,4,2,True
2022-02-28,0.5108150841877651,NORMAL,4,2,False
2022-03-01,0.5394597272382686,NORMAL,4,3,False
2022-03-02,0.8172511222342104,CRITICAL,5,3,True
2022-03-03,1.041166399186483,CRITICAL,5,3,True
2022-03-04,0.1907150016366081,NORMAL,4,3,False
2022-03-05,0.2594878939917728,NORMAL,4,3,False
2022-03-06,0.7145246003718965,WARNING,4,3,True
2022-03-07,0.4288027291782252,NORMAL,4,3,False
2022-03-08,0.4366203597359012,NORMAL,4,3,False
2022-03-09,0.8904864361617887,CRITICAL,5,3,True
2022-03-10,0.4673487461635942,NORMAL,5,3,False
2022-03-11,0.3762794258396602,NORMAL,4,3,False
2022-03-12,0.5564847885810861,NORMAL,4,3,False
2022-03-13,0.1892529410647629,NORMAL,4,3,False
2022-03-14,0.3329105253159011,NORMAL,4,3,False
2022-03-15,0.2681644133095903,NORMAL,4,3,False
2022-03-16,0.4477101459907032,NORMAL,5,3,False
2022-03-17,0.6009431058305399,NORMAL,5,3,False
2022-03-18,0.4174588435152572,NORMAL,4,3,False
2022-03-19,0.4127170600614347,NORMAL,4,3,False
2022-03-20,0.5574785431439097,NORMAL,4,3,False
2022-03-21,0.5140920612748,NORMAL,4,3,False
2022-03-22,0.4558813341349553,NORMAL,4,3,False
2022-03-23,0.110171887519508,NORMAL,5,3,False
2022-03-24,0.0690353574622838,NORMAL,5,3,False
2022-03-25,0.1947409679398084,NORMAL,4,3,False
2022-03-26,0.1453766669938358,NORMAL,4,3,False
2022-03-27,0.1482756948481038,NORMAL,4,3,False
2022-03-28,0.187697684078324,NORMAL,4,3,False
2022-03-29,0.461588220502639,NORMAL,4,3,False
2022-03-30,0.1907313068023347,NORMAL,5,3,False
2022-03-31,0.4124857245806064,NORMAL,5,3,False
2022-04-01,0.3218911366256819,NORMAL,4,4,False
2022-04-02,0.4066270805128856,NORMAL,4,4,False
2022-04-03,0.2823834996371749,NORMAL,4,4,False
2022-04-04,0.2451270824264817,NORMAL,4,4,False
2022-04-05,0.2986280571723427,NORMAL,4,4,False
2022-04-06,0.4016042563546005,NORMAL,5,4,False
2022-04-07,0.1275851655735187,NORMAL,5,4,False
2022-04-08,0.3107709421561992,NORMAL,4,4,False
2022-04-09,0.2194460958440997,NORMAL,4,4,False
2022-04-10,0.1594769484095379,NORMAL,4,4,False
2022-04-11,0.2042733660129002,NORMAL,4,4,False
2022-04-12,0.0987580950330243,NORMAL,4,4,False
2022-04-13,0.1116679712835952,NORMAL,5,4,False
2022-04-14,0.1495906184365843,NORMAL,5,4,False
2022-04-15,0.1251672059602921,NORMAL,4,4,False
2022-04-16,0.0402053539631539,NORMAL,4,4,False
2022-04-17,0.0676616297419337,NORMAL,4,4,False
2022-04-18,0.0384980295469227,NORMAL,4,4,False
2022-04-19,0.0868665612318673,NORMAL,4,4,False
2022-04-20,0.5535537684750382,NORMAL,5,4,False
2022-04-21,0.0122866914435582,NORMAL,5,4,False
2022-04-22,0.2715474453450274,NORMAL,4,4,False
2022-04-23,0.3459244773918072,NORMAL,4,4,False
2022-04-24,0.2714406525341968,NORMAL,4,4,False
2022-04-25,0.0647166692454644,NORMAL,4,4,False
2022-04-26,0.3148781845639169,NORMAL,4,4,False
2022-04-27,0.4524307649872421,NORMAL,5,4,False
2022-04-28,0.5430925345754676,NORMAL,5,4,False
2022-04-29,0.1601173269838931,NORMAL,4,4,False
2022-04-30,0.275221336324192,NORMAL,4,4,False
2022-05-01,0.173461007272204,NORMAL,4,5,False
2022-05-02,0.1090826945987508,NORMAL,4,5,False
2022-05-03,0.1103346420421606,NORMAL,4,5,False
2022-05-04,0.3127853727664026,NORMAL,5,5,False
2022-05-05,0.102636869755541,NORMAL,5,5,False
2022-05-06,0.2004428755480545,NORMAL,4,5,False
2022-05-07,0.2005600346349356,NORMAL,4,5,False
2022-05-08,0.1315898015397236,NORMAL,4,5,False
2022-05-09,0.1215454327059362,NORMAL,4,5,False
2022-05-10,0.1441343662540728,NORMAL,4,5,False
2022-05-11,0.0284217344996729,NORMAL,5,5,False
2022-05-12,0.0408102603247945,NORMAL,5,5,False
2022-05-13,0.0932598155318297,NORMAL,4,5,False
2022-05-14,0.1555724610396176,NORMAL,4,5,False
2022-05-15,0.2071987317565447,NORMAL,4,5,False
2022-05-16,0.2312333267465687,NORMAL,4,5,False
2022-05-17,0.3057602118176304,NORMAL,4,5,False
2022-05-18,0.0661732161035222,NORMAL,5,5,False
2022-05-19,0.2668033081013127,NORMAL,5,5,False
2022-05-20,0.3684128135511004,NORMAL,4,5,False
2022-05-21,0.585658057155585,NORMAL,4,5,False
2022-05-22,0.5055230966158932,NORMAL,4,5,False
2022-05-23,0.5736149940045107,NORMAL,4,5,False
2022-05-24,0.6537664287098531,NORMAL,4,5,False
2022-05-25,0.5811292059483153,NORMAL,5,5,False
2022-05-26,0.735362842353214,NORMAL,5,5,False
2022-05-27,0.8231812170010733,NORMAL,4,5,False
2022-05-28,0.9262390360345714,NORMAL,4,5,False
2022-05-29,1.021042856793712,WARNING,4,5,True
2022-05-30,0.9436610248115204,NORMAL,4,5,False
2022-05-31,1.0736745253428837,WARNING,4,5,True
2022-06-01,0.276248162787054,NORMAL,5,6,False
2022-06-02,0.3919241099677163,NORMAL,5,6,False
2022-06-03,0.3947575504172843,NORMAL,4,6,False
2022-06-04,0.4972975315958702,NORMAL,4,6,False
2022-06-05,0.6111540488033704,NORMAL,4,6,False
2022-06-06,0.7026170983581584,WARNING,4,6,True
2022-06-07,0.666123279632498,NORMAL,4,6,False
2022-06-08,0.2154213202886768,NORMAL,5,6,False
2022-06-09,0.0900053354150871,NORMAL,5,6,False
2022-06-10,0.1649561306572247,NORMAL,4,6,False
2022-06-11,0.2338664861975264,NORMAL,4,6,False
2022-06-12,0.4041487569249641,NORMAL,4,6,False
2022-06-13,0.5773999964403437,NORMAL,4,6,False
2022-06-14,0.6716686894938176,NORMAL,4,6,False
2022-06-15,0.0517448619261376,NORMAL,5,6,False
2022-06-16,0.1762568178072031,NORMAL,5,6,False
2022-06-17,0.1949155409625383,NORMAL,4,6,False
2022-06-18,0.2389317618272547,NORMAL,4,6,False
2022-06-19,0.2723884746536417,NORMAL,4,6,False
2022-06-20,0.1919799850360473,NORMAL,4,6,False
2022-06-21,0.2397662520879166,NORMAL,4,6,False
2022-06-22,0.4842255651753508,NORMAL,5,6,False
2022-06-23,0.505052182475333,NORMAL,5,6,False
2022-06-24,0.5496089738190136,NORMAL,4,6,False
2022-06-25,0.513930492401103,NORMAL,4,6,False
2022-06-26,0.55466126180237,NORMAL,4,6,False
2022-06-27,0.545827458497299,NORMAL,4,6,False
2022-06-28,0.5705818369624488,NORMAL,4,6,False
2022-06-29,0.1465813444593528,NORMAL,5,6,False
2022-06-30,0.2303389244269181,NORMAL,5,6,False
2022-07-01,0.1576971223891306,NORMAL,4,7,False
2022-07-02,0.4462181019450491,NORMAL,4,7,False
2022-07-03,0.4615599734668762,NORMAL,4,7,False
2022-07-04,0.4581245412023736,NORMAL,4,7,False
2022-07-05,0.4653123774952106,NORMAL,4,7,False
2022-07-06,0.0677465564283328,NORMAL,5,7,False
2022-07-07,0.0714165980542637,NORMAL,5,7,False
2022-07-08,0.0569350658828875,NORMAL,4,7,False
2022-07-09,0.0910358482965853,NORMAL,4,7,False
2022-07-10,0.096988196187891,NORMAL,4,7,False
2022-07-11,0.1541210346756284,NORMAL,4,7,False
2022-07-12,0.20296461502781,NORMAL,4,7,False
2022-07-13,0.142879914181241,NORMAL,5,7,False
2022-07-14,0.1912393572981308,NORMAL,5,7,False
2022-07-15,0.0821071504189332,NORMAL,4,7,False
2022-07-16,0.0622877597104151,NORMAL,4,7,False
2022-07-17,0.1062866544787942,NORMAL,4,7,False
2022-07-18,0.1738116143599506,NORMAL,4,7,False
2022-07-19,0.1923229773577117,NORMAL,4,7,False
2022-07-20,0.0639083644043139,NORMAL,5,7,False
2022-07-21,0.0574895793768416,NORMAL,5,7,False
2022-07-22,0.0478435982036691,NORMAL,4,7,False
2022-07-23,0.1273224757375813,NORMAL,4,7,False
2022-07-24,0.2464379845090816,NORMAL,4,7,False
2022-07-25,0.2831022561600149,NORMAL,4,7,False
2022-07-26,0.280090985845949,NORMAL,4,7,False
2022-07-27,0.1622627879441988,NORMAL,5,7,False
2022-07-28,0.0385728027927105,NORMAL,5,7,False
2022-07-29,0.1684551119499585,NORMAL,4,7,False
2022-07-30,0.1297289578231095,NORMAL,4,7,False
2022-07-31,0.1552823579870422,NORMAL,4,7,False
2022-08-01,0.1423092343579153,NORMAL,4,8,False
2022-08-02,0.1377313515259768,NORMAL,4,8,False
2022-08-03,0.0336845824348966,NORMAL,5,8,False
2022-08-04,1.8603573904456423,CRITICAL,5,8,True
2022-08-05,1.9476356675678543,CRITICAL,4,8,True
2022-08-06,1.1798250591888018,CRITICAL,4,8,True
2022-08-07,0.9451902507772983,CRITICAL,4,8,True
2022-08-08,0.9608285090752096,CRITICAL,4,8,True
2022-08-09,0.8477298408055524,WARNING,4,8,True
2022-08-10,0.0716021991300751,NORMAL,5,8,False
2022-08-11,0.1436585478027974,NORMAL,5,8,False
2022-08-12,0.5344576418116549,NORMAL,4,8,False
2022-08-13,0.2624687176279994,NORMAL,4,8,False
2022-08-14,0.1670178462080064,NORMAL,4,8,False
2022-08-15,0.1626086150091477,NORMAL,4,8,False
2022-08-16,0.1291143824153366,NORMAL,4,8,False
2022-08-17,0.0095196074051197,NORMAL,5,8,False
2022-08-18,0.0302108266086244,NORMAL,5,8,False
2022-08-19,0.4655648914268455,NORMAL,4,8,False
2022-08-20,0.3064852226271164,NORMAL,4,8,False
2022-08-21,0.2699442115458245,NORMAL,4,8,False
2022-08-22,0.5033970052560319,NORMAL,4,8,False
2022-08-23,0.2652182006133557,NORMAL,4,8,False
2022-08-24,0.0632062284224584,NORMAL,5,8,False
2022-08-25,1.3098122268585062,CRITICAL,5,8,True
2022-08-26,0.937030599439656,CRITICAL,4,8,True
2022-08-27,0.4842317038671856,NORMAL,4,8,False
2022-08-28,0.2434936130991818,NORMAL,4,8,False
2022-08-29,0.1596477772778002,NORMAL,4,8,False
2022-08-30,0.1925315131941835,NORMAL,4,8,False
2022-08-31,0.318657225455083,NORMAL,5,8,False
2022-09-01,0.1883573792632184,NORMAL,5,9,False
2022-09-02,0.1526070763475881,NORMAL,4,9,False
2022-09-03,0.187105151424771,NORMAL,4,9,False
2022-09-04,0.1509492410551592,NORMAL,4,9,False
2022-09-05,0.1798090163778576,NORMAL,4,9,False
2022-09-06,0.1818400826801042,NORMAL,4,9,False
2022-09-07,0.1646776786119941,NORMAL,5,9,False
2022-09-08,0.0906674062231767,NORMAL,5,9,False
2022-09-09,0.057037143897009,NORMAL,4,9,False
2022-09-10,0.1140587167027673,NORMAL,4,9,False
2022-09-11,0.1523031214018211,NORMAL,4,9,False
2022-09-12,0.0959046976305479,NORMAL,4,9,False
2022-09-13,0.0705468842989172,NORMAL,4,9,False
2022-09-14,0.1115907884299808,NORMAL,5,9,False
2022-09-15,0.00980567001486,NORMAL,5,9,False
2022-09-16,0.037999301518376,NORMAL,4,9,False
2022-09-17,0.1181718838609227,NORMAL,4,9,False
2022-09-18,0.1349830444130889,NORMAL,4,9,False
2022-09-19,0.1848029068106181,NORMAL,4,9,False
2022-09-20,0.1714595200467801,NORMAL,4,9,False
2022-09-21,0.1739057819529149,NORMAL,5,9,False
2022-09-22,0.2820792547202939,NORMAL,5,9,False
2022-09-23,0.2315892242680781,NORMAL,4,9,False
2022-09-24,0.2756405108205045,NORMAL,4,9,False
2022-09-25,0.2370107165238539,NORMAL,4,9,False
2022-09-26,0.3105025280201908,NORMAL,4,9,False
2022-09-27,0.245169616563903,NORMAL,4,9,False
2022-09-28,0.3508128846467169,NORMAL,5,9,False
2022-09-29,0.3618478915262798,NORMAL,5,9,False
2022-09-30,0.3928294206782479,NORMAL,4,9,False
2022-10-01,0.5197502128761405,WARNING,4,10,True
2022-10-02,0.4734856046156051,NORMAL,4,10,False
2022-10-03,0.3541610427717779,NORMAL,4,10,False
2022-10-04,0.3452066426185915,NORMAL,4,10,False
2022-10-05,0.3653909212022025,NORMAL,5,10,False
2022-10-06,0.2009209880051713,NORMAL,5,10,False
2022-10-07,0.200580119776958,NORMAL,4,10,False
2022-10-08,0.1330924819955707,NORMAL,4,10,False
2022-10-09,0.2102027044219647,NORMAL,4,10,False
2022-10-10,0.1748096154669241,NORMAL,4,10,False
2022-10-11,0.1295308454054163,NORMAL,4,10,False
2022-10-12,0.0798317724513682,NORMAL,5,10,False
2022-10-13,0.0691455587828274,NORMAL,5,10,False
2022-10-14,0.1022040613115856,NORMAL,4,10,False
2022-10-15,0.1232260521237316,NORMAL,4,10,False
2022-10-16,0.292046730666979,NORMAL,4,10,False
2022-10-17,0.4053841876119845,NORMAL,4,10,False
2022-10-18,0.3783315981395089,NORMAL,4,10,False
2022-10-19,0.0952817821836827,NORMAL,5,10,False
2022-10-20,0.1566378128733997,NORMAL,5,10,False
2022-10-21,0.1426960609805206,NORMAL,4,10,False
2022-10-22,0.14082476487565,NORMAL,4,10,False
2022-10-23,0.2478153954009278,NORMAL,4,10,False
2022-10-24,0.2583056191829614,NORMAL,4,10,False
2022-10-25,0.2451742587713734,NORMAL,4,10,False
2022-10-26,0.1018092418984252,NORMAL,5,10,False
2022-10-27,0.2144829597248936,NORMAL,5,10,False
2022-10-28,0.0830134339569778,NORMAL,4,10,False
2022-10-29,0.070117622182072,NORMAL,4,10,False
2022-10-30,0.1015169045163897,NORMAL,4,10,False
2022-10-31,0.1114079059558646,NORMAL,4,10,False
2022-11-01,0.1501400475897396,NORMAL,4,11,False
2022-11-02,0.552010963967799,NORMAL,5,11,False
2022-11-03,0.6065592082982447,WARNING,5,11,True
2022-11-04,0.5745930618381001,NORMAL,4,11,False
2022-11-05,0.6391257689964055,WARNING,4,11,True
2022-11-06,0.5520930922976804,NORMAL,4,11,False
2022-11-07,0.6422840591394314,WARNING,4,11,True
2022-11-08,0.7082168003977173,WARNING,4,11,True
2022-11-09,0.1574825501588522,NORMAL,5,11,False
2022-11-10,0.1846213121262504,NORMAL,5,11,False
2022-11-11,0.1162401789687643,NORMAL,4,11,False
2022-11-12,0.1913463589726248,NORMAL,4,11,False
2022-11-13,0.1263354747029572,NORMAL,4,11,False
2022-11-14,0.2408013928025609,NORMAL,4,11,False
2022-11-15,0.2549109475981668,NORMAL,4,11,False
2022-11-16,0.0134946092367652,NORMAL,5,11,False
2022-11-17,0.1111625717831218,NORMAL,5,11,False
2022-11-18,0.0355333546993506,NORMAL,4,11,False
2022-11-19,0.0585154930700312,NORMAL,4,11,False
2022-11-20,0.0831954922058993,NORMAL,4,11,False
2022-11-21,0.0998094047849826,NORMAL,4,11,False
2022-11-22,0.08011661226109,NORMAL,4,11,False
2022-11-23,0.1866812121351889,NORMAL,5,11,False
2022-11-24,0.0594493386884195,NORMAL,5,11,False
2022-11-25,0.1856806093797929,NORMAL,4,11,False
2022-11-26,0.1601337755314374,NORMAL,4,11,False
2022-11-27,0.2290121685679736,NORMAL,4,11,False
2022-11-28,0.3254728487240358,NORMAL,4,11,False
2022-11-29,0.2341895368156783,NORMAL,4,11,False
2022-11-30,0.4408401280712659,NORMAL,5,11,False
2022-12-01,0.1221319965289131,NORMAL,5,12,False
2022-12-02,0.1072917827535327,NORMAL,4,12,False
2022-12-03,0.0664071828627748,NORMAL,4,12,False
2022-12-04,0.0480033292663829,NORMAL,4,12,False
2022-12-05,0.1313193661642082,NORMAL,4,12,False
2022-12-06,0.2110515927656531,NORMAL,4,12,False
2022-12-07,0.3385184011882568,NORMAL,5,12,False
2022-12-08,0.0813757276130905,NORMAL,5,12,False
2022-12-09,0.3331802238504761,NORMAL,4,12,False
2022-12-10,0.219352622044066,NORMAL,4,12,False
2022-12-11,0.1002138247363738,NORMAL,4,12,False
2022-12-12,0.2428887032933244,NORMAL,4,12,False
2022-12-13,0.2404540696307475,NORMAL,4,12,False
2022-12-14,0.1178461015340481,NORMAL,5,12,False
2022-12-15,0.5611863553164206,WARNING,5,12,True
2022-12-16,0.3788125571586888,NORMAL,4,12,False
2022-12-17,0.168591868950273,NORMAL,4,12,False
2022-12-18,0.1959993312155446,NORMAL,4,12,False
2022-12-19,0.171905478959698,NORMAL,4,12,False
2022-12-20,0.2843257290108738,NORMAL,4,12,False
2022-12-21,0.7549745437515448,CRITICAL,5,12,True
2022-12-22,0.3767519835481597,NORMAL,5,12,False
2022-12-23,0.2853814064395608,NORMAL,4,12,False
2022-12-24,0.4045680061513259,NORMAL,4,12,False
2022-12-25,0.3352096324420709,NORMAL,4,12,False
2022-12-26,0.3005549715521388,NORMAL,4,12,False
2022-12-27,0.1601765688208985,NORMAL,4,12,False
2022-12-28,0.0403213145837491,NORMAL,5,12,False
2022-12-29,0.0232847245378272,NORMAL,5,12,False
2022-12-30,0.102623897046373,NORMAL,4,12,False
2022-12-31,0.2645811437723806,NORMAL,4,12,False
2023-01-01,0.2052863931747922,NORMAL,4,1,False
2023-01-02,0.2586411718033178,NORMAL,4,1,False
2023-01-03,0.3757338832051098,NORMAL,4,1,False
2023-01-04,0.1535650906969004,NORMAL,5,1,False
2023-01-05,0.0941584665687475,NORMAL,5,1,False
2023-01-06,0.1926599638787162,NORMAL,4,1,False
2023-01-07,0.2963124506803984,NORMAL,4,1,False
2023-01-08,0.4532159965456372,NORMAL,4,1,False
2023-01-09,0.3998837333202811,NORMAL,4,1,False
2023-01-10,0.5251667981806429,WARNING,4,1,True
2023-01-11,0.303912395910188,NORMAL,5,1,False
2023-01-12,0.0730117862071644,NORMAL,5,1,False
2023-01-13,0.3202738725764219,NORMAL,4,1,False
2023-01-14,0.2924581135461001,NORMAL,4,1,False
2023-01-15,0.50259018316052,NORMAL,4,1,False
2023-01-16,0.4099632981318703,NORMAL,4,1,False
2023-01-17,0.2429490254158968,NORMAL,4,1,False
2023-01-18,0.8662414335371096,CRITICAL,5,1,True
2023-01-19,0.9501129775758358,CRITICAL,5,1,True
2023-01-20,0.6955120846010727,CRITICAL,4,1,True
2023-01-21,0.7952018127371772,CRITICAL,4,1,True
2023-01-22,0.7502002122443512,CRITICAL,4,1,True
2023-01-23,0.5541246394666433,WARNING,4,1,True
2023-01-24,0.5716865640276172,WARNING,4,1,True
2023-01-25,0.1287347034198641,NORMAL,5,1,False
2023-01-26,0.1491800297284964,NORMAL,5,1,False
2023-01-27,0.3408153706610651,NORMAL,4,1,False
2023-01-28,0.6167251405441297,WARNING,4,1,True
2023-01-29,0.6264906038890792,WARNING,4,1,True
2023-01-30,0.582154532953608,WARNING,4,1,True
2023-01-31,0.6609151686964255,WARNING,4,1,True
2023-02-01,0.3120467433396884,NORMAL,5,2,False
2023-02-02,0.4390329531384513,NORMAL,5,2,False
2023-02-03,0.233448725446895,NORMAL,4,2,False
2023-02-04,0.2119925358059853,NORMAL,4,2,False
2023-02-05,0.1474853043194305,NORMAL,4,2,False
2023-02-06,0.147037178246355,NORMAL,4,2,False
2023-02-07,0.1601250766290192,NORMAL,4,2,False
2023-02-08,0.2061745930543995,NORMAL,5,2,False
2023-02-09,0.2967085183270474,NORMAL,5,2,False
2023-02-10,0.1575637251021796,NORMAL,4,2,False
2023-02-11,0.0425108307417752,NORMAL,4,2,False
2023-02-12,0.3296522752275793,NORMAL,4,2,False
2023-02-13,0.0448046508316894,NORMAL,4,2,False
2023-02-14,0.0976004372253922,NORMAL,4,2,False
2023-02-15,0.8517749303384538,CRITICAL,5,2,True
2023-02-16,0.5426386195644843,WARNING,5,2,True
2023-02-17,0.5421548171817903,NORMAL,4,2,False
2023-02-18,0.4435970375206142,NORMAL,4,2,False
2023-02-19,0.839822598063826,CRITICAL,4,2,True
2023-02-20,0.6275961035035923,WARNING,4,2,True
2023-02-21,0.4103827540381676,NORMAL,4,2,False
2023-02-22,0.6109456195473283,WARNING,5,2,True
2023-02-23,0.5533606030360112,NORMAL,5,2,False
2023-02-24,0.3112331361206513,NORMAL,4,2,False
2023-02-25,0.3841380409525364,NORMAL,4,2,False
2023-02-26,0.3802623800213219,NORMAL,4,2,False
2023-02-27,0.5036175125324812,NORMAL,4,2,False
2023-02-28,0.6177894801655979,WARNING,4,2,True
2023-03-01,0.1435226137447084,NORMAL,5,3,False
2023-03-02,0.2099304630000607,NORMAL,5,3,False
2023-03-03,0.2182491497099685,NORMAL,4,3,False
2023-03-04,0.2309895253758101,NORMAL,4,3,False
2023-03-05,0.3650136769418974,NORMAL,4,3,False
2023-03-06,0.4056530750898962,NORMAL,4,3,False
2023-03-07,0.446964396008178,NORMAL,4,3,False
2023-03-08,0.4988717427638335,NORMAL,5,3,False
2023-03-09,0.0569284339196701,NORMAL,5,3,False
2023-03-10,0.1425451892595388,NORMAL,4,3,False
2023-03-11,0.1647430650876539,NORMAL,4,3,False
2023-03-12,0.1648496115799912,NORMAL,4,3,False
2023-03-13,0.233884595278858,NORMAL,4,3,False
2023-03-14,0.2484360952841424,NORMAL,4,3,False
2023-03-15,0.074352546639837,NORMAL,5,3,False
2023-03-16,0.530344803617355,NORMAL,5,3,False
2023-03-17,0.4466236932385133,NORMAL,4,3,False
2023-03-18,0.2830904939873319,NORMAL,4,3,False
2023-03-19,0.1025801192346833,NORMAL,4,3,False
2023-03-20,0.1567429113911489,NORMAL,4,3,False
2023-03-21,0.2186829360697733,NORMAL,4,3,False
2023-03-22,0.0405857661839656,NORMAL,5,3,False
2023-03-23,0.5589872449860095,NORMAL,5,3,False
2023-03-24,0.8112027071230808,CRITICAL,4,3,True
2023-03-25,0.6997811945228185,WARNING,4,3,True
2023-03-26,0.3938759943420358,NORMAL,4,3,False
2023-03-27,0.265051690649121,NORMAL,4,3,False
2023-03-28,0.3492814988920584,NORMAL,4,3,False
2023-03-29,0.2845425013317954,NORMAL,5,3,False
2023-03-30,0.0968888082697364,NORMAL,5,3,False
2023-03-31,0.1291447762641173,NORMAL,4,3,False
2023-04-01,0.1950175734651539,NORMAL,4,4,False
2023-04-02,0.2235937437293956,NORMAL,4,4,False
2023-04-03,0.2389664434580871,NORMAL,4,4,False
2023-04-04,0.5359041347873919,NORMAL,4,4,False
2023-04-05,0.4177222024487921,NORMAL,5,4,False
2023-04-06,0.5986907358262143,NORMAL,5,4,False
2023-04-07,0.5377863210094795,NORMAL,4,4,False
2023-04-08,0.2603078223886573,NORMAL,4,4,False
2023-04-09,0.264548291377984,NORMAL,4,4,False
2023-04-10,0.2841043491827817,NORMAL,4,4,False
2023-04-11,0.2953508853164004,NORMAL,4,4,False
2023-04-12,0.3871109508090784,NORMAL,5,4,False
2023-04-13,0.7709349638703985,CRITICAL,5,4,True
2023-04-14,0.8426223566001787,CRITICAL,4,4,True
2023-04-15,0.5264593790210258,NORMAL,4,4,False
2023-04-16,0.2211884949719293,NORMAL,4,4,False
2023-04-17,0.2621040743978278,NORMAL,4,4,False
2023-04-18,0.3706248809098937,NORMAL,4,4,False
2023-04-19,0.2409830794522915,NORMAL,5,4,False
2023-04-20,0.222134512778041,NORMAL,5,4,False
2023-04-21,0.3065880526875276,NORMAL,4,4,False
2023-04-22,0.5119739249389388,NORMAL,4,4,False
2023-04-23,0.6179846430866961,NORMAL,4,4,False
2023-04-24,0.3718518215702386,NORMAL,4,4,False
2023-04-25,0.286098206481146,NORMAL,4,4,False
2023-04-26,0.3546966313176924,NORMAL,5,4,False
2023-04-27,0.3206959573395502,NORMAL,5,4,False
2023-04-28,0.5508394874468677,NORMAL,4,4,False
2023-04-29,0.8234072893618342,CRITICAL,4,4,True
2023-04-30,0.7898047650244464,WARNING,4,4,True
2023-05-01,0.6814798267706813,NORMAL,4,5,False
2023-05-02,0.7342270651734703,NORMAL,4,5,False
2023-05-03,0.512930044422833,NORMAL,5,5,False
2023-05-04,0.4304218162315829,NORMAL,5,5,False
2023-05-05,0.4000968884458888,NORMAL,4,5,False
2023-05-06,0.390735649147908,NORMAL,4,5,False
2023-05-07,0.3915267648180064,NORMAL,4,5,False
2023-05-08,0.3987771822739001,NORMAL,4,5,False
2023-05-09,0.4170437078347034,NORMAL,4,5,False
2023-05-10,0.5666379103119151,NORMAL,5,5,False
2023-05-11,0.3616476266501235,NORMAL,5,5,False
2023-05-12,0.34278897369287,NORMAL,4,5,False
2023-05-13,0.3196026029186244,NORMAL,4,5,False
2023-05-14,0.318662992906245,NORMAL,4,5,False
2023-05-15,0.393427686697838,NORMAL,4,5,False
2023-05-16,0.5853704470542106,NORMAL,4,5,False
2023-05-17,0.8156031595635691,NORMAL,5,5,False
2023-05-18,1.05476588384341,WARNING,5,5,True
2023-05-19,1.060873075857023,WARNING,4,5,True
2023-05-20,0.6828960736590957,NORMAL,4,5,False
2023-05-21,1.026813279009579,WARNING,4,5,True
2023-05-22,1.2329524434163903,WARNING,4,5,True
2023-05-23,1.1512360649809208,WARNING,4,5,True
2023-05-24,0.2847612438295253,NORMAL,5,5,False
2023-05-25,0.6477291838027265,NORMAL,5,5,False
2023-05-26,0.7504768780607681,NORMAL,4,5,False
2023-05-27,1.0330947599744238,WARNING,4,5,True
2023-05-28,1.1347403957725306,WARNING,4,5,True
2023-05-29,1.2737490863926002,WARNING,4,5,True
2023-05-30,1.302714017312384,CRITICAL,4,5,True
2023-05-31,0.2023543759632299,NORMAL,5,5,False
2023-06-01,0.1072763093372621,NORMAL,5,6,False
2023-06-02,0.3782381521880187,NORMAL,4,6,False
2023-06-03,0.516945591101652,NORMAL,4,6,False
2023-06-04,0.620088192771173,NORMAL,4,6,False
2023-06-05,0.6856172204098939,WARNING,4,6,True
2023-06-06,0.7245547623375136,WARNING,4,6,True
2023-06-07,0.0425629380930901,NORMAL,5,6,False
2023-06-08,0.2728278165120035,NORMAL,5,6,False
2023-06-09,0.3887392213346296,NORMAL,4,6,False
2023-06-10,0.5340732004502783,NORMAL,4,6,False
2023-06-11,0.601814341585064,NORMAL,4,6,False
2023-06-12,0.6266239324461573,NORMAL,4,6,False
2023-06-13,0.5993304407971504,NORMAL,4,6,False
2023-06-14,0.0941152688301761,NORMAL,5,6,False
2023-06-15,0.2441686037433965,NORMAL,5,6,False
2023-06-16,0.2508982258387212,NORMAL,4,6,False
2023-06-17,0.3581766400117703,NORMAL,4,6,False
2023-06-18,0.40688637181861,NORMAL,4,6,False
2023-06-19,0.3942129667925521,NORMAL,4,6,False
2023-06-20,0.3874069257687866,NORMAL,4,6,False
2023-06-21,0.2615582454972521,NORMAL,5,6,False
2023-06-22,0.3334587453978943,NORMAL,5,6,False
2023-06-23,0.3130601148831959,NORMAL,4,6,False
2023-06-24,0.2289489820485803,NORMAL,4,6,False
2023-06-25,0.1217900710109131,NORMAL,4,6,False
2023-06-26,0.1826869559835867,NORMAL,4,6,False
2023-06-27,0.1969092083912181,NORMAL,4,6,False
2023-06-28,0.1218263024918149,NORMAL,5,6,False
2023-06-29,0.0203826394860839,NORMAL,5,6,False
2023-06-30,0.0408241642517554,NORMAL,4,6,False
2023-07-01,0.0639023910865405,NORMAL,4,7,False
2023-07-02,0.2173150085105561,NORMAL,4,7,False
2023-07-03,0.2121177862531121,NORMAL,4,7,False
2023-07-04,0.1625937242154048,NORMAL,4,7,False
2023-07-05,0.3403483688668005,NORMAL,5,7,False
2023-07-06,0.1665065625008304,NORMAL,5,7,False
2023-07-07,0.0719073882747223,NORMAL,4,7,False
2023-07-08,0.0327785332686799,NORMAL,4,7,False
2023-07-09,0.0517432723662434,NORMAL,4,7,False
2023-07-10,0.0920193837853774,NORMAL,4,7,False
2023-07-11,0.1405079077162462,NORMAL,4,7,False
2023-07-12,0.097571964365221,NORMAL,5,7,False
2023-07-13,0.1097068271301901,NORMAL,5,7,False
2023-07-14,0.1420973082383726,NORMAL,4,7,False
2023-07-15,0.2199444119441463,NORMAL,4,7,False
2023-07-16,0.322616426864493,NORMAL,4,7,False
2023-07-17,0.2668061346446675,NORMAL,4,7,False
2023-07-18,0.2461534559080793,NORMAL,4,7,False
2023-07-19,0.337990010931684,NORMAL,5,7,False
2023-07-20,0.0470632177752262,NORMAL,5,7,False
2023-07-21,0.1855583641641302,NORMAL,4,7,False
2023-07-22,0.2837210640126369,NORMAL,4,7,False
2023-07-23,0.3302892209082441,NORMAL,4,7,False
2023-07-24,0.3459588134075376,NORMAL,4,7,False
2023-07-25,0.182202023794117,NORMAL,4,7,False
2023-07-26,0.7354966259841932,NORMAL,5,7,False
2023-07-27,0.6915265290605446,NORMAL,5,7,False
2023-07-28,0.6770004537819906,NORMAL,4,7,False
2023-07-29,0.5538883782478313,NORMAL,4,7,False
2023-07-30,0.4403904274055812,NORMAL,4,7,False
2023-07-31,0.3769030084251183,NORMAL,4,7,False
2023-08-01,0.2998021207891859,NORMAL,4,8,False
2023-08-02,0.2426074329250168,NORMAL,5,8,False
2023-08-03,0.1492230184389726,NORMAL,5,8,False
2023-08-04,0.1595927914761752,NORMAL,4,8,False
2023-08-05,0.2960480436329664,NORMAL,4,8,False
2023-08-06,0.4056448360854775,NORMAL,4,8,False
2023-08-07,0.3561719309152427,NORMAL,4,8,False
2023-08-08,0.426088004293701,NORMAL,4,8,False
2023-08-09,1.009098118948364,CRITICAL,5,8,True
2023-08-10,0.6262040157252184,NORMAL,5,8,False
2023-08-11,0.5061763856736877,NORMAL,4,8,False
2023-08-12,0.8947746125373375,WARNING,4,8,True
2023-08-13,0.8440970008365378,WARNING,4,8,True
2023-08-14,0.7311545579598694,NORMAL,4,8,False
2023-08-15,0.8024392835044586,WARNING,4,8,True
2023-08-16,0.2761493405041766,NORMAL,5,8,False
2023-08-17,0.0621152860824646,NORMAL,5,8,False
2023-08-18,0.9875826392010733,CRITICAL,4,8,True
2023-08-19,1.2234206221728636,CRITICAL,4,8,True
2023-08-20,0.9387313611652256,WARNING,4,8,True
2023-08-21,1.0176485822149273,CRITICAL,4,8,True
2023-08-22,1.0387183234074933,CRITICAL,4,8,True
2023-08-23,0.11612577408457,NORMAL,5,8,False
2023-08-24,0.0806841487687905,NORMAL,5,8,False
2023-08-25,0.1768117521609387,NORMAL,4,8,False
2023-08-26,0.1810234932871078,NORMAL,4,8,False
2023-08-27,0.2704179623672932,NORMAL,4,8,False
2023-08-28,0.2769113938910235,NORMAL,4,8,False
2023-08-29,0.2465157078303827,NORMAL,4,8,False
2023-08-30,0.5158393984821574,NORMAL,5,8,False
2023-08-31,0.6961162031462121,NORMAL,5,8,False
2023-09-01,0.5492964261911617,WARNING,4,9,True
2023-09-02,0.5585013211790576,WARNING,4,9,True
2023-09-03,0.4949766708522959,NORMAL,4,9,False
2023-09-04,0.5028011718052724,NORMAL,4,9,False
2023-09-05,0.4670537812561884,NORMAL,4,9,False
2023-09-06,0.0154908144834988,NORMAL,5,9,False
2023-09-07,0.2244122173886136,NORMAL,5,9,False
2023-09-08,0.336810081129447,NORMAL,4,9,False
2023-09-09,0.2933185027981425,NORMAL,4,9,False
2023-09-10,0.3283497850066705,NORMAL,4,9,False
2023-09-11,0.3993663713309454,NORMAL,4,9,False
2023-09-12,0.2632070095120883,NORMAL,4,9,False
2023-09-13,0.0864119813759133,NORMAL,5,9,False
2023-09-14,0.2022927136875597,NORMAL,5,9,False
2023-09-15,0.0467150497070969,NORMAL,4,9,False
2023-09-16,0.150782989752512,NORMAL,4,9,False
2023-09-17,0.0850193590293592,NORMAL,4,9,False
2023-09-18,0.1666794914409739,NORMAL,4,9,False
2023-09-19,0.217111092209843,NORMAL,4,9,False
2023-09-20,0.7182809981199374,CRITICAL,5,9,True
2023-09-21,0.3107100120362322,NORMAL,5,9,False
2023-09-22,0.0529358519753295,NORMAL,4,9,False
2023-09-23,0.2277208577754859,NORMAL,4,9,False
2023-09-24,0.0462039077707992,NORMAL,4,9,False
2023-09-25,0.1542795162823574,NORMAL,4,9,False
2023-09-26,0.1774272528376686,NORMAL,4,9,False
2023-09-27,0.5307637048694812,WARNING,5,9,True
2023-09-28,0.2085385042069498,NORMAL,5,9,False
2023-09-29,0.1783261847297657,NORMAL,4,9,False
2023-09-30,0.1082850524372002,NORMAL,4,9,False
2023-10-01,0.0333609641166791,NORMAL,4,10,False
2023-10-02,0.1060497477000955,NORMAL,4,10,False
2023-10-03,0.0847752143958861,NORMAL,4,10,False
2023-10-04,0.384123210825547,NORMAL,5,10,False
2023-10-05,0.8081087007136672,CRITICAL,5,10,True
2023-10-06,0.5359002909340467,WARNING,4,10,True
2023-10-07,0.5480316411736796,WARNING,4,10,True
2023-10-08,0.53250865868534,WARNING,4,10,True
2023-10-09,0.5323271815846857,WARNING,4,10,True
2023-10-10,0.5771672483439503,WARNING,4,10,True
2023-10-11,0.4820132979916989,NORMAL,5,10,False
2023-10-12,0.3618157440210353,NORMAL,5,10,False
2023-10-13,0.5522342909454785,WARNING,4,10,True
2023-10-14,0.7064886014601591,CRITICAL,4,10,True
2023-10-15,0.5675579707669168,WARNING,4,10,True
2023-10-16,0.4518427462955928,NORMAL,4,10,False
2023-10-17,0.4355972219550613,NORMAL,4,10,False
2023-10-18,0.5436781742591529,WARNING,5,10,True
2023-10-19,0.2231110800018314,NORMAL,5,10,False
2023-10-20,0.1254816757542967,NORMAL,4,10,False
2023-10-21,0.1364322122089148,NORMAL,4,10,False
2023-10-22,0.2189652866403524,NORMAL,4,10,False
2023-10-23,0.2025233161238382,NORMAL,4,10,False
2023-10-24,0.1516628690758225,NORMAL,4,10,False
2023-10-25,0.1172694041997255,NORMAL,5,10,False
2023-10-26,0.0962936759753031,NORMAL,5,10,False
2023-10-27,0.1580971992931147,NORMAL,4,10,False
2023-10-28,0.1554696361849122,NORMAL,4,10,False
2023-10-29,0.2293965583413918,NORMAL,4,10,False
2023-10-30,0.0633806013041864,NORMAL,4,10,False
2023-10-31,0.0799439763814642,NORMAL,4,10,False
2023-11-01,0.0576010149874086,NORMAL,5,11,False
2023-11-02,0.3277745659345102,NORMAL,5,11,False
2023-11-03,0.0872156399736718,NORMAL,4,11,False
2023-11-04,0.1635738914268664,NORMAL,4,11,False
2023-11-05,0.1826859715494974,NORMAL,4,11,False
2023-11-06,0.1203112199524018,NORMAL,4,11,False
2023-11-07,0.1948006950594225,NORMAL,4,11,False
2023-11-08,0.3570702022165269,NORMAL,5,11,False
2023-11-09,0.2778558483848926,NORMAL,5,11,False
2023-11-10,0.2599305681811629,NORMAL,4,11,False
2023-11-11,0.2581714941910074,NORMAL,4,11,False
2023-11-12,0.2472747048131854,NORMAL,4,11,False
2023-11-13,0.1781249818330414,NORMAL,4,11,False
2023-11-14,0.2208545381633381,NORMAL,4,11,False
2023-11-15,0.0198161334636359,NORMAL,5,11,False
2023-11-16,0.0220422272521733,NORMAL,5,11,False
2023-11-17,0.1344624849930339,NORMAL,4,11,False
2023-11-18,0.0683323251851389,NORMAL,4,11,False
2023-11-19,0.0527326204205192,NORMAL,4,11,False
2023-11-20,0.0454856158742024,NORMAL,4,11,False
2023-11-21,0.0727600564513393,NORMAL,4,11,False
2023-11-22,0.4042312246587797,NORMAL,5,11,False
2023-11-23,0.452059016777492,NORMAL,5,11,False
2023-11-24,0.3984825667885895,NORMAL,4,11,False
2023-11-25,0.3647238975239757,NORMAL,4,11,False
2023-11-26,0.340466030158784,NORMAL,4,11,False
2023-11-27,0.3049597233185515,NORMAL,4,11,False
2023-11-28,0.3289703796078697,NORMAL,4,11,False
2023-11-29,0.272691096579391,NORMAL,5,11,False
2023-11-30,0.2080793704446033,NORMAL,5,11,False
2023-12-01,0.1220355599528268,NORMAL,4,12,False
2023-12-02,0.1247105427676576,NORMAL,4,12,False
2023-12-03,0.1256080886273836,NORMAL,4,12,False
2023-12-04,0.1479411143359693,NORMAL,4,12,False
2023-12-05,0.0960343872327168,NORMAL,4,12,False
2023-12-06,0.14083496125361,NORMAL,5,12,False
2023-12-07,0.2372349126924373,NORMAL,5,12,False
2023-12-08,0.3670845586149433,NORMAL,4,12,False
2023-12-09,0.3906404879699713,NORMAL,4,12,False
2023-12-10,0.61548210697823,WARNING,4,12,True
2023-12-11,0.5361309620061291,NORMAL,4,12,False
2023-12-12,0.4311531434322986,NORMAL,4,12,False
2023-12-13,0.0953532997227851,NORMAL,5,12,False
2023-12-14,0.0533342574088815,NORMAL,5,12,False
2023-12-15,0.1868345939391423,NORMAL,4,12,False
2023-12-16,0.3769044260042362,NORMAL,4,12,False
2023-12-17,0.3919483169354172,NORMAL,4,12,False
2023-12-18,0.2328976190736734,NORMAL,4,12,False
2023-12-19,0.1954099296767054,NORMAL,4,12,False
2023-12-20,0.0374686499516862,NORMAL,5,12,False
2023-12-21,0.1033100269366255,NORMAL,5,12,False
2023-12-22,0.0304649095902951,NORMAL,4,12,False
2023-12-23,0.0399668479998306,NORMAL,4,12,False
2023-12-24,0.0864268556244742,NORMAL,4,12,False
2023-12-25,0.1536640610040607,NORMAL,4,12,False
2023-12-26,0.193609551627638,NORMAL,4,12,False
2023-12-27,0.1754368829089521,NORMAL,5,12,False
2023-12-28,0.2600634894002146,NORMAL,5,12,False
2023-12-29,0.0676443735961091,NORMAL,4,12,False
2023-12-30,0.0394373585248771,NORMAL,4,12,False
2023-12-31,0.0330499709529142,NORMAL,4,12,False
2024-01-01,0.0768095722210443,NORMAL,4,1,False
2024-01-02,0.0613159210801733,NORMAL,4,1,False
2024-01-03,0.4229021566305678,NORMAL,5,1,False
2024-01-04,0.3020349656400545,NORMAL,5,1,False
2024-01-05,0.1217865819047315,NORMAL,4,1,False
2024-01-06,0.057794682336314,NORMAL,4,1,False
2024-01-07,0.1568650673747247,NORMAL,4,1,False
2024-01-08,0.0229257795884723,NORMAL,4,1,False
2024-01-09,0.0393366014823489,NORMAL,4,1,False
2024-01-10,0.2697421635553976,NORMAL,5,1,False
2024-01-11,0.6730548623681206,WARNING,5,1,True
2024-01-12,0.1576657299484629,NORMAL,4,1,False
2024-01-13,0.1124850715489864,NORMAL,4,1,False
2024-01-14,0.2142518469068848,NORMAL,4,1,False
2024-01-15,0.0274998200413845,NORMAL,4,1,False
2024-01-16,0.035219144150845,NORMAL,4,1,False
2024-01-17,0.4774936064538579,NORMAL,5,1,False
2024-01-18,0.1968618809314311,NORMAL,5,1,False
2024-01-19,0.2837095129555507,NORMAL,4,1,False
2024-01-20,0.1633885613085288,NORMAL,4,1,False
2024-01-21,0.1839092180262815,NORMAL,4,1,False
2024-01-22,0.1316361388648929,NORMAL,4,1,False
2024-01-23,0.0212339416517961,NORMAL,4,1,False
2024-01-24,0.6504127924372861,WARNING,5,1,True
2024-01-25,0.4652903218399252,NORMAL,5,1,False
2024-01-26,0.5911299559837079,WARNING,4,1,True
2024-01-27,0.4595397885000707,NORMAL,4,1,False
2024-01-28,0.3842676818519629,NORMAL,4,1,False
2024-01-29,0.3041759717583237,NORMAL,4,1,False
2024-01-30,0.2649934969170902,NORMAL,4,1,False
2024-01-31,0.2022358936709631,NORMAL,5,1,False
2024-02-01,0.1208713123863588,NORMAL,5,2,False
2024-02-02,0.1201286332448293,NORMAL,4,2,False
2024-02-03,0.0571361464780359,NORMAL,4,2,False
2024-02-04,0.1437583380920931,NORMAL,4,2,False
2024-02-05,0.0912806044362949,NORMAL,4,2,False
2024-02-06,0.1004743525433738,NORMAL,4,2,False
2024-02-07,0.3224907827895146,NORMAL,5,2,False
2024-02-08,0.214261199871339,NORMAL,5,2,False
2024-02-09,0.2503225612931281,NORMAL,4,2,False
2024-02-10,0.3235140208533681,NORMAL,4,2,False
2024-02-11,0.3179643383423334,NORMAL,4,2,False
2024-02-12,0.3055946085403828,NORMAL,4,2,False
2024-02-13,0.288230695056506,NORMAL,4,2,False
2024-02-14,0.3900377393551923,NORMAL,5,2,False
2024-02-15,0.0931990751074132,NORMAL,5,2,False
2024-02-16,0.1544808399013633,NORMAL,4,2,False
2024-02-17,0.3127751285700552,NORMAL,4,2,False
2024-02-18,0.3741019999773438,NORMAL,4,2,False
2024-02-19,0.1838125802103953,NORMAL,4,2,False
2024-02-20,0.1290704401111753,NORMAL,4,2,False
2024-02-21,0.2079991068297116,NORMAL,5,2,False
2024-02-22,0.5453118403936191,NORMAL,5,2,False
2024-02-23,0.5572993313892931,WARNING,4,2,True
2024-02-24,0.4028926885422431,NORMAL,4,2,False
2024-02-25,0.2623171310598507,NORMAL,4,2,False
2024-02-26,0.2942949882024998,NORMAL,4,2,False
2024-02-27,0.189990672385049,NORMAL,4,2,False
2024-02-28,0.2335004939309483,NORMAL,5,2,False
2024-02-29,0.0646061836394357,NORMAL,5,2,False
2024-03-01,0.3350336802265706,NORMAL,4,3,False
2024-03-02,0.395708221973422,NORMAL,4,3,False
2024-03-03,0.3426455736910351,NORMAL,4,3,False
2024-03-04,0.3143066058030284,NORMAL,4,3,False
2024-03-05,0.342945023793038,NORMAL,4,3,False
2024-03-06,0.1365122735436929,NORMAL,5,3,False
2024-03-07,0.1938415471286347,NORMAL,5,3,False
2024-03-08,0.2895025790127277,NORMAL,4,3,False
2024-03-09,0.2883991236028634,NORMAL,4,3,False
2024-03-10,0.1147230373877405,NORMAL,4,3,False
2024-03-11,0.1396402160184629,NORMAL,4,3,False
2024-03-12,0.1446992061635834,NORMAL,4,3,False
2024-03-13,0.1966121679692399,NORMAL,5,3,False
2024-03-14,0.2558872336997091,NORMAL,5,3,False
2024-03-15,0.053289890627484,NORMAL,4,3,False
2024-03-16,0.1672301335600038,NORMAL,4,3,False
2024-03-17,0.2334159961016157,NORMAL,4,3,False
2024-03-18,0.0860720268825973,NORMAL,4,3,False
2024-03-19,0.122825399771569,NORMAL,4,3,False
2024-03-20,0.1733489194929824,NORMAL,5,3,False
2024-03-21,0.0112218222942873,NORMAL,5,3,False
2024-03-22,0.2571415186929111,NORMAL,4,3,False
2024-03-23,0.1114915094798088,NORMAL,4,3,False
2024-03-24,0.045893706657574,NORMAL,4,3,False
2024-03-25,0.1592678361296046,NORMAL,4,3,False
2024-03-26,0.2475772597307021,NORMAL,4,3,False
2024-03-27,0.2765537141326041,NORMAL,5,3,False
2024-03-28,0.2812098631614836,NORMAL,5,3,False
2024-03-29,0.2958103488208286,NORMAL,4,3,False
2024-03-30,0.4026053891144434,NORMAL,4,3,False
2024-03-31,0.6345409361228703,WARNING,4,3,True
2024-04-01,0.5691685262500582,NORMAL,4,4,False
2024-04-02,0.3940960434449223,NORMAL,4,4,False
2024-04-03,0.1966010415985848,NORMAL,5,4,False
2024-04-04,0.3584309353972897,NORMAL,5,4,False
2024-04-05,0.0809303024098694,NORMAL,4,4,False
2024-04-06,0.3349907274562667,NORMAL,4,4,False
2024-04-07,0.1521052325265805,NORMAL,4,4,False
2024-04-08,0.0767873262975405,NORMAL,4,4,False
2024-04-09,0.2583634369628177,NORMAL,4,4,False
2024-04-10,0.412945441488586,NORMAL,5,4,False
2024-04-11,0.2716286432524488,NORMAL,5,4,False
2024-04-12,0.4919431288484886,NORMAL,4,4,False
2024-04-13,0.7021122947802922,WARNING,4,4,True
2024-04-14,0.7626656359798213,WARNING,4,4,True
2024-04-15,0.9795203001057308,CRITICAL,4,4,True
2024-04-16,0.9351419441105676,CRITICAL,4,4,True
2024-04-17,0.083081942458216,NORMAL,5,4,False
2024-04-18,0.269371458980108,NORMAL,5,4,False
2024-04-19,0.1563952326580064,NORMAL,4,4,False
2024-04-20,0.1644129930373293,NORMAL,4,4,False
2024-04-21,0.3058796691950564,NORMAL,4,4,False
2024-04-22,0.3144729310402855,NORMAL,4,4,False
2024-04-23,0.3103506682914545,NORMAL,4,4,False
2024-04-24,0.6376202585473527,NORMAL,5,4,False
2024-04-25,0.7784391691115402,WARNING,5,4,True
2024-04-26,0.6321883700057385,NORMAL,4,4,False
2024-04-27,0.8367597744830481,CRITICAL,4,4,True
2024-04-28,0.8099297674377367,WARNING,4,4,True
2024-04-29,0.8060970395049726,WARNING,4,4,True
2024-04-30,0.8809348404070674,CRITICAL,4,4,True
2024-05-01,0.0845031007646198,NORMAL,5,5,False
2024-05-02,0.1808290203302083,NORMAL,5,5,False
2024-05-03,0.386668439590934,NORMAL,4,5,False
2024-05-04,0.5141486145449078,NORMAL,4,5,False
2024-05-05,0.514933769985774,NORMAL,4,5,False
2024-05-06,0.4626155827895573,NORMAL,4,5,False
2024-05-07,0.5330298723262952,NORMAL,4,5,False
2024-05-08,0.1091282084328395,NORMAL,5,5,False
2024-05-09,0.0823086758118656,NORMAL,5,5,False
2024-05-10,0.2173838119357025,NORMAL,4,5,False
2024-05-11,0.7120609144383545,NORMAL,4,5,False
2024-05-12,0.5479440607845398,NORMAL,4,5,False
2024-05-13,0.606152966345343,NORMAL,4,5,False
2024-05-14,0.6962719303242346,NORMAL,4,5,False
2024-05-15,0.4899902363140664,NORMAL,5,5,False
2024-05-16,0.4864800158856334,NORMAL,5,5,False
2024-05-17,0.4005831476099941,NORMAL,4,5,False
2024-05-18,0.3286396852419453,NORMAL,4,5,False
2024-05-19,0.3016281485390112,NORMAL,4,5,False
2024-05-20,0.2284545244105987,NORMAL,4,5,False
2024-05-21,0.2741029666216534,NORMAL,4,5,False
2024-05-22,0.1442980433393813,NORMAL,5,5,False
2024-05-23,0.128232624128134,NORMAL,5,5,False
2024-05-24,0.0542025888006948,NORMAL,4,5,False
2024-05-25,0.1516641085499442,NORMAL,4,5,False
2024-05-26,0.2318283586206946,NORMAL,4,5,False
2024-05-27,0.2071177095536364,NORMAL,4,5,False
2024-05-28,0.1658745432642999,NORMAL,4,5,False
2024-05-29,0.5253719951638234,NORMAL,5,5,False
2024-05-30,0.6160634643518755,NORMAL,5,5,False
2024-05-31,0.3719598276642433,NORMAL,4,5,False
2024-06-01,0.3298129508220364,NORMAL,4,6,False
2024-06-02,0.2667044960612286,NORMAL,4,6,False
2024-06-03,0.2100202613297897,NORMAL,4,6,False
2024-06-04,0.1969665361329551,NORMAL,4,6,False
2024-06-05,0.1870300492842115,NORMAL,5,6,False
2024-06-06,0.0627385031233017,NORMAL,5,6,False
2024-06-07,0.1732711435868858,NORMAL,4,6,False
2024-06-08,0.3737382475360376,NORMAL,4,6,False
2024-06-09,0.166856212455451,NORMAL,4,6,False
2024-06-10,0.3141271505744525,NORMAL,4,6,False
2024-06-11,0.520367207669914,NORMAL,4,6,False
2024-06-12,0.354318255175258,NORMAL,5,6,False
2024-06-13,0.1907210489525163,NORMAL,5,6,False
2024-06-14,0.2201808391330481,NORMAL,4,6,False
2024-06-15,0.150352282795792,NORMAL,4,6,False
2024-06-16,0.2821160313649738,NORMAL,4,6,False
2024-06-17,0.2134270395842188,NORMAL,4,6,False
2024-06-18,0.2111193995171814,NORMAL,4,6,False
2024-06-19,0.7031808172569181,WARNING,5,6,True
2024-06-20,0.1698374327920822,NORMAL,5,6,False
2024-06-21,0.2041570780973653,NORMAL,4,6,False
2024-06-22,0.3198513716268137,NORMAL,4,6,False
2024-06-23,0.4478524764545803,NORMAL,4,6,False
2024-06-24,0.3033571413520925,NORMAL,4,6,False
2024-06-25,0.2623687470937896,NORMAL,4,6,False
2024-06-26,0.1537133122980651,NORMAL,5,6,False
2024-06-27,0.0932085015891901,NORMAL,5,6,False
2024-06-28,0.1786122526273349,NORMAL,4,6,False
2024-06-29,0.4218039215519339,NORMAL,4,6,False
2024-06-30,0.6309784868252958,NORMAL,4,6,False
2024-07-01,0.479669122458238,NORMAL,4,7,False
2024-07-02,0.3166846568422643,NORMAL,4,7,False
2024-07-03,0.3645227815257283,NORMAL,5,7,False
2024-07-04,0.2895106924763906,NORMAL,5,7,False
2024-07-05,0.1893144765197715,NORMAL,4,7,False
2024-07-06,0.208412784979455,NORMAL,4,7,False
2024-07-07,0.2289108955559622,NORMAL,4,7,False
2024-07-08,0.2229842525502793,NORMAL,4,7,False
2024-07-09,0.2651151810509438,NORMAL,4,7,False
2024-07-10,0.1325991591508615,NORMAL,5,7,False
2024-07-11,0.0261745818903806,NORMAL,5,7,False
2024-07-12,0.0789791225223001,NORMAL,4,7,False
2024-07-13,0.1570762948607418,NORMAL,4,7,False
2024-07-14,0.2379004182633389,NORMAL,4,7,False
2024-07-15,0.2889584415511039,NORMAL,4,7,False
2024-07-16,0.2313035920413795,NORMAL,4,7,False
2024-07-17,0.6079680307892232,NORMAL,5,7,False
2024-07-18,0.2001844198434633,NORMAL,5,7,False
2024-07-19,0.0964303088463446,NORMAL,4,7,False
2024-07-20,1.0997453340197292,CRITICAL,4,7,True
2024-07-21,0.538187930115636,NORMAL,4,7,False
2024-07-22,0.9174006320587637,CRITICAL,4,7,True
2024-07-23,0.5764711173973057,NORMAL,4,7,False
2024-07-24,0.4245574354799216,NORMAL,5,7,False
2024-07-25,0.2497904876339391,NORMAL,5,7,False
2024-07-26,0.2670445788568541,NORMAL,4,7,False
2024-07-27,0.7552247073871249,WARNING,4,7,True
2024-07-28,0.9031347634050868,WARNING,4,7,True
2024-07-29,0.7815720910880805,WARNING,4,7,True
2024-07-30,0.6999497951584228,NORMAL,4,7,False
2024-07-31,0.2929045756875368,NORMAL,5,7,False
2024-08-01,0.3361985628900044,NORMAL,5,8,False
2024-08-02,0.1539655884802478,NORMAL,4,8,False
2024-08-03,0.1020797553694408,NORMAL,4,8,False
2024-08-04,0.1672567384224801,NORMAL,4,8,False
2024-08-05,0.1186799839033915,NORMAL,4,8,False
2024-08-06,0.1969435929747227,NORMAL,4,8,False
2024-08-07,0.2743140564274072,NORMAL,5,8,False
2024-08-08,0.1427784581156475,NORMAL,5,8,False
2024-08-09,0.2125132524315015,NORMAL,4,8,False
2024-08-10,0.3270078935598915,NORMAL,4,8,False
2024-08-11,0.7563835356435242,NORMAL,4,8,False
2024-08-12,0.6071256719837871,NORMAL,4,8,False
2024-08-13,0.3466334175779417,NORMAL,4,8,False
2024-08-14,0.1514375373901448,NORMAL,5,8,False
2024-08-15,0.01882993375503,NORMAL,5,8,False
2024-08-16,0.0605638169891732,NORMAL,4,8,False
2024-08-17,0.063785383578779,NORMAL,4,8,False
2024-08-18,0.0644065566902833,NORMAL,4,8,False
2024-08-19,0.2627493074645349,NORMAL,4,8,False
2024-08-20,0.3769427316114923,NORMAL,4,8,False
2024-08-21,0.0616151919782281,NORMAL,5,8,False
2024-08-22,0.0447845841359263,NORMAL,5,8,False
2024-08-23,0.1235849510643828,NORMAL,4,8,False
2024-08-24,0.0842190187809334,NORMAL,4,8,False
2024-08-25,0.2729702142642208,NORMAL,4,8,False
2024-08-26,0.259720631006511,NORMAL,4,8,False
2024-08-27,0.2142287022357116,NORMAL,4,8,False
2024-08-28,0.3141056147862511,NORMAL,5,8,False
2024-08-29,0.589109577681427,NORMAL,5,8,False
2024-08-30,0.6827393529379977,NORMAL,4,8,False
2024-09-13,0.298857870333813,NORMAL,4,9,False
2024-09-14,0.2732954233044881,NORMAL,4,9,False
2024-09-15,0.2840090727810253,NORMAL,4,9,False
2024-09-16,0.3112834703996259,NORMAL,4,9,False
2024-09-17,0.3411550232833109,NORMAL,4,9,False
2024-09-18,0.077313452063319,NORMAL,5,9,False
2024-09-19,0.168014622794595,NORMAL,5,9,False
2024-09-20,0.0792106260484667,NORMAL,4,9,False
2024-09-21,0.0807710303014107,NORMAL,4,9,False
2024-09-22,0.177160348721159,NORMAL,4,9,False
2024-09-23,0.1901139134599947,NORMAL,4,9,False
2024-09-24,0.291275906813083,NORMAL,4,9,False
2024-09-25,0.3068142120753582,NORMAL,5,9,False
2024-09-26,0.2107088384554512,NORMAL,5,9,False
2024-09-27,0.2495884722612016,NORMAL,4,9,False
2024-09-28,0.3433775455308931,NORMAL,4,9,False
2024-09-29,0.3943491290288803,NORMAL,4,9,False
2024-09-30,0.3990924619911564,NORMAL,4,9,False
2024-10-01,0.4478493714624563,NORMAL,4,10,False
2024-10-02,0.2105454223844097,NORMAL,5,10,False
2024-10-03,0.1510010708589608,NORMAL,5,10,False
2024-10-04,0.2392595051208444,NORMAL,4,10,False
2024-10-05,0.2656635277962403,NORMAL,4,10,False
2024-10-06,0.1770208384128324,NORMAL,4,10,False
2024-10-07,0.3480504320164881,NORMAL,4,10,False
2024-10-08,0.4495696355441487,NORMAL,4,10,False
2024-10-09,0.1724880110518825,NORMAL,5,10,False
2024-10-10,0.6161354791457324,CRITICAL,5,10,True
2024-10-11,0.5182421333073498,NORMAL,4,10,False
2024-10-12,0.3208201805932221,NORMAL,4,10,False
2024-10-13,0.5029955398997342,NORMAL,4,10,False
2024-10-14,0.7537226497102214,CRITICAL,4,10,True
2024-10-15,0.569441673745155,WARNING,4,10,True
2024-10-16,0.0185920854731437,NORMAL,5,10,False
2024-10-17,0.386680628352928,NORMAL,5,10,False
2024-10-18,0.4082298108877609,NORMAL,4,10,False
2024-10-19,0.2197367496095811,NORMAL,4,10,False
2024-10-20,0.3725914990356047,NORMAL,4,10,False
2024-10-21,0.6390475091754867,CRITICAL,4,10,True
2024-10-22,0.5007030894541966,NORMAL,4,10,False
2024-10-23,0.3672413307609301,NORMAL,5,10,False
2024-10-24,0.5352761255898693,WARNING,5,10,True
2024-10-25,0.2933043774147252,NORMAL,4,10,False
2024-10-26,0.3412711768813367,NORMAL,4,10,False
2024-10-27,0.4914897478933312,NORMAL,4,10,False
2024-10-28,0.5085737364245417,NORMAL,4,10,False
2024-10-29,0.5094549660139776,NORMAL,4,10,False
2024-10-30,0.0473411184747133,NORMAL,5,10,False
2024-10-31,0.2782617843485444,NORMAL,5,10,False
2024-11-01,0.1883201587729027,NORMAL,4,11,False
2024-11-02,0.1829215119089877,NORMAL,4,11,False
2024-11-03,0.3389421042037656,NORMAL,4,11,False
2024-11-04,0.3092414218575648,NORMAL,4,11,False
2024-11-05,0.296114589327502,NORMAL,4,11,False
2024-11-06,0.1694012821822244,NORMAL,5,11,False
2024-11-07,0.0606038157406775,NORMAL,5,11,False
2024-11-08,0.1782260972446167,NORMAL,4,11,False
2024-11-09,0.2300516818449213,NORMAL,4,11,False
2024-11-10,0.2489768748181181,NORMAL,4,11,False
2024-11-11,0.3167390757148022,NORMAL,4,11,False
2024-11-12,0.2919390412873593,NORMAL,4,11,False
2024-11-13,0.3238731891196474,NORMAL,5,11,False
2024-11-14,0.2396760910347392,NORMAL,5,11,False
2024-11-15,0.1956358530495312,NORMAL,4,11,False
2024-11-16,0.1902378206990067,NORMAL,4,11,False
2024-11-17,0.2728113330412947,NORMAL,4,11,False
2024-11-18,0.137623963043753,NORMAL,4,11,False
2024-11-19,0.2351075094097429,NORMAL,4,11,False
2024-11-20,0.4953290948266289,NORMAL,5,11,False
2024-11-21,0.6575691417903113,WARNING,5,11,True
2024-11-22,0.101196808848623,NORMAL,4,11,False
2024-11-23,0.2038202091819965,NORMAL,4,11,False
2024-11-24,0.3426361736341806,NORMAL,4,11,False
2024-11-25,0.1841277980882721,NORMAL,4,11,False
2024-11-26,0.3699535206924557,NORMAL,4,11,False
2024-11-27,0.7660756541508987,CRITICAL,5,11,True
2024-11-28,1.009680070092789,CRITICAL,5,11,True
2024-11-29,1.5251728674736684,CRITICAL,4,11,True
2024-11-30,1.3757303912831285,CRITICAL,4,11,True
2024-12-01,1.1837090640420695,CRITICAL,4,12,True
2024-12-02,1.0140381422772249,CRITICAL,4,12,True
2024-12-03,0.8330690592942822,CRITICAL,4,12,True
2024-12-04,0.1572838294493383,NORMAL,5,12,False
2024-12-05,0.185027008025588,NORMAL,5,12,False
2024-12-06,0.1321443365637541,NORMAL,4,12,False
2024-12-07,0.1998721550707538,NORMAL,4,12,False
2024-12-08,0.2863362476351337,NORMAL,4,12,False
2024-12-09,0.1641430833929901,NORMAL,4,12,False
2024-12-10,0.1798610711113158,NORMAL,4,12,False
2024-12-11,0.1468032396565782,NORMAL,5,12,False
2024-12-12,0.1888137500402295,NORMAL,5,12,False
2024-12-13,0.1561332055520981,NORMAL,4,12,False
2024-12-14,0.0988551248208159,NORMAL,4,12,False
2024-12-15,0.068209891237563,NORMAL,4,12,False
2024-12-16,0.1544508887138058,NORMAL,4,12,False
2024-12-17,0.3124971630210912,NORMAL,4,12,False
2024-12-18,0.4418177774694122,NORMAL,5,12,False
2024-12-19,0.2332474259877684,NORMAL,5,12,False
2024-12-20,0.0930914283951603,NORMAL,4,12,False
2024-12-21,0.1712306768341918,NORMAL,4,12,False
2024-12-22,0.096045977271272,NORMAL,4,12,False
2024-12-23,0.1020179674852387,NORMAL,4,12,False
2024-12-24,0.0730978310406229,NORMAL,4,12,False
2024-12-25,0.2782871542347039,NORMAL,5,12,False
2024-12-26,0.0981767167363933,NORMAL,5,12,False
2024-12-27,0.0402437051556027,NORMAL,4,12,False
2024-12-28,0.040258309545581,NORMAL,4,12,False
2024-12-29,0.0181939463674696,NORMAL,4,12,False
2024-12-30,0.1188120887797257,NORMAL,4,12,False
2024-12-31,0.0657783229935018,NORMAL,4,12,False
2025-01-01,0.029036351046515,NORMAL,5,1,False
2025-01-02,0.3857798326903663,NORMAL,5,1,False
2025-01-03,0.1750912105652707,NORMAL,4,1,False
2025-01-04,0.231528785384874,NORMAL,4,1,False
2025-01-05,0.0768997359818368,NORMAL,4,1,False
2025-01-06,0.0368423135730776,NORMAL,4,1,False
2025-01-07,0.0602630638293064,NORMAL,4,1,False
2025-01-08,0.6260615960436163,WARNING,5,1,True
2025-01-09,0.5557308050123871,NORMAL,5,1,False
2025-01-10,0.700893621839366,CRITICAL,4,1,True
2025-01-11,0.3452985802699473,NORMAL,4,1,False
2025-01-12,0.128751141438123,NORMAL,4,1,False
2025-01-13,0.0870306470677378,NORMAL,4,1,False
2025-01-14,0.1002969581587075,NORMAL,4,1,False
2025-01-15,0.6943827252742952,CRITICAL,5,1,True
2025-01-16,0.8609429609996073,CRITICAL,5,1,True
2025-01-17,0.4386066263492983,NORMAL,4,1,False
2025-01-18,0.5383006942756122,NORMAL,4,1,False
2025-01-19,0.3988205243906055,NORMAL,4,1,False
2025-01-20,0.3777857113245972,NORMAL,4,1,False
2025-01-21,0.3944375989878261,NORMAL,4,1,False
2025-01-22,0.6234575251186361,WARNING,5,1,True
2025-01-23,0.638668555254222,WARNING,5,1,True
2025-01-24,0.5692071213984252,NORMAL,4,1,False
2025-01-25,0.7743932160491556,CRITICAL,4,1,True
2025-01-26,0.5025811383173079,NORMAL,4,1,False
2025-01-27,0.5526626464856401,NORMAL,4,1,False
2025-01-28,0.5639959552399064,NORMAL,4,1,False
2025-01-29,0.1167899640579714,NORMAL,5,1,False
2025-01-30,0.2507112593189546,NORMAL,5,1,False
2025-01-31,0.1097744791664758,NORMAL,4,1,False
2025-02-01,0.0854889995478018,NORMAL,4,2,False
2025-02-02,0.1733992242176047,NORMAL,4,2,False
2025-02-03,0.1632893257552761,NORMAL,4,2,False
2025-02-04,0.164221133539478,NORMAL,4,2,False
2025-02-05,0.0897526750292338,NORMAL,5,2,False
2025-02-06,0.1060428684467609,NORMAL,5,2,False
2025-02-07,0.293163479112411,NORMAL,4,2,False
2025-02-08,0.0606141093103946,NORMAL,4,2,False
2025-02-09,0.0766097388066131,NORMAL,4,2,False
2025-02-10,0.1649141852290365,NORMAL,4,2,False
2025-02-11,0.2360118413748696,NORMAL,4,2,False
2025-02-12,0.3130305632866422,NORMAL,5,2,False
2025-02-13,0.6281286785013417,WARNING,5,2,True
2025-02-14,0.4484274877525364,NORMAL,4,2,False
2025-02-15,0.4946866043840273,NORMAL,4,2,False
2025-02-16,0.295107054934055,NORMAL,4,2,False
2025-02-17,0.1266619385410874,NORMAL,4,2,False
2025-02-18,0.1158056037387526,NORMAL,4,2,False
2025-02-19,0.1049825400528239,NORMAL,5,2,False
2025-02-20,0.0321028748496749,NORMAL,5,2,False
2025-02-21,0.0260993956214763,NORMAL,4,2,False
2025-02-22,0.0125153031536722,NORMAL,4,2,False
2025-02-23,0.2327993673230705,NORMAL,4,2,False
2025-02-24,0.5009155373475843,NORMAL,4,2,False
2025-02-25,0.7546757670661275,CRITICAL,4,2,True
2025-02-26,0.0969365025442344,NORMAL,5,2,False
2025-02-27,0.2751110149951115,NORMAL,5,2,False
2025-02-28,0.2410744624162285,NORMAL,4,2,False
2025-03-01,0.2059749881272388,NORMAL,4,3,False
2025-03-02,0.3037126725281939,NORMAL,4,3,False
2025-03-03,0.2848133819478172,NORMAL,4,3,False
2025-03-04,0.1990890645107753,NORMAL,4,3,False
2025-03-05,0.2153142543797146,NORMAL,5,3,False
2025-03-06,0.1771366081308216,NORMAL,5,3,False
2025-03-07,0.2349623469348441,NORMAL,4,3,False
2025-03-08,0.3578337985617976,NORMAL,4,3,False
2025-03-09,0.4241222617565156,NORMAL,4,3,False
2025-03-10,0.5973452366717956,WARNING,4,3,True
2025-03-11,0.5391641179144987,NORMAL,4,3,False
2025-03-12,0.9955351773565398,CRITICAL,5,3,True
2025-03-13,0.2868520813356902,NORMAL,5,3,False
2025-03-14,0.49689872447674,NORMAL,4,3,False
2025-03-15,0.5198961489377418,NORMAL,4,3,False
2025-03-16,0.0857909664229511,NORMAL,4,3,False
2025-03-17,0.3482478092547793,NORMAL,4,3,False
2025-03-18,0.3229313724780032,NORMAL,4,3,False
2025-03-19,0.3960788305523246,NORMAL,5,3,False
2025-03-20,0.6699033409618707,WARNING,5,3,True
2025-03-21,0.7562654563505326,WARNING,4,3,True
2025-03-22,0.3124204061192605,NORMAL,4,3,False
2025-03-23,0.1002012711733514,NORMAL,4,3,False
2025-03-24,0.1142869786831303,NORMAL,4,3,False
2025-03-25,0.2502498038406583,NORMAL,4,3,False
2025-03-26,0.2845554061853837,NORMAL,5,3,False
2025-03-27,0.2402114600750012,NORMAL,5,3,False
2025-03-28,0.2675691956238054,NORMAL,4,3,False
2025-03-29,0.2767300915547366,NORMAL,4,3,False
2025-03-30,0.2249382107498289,NORMAL,4,3,False
2025-03-31,0.0769208235979336,NORMAL,4,3,False
2025-04-01,0.0806444360693759,NORMAL,4,4,False
2025-04-02,0.487469849808074,NORMAL,5,4,False
2025-04-03,0.1298126773000388,NORMAL,5,4,False
2025-04-04,0.3556338935750529,NORMAL,4,4,False
2025-04-05,0.6611357839693062,NORMAL,4,4,False
2025-04-06,0.5791864026547079,NORMAL,4,4,False
2025-04-07,0.421034522927318,NORMAL,4,4,False
2025-04-08,0.3651623205203957,NORMAL,4,4,False
2025-04-09,0.5275148108459222,NORMAL,5,4,False
2025-04-10,0.5431715194325474,NORMAL,5,4,False
2025-04-11,0.431809780082036,NORMAL,4,4,False
2025-04-12,0.3317622511783116,NORMAL,4,4,False
2025-04-13,0.2532482114485247,NORMAL,4,4,False
2025-04-14,0.3309838206462525,NORMAL,4,4,False
2025-04-15,0.2537574481901385,NORMAL,4,4,False
2025-04-16,0.2259081894529979,NORMAL,5,4,False
2025-04-17,0.1232120322331868,NORMAL,5,4,False
2025-04-18,0.0941399871783538,NORMAL,4,4,False
2025-04-19,0.1490106593749033,NORMAL,4,4,False
2025-04-20,0.1135425589726681,NORMAL,4,4,False
2025-04-21,0.2941802138386408,NORMAL,4,4,False
2025-04-22,0.3418945245793284,NORMAL,4,4,False
2025-04-23,0.385054842498892,NORMAL,5,4,False
2025-04-24,0.1853676250393976,NORMAL,5,4,False
2025-04-25,0.0952337280870214,NORMAL,4,4,False
2025-04-26,0.0735389663721811,NORMAL,4,4,False
2025-04-27,0.1786851070132412,NORMAL,4,4,False
2025-04-28,0.1199795232330967,NORMAL,4,4,False
2025-04-29,0.204743752902277,NORMAL,4,4,False
2025-04-30,0.0576024001906464,NORMAL,5,4,False
2025-05-01,0.0552052368580712,NORMAL,5,5,False
2025-05-02,0.1151682716480678,NORMAL,4,5,False
2025-05-03,0.0705534726540643,NORMAL,4,5,False
2025-05-04,0.1083456924146716,NORMAL,4,5,False
2025-05-05,0.0899401960327067,NORMAL,4,5,False
2025-05-06,0.0740730188222679,NORMAL,4,5,False
2025-05-07,0.6703102600616648,NORMAL,5,5,False
2025-05-08,0.3080973968048158,NORMAL,5,5,False
2025-05-09,0.423410406831397,NORMAL,4,5,False
2025-05-10,0.2795072972207818,NORMAL,4,5,False
2025-05-11,0.6941381563919321,NORMAL,4,5,False
2025-05-12,0.4278155751998776,NORMAL,4,5,False
2025-05-13,0.397333365674885,NORMAL,4,5,False
2025-05-14,0.6761167578765764,NORMAL,5,5,False
2025-05-15,0.037097920680732,NORMAL,5,5,False
2025-05-16,0.1047520801745965,NORMAL,4,5,False
2025-05-17,0.3239774460856995,NORMAL,4,5,False
2025-05-18,0.4574143919912329,NORMAL,4,5,False
2025-05-19,0.7424822128709747,NORMAL,4,5,False
2025-05-20,0.4562350517393563,NORMAL,4,5,False
2025-05-21,0.2133710881042099,NORMAL,5,5,False
2025-05-22,0.1566111189367655,NORMAL,5,5,False
2025-05-23,0.1166973356517579,NORMAL,4,5,False
2025-05-24,0.3035527932405179,NORMAL,4,5,False
2025-05-25,0.3649352078136859,NORMAL,4,5,False
2025-05-26,0.4578105582607754,NORMAL,4,5,False
2025-05-27,0.4291931818956689,NORMAL,4,5,False
2025-05-28,0.1892219234874122,NORMAL,5,5,False
2025-05-29,0.3682461129660881,NORMAL,5,5,False
2025-05-30,0.523873289213648,NORMAL,4,5,False
2025-05-31,0.6360528566034989,NORMAL,4,5,False
2025-06-01,0.4293468822114121,NORMAL,4,6,False
2025-06-02,0.5150975559900419,NORMAL,4,6,False
2025-06-03,0.6852894431310883,WARNING,4,6,True
2025-06-04,0.0674667131871853,NORMAL,5,6,False
2025-06-05,0.3203775396250704,NORMAL,5,6,False
2025-06-06,0.4394992600201901,NORMAL,4,6,False
2025-06-07,0.5236544109808323,NORMAL,4,6,False
2025-06-08,0.3711493358649258,NORMAL,4,6,False
2025-06-09,0.3389289961916917,NORMAL,4,6,False
2025-06-10,0.567993303648047,NORMAL,4,6,False
2025-06-11,0.1767933720515487,NORMAL,5,6,False
2025-06-12,0.34233381485178,NORMAL,5,6,False
2025-06-13,0.0778450325979843,NORMAL,4,6,False
2025-06-14,0.1214025616719081,NORMAL,4,6,False
2025-06-15,0.111092140705035,NORMAL,4,6,False
2025-06-16,0.1745734214764379,NORMAL,4,6,False
2025-06-17,0.1466953120884351,NORMAL,4,6,False
2025-06-18,0.0444823335921359,NORMAL,5,6,False
2025-06-19,0.2832286907687494,NORMAL,5,6,False
2025-06-20,0.5086110013064934,NORMAL,4,6,False
2025-06-21,0.171621835060866,NORMAL,4,6,False
2025-06-22,0.3563841011060304,NORMAL,4,6,False
2025-06-23,0.3675464031184788,NORMAL,4,6,False
2025-06-24,0.4742640627855309,NORMAL,4,6,False
2025-06-25,0.230034934026827,NORMAL,5,6,False
2025-06-26,0.428943682386012,NORMAL,5,6,False
2025-06-27,0.5331880914930531,NORMAL,4,6,False
2025-06-28,0.2819024620033568,NORMAL,4,6,False
2025-06-29,0.1734895425611564,NORMAL,4,6,False
2025-06-30,0.3031022141672232,NORMAL,4,6,False
2025-07-01,0.4553653142882937,NORMAL,4,7,False
2025-07-02,0.4407337940145648,NORMAL,5,7,False
2025-07-03,0.1514245112554097,NORMAL,5,7,False
2025-07-04,0.2432935749622292,NORMAL,4,7,False
2025-07-05,0.4634936343222302,NORMAL,4,7,False
2025-07-06,0.4159088270544937,NORMAL,4,7,False
2025-07-07,0.4460832448292564,NORMAL,4,7,False
2025-07-08,0.5962234314514036,NORMAL,4,7,False
2025-07-09,0.0811721914726271,NORMAL,5,7,False
2025-07-10,0.0598479119394822,NORMAL,5,7,False
2025-07-11,0.071078684915913,NORMAL,4,7,False
2025-07-12,0.081530679724911,NORMAL,4,7,False
2025-07-13,0.1357890157377842,NORMAL,4,7,False
2025-07-14,0.1735499351291749,NORMAL,4,7,False
2025-07-15,0.2148460030398988,NORMAL,4,7,False
2025-07-16,0.0530875763205361,NORMAL,5,7,False
2025-07-17,0.1985717112689056,NORMAL,5,7,False
2025-07-18,0.5963575714765739,NORMAL,4,7,False
2025-07-19,0.2882094304571724,NORMAL,4,7,False
2025-07-20,0.2247082772615621,NORMAL,4,7,False
2025-07-21,0.2668939640582397,NORMAL,4,7,False
2025-07-22,0.22262158090021,NORMAL,4,7,False
2025-07-23,0.0180456195526567,NORMAL,5,7,False
2025-07-24,0.1316228055729258,NORMAL,5,7,False
2025-07-25,0.049831729235788,NORMAL,4,7,False
2025-07-26,0.1111413419608679,NORMAL,4,7,False
2025-07-27,0.1267461603846016,NORMAL,4,7,False
2025-07-28,0.155175276153458,NORMAL,4,7,False
2025-07-29,0.1332494120127756,NORMAL,4,7,False
2025-07-30,1.2553601751254422,CRITICAL,5,7,True
2025-07-31,0.8427117188296709,WARNING,5,7,True
2025-08-01,0.6282157534658812,NORMAL,4,8,False
2025-08-02,0.5327667911287611,NORMAL,4,8,False
2025-08-03,0.5256794237246957,NORMAL,4,8,False
2025-08-04,0.5035179948354378,NORMAL,4,8,False
2025-08-05,0.6143244658574962,NORMAL,4,8,False
2025-08-06,0.0465093524642281,NORMAL,5,8,False
2025-08-07,0.2906947455805287,NORMAL,5,8,False
2025-08-08,0.298828735154616,NORMAL,4,8,False
2025-08-09,0.2796122443596675,NORMAL,4,8,False
2025-08-10,0.2792661915951678,NORMAL,4,8,False
2025-08-11,0.3355739027821006,NORMAL,4,8,False
2025-08-12,0.3292664841773141,NORMAL,4,8,False
2025-08-13,0.6737495735398927,NORMAL,5,8,False
2025-08-14,0.6629577249125083,NORMAL,5,8,False
2025-08-15,0.6412515079598623,NORMAL,4,8,False
2025-08-16,1.7196991078404695,CRITICAL,4,8,True
2025-08-17,1.0881129124727569,CRITICAL,4,8,True
2025-08-18,0.8225688415373601,WARNING,4,8,True
2025-08-19,0.7075672389801877,NORMAL,4,8,False
2025-08-20,0.5499341485366602,NORMAL,5,8,False
2025-08-21,0.4356998551268373,NORMAL,5,8,False
2025-08-22,0.3069972769907689,NORMAL,4,8,False
2025-08-23,0.1311782405606646,NORMAL,4,8,False
2025-08-24,0.1833824357540513,NORMAL,4,8,False
2025-08-25,0.1899914791718473,NORMAL,4,8,False
2025-08-26,0.2899307669393636,NORMAL,4,8,False
2025-08-27,0.0631702308175225,NORMAL,5,8,False
2025-08-28,0.2966436244654323,NORMAL,5,8,False
2025-08-29,0.402700829217495,NORMAL,4,8,False
2025-08-30,0.5207854344888088,NORMAL,4,8,False
2025-08-31,0.5528972434296171,NORMAL,4,8,False
2025-09-01,0.5691984892631631,WARNING,4,9,True
2025-09-02,0.569066968524449,WARNING,4,9,True
2025-09-03,0.1989139625204634,NORMAL,5,9,False
2025-09-04,0.1849194793621697,NORMAL,5,9,False
2025-09-05,0.3568403822977575,NORMAL,4,9,False
2025-09-06,0.5648591846484303,WARNING,4,9,True
2025-09-07,0.5905954926695242,WARNING,4,9,True
2025-09-08,0.5338782651344711,WARNING,4,9,True
2025-09-09,0.5179195116379756,WARNING,4,9,True
2025-09-10,0.0982350002285658,NORMAL,5,9,False
2025-09-11,0.0853065893297422,NORMAL,5,9,False
2025-09-12,0.3763730108424518,NORMAL,4,9,False
2025-09-13,0.3889920329833102,NORMAL,4,9,False
2025-09-14,0.5368479167988649,WARNING,4,9,True
2025-09-15,0.3763230954278559,NORMAL,4,9,False
2025-09-16,0.4439234652856886,NORMAL,4,9,False
2025-09-17,0.5364217543518136,WARNING,5,9,True
2025-09-18,0.3225604335987503,NORMAL,5,9,False
2025-09-19,0.0617523783558113,NORMAL,4,9,False
2025-09-20,0.1068737115256613,NORMAL,4,9,False
2025-09-21,0.1138328339920329,NORMAL,4,9,False
2025-09-22,0.1899109866865947,NORMAL,4,9,False
2025-09-23,0.2730517965834085,NORMAL,4,9,False
2025-09-24,0.2262305181208613,NORMAL,5,9,False
2025-09-25,0.1415424207310801,NORMAL,5,9,False
2025-09-26,0.1025315533166565,NORMAL,4,9,False
2025-09-27,0.0876335179264259,NORMAL,4,9,False
2025-09-28,0.2242553578668737,NORMAL,4,9,False
2025-09-29,0.2573966613918839,NORMAL,4,9,False
2025-09-30,0.3800561049276368,NORMAL,4,9,False
2025-10-01,0.2437733747884367,NORMAL,5,10,False
2025-10-02,0.2047948227781716,NORMAL,5,10,False
2025-10-03,0.1424253295736156,NORMAL,4,10,False
2025-10-04,0.1083680540809617,NORMAL,4,10,False
2025-10-05,0.097115589552816,NORMAL,4,10,False
2025-10-06,0.1186224393117075,NORMAL,4,10,False
2025-10-07,0.162523856664064,NORMAL,4,10,False
2025-10-08,0.4960414899034946,NORMAL,5,10,False
2025-10-09,0.2665805945808649,NORMAL,5,10,False
2025-10-10,0.2145903379225896,NORMAL,4,10,False
2025-10-11,0.0654749979907978,NORMAL,4,10,False
2025-10-12,0.1035800616860824,NORMAL,4,10,False
2025-10-13,0.060983712853945,NORMAL,4,10,False
2025-10-14,0.1066425006867302,NORMAL,4,10,False
2025-10-15,0.7133421214624676,CRITICAL,5,10,True
2025-10-16,0.9075114177368256,CRITICAL,5,10,True
2025-10-17,0.9383504443076872,CRITICAL,4,10,True
2025-10-18,1.090389336556093,CRITICAL,4,10,True
2025-10-19,0.8801786141962833,CRITICAL,4,10,True
2025-10-20,0.8373570629330949,CRITICAL,4,10,True
2025-10-21,0.7440986827394938,CRITICAL,4,10,True
2025-10-22,0.0788325140359312,NORMAL,5,10,False
2025-10-23,0.1414311566572814,NORMAL,5,10,False
2025-10-24,0.0762135691810589,NORMAL,4,10,False
2025-10-25,0.161369510288917,NORMAL,4,10,False
2025-10-26,0.0761731422837784,NORMAL,4,10,False
2025-10-27,0.1555151130075256,NORMAL,4,10,False
2025-10-28,0.2514107801738884,NORMAL,4,10,False
2025-10-29,0.1229483022475189,NORMAL,5,10,False
2025-10-30,0.1137338196558866,NORMAL,5,10,False
2025-10-31,0.0464520471494261,NORMAL,4,10,False
2025-11-01,0.1613042014734554,NORMAL,4,11,False
2025-11-02,0.1214249099907902,NORMAL,4,11,False
2025-11-03,0.1430368356902094,NORMAL,4,11,False
2025-11-04,0.1227713525670488,NORMAL,4,11,False
2025-11-05,0.141846754402261,NORMAL,5,11,False
2025-11-06,0.3815250484121616,NORMAL,5,11,False
2025-11-07,0.5414699102851356,NORMAL,4,11,False
2025-11-08,0.0934907682009644,NORMAL,4,11,False
2025-11-09,0.1228740184028751,NORMAL,4,11,False
2025-11-10,0.1136123641477344,NORMAL,4,11,False
2025-11-11,0.2475794440716274,NORMAL,4,11,False
2025-11-12,0.3449051419674955,NORMAL,5,11,False
2025-11-13,0.0325972332985349,NORMAL,5,11,False
2025-11-14,0.2352603321091054,NORMAL,4,11,False
2025-11-15,0.212750468369617,NORMAL,4,11,False
2025-11-16,0.156601455446298,NORMAL,4,11,False
2025-11-17,0.2598566625580012,NORMAL,4,11,False
2025-11-18,0.2902555281510741,NORMAL,4,11,False
2025-11-19,0.2770772246514588,NORMAL,5,11,False
2025-11-20,0.14820106384825,NORMAL,5,11,False
2025-11-21,0.0424821921460626,NORMAL,4,11,False
2025-11-22,0.0884699358367105,NORMAL,4,11,False
2025-11-23,0.0564419663172672,NORMAL,4,11,False
2025-11-24,0.0832137564931913,NORMAL,4,11,False
2025-11-25,0.1244032638844886,NORMAL,4,11,False
2025-11-26,0.0442058997957337,NORMAL,5,11,False
2025-11-27,0.1867144658786454,NORMAL,5,11,False
2025-11-28,0.157554110182728,NORMAL,4,11,False
2025-11-29,0.405062079734585,NORMAL,4,11,False
2025-11-30,0.0911892838434109,NORMAL,4,11,False
2025-12-01,0.0540395713446865,NORMAL,4,12,False
2025-12-02,0.1350522532978732,NORMAL,4,12,False
2025-12-03,0.1173599842584406,NORMAL,4,12,False
2025-12-04,0.1051468577348604,NORMAL,4,12,False
2025-12-05,0.028321163327037,NORMAL,3,12,False
2025-12-06,0.0889660000188401,NORMAL,3,12,False
2025-12-07,0.0700994415366304,NORMAL,3,12,False
2025-12-08,0.1759795927571388,NORMAL,3,12,False
2025-12-09,0.2277449375060212,NORMAL,3,12,False
2025-12-10,0.2027228189871395,NORMAL,3,12,False
2025-12-11,0.2680892394584762,NORMAL,3,12,False
2025-12-12,0.2931680538841189,NORMAL,2,12,False
2025-12-13,0.1931155565891043,NORMAL,2,12,False
2025-12-14,0.1236650680118886,NORMAL,2,12,False
2025-12-15,0.1608728597569889,NORMAL,2,12,False
2025-12-16,0.2600166250388839,NORMAL,2,12,False
2025-12-17,0.2264563856138739,NORMAL,2,12,False
2025-12-18,0.1856895844792082,NORMAL,2,12,False
