date,score,level,n_predictions,month,is_anomaly
2014-01-08,0.3853635470373515,NORMAL,2,1,False
2014-01-09,0.0884755790689581,NORMAL,2,1,False
2014-01-10,0.0482178051402135,NORMAL,2,1,False
2014-01-11,0.1245746445174288,NORMAL,2,1,False
2014-01-12,0.318660051952252,NORMAL,2,1,False
2014-01-13,0.2289574516123832,NORMAL,2,1,False
2014-01-14,0.2869051346660921,NORMAL,2,1,False
2014-01-15,0.7809148550526595,NORMAL,3,1,False
2014-01-16,0.0791512904817172,NORMAL,3,1,False
2014-01-17,0.3103017503929671,NORMAL,3,1,False
2014-01-18,0.2592455132595693,NORMAL,3,1,False
2014-01-19,0.3984904478363399,NORMAL,3,1,False
2014-01-20,0.4378592230232332,NORMAL,3,1,False
2014-01-21,0.3584092082908146,NORMAL,3,1,False
2014-01-22,0.5306819375905043,NORMAL,4,1,False
2014-01-23,1.0818086029356782,NORMAL,4,1,False
2014-01-24,0.6979717381621245,NORMAL,4,1,False
2014-01-25,0.3122860401073141,NORMAL,4,1,False
2014-01-26,0.3184044075008138,NORMAL,4,1,False
2014-01-27,0.7441206508879592,NORMAL,4,1,False
2014-01-28,0.2526252698359044,NORMAL,4,1,False
2014-01-29,1.3440497316660298,NORMAL,5,1,False
2014-01-30,0.6731441260869152,NORMAL,5,1,False
2014-01-31,0.2300828265727654,NORMAL,4,1,False
2014-02-01,0.3285095931802049,NORMAL,4,2,False
2014-02-02,0.9026406143852984,NORMAL,4,2,False
2014-02-03,0.3266732059126884,NORMAL,4,2,False
2014-02-04,0.1062976678371074,NORMAL,4,2,False
2014-02-05,0.5374685140437772,NORMAL,5,2,False
2014-02-06,0.3463070985269078,NORMAL,5,2,False
2014-02-07,0.287096510861942,NORMAL,4,2,False
2014-02-08,0.2053854831821378,NORMAL,4,2,False
2014-02-09,0.2791146214612724,NORMAL,4,2,False
2014-02-10,0.2820532245958799,NORMAL,4,2,False
2014-02-11,0.2428628969250225,NORMAL,4,2,False
2014-02-12,0.3027844169932371,NORMAL,5,2,False
2014-02-13,0.2407967625038273,NORMAL,5,2,False
2014-02-14,0.3295545106542368,NORMAL,4,2,False
2014-02-15,0.2943949949265661,NORMAL,4,2,False
2014-02-16,0.1146011321467802,NORMAL,4,2,False
2014-02-17,0.0926290043025623,NORMAL,4,2,False
2014-02-18,0.0737460966857364,NORMAL,4,2,False
2014-02-19,0.2819709367724655,NORMAL,5,2,False
2014-02-20,0.2354065813859772,NORMAL,5,2,False
2014-02-21,0.1253335324707058,NORMAL,4,2,False
2014-02-22,0.0433310886168905,NORMAL,4,2,False
2014-02-23,0.1886900093068043,NORMAL,4,2,False
2014-02-24,0.4140244240487009,NORMAL,4,2,False
2014-02-25,0.3344300557724002,NORMAL,4,2,False
2014-02-26,0.654533959637614,NORMAL,5,2,False
2014-02-27,0.3008431323390015,NORMAL,5,2,False
2014-02-28,0.0951426148961588,NORMAL,4,2,False
2014-03-01,0.0976029921454941,NORMAL,4,3,False
2014-03-02,0.1156069926415479,NORMAL,4,3,False
2014-03-03,0.0766007452970081,NORMAL,4,3,False
2014-03-04,0.0752979824710069,NORMAL,4,3,False
2014-03-05,0.205665212770302,NORMAL,5,3,False
2014-03-06,0.1114829342396598,NORMAL,5,3,False
2014-03-07,0.0718130563283021,NORMAL,4,3,False
2014-03-08,0.159761558254327,NORMAL,4,3,False
2014-03-09,0.151981106703187,NORMAL,4,3,False
2014-03-10,0.0643191636196555,NORMAL,4,3,False
2014-03-11,0.1322734822278262,NORMAL,4,3,False
2014-03-12,0.3113049739580847,NORMAL,5,3,False
2014-03-13,0.1388174138930243,NORMAL,5,3,False
2014-03-14,0.1730314440188098,NORMAL,4,3,False
2014-03-15,0.2467071515601087,NORMAL,4,3,False
2014-03-16,0.1592707180203798,NORMAL,4,3,False
2014-03-17,0.0764833344712024,NORMAL,4,3,False
2014-03-18,0.216592115213852,NORMAL,4,3,False
2014-03-19,0.1052182227147566,NORMAL,5,3,False
2014-03-20,0.1280032208214607,NORMAL,5,3,False
2014-03-21,0.1174068153637498,NORMAL,4,3,False
2014-03-22,0.0449071558669332,NORMAL,4,3,False
2014-03-23,0.0981885585727981,NORMAL,4,3,False
2014-03-24,0.2194542505308744,NORMAL,4,3,False
2014-03-25,0.1167265915968853,NORMAL,4,3,False
2014-03-26,0.1496485123884485,NORMAL,5,3,False
2014-03-27,0.0132817565100043,NORMAL,5,3,False
2014-03-28,0.0235071939099266,NORMAL,4,3,False
2014-03-29,0.2609412268496676,NORMAL,4,3,False
2014-03-30,0.0860442268684723,NORMAL,4,3,False
2014-03-31,0.1982357661826919,NORMAL,4,3,False
2014-04-01,0.2043196418655417,NORMAL,4,4,False
2014-04-02,0.9643875586475822,CRITICAL,5,4,True
2014-04-03,0.4498017917545672,NORMAL,5,4,False
2014-04-04,0.1437268402378342,NORMAL,4,4,False
2014-04-05,0.1875554625795513,NORMAL,4,4,False
2014-04-06,0.0276343273648026,NORMAL,4,4,False
2014-04-07,0.0583788763913578,NORMAL,4,4,False
2014-04-08,0.1550587664663246,NORMAL,4,4,False
2014-04-09,0.9193536835061168,CRITICAL,5,4,True
2014-04-10,0.5573047399538504,NORMAL,5,4,False
2014-04-11,0.2521463980715919,NORMAL,4,4,False
2014-04-12,0.2699101531940031,NORMAL,4,4,False
2014-04-13,0.2285848126000058,NORMAL,4,4,False
2014-04-14,0.1114306609167826,NORMAL,4,4,False
2014-04-15,0.296841857077078,NORMAL,4,4,False
2014-04-16,0.3477224806513581,NORMAL,5,4,False
2014-04-17,0.0790011642707173,NORMAL,5,4,False
2014-04-18,0.1356140835094727,NORMAL,4,4,False
2014-04-19,0.0822835485682436,NORMAL,4,4,False
2014-04-20,0.3385704285967034,NORMAL,4,4,False
2014-04-21,0.2515213324999955,NORMAL,4,4,False
2014-04-22,0.2070316105969284,NORMAL,4,4,False
2014-04-23,0.0643256594354697,NORMAL,5,4,False
2014-04-24,0.1768231345141207,NORMAL,5,4,False
2014-04-25,0.2338182825104237,NORMAL,4,4,False
2014-04-26,0.2194081379662123,NORMAL,4,4,False
2014-04-27,0.2963186624843092,NORMAL,4,4,False
2014-04-28,0.403575329617716,NORMAL,4,4,False
2014-04-29,0.1664628433248378,NORMAL,4,4,False
2014-04-30,0.5022068255164557,NORMAL,5,4,False
2014-05-01,0.333697256709084,NORMAL,5,5,False
2014-05-02,0.0161597986619345,NORMAL,4,5,False
2014-05-03,0.0465415135977191,NORMAL,4,5,False
2014-05-04,0.1097863849345017,NORMAL,4,5,False
2014-05-05,0.2027330699375376,NORMAL,4,5,False
2014-05-06,0.1713376902914648,NORMAL,4,5,False
2014-05-07,0.4299736547124754,NORMAL,5,5,False
2014-05-08,0.6216188108169013,WARNING,5,5,True
2014-05-09,0.7889950046192347,CRITICAL,4,5,True
2014-05-10,0.8980021047564969,CRITICAL,4,5,True
2014-05-11,0.4294133869156519,NORMAL,4,5,False
2014-05-12,0.3741828203341986,NORMAL,4,5,False
2014-05-13,0.2914430760902561,NORMAL,4,5,False
2014-05-14,0.1196459930221072,NORMAL,5,5,False
2014-05-15,0.0965042984464128,NORMAL,5,5,False
2014-05-16,0.4036821948685747,NORMAL,4,5,False
2014-05-17,0.6007755102191104,WARNING,4,5,True
2014-05-18,0.4692469696664081,NORMAL,4,5,False
2014-05-19,0.3764400555875123,NORMAL,4,5,False
2014-05-20,0.1734361486591958,NORMAL,4,5,False
2014-05-21,0.1170950022900901,NORMAL,5,5,False
2014-05-22,0.3778167848802597,NORMAL,5,5,False
2014-05-23,0.3139800306387412,NORMAL,4,5,False
2014-05-24,0.4768801147400832,NORMAL,4,5,False
2014-05-25,0.105927962001897,NORMAL,4,5,False
2014-05-26,0.2494638654882668,NORMAL,4,5,False
2014-05-27,0.1527594710761367,NORMAL,4,5,False
2014-05-28,0.0540574385142285,NORMAL,5,5,False
2014-05-29,0.2699975692150004,NORMAL,5,5,False
2014-05-30,0.5831109598402461,WARNING,4,5,True
2014-05-31,0.5169923933059309,NORMAL,4,5,False
2014-06-01,0.5685024123355198,NORMAL,4,6,False
2014-06-02,0.593797522921914,WARNING,4,6,True
2014-06-03,0.6488939071337699,WARNING,4,6,True
2014-06-04,0.1010905537717478,NORMAL,5,6,False
2014-06-05,0.0780396156862745,NORMAL,5,6,False
2014-06-06,0.2252154889750069,NORMAL,4,6,False
2014-06-07,0.434423458692348,NORMAL,4,6,False
2014-06-08,0.3332063596933727,NORMAL,4,6,False
2014-06-09,0.5024611317098152,NORMAL,4,6,False
2014-06-10,0.5236900096279818,NORMAL,4,6,False
2014-06-11,0.1198947757479164,NORMAL,5,6,False
2014-06-12,0.1004784810532421,NORMAL,5,6,False
2014-06-13,0.2199223136351533,NORMAL,4,6,False
2014-06-14,0.3266381946539635,NORMAL,4,6,False
2014-06-15,0.3329727104755288,NORMAL,4,6,False
2014-06-16,0.3214004001271691,NORMAL,4,6,False
2014-06-17,0.3007107946374367,NORMAL,4,6,False
2014-06-18,0.0128674339461901,NORMAL,5,6,False
2014-06-19,0.1517515733413444,NORMAL,5,6,False
2014-06-20,0.3948116666182263,NORMAL,4,6,False
2014-06-21,0.3443400176638838,NORMAL,4,6,False
2014-06-22,0.2555392027627371,NORMAL,4,6,False
2014-06-23,0.1624411554952421,NORMAL,4,6,False
2014-06-24,0.2422968063564157,NORMAL,4,6,False
2014-06-25,0.0392666643300844,NORMAL,5,6,False
2014-06-26,0.2694641320502373,NORMAL,5,6,False
2014-06-27,0.3020272235516374,NORMAL,4,6,False
2014-06-28,0.2312656842279997,NORMAL,4,6,False
2014-06-29,0.1877926234768277,NORMAL,4,6,False
2014-06-30,0.2141522750748224,NORMAL,4,6,False
2014-07-01,0.1537082251987936,NORMAL,4,7,False
2014-07-02,0.1767048643689212,NORMAL,5,7,False
2014-07-03,0.3550800961525741,NORMAL,5,7,False
2014-07-04,0.1881695345561383,NORMAL,4,7,False
2014-07-05,0.0870932416109567,NORMAL,4,7,False
2014-07-06,0.3139228531608337,NORMAL,4,7,False
2014-07-07,0.2645479999461471,NORMAL,4,7,False
2014-07-08,0.6651400892552779,WARNING,4,7,True
2014-07-09,0.2234201618608412,NORMAL,5,7,False
2014-07-10,0.3261732336210585,NORMAL,5,7,False
2014-07-11,0.2346953755449826,NORMAL,4,7,False
2014-07-12,0.0920525026195069,NORMAL,4,7,False
2014-07-13,0.1330053834243741,NORMAL,4,7,False
2014-07-14,0.138711269227076,NORMAL,4,7,False
2014-07-15,0.2003545416954306,NORMAL,4,7,False
2014-07-16,0.0133918723744051,NORMAL,5,7,False
2014-07-17,0.260296009916986,NORMAL,5,7,False
2014-07-18,0.2992585709009725,NORMAL,4,7,False
2014-07-19,0.1417333204238893,NORMAL,4,7,False
2014-07-20,0.4538484544694291,NORMAL,4,7,False
2014-07-21,0.6891700744235878,CRITICAL,4,7,True
2014-07-22,0.5951416172498808,WARNING,4,7,True
2014-07-23,0.5145451315512849,NORMAL,5,7,False
2014-07-24,0.2434629080546157,NORMAL,5,7,False
2014-07-25,0.084927540739772,NORMAL,4,7,False
2014-07-26,0.0809467640942852,NORMAL,4,7,False
2014-07-27,0.0920063570357419,NORMAL,4,7,False
2014-07-28,0.2828465719334706,NORMAL,4,7,False
2014-07-29,0.3267191257853414,NORMAL,4,7,False
2014-07-30,0.1148169849848953,NORMAL,5,7,False
2014-07-31,0.1973799816354905,NORMAL,5,7,False
2014-08-01,0.3182653149039162,NORMAL,4,8,False
2014-08-02,0.441320822864673,NORMAL,4,8,False
2014-08-03,0.5132661376024464,NORMAL,4,8,False
2014-08-04,0.4722343704687019,NORMAL,4,8,False
2014-08-05,0.506839178252228,NORMAL,4,8,False
2014-08-06,0.019161521043755,NORMAL,5,8,False
2014-08-07,0.111725189114121,NORMAL,5,8,False
2014-08-08,0.3143904949629451,NORMAL,4,8,False
2014-08-09,0.1741912427664702,NORMAL,4,8,False
2014-08-10,0.276392702844578,NORMAL,4,8,False
2014-08-11,0.4362408486200143,NORMAL,4,8,False
2014-08-12,0.4036359631198564,NORMAL,4,8,False
2014-08-13,0.3746007051141461,NORMAL,5,8,False
2014-08-14,0.0852088730940949,NORMAL,5,8,False
2014-08-15,0.2881203849459272,NORMAL,4,8,False
2014-08-16,0.273969562662573,NORMAL,4,8,False
2014-08-17,0.2498095872327926,NORMAL,4,8,False
2014-08-18,0.1783528982298191,NORMAL,4,8,False
2014-08-19,0.2556930235608634,NORMAL,4,8,False
2014-08-20,0.3269290884477723,NORMAL,5,8,False
2014-08-21,0.4242202213397029,NORMAL,5,8,False
2014-08-22,0.2940666833348586,NORMAL,4,8,False
2014-08-23,0.3368186157744354,NORMAL,4,8,False
2014-08-24,0.2351826231603692,NORMAL,4,8,False
2014-08-25,0.2080856644314329,NORMAL,4,8,False
2014-08-26,0.1962584737936514,NORMAL,4,8,False
2014-08-27,0.1068184432667515,NORMAL,5,8,False
2014-08-28,0.3830404208482613,NORMAL,5,8,False
2014-08-29,0.1775368923107457,NORMAL,4,8,False
2014-08-30,0.043660766524277,NORMAL,4,8,False
2014-08-31,0.0706865498939663,NORMAL,4,8,False
2014-09-01,0.0588775497492431,NORMAL,4,9,False
2014-09-02,0.1906686996019899,NORMAL,4,9,False
2014-09-03,0.1204066781102201,NORMAL,5,9,False
2014-09-04,0.3150761658561727,NORMAL,5,9,False
2014-09-05,0.1216563295293814,NORMAL,4,9,False
2014-09-06,0.0578936276534972,NORMAL,4,9,False
2014-09-07,0.1608270213915831,NORMAL,4,9,False
2014-09-08,0.5522358725296578,WARNING,4,9,True
2014-09-09,0.3323386363468233,NORMAL,4,9,False
2014-09-10,0.4169106608817655,NORMAL,5,9,False
2014-09-11,0.5020069239772078,NORMAL,5,9,False
2014-09-12,0.4674967402953011,NORMAL,4,9,False
2014-09-13,0.3153609490516239,NORMAL,4,9,False
2014-09-14,0.1305194290887029,NORMAL,4,9,False
2014-09-15,0.1340003752674423,NORMAL,4,9,False
2014-09-16,0.2850904310487956,NORMAL,4,9,False
2014-09-17,0.3049787069896227,NORMAL,5,9,False
2014-09-18,0.2551503372236982,NORMAL,5,9,False
2014-09-19,0.0333676291424879,NORMAL,4,9,False
2014-09-20,0.0846515523663289,NORMAL,4,9,False
2014-09-21,0.1640319174846585,NORMAL,4,9,False
2014-09-22,0.1323497047945639,NORMAL,4,9,False
2014-09-23,0.1277699606522123,NORMAL,4,9,False
2014-09-24,0.2352713899120566,NORMAL,5,9,False
2014-09-25,0.0741615561532324,NORMAL,5,9,False
2014-09-26,0.3090713558168272,NORMAL,4,9,False
2014-09-27,0.4652787739042498,NORMAL,4,9,False
2014-09-28,0.1150226072734199,NORMAL,4,9,False
2014-09-29,0.1623584106505713,NORMAL,4,9,False
2014-09-30,0.125220684094681,NORMAL,4,9,False
2014-10-01,0.2940860638821567,NORMAL,5,10,False
2014-10-02,0.4156673844268249,NORMAL,5,10,False
2014-10-03,0.1729289909147195,NORMAL,4,10,False
2014-10-04,0.0672184765134128,NORMAL,4,10,False
2014-10-05,0.1163185544232455,NORMAL,4,10,False
2014-10-06,0.1423301100360633,NORMAL,4,10,False
2014-10-07,0.3582017879690656,NORMAL,4,10,False
2014-10-08,0.1914267538986955,NORMAL,5,10,False
2014-10-09,0.034542120320793,NORMAL,5,10,False
2014-10-10,0.3003790261204951,NORMAL,4,10,False
2014-10-11,0.3271272595876475,NORMAL,4,10,False
2014-10-12,0.0628016350804079,NORMAL,4,10,False
2014-10-13,0.0637469448465895,NORMAL,4,10,False
2014-10-14,0.472020467340452,NORMAL,4,10,False
2014-10-15,0.7342623996904339,CRITICAL,5,10,True
2014-10-16,0.3826564542538568,NORMAL,5,10,False
2014-10-17,0.2200287637367324,NORMAL,4,10,False
2014-10-18,0.3907605019147042,NORMAL,4,10,False
2014-10-19,0.7034269868468034,CRITICAL,4,10,True
2014-10-20,0.074898098525648,NORMAL,4,10,False
2014-10-21,0.1659075835462973,NORMAL,4,10,False
2014-10-22,0.4106061466529588,NORMAL,5,10,False
2014-10-23,0.8156684067280073,CRITICAL,5,10,True
2014-10-24,0.7652917388658027,CRITICAL,4,10,True
2014-10-25,0.6406012432166914,WARNING,4,10,True
2014-10-26,0.5749981158127231,WARNING,4,10,True
2014-10-27,0.0341964439413301,NORMAL,4,10,False
2014-10-28,0.0721345984893506,NORMAL,4,10,False
2014-10-29,0.3134329799354927,NORMAL,5,10,False
2014-10-30,0.1183940941657735,NORMAL,5,10,False
2014-10-31,0.2316178126162208,NORMAL,4,10,False
2014-11-01,0.6785668379369374,CRITICAL,4,11,True
2014-11-02,0.8263948995600351,CRITICAL,4,11,True
2014-11-03,0.7025565252114373,CRITICAL,4,11,True
2014-11-04,0.674311959762182,WARNING,4,11,True
2014-11-05,0.3273412769712149,NORMAL,5,11,False
2014-11-06,0.4396286950899864,NORMAL,5,11,False
2014-11-07,0.2147884122090859,NORMAL,4,11,False
2014-11-16,0.2007815345696393,NORMAL,4,11,False
2014-11-17,0.2200019881324526,NORMAL,4,11,False
2014-11-18,0.2886183542081913,NORMAL,4,11,False
2014-11-19,0.3163065807900279,NORMAL,5,11,False
2014-11-20,0.7739435216167658,CRITICAL,5,11,True
2014-11-21,0.8015390805463287,CRITICAL,4,11,True
2014-11-22,0.3153393933786483,NORMAL,4,11,False
2014-11-23,0.6202562373214092,WARNING,4,11,True
2014-11-24,0.3430680090007442,NORMAL,4,11,False
2014-11-25,0.5659925054380354,NORMAL,4,11,False
2014-11-26,0.978795745110854,CRITICAL,5,11,True
2014-11-27,0.1854967813724407,NORMAL,5,11,False
2014-11-28,0.0761070047840012,NORMAL,4,11,False
2014-11-29,0.2730440998261104,NORMAL,4,11,False
2014-11-30,0.6990811278777106,WARNING,4,11,True
2014-12-01,0.7517884354351927,CRITICAL,4,12,True
2014-12-02,0.8609065365729561,CRITICAL,4,12,True
2014-12-03,0.1657083828611695,NORMAL,5,12,False
2014-12-04,0.1381699639575704,NORMAL,5,12,False
2014-12-05,0.082039621780551,NORMAL,4,12,False
2014-12-06,0.2744953529407833,NORMAL,4,12,False
2014-12-07,0.3113301423101258,NORMAL,4,12,False
2014-12-08,0.3807273036652511,NORMAL,4,12,False
2014-12-09,0.399099829701549,NORMAL,4,12,False
2014-12-10,0.9049964512139704,CRITICAL,5,12,True
2014-12-11,0.4971401652018276,NORMAL,5,12,False
2014-12-12,0.740586260877797,WARNING,4,12,True
2014-12-13,0.4890389280500221,NORMAL,4,12,False
2014-12-14,0.2901970987081934,NORMAL,4,12,False
2014-12-15,0.3015255283471087,NORMAL,4,12,False
2014-12-16,0.4361534145493909,NORMAL,4,12,False
2014-12-17,0.1947682823664267,NORMAL,5,12,False
2014-12-18,0.3839052433713839,NORMAL,5,12,False
2014-12-19,0.2970842642492321,NORMAL,4,12,False
2014-12-20,0.1707797206895505,NORMAL,4,12,False
2014-12-21,0.4776736340298655,NORMAL,4,12,False
2014-12-22,0.357377360686569,NORMAL,4,12,False
2014-12-23,0.2901470281448183,NORMAL,4,12,False
2014-12-24,0.2954979863523965,NORMAL,5,12,False
2014-12-25,0.1808214883867633,NORMAL,5,12,False
2014-12-26,0.2737060816473147,NORMAL,4,12,False
2014-12-27,0.133023336292638,NORMAL,4,12,False
2014-12-28,0.3720948368229998,NORMAL,4,12,False
2014-12-29,0.3809503406335923,NORMAL,4,12,False
2014-12-30,0.2948448818723452,NORMAL,4,12,False
2014-12-31,0.0923688497402906,NORMAL,5,12,False
2015-01-01,0.151251760130784,NORMAL,5,1,False
2015-01-02,0.0639500524635726,NORMAL,4,1,False
2015-01-03,0.2825372974960514,NORMAL,4,1,False
2015-01-04,0.1942088684336271,NORMAL,4,1,False
2015-01-05,0.3013232747967175,NORMAL,4,1,False
2015-01-06,0.1024611586883102,NORMAL,4,1,False
2015-01-07,0.9965708736906258,CRITICAL,5,1,True
2015-01-08,0.6053309026489344,NORMAL,5,1,False
2015-01-09,0.3116894900364317,NORMAL,4,1,False
2015-01-10,0.3630805658997535,NORMAL,4,1,False
2015-01-11,0.6033587512773134,NORMAL,4,1,False
2015-01-12,0.7020379288562669,NORMAL,4,1,False
2015-01-13,0.5364797961442465,NORMAL,4,1,False
2015-01-14,0.1063099216237712,NORMAL,5,1,False
2015-01-15,0.1442226336541174,NORMAL,5,1,False
2015-01-16,0.4109147342634914,NORMAL,4,1,False
2015-01-17,0.3706656216580525,NORMAL,4,1,False
2015-01-18,0.4634883476602972,NORMAL,4,1,False
2015-01-19,0.3386886361671907,NORMAL,4,1,False
2015-01-20,0.2733729342932149,NORMAL,4,1,False
2015-01-21,0.0722131614412568,NORMAL,5,1,False
2015-01-22,0.2202557337030975,NORMAL,5,1,False
2015-01-23,0.4925292298225691,NORMAL,4,1,False
2015-01-24,0.2359785048806505,NORMAL,4,1,False
2015-01-25,0.2907267626540964,NORMAL,4,1,False
2015-01-26,0.3128429151316074,NORMAL,4,1,False
2015-01-27,0.1768448533415555,NORMAL,4,1,False
2015-01-28,0.1773507476519931,NORMAL,5,1,False
2015-01-29,0.2929602569619907,NORMAL,5,1,False
2015-01-30,0.1843608757548543,NORMAL,4,1,False
2015-01-31,0.1069920061210506,NORMAL,4,1,False
2015-02-01,0.1140063334804797,NORMAL,4,2,False
2015-02-02,0.1323296348040053,NORMAL,4,2,False
2015-02-03,0.0894812071483479,NORMAL,4,2,False
2015-02-04,0.460276928701904,WARNING,5,2,True
2015-02-05,0.5757686804295914,WARNING,5,2,True
2015-02-06,0.8968744933983901,CRITICAL,4,2,True
2015-02-07,0.4519219109858273,NORMAL,4,2,False
2015-02-08,0.3287011088255758,NORMAL,4,2,False
2015-02-09,0.4937143842892178,NORMAL,4,2,False
2015-02-10,0.666694614625222,WARNING,4,2,True
2015-02-11,0.3524953575957196,NORMAL,5,2,False
2015-02-12,0.303645328741608,NORMAL,5,2,False
2015-02-13,0.35398901431646,NORMAL,4,2,False
2015-02-14,0.2185144325708418,NORMAL,4,2,False
2015-02-15,0.1598304353962836,NORMAL,4,2,False
2015-02-16,0.1803086280312665,NORMAL,4,2,False
2015-02-17,0.1243163890293278,NORMAL,4,2,False
2015-02-18,0.387321829768795,NORMAL,5,2,False
2015-02-19,0.3073351772916411,NORMAL,5,2,False
2015-02-20,0.0484182139776261,NORMAL,4,2,False
2015-02-21,0.3755568503363723,NORMAL,4,2,False
2015-02-22,0.6275944715013185,WARNING,4,2,True
2015-02-23,0.3825395053168581,NORMAL,4,2,False
2015-02-24,0.1834297547622878,NORMAL,4,2,False
2015-02-25,0.1149150414750853,NORMAL,5,2,False
2015-02-26,0.0434651938348308,NORMAL,5,2,False
2015-02-27,0.3181275637122744,NORMAL,4,2,False
2015-02-28,0.0844146437245046,NORMAL,4,2,False
2015-03-01,0.3327097588624982,CRITICAL,4,3,True
2015-03-02,0.1869893007621854,NORMAL,4,3,False
2015-03-03,0.1206249815805172,NORMAL,4,3,False
2015-03-04,0.3269332240204995,CRITICAL,5,3,True
2015-03-05,0.3371082802393633,CRITICAL,5,3,True
2015-03-06,0.109683910590192,NORMAL,4,3,False
2015-03-07,0.0986004548042676,NORMAL,4,3,False
2015-03-08,0.2622351695000398,NORMAL,4,3,False
2015-03-09,0.299046198269546,WARNING,4,3,True
2015-03-10,0.2266046965989714,NORMAL,4,3,False
2015-03-11,0.4261156252445616,CRITICAL,5,3,True
2015-03-12,0.3449510399434931,CRITICAL,5,3,True
2015-03-13,0.0239086675676882,NORMAL,4,3,False
2015-03-14,0.0324165820489622,NORMAL,4,3,False
2015-03-15,0.2364315546989487,NORMAL,4,3,False
2015-03-16,0.1485407547408813,NORMAL,4,3,False
2015-03-17,0.1213884735305852,NORMAL,4,3,False
2015-03-18,0.1251358554053096,NORMAL,5,3,False
2015-03-19,0.2376369951999384,NORMAL,5,3,False
2015-03-20,0.046457090927638,NORMAL,4,3,False
2015-03-21,0.1023480874175213,NORMAL,4,3,False
2015-03-22,0.1746440953962658,NORMAL,4,3,False
2015-03-23,0.4720627678147026,CRITICAL,4,3,True
2015-03-24,0.5908501953875286,CRITICAL,4,3,True
2015-03-25,0.1370626123879322,NORMAL,5,3,False
2015-03-26,0.3207243413379759,NORMAL,5,3,False
2015-03-27,0.4045499640054337,CRITICAL,4,3,True
2015-03-28,0.338491548229176,WARNING,4,3,True
2015-03-29,0.2749723646482732,NORMAL,4,3,False
2015-03-30,0.2963080149075063,NORMAL,4,3,False
2015-03-31,0.1600867135671582,NORMAL,4,3,False
2015-04-01,0.2289535903729092,NORMAL,5,4,False
2015-04-02,0.483453527515757,NORMAL,5,4,False
2015-04-03,0.2130757344609898,NORMAL,4,4,False
2015-04-04,0.0881668637973473,NORMAL,4,4,False
2015-04-05,0.2360158392332484,NORMAL,4,4,False
2015-04-06,0.135166718942954,NORMAL,4,4,False
2015-04-07,0.1479007996973168,NORMAL,4,4,False
2015-04-08,0.2126201434022537,NORMAL,5,4,False
2015-04-09,0.1542607241492938,NORMAL,5,4,False
2015-04-10,0.1956561287835941,NORMAL,4,4,False
2015-04-11,0.4066798578552165,NORMAL,4,4,False
2015-04-12,0.5293935760258106,WARNING,4,4,True
2015-04-13,0.0504996787338004,NORMAL,4,4,False
2015-04-14,0.3947208411446489,NORMAL,4,4,False
2015-04-15,0.714464360402967,CRITICAL,5,4,True
2015-04-16,0.5679992190078155,WARNING,5,4,True
2015-04-17,0.3122105228764267,NORMAL,4,4,False
2015-04-18,0.043231231244936,NORMAL,4,4,False
2015-04-19,0.157304429894017,NORMAL,4,4,False
2015-04-20,0.2565486934309182,NORMAL,4,4,False
2015-04-21,0.1356873959760635,NORMAL,4,4,False
2015-04-22,0.0526313558148415,NORMAL,5,4,False
2015-04-23,0.0095795292937393,NORMAL,5,4,False
2015-04-24,0.3410311729633249,NORMAL,4,4,False
2015-04-25,0.061223972226075,NORMAL,4,4,False
2015-04-26,0.2849241515944818,NORMAL,4,4,False
2015-04-27,0.0729630428976236,NORMAL,4,4,False
2015-04-28,0.2817205316107915,NORMAL,4,4,False
2015-04-29,0.1931847190933247,NORMAL,5,4,False
2015-04-30,0.1652115819660888,NORMAL,5,4,False
2015-05-01,0.1211669420188494,NORMAL,4,5,False
2015-05-02,0.3163512380094751,NORMAL,4,5,False
2015-05-03,0.0512117259369458,NORMAL,4,5,False
2015-05-04,0.0801030576808371,NORMAL,4,5,False
2015-05-05,0.2177866867135238,NORMAL,4,5,False
2015-05-06,0.6060317608537248,WARNING,5,5,True
2015-05-07,0.4464006687672388,NORMAL,5,5,False
2015-05-08,0.5303592640441807,NORMAL,4,5,False
2015-05-09,0.693284092845749,CRITICAL,4,5,True
2015-05-10,0.7489370674960926,CRITICAL,4,5,True
2015-05-11,0.4623171164792528,NORMAL,4,5,False
2015-05-12,0.4482383571534389,NORMAL,4,5,False
2015-05-13,0.1301255629947702,NORMAL,5,5,False
2015-05-14,0.4934596254097223,NORMAL,5,5,False
2015-05-15,0.344530163385062,NORMAL,4,5,False
2015-05-16,0.1995059043099602,NORMAL,4,5,False
2015-05-17,0.2909634954077469,NORMAL,4,5,False
2015-05-18,0.1760509515214521,NORMAL,4,5,False
2015-05-19,0.2461585331507273,NORMAL,4,5,False
2015-05-20,0.4730157146230011,NORMAL,5,5,False
2015-05-21,0.3154759069359857,NORMAL,5,5,False
2015-05-22,0.3993783206358315,NORMAL,4,5,False
2015-05-23,0.4933414112218843,NORMAL,4,5,False
2015-05-24,0.4381208414639796,NORMAL,4,5,False
2015-05-25,0.6671491747631261,WARNING,4,5,True
2015-05-26,0.7874128587764608,CRITICAL,4,5,True
2015-05-27,0.2441267338617436,NORMAL,5,5,False
2015-05-28,0.0763310828898135,NORMAL,5,5,False
2015-05-29,0.1504056780159446,NORMAL,4,5,False
2015-05-30,0.235659072394489,NORMAL,4,5,False
2015-05-31,0.2161678051131941,NORMAL,4,5,False
2015-06-01,0.174807092024693,NORMAL,4,6,False
2015-06-02,0.4664438127977808,NORMAL,4,6,False
2015-06-03,0.056588833074676,NORMAL,5,6,False
2015-06-04,0.0830856530330075,NORMAL,5,6,False
2015-06-05,0.2743120276035649,NORMAL,4,6,False
2015-06-06,0.4091388587957628,NORMAL,4,6,False
2015-06-07,0.1247593954306744,NORMAL,4,6,False
2015-06-08,0.1310909330698216,NORMAL,4,6,False
2015-06-09,0.1361731581041059,NORMAL,4,6,False
2015-06-10,0.583817529408236,CRITICAL,5,6,True
2015-06-11,0.3605697251102446,NORMAL,5,6,False
2015-06-12,0.2120700165752991,NORMAL,4,6,False
2015-06-13,0.3253690924859636,NORMAL,4,6,False
2015-06-14,0.2845812332459795,NORMAL,4,6,False
2015-06-15,0.2300375560587948,NORMAL,4,6,False
2015-06-16,0.2515251427884946,NORMAL,4,6,False
2015-06-17,0.1446135884058456,NORMAL,5,6,False
2015-06-18,0.3007830258160292,NORMAL,5,6,False
2015-06-19,0.5441443065852939,WARNING,4,6,True
2015-06-20,0.4310979174915277,NORMAL,4,6,False
2015-06-21,0.1728004036758381,NORMAL,4,6,False
2015-06-22,0.1297117098432011,NORMAL,4,6,False
2015-06-23,0.4160733937050659,NORMAL,4,6,False
2015-06-24,0.0887071728131692,NORMAL,5,6,False
2015-06-25,0.2947822497049652,NORMAL,5,6,False
2015-06-26,0.1206112772234209,NORMAL,4,6,False
2015-06-27,0.2082283842495314,NORMAL,4,6,False
2015-06-28,0.1572980108271369,NORMAL,4,6,False
2015-06-29,0.100536545622529,NORMAL,4,6,False
2015-06-30,0.2029465940793805,NORMAL,4,6,False
2015-07-01,0.270427008885262,NORMAL,5,7,False
2015-07-02,0.3063821900895059,NORMAL,5,7,False
2015-07-03,0.495274236882513,NORMAL,4,7,False
2015-07-04,0.5297524208281913,WARNING,4,7,True
2015-07-05,0.6663396711267677,CRITICAL,4,7,True
2015-07-06,0.5327924073334435,NORMAL,4,7,False
2015-07-07,0.5994956730559707,WARNING,4,7,True
2015-07-08,0.4294789581883634,NORMAL,5,7,False
2015-07-09,0.4681296638775117,NORMAL,5,7,False
2015-07-10,0.3250623883204076,NORMAL,4,7,False
2015-07-11,0.1067820360216337,NORMAL,4,7,False
2015-07-12,0.300053032590965,NORMAL,4,7,False
2015-07-13,0.4040220102504567,NORMAL,4,7,False
2015-07-14,0.192729563471845,NORMAL,4,7,False
2015-07-15,0.6203089620123283,WARNING,5,7,True
2015-07-16,0.3625618937693068,NORMAL,5,7,False
2015-07-17,0.2521112544908962,NORMAL,4,7,False
2015-07-18,0.2097367365874102,NORMAL,4,7,False
2015-07-19,0.3572343583684521,NORMAL,4,7,False
2015-07-20,0.3145383026760283,NORMAL,4,7,False
2015-07-21,0.1532568794090943,NORMAL,4,7,False
2015-07-22,0.1009332157880343,NORMAL,5,7,False
2015-07-23,0.1100078158342816,NORMAL,5,7,False
2015-07-24,0.309655257530523,NORMAL,4,7,False
2015-07-25,0.3814172377531837,NORMAL,4,7,False
2015-07-26,0.3711054896919208,NORMAL,4,7,False
2015-07-27,0.2696202729410007,NORMAL,4,7,False
2015-07-28,0.1951816113256448,NORMAL,4,7,False
2015-07-29,0.4171809723870925,NORMAL,5,7,False
2015-07-30,0.4623989617169951,NORMAL,5,7,False
2015-07-31,0.5350736705323683,WARNING,4,7,True
2015-08-01,0.5055776829594489,CRITICAL,4,8,True
2015-08-02,0.1894374294178777,NORMAL,4,8,False
2015-08-03,0.1304857410984436,NORMAL,4,8,False
2015-08-04,0.1255570635811208,NORMAL,4,8,False
2015-08-05,0.2547523406878273,NORMAL,5,8,False
2015-08-06,0.4796107332653956,WARNING,5,8,True
2015-08-07,0.6101746522988712,CRITICAL,4,8,True
2015-08-08,0.3808686443136099,NORMAL,4,8,False
2015-08-09,0.3185031973747206,NORMAL,4,8,False
2015-08-10,0.2647142543377514,NORMAL,4,8,False
2015-08-11,0.2756788445594869,NORMAL,4,8,False
2015-08-12,0.1676568479170195,NORMAL,5,8,False
2015-08-13,0.1873683669878695,NORMAL,5,8,False
2015-08-14,0.1577563320964572,NORMAL,4,8,False
2015-08-15,0.1930265491244797,NORMAL,4,8,False
2015-08-16,0.1015997000295166,NORMAL,4,8,False
2015-08-17,0.1605256015623247,NORMAL,4,8,False
2015-08-18,0.1611161109698965,NORMAL,4,8,False
2015-08-19,0.0107286534184693,NORMAL,5,8,False
2015-08-20,0.2283876593237055,NORMAL,5,8,False
2015-08-21,0.4632912960971291,NORMAL,4,8,False
2015-08-22,0.5286790958962867,CRITICAL,4,8,True
2015-08-23,0.3517398828961452,NORMAL,4,8,False
2015-08-24,0.3359591579896236,NORMAL,4,8,False
2015-08-25,0.4586750250934318,NORMAL,4,8,False
2015-08-26,0.4475349762005615,NORMAL,5,8,False
2015-08-27,0.7000727009542341,CRITICAL,5,8,True
2015-08-28,0.5923926540032352,CRITICAL,4,8,True
2015-08-29,0.6176225755358711,CRITICAL,4,8,True
2015-08-30,0.6117653192584636,CRITICAL,4,8,True
2015-08-31,0.5663891478415098,WARNING,4,8,True
2015-09-01,0.6609558244573807,CRITICAL,4,9,True
2015-09-02,0.2391907507585537,NORMAL,5,9,False
2015-09-03,0.0609633987071965,NORMAL,5,9,False
2015-09-04,0.174590338054803,NORMAL,4,9,False
2015-09-05,0.1719157274306315,NORMAL,4,9,False
2015-09-06,0.3103874967539595,NORMAL,4,9,False
2015-09-07,0.2950399650862021,NORMAL,4,9,False
2015-09-08,0.2585489536618265,NORMAL,4,9,False
2015-09-09,0.1331733021655855,NORMAL,5,9,False
2015-09-10,0.15004334567092,NORMAL,5,9,False
2015-09-11,0.5527584996499562,CRITICAL,4,9,True
2015-09-12,0.7749786082149686,CRITICAL,4,9,True
2015-09-13,0.5703323445798987,CRITICAL,4,9,True
2015-09-14,0.3401158442151722,NORMAL,4,9,False
2015-09-15,0.3027912712319845,NORMAL,4,9,False
2015-09-16,0.1590718704084157,NORMAL,5,9,False
2015-09-17,0.0418368846779279,NORMAL,5,9,False
2015-09-18,0.2176825382478476,NORMAL,4,9,False
2015-09-19,0.3223426369323603,NORMAL,4,9,False
2015-09-20,0.3968006008217096,NORMAL,4,9,False
2015-09-21,0.5172707219819832,WARNING,4,9,True
2015-09-22,0.5860542352519318,CRITICAL,4,9,True
2015-09-23,0.0229057267212243,NORMAL,5,9,False
2015-09-24,0.0368186318721575,NORMAL,5,9,False
2015-09-25,0.2642495277857345,NORMAL,4,9,False
2015-09-26,0.2580290120080874,NORMAL,4,9,False
2015-09-27,0.1195997059579296,NORMAL,4,9,False
2015-09-28,0.2565213378356142,NORMAL,4,9,False
2015-09-29,0.3618842249581528,NORMAL,4,9,False
2015-09-30,0.5139758579409742,NORMAL,5,9,False
2015-10-01,1.1420895002214586,CRITICAL,5,10,True
2015-10-02,1.1341592065891104,CRITICAL,4,10,True
2015-10-03,0.4436427562991306,NORMAL,4,10,False
2015-10-04,0.0945850049082986,NORMAL,4,10,False
2015-10-05,0.3667440218678514,NORMAL,4,10,False
2015-10-06,0.3775646705559966,NORMAL,4,10,False
2015-10-07,0.2260205287462384,NORMAL,5,10,False
2015-10-08,0.315025172307668,NORMAL,5,10,False
2015-10-09,0.3081074843350054,NORMAL,4,10,False
2015-10-10,0.5204240754321486,NORMAL,4,10,False
2015-10-11,0.4247640663180082,NORMAL,4,10,False
2015-10-12,0.2223185093038425,NORMAL,4,10,False
2015-10-13,0.1363906663432822,NORMAL,4,10,False
2015-10-14,0.016614396699215,NORMAL,5,10,False
2015-10-15,0.03915934741109,NORMAL,5,10,False
2015-10-16,0.1161753311619727,NORMAL,4,10,False
2015-10-17,0.0755522552567917,NORMAL,4,10,False
2015-10-18,0.3064598136861438,NORMAL,4,10,False
2015-10-19,0.1758872151641867,NORMAL,4,10,False
2015-10-20,0.1540312752377045,NORMAL,4,10,False
2015-10-21,0.1951116002759362,NORMAL,5,10,False
2015-10-22,0.2669639495311683,NORMAL,5,10,False
2015-10-23,0.490741686569308,NORMAL,4,10,False
2015-10-24,0.1136174088461476,NORMAL,4,10,False
2015-10-25,0.2626933757907334,NORMAL,4,10,False
2015-10-26,0.4318750537200385,NORMAL,4,10,False
2015-10-27,0.5951105195813943,NORMAL,4,10,False
2015-10-28,0.0173110269519116,NORMAL,5,10,False
2015-10-29,0.1334573018857067,NORMAL,5,10,False
2015-10-30,0.2863306101982428,NORMAL,4,10,False
2015-10-31,0.3281469742165187,NORMAL,4,10,False
2015-11-01,0.1164879850606272,NORMAL,4,11,False
2015-11-02,0.1038072347636673,NORMAL,4,11,False
2015-11-03,0.1040270992223055,NORMAL,4,11,False
2015-11-04,0.1635919864630704,NORMAL,5,11,False
2015-11-05,0.7158826567459243,CRITICAL,5,11,True
2015-11-06,0.9320688411551208,CRITICAL,4,11,True
2015-11-07,0.7037298471110497,CRITICAL,4,11,True
2015-11-08,0.3157089654812779,NORMAL,4,11,False
2015-11-09,0.1994339923650272,NORMAL,4,11,False
2015-11-10,0.334926803112182,NORMAL,4,11,False
2015-11-11,0.0229593647829688,NORMAL,5,11,False
2015-11-12,0.2416915311645411,NORMAL,5,11,False
2015-11-13,0.5532184513647398,NORMAL,4,11,False
2015-11-14,0.7944137592938718,WARNING,4,11,True
2015-11-15,0.4856804076048793,NORMAL,4,11,False
2015-11-16,0.3267314433967127,NORMAL,4,11,False
2015-11-17,0.2562091317032341,NORMAL,4,11,False
2015-11-18,0.248243413494463,NORMAL,5,11,False
2015-11-19,0.0822960353219312,NORMAL,5,11,False
2015-11-20,0.0663032787600558,NORMAL,4,11,False
2015-11-21,0.2001059471232403,NORMAL,4,11,False
2015-11-22,0.3228284854325083,NORMAL,4,11,False
2015-11-23,0.2314748790322086,NORMAL,4,11,False
2015-11-24,0.1504240303594358,NORMAL,4,11,False
2015-11-25,0.4290442022811088,NORMAL,5,11,False
2015-11-26,0.5337379080912511,NORMAL,5,11,False
2015-11-27,0.6402009905974757,NORMAL,4,11,False
2015-11-28,0.3467868281400639,NORMAL,4,11,False
2015-11-29,0.4263445764702305,NORMAL,4,11,False
2015-11-30,0.518192874907838,NORMAL,4,11,False
2015-12-01,0.5269779034368315,NORMAL,4,12,False
2015-12-02,1.086313326931137,CRITICAL,5,12,True
2015-12-03,1.151835456485609,CRITICAL,5,12,True
2015-12-04,0.9601823507927648,WARNING,4,12,True
2015-12-05,0.4374774365391009,NORMAL,4,12,False
2015-12-06,0.1314432182115221,NORMAL,4,12,False
2015-12-07,0.2024819509574032,NORMAL,4,12,False
2015-12-08,0.2156820150856868,NORMAL,4,12,False
2015-12-09,0.0931845365787917,NORMAL,5,12,False
2015-12-10,0.0425510012330692,NORMAL,5,12,False
2015-12-11,0.1411478429869828,NORMAL,4,12,False
2015-12-12,0.0602519741921641,NORMAL,4,12,False
2015-12-13,0.1146603115282792,NORMAL,4,12,False
2015-12-14,0.3130135959620284,NORMAL,4,12,False
2015-12-15,0.4675631949779201,NORMAL,4,12,False
2015-12-16,0.0419518043426637,NORMAL,5,12,False
2015-12-17,0.1189104072730177,NORMAL,5,12,False
2015-12-18,0.3025518799913192,NORMAL,4,12,False
2015-12-19,0.2984934262297216,NORMAL,4,12,False
2015-12-20,0.1114720763201071,NORMAL,4,12,False
2015-12-21,0.1239471683522441,NORMAL,4,12,False
2015-12-22,0.232520372283245,NORMAL,4,12,False
2015-12-23,0.5254119691255023,NORMAL,5,12,False
2015-12-24,0.2162254553436319,NORMAL,5,12,False
2015-12-25,0.421875400419804,NORMAL,4,12,False
2015-12-26,0.1480109689028841,NORMAL,4,12,False
2015-12-27,0.0584793205354554,NORMAL,4,12,False
2015-12-28,0.0787561956301809,NORMAL,4,12,False
2015-12-29,0.0524974590463268,NORMAL,4,12,False
2015-12-30,0.0541445657714397,NORMAL,5,12,False
2015-12-31,0.0159919633097629,NORMAL,5,12,False
2016-01-01,0.4505235503119595,NORMAL,4,1,False
2016-01-02,0.2609142043204104,NORMAL,4,1,False
2016-01-03,0.2797199460928035,NORMAL,4,1,False
2016-01-04,0.3567968816708385,NORMAL,4,1,False
2016-01-05,0.2896270990412,NORMAL,4,1,False
2016-01-06,0.0552417736772266,NORMAL,5,1,False
2016-01-07,0.1947973129860998,NORMAL,5,1,False
2016-01-08,0.2752505661133541,NORMAL,4,1,False
2016-01-09,0.3710590994445443,NORMAL,4,1,False
2016-01-10,0.0775097747415122,NORMAL,4,1,False
2016-01-11,0.0829582783520084,NORMAL,4,1,False
2016-01-12,0.2360066269559544,NORMAL,4,1,False
2016-01-13,0.3167829925180185,NORMAL,5,1,False
2016-01-14,0.019097296016944,NORMAL,5,1,False
2016-01-15,0.1748472741845614,NORMAL,4,1,False
2016-01-16,0.3346922223280956,NORMAL,4,1,False
2016-01-17,0.1540879977301541,NORMAL,4,1,False
2016-01-18,0.1649314846726794,NORMAL,4,1,False
2016-01-19,0.1258152461480075,NORMAL,4,1,False
2016-01-20,0.3411804244383784,NORMAL,5,1,False
2016-01-21,0.2923108084815613,NORMAL,5,1,False
2016-01-22,0.3181386850623942,NORMAL,4,1,False
2016-01-23,0.1725559028999474,NORMAL,4,1,False
2016-01-24,0.1817134720286594,NORMAL,4,1,False
2016-01-25,0.3613201469557517,NORMAL,4,1,False
2016-01-26,0.3197895641478718,NORMAL,4,1,False
2016-01-27,0.1283186482394435,NORMAL,5,1,False
2016-01-28,0.3641480721202904,NORMAL,5,1,False
2016-01-29,0.4604282367452914,NORMAL,4,1,False
2016-01-30,0.1718505955393484,NORMAL,4,1,False
2016-01-31,0.1536391285713677,NORMAL,4,1,False
2016-02-01,0.0565509639147925,NORMAL,4,2,False
2016-02-02,0.0543630966400357,NORMAL,4,2,False
2016-02-03,0.5506189318648139,WARNING,5,2,True
2016-02-04,0.5169796092775419,NORMAL,5,2,False
2016-02-05,0.3364227824983048,NORMAL,4,2,False
2016-02-06,0.4264714853890223,NORMAL,4,2,False
2016-02-07,0.5884149150618732,WARNING,4,2,True
2016-02-08,0.7515236353033772,CRITICAL,4,2,True
2016-02-09,0.3849197416958564,NORMAL,4,2,False
2016-02-10,0.3514258331394995,NORMAL,5,2,False
2016-02-11,0.3452251721673768,NORMAL,5,2,False
2016-02-12,0.3754910255574576,NORMAL,4,2,False
2016-02-13,0.0858745052095814,NORMAL,4,2,False
2016-02-14,0.1792528969815258,NORMAL,4,2,False
2016-02-15,0.4707521505647791,NORMAL,4,2,False
2016-02-16,0.4601183244783448,NORMAL,4,2,False
2016-02-17,0.2250305945454367,NORMAL,5,2,False
2016-02-18,0.0185999847540064,NORMAL,5,2,False
2016-02-19,0.1682592179363969,NORMAL,4,2,False
2016-02-20,0.2118361184009783,NORMAL,4,2,False
2016-02-21,0.336381968165137,NORMAL,4,2,False
2016-02-22,0.4585984693088549,NORMAL,4,2,False
2016-02-23,0.5422162672528433,NORMAL,4,2,False
2016-02-24,0.1860717896616821,NORMAL,5,2,False
2016-02-25,0.2307582651143933,NORMAL,5,2,False
2016-02-26,0.3232704345371273,NORMAL,4,2,False
2016-02-27,0.1942607538792359,NORMAL,4,2,False
2016-02-28,0.1588840684950181,NORMAL,4,2,False
2016-02-29,0.194640387897545,NORMAL,4,2,False
2016-03-01,0.4128632376755781,CRITICAL,4,3,True
2016-03-02,0.08849640459434,NORMAL,5,3,False
2016-03-03,0.2686084646950306,NORMAL,5,3,False
2016-03-04,0.2399353810736695,NORMAL,4,3,False
2016-03-05,0.5088268874663412,CRITICAL,4,3,True
2016-03-06,0.5345764289585374,CRITICAL,4,3,True
2016-03-07,0.3899866708825059,WARNING,4,3,True
2016-03-08,0.3026633320428067,NORMAL,4,3,False
2016-03-09,0.1722373573493192,NORMAL,5,3,False
2016-03-10,0.0227419635034878,NORMAL,5,3,False
2016-03-11,0.1781729555602453,NORMAL,4,3,False
2016-03-12,0.3986465251538703,WARNING,4,3,True
2016-03-13,0.0910619496266569,NORMAL,4,3,False
2016-03-14,0.1522261866898198,NORMAL,4,3,False
2016-03-15,0.4044349487528337,WARNING,4,3,True
2016-03-16,0.1639087949840381,NORMAL,5,3,False
2016-03-17,0.2866131872086568,NORMAL,5,3,False
2016-03-18,0.2958956313054831,NORMAL,4,3,False
2016-03-19,0.3365816635584929,NORMAL,4,3,False
2016-03-20,0.3164040580481398,NORMAL,4,3,False
2016-03-21,0.2158876545902109,NORMAL,4,3,False
2016-03-22,0.1780090340205548,NORMAL,4,3,False
2016-03-23,0.2744125596993743,NORMAL,5,3,False
2016-03-24,0.3214586415738167,NORMAL,5,3,False
2016-03-25,0.0232819148153945,NORMAL,4,3,False
2016-03-26,0.1220371410705569,NORMAL,4,3,False
2016-03-27,0.1127455407803329,NORMAL,4,3,False
2016-03-28,0.4759509449765316,CRITICAL,4,3,True
2016-03-29,0.3692773833662642,NORMAL,4,3,False
2016-03-30,0.0313004474214151,NORMAL,5,3,False
2016-03-31,0.2638702958580391,NORMAL,5,3,False
2016-04-01,0.4568839053374616,NORMAL,4,4,False
2016-04-02,0.2040344073136889,NORMAL,4,4,False
2016-04-03,0.088323929176787,NORMAL,4,4,False
2016-04-04,0.243366507729372,NORMAL,4,4,False
2016-04-05,0.1963389973867043,NORMAL,4,4,False
2016-04-06,0.5546838390206513,WARNING,5,4,True
2016-04-07,0.6547279655404352,CRITICAL,5,4,True
2016-04-08,0.4382493085353954,NORMAL,4,4,False
2016-04-09,0.0856322402547712,NORMAL,4,4,False
2016-04-10,0.2802323572231165,NORMAL,4,4,False
2016-04-11,0.2287536178538238,NORMAL,4,4,False
2016-04-12,0.1813369987184811,NORMAL,4,4,False
2016-04-13,0.0238198223610823,NORMAL,5,4,False
2016-04-14,0.1975310138139009,NORMAL,5,4,False
2016-04-15,0.1613965764097677,NORMAL,4,4,False
2016-04-16,0.0908862689138483,NORMAL,4,4,False
2016-04-17,0.3615522415107413,NORMAL,4,4,False
2016-04-18,0.1530697434200158,NORMAL,4,4,False
2016-04-19,0.074874879136588,NORMAL,4,4,False
2016-04-20,0.4374455128414581,NORMAL,5,4,False
2016-04-21,0.8217005014278543,CRITICAL,5,4,True
2016-04-22,0.5637609826086293,WARNING,4,4,True
2016-04-23,0.0180335406261391,NORMAL,4,4,False
2016-04-24,0.2031757875073764,NORMAL,4,4,False
2016-04-25,0.4004397626201315,NORMAL,4,4,False
2016-04-26,0.5516505087179363,WARNING,4,4,True
2016-04-27,0.536555181434591,NORMAL,5,4,False
2016-04-28,0.3819189076312507,NORMAL,5,4,False
2016-04-29,0.32434114640381,NORMAL,4,4,False
2016-04-30,0.3883106283364603,NORMAL,4,4,False
2016-05-01,0.3685757451646315,NORMAL,4,5,False
2016-05-02,0.2994178519513151,NORMAL,4,5,False
2016-05-03,0.4345329027562944,NORMAL,4,5,False
2016-05-04,0.4290284354692463,NORMAL,5,5,False
2016-05-05,0.2694931746766616,NORMAL,5,5,False
2016-05-06,0.0882734816966233,NORMAL,4,5,False
2016-05-07,0.2777672679724012,NORMAL,4,5,False
2016-05-08,0.269642447069403,NORMAL,4,5,False
2016-05-09,0.2232567238991205,NORMAL,4,5,False
2016-05-10,0.222409497186018,NORMAL,4,5,False
2016-05-11,0.625428765536508,WARNING,5,5,True
2016-05-12,0.4713333483549223,NORMAL,5,5,False
2016-05-13,0.3301043020676265,NORMAL,4,5,False
2016-05-14,0.2953356832959314,NORMAL,4,5,False
2016-05-15,0.054857651493047,NORMAL,4,5,False
2016-05-16,0.1528574043805933,NORMAL,4,5,False
2016-05-17,0.0543300722533843,NORMAL,4,5,False
2016-05-18,0.0043000149677907,NORMAL,5,5,False
2016-05-19,0.3499720709794097,NORMAL,5,5,False
2016-05-20,0.5131530252579424,NORMAL,4,5,False
2016-05-21,0.8273549039050687,CRITICAL,4,5,True
2016-05-22,0.8770423709038688,CRITICAL,4,5,True
2016-05-23,0.5680493469817155,NORMAL,4,5,False
2016-05-24,0.0951010712315883,NORMAL,4,5,False
2016-05-25,0.1525677032940019,NORMAL,5,5,False
2016-05-26,0.2439034887978707,NORMAL,5,5,False
2016-05-27,0.2323668063887502,NORMAL,4,5,False
2016-05-28,0.1166866083776695,NORMAL,4,5,False
2016-05-29,0.2020644713696517,NORMAL,4,5,False
2016-05-30,0.2215315181697872,NORMAL,4,5,False
2016-05-31,0.4679055287468241,NORMAL,4,5,False
2016-06-01,0.0329975635038033,NORMAL,5,6,False
2016-06-02,0.0769011745553604,NORMAL,5,6,False
2016-06-03,0.0581722525146833,NORMAL,4,6,False
2016-06-04,0.3373612317707266,NORMAL,4,6,False
2016-06-05,0.3210550873826549,NORMAL,4,6,False
2016-06-06,0.4342788057778998,NORMAL,4,6,False
2016-06-07,0.4294818901863168,NORMAL,4,6,False
2016-06-08,0.0439060966879546,NORMAL,5,6,False
2016-06-09,0.227985406622244,NORMAL,5,6,False
2016-06-10,0.1110732860114264,NORMAL,4,6,False
2016-06-11,0.2809862389293833,NORMAL,4,6,False
2016-06-12,0.2665837905533003,NORMAL,4,6,False
2016-06-13,0.3053864126597863,NORMAL,4,6,False
2016-06-14,0.2276486865392124,NORMAL,4,6,False
2016-06-15,0.1329176635137019,NORMAL,5,6,False
2016-06-16,0.050238509226428,NORMAL,5,6,False
2016-06-17,0.068458726915004,NORMAL,4,6,False
2016-06-18,0.1320824757508546,NORMAL,4,6,False
2016-06-19,0.1096003588335097,NORMAL,4,6,False
2016-06-20,0.1113111290329598,NORMAL,4,6,False
2016-06-21,0.0588389971475266,NORMAL,4,6,False
2016-06-22,0.1000501357798971,NORMAL,5,6,False
2016-06-23,0.281969725902538,NORMAL,5,6,False
2016-06-24,0.3874539063874753,NORMAL,4,6,False
2016-06-25,0.1930596381353123,NORMAL,4,6,False
2016-06-26,0.1000555088937664,NORMAL,4,6,False
2016-06-27,0.0941703710604184,NORMAL,4,6,False
2016-06-28,0.1104228224588389,NORMAL,4,6,False
2016-06-29,0.098802421590536,NORMAL,5,6,False
2016-06-30,0.3612634719815924,NORMAL,5,6,False
2016-07-01,0.2886343937754301,NORMAL,4,7,False
2016-07-02,0.2397087067542589,NORMAL,4,7,False
2016-07-03,0.1708824233087627,NORMAL,4,7,False
2016-07-04,0.0842195584737568,NORMAL,4,7,False
2016-07-05,0.0935193633155017,NORMAL,4,7,False
2016-07-06,0.0650185308879804,NORMAL,5,7,False
2016-07-07,0.1784493423084975,NORMAL,5,7,False
2016-07-08,0.3241595318303634,NORMAL,4,7,False
2016-07-09,0.4557920861054494,NORMAL,4,7,False
2016-07-10,0.536950134103027,WARNING,4,7,True
2016-07-11,0.7699818862045378,CRITICAL,4,7,True
2016-07-12,0.7135849855550881,CRITICAL,4,7,True
2016-07-13,0.0527326662956933,NORMAL,5,7,False
2016-07-14,0.2607351786441829,NORMAL,5,7,False
2016-07-15,0.1077953523087164,NORMAL,4,7,False
2016-07-16,0.1038489536166946,NORMAL,4,7,False
2016-07-17,0.156344064532184,NORMAL,4,7,False
2016-07-18,0.1329277258365552,NORMAL,4,7,False
2016-07-19,0.1509157400329417,NORMAL,4,7,False
2016-07-20,0.0740598277628175,NORMAL,5,7,False
2016-07-21,0.1909878578714624,NORMAL,5,7,False
2016-07-22,0.4948789886913626,NORMAL,4,7,False
2016-07-23,0.8818569927394916,CRITICAL,4,7,True
2016-07-24,0.83982946430605,CRITICAL,4,7,True
2016-07-25,0.5776226798396344,NORMAL,4,7,False
2016-07-26,0.793280048663385,CRITICAL,4,7,True
2016-07-27,0.2449881166759493,NORMAL,5,7,False
2016-07-28,0.2187892707812414,NORMAL,5,7,False
2016-07-29,0.2403572267652332,NORMAL,4,7,False
2016-07-30,0.3325981804835323,NORMAL,4,7,False
2016-07-31,0.3267011506828481,NORMAL,4,7,False
2016-08-01,0.3075405800118686,NORMAL,4,8,False
2016-08-02,0.2785223754171189,NORMAL,4,8,False
2016-08-03,0.1771178696950524,NORMAL,5,8,False
2016-08-04,0.0533533593265598,NORMAL,5,8,False
2016-08-05,0.166185966650374,NORMAL,4,8,False
2016-08-06,0.1763252792381587,NORMAL,4,8,False
2016-08-07,0.1300236559818222,NORMAL,4,8,False
2016-08-08,0.2099034261510685,NORMAL,4,8,False
2016-08-09,0.095287082777619,NORMAL,4,8,False
2016-08-10,0.2023077475727622,NORMAL,5,8,False
2016-08-11,0.2260069550103762,NORMAL,5,8,False
2016-08-12,0.3490440900330595,NORMAL,4,8,False
2016-08-13,0.2236535419710025,NORMAL,4,8,False
2016-08-14,0.0802269861333002,NORMAL,4,8,False
2016-08-15,0.0825403870020594,NORMAL,4,8,False
2016-08-16,0.0877979494889286,NORMAL,4,8,False
2016-08-17,0.1077551228676501,NORMAL,5,8,False
2016-08-18,0.1179341178000664,NORMAL,5,8,False
2016-08-19,0.3749041355464974,NORMAL,4,8,False
2016-08-20,0.4846487332655936,NORMAL,4,8,False
2016-08-21,0.3594901701410786,NORMAL,4,8,False
2016-08-22,0.3474465619796976,NORMAL,4,8,False
2016-08-23,0.2008658792006351,NORMAL,4,8,False
2016-08-24,0.5847437901791529,WARNING,5,8,True
2016-08-25,0.1329537505977076,NORMAL,5,8,False
2016-08-26,0.4328969970874707,NORMAL,4,8,False
2016-08-27,0.4156325835639839,NORMAL,4,8,False
2016-08-28,0.401122377683555,NORMAL,4,8,False
2016-08-29,0.458881983911687,NORMAL,4,8,False
2016-08-30,0.1841854835501706,NORMAL,4,8,False
2016-08-31,1.2312689625998232,CRITICAL,5,8,True
2016-09-01,0.882111412261833,CRITICAL,5,9,True
2016-09-02,0.2773752452441037,NORMAL,4,9,False
2016-09-03,0.0837757062074243,NORMAL,4,9,False
2016-09-04,0.1182812557738225,NORMAL,4,9,False
2016-09-05,0.1282501907289369,NORMAL,4,9,False
2016-09-06,0.2832804060904083,NORMAL,4,9,False
2016-09-07,0.0344091034543564,NORMAL,5,9,False
2016-09-08,0.2370650922685102,NORMAL,5,9,False
2016-09-09,0.3524177745296152,NORMAL,4,9,False
2016-09-10,0.4004819093510731,NORMAL,4,9,False
2016-09-11,0.4557286530512867,NORMAL,4,9,False
2016-09-12,0.3744741450000148,NORMAL,4,9,False
2016-09-13,0.2686869652022456,NORMAL,4,9,False
2016-09-14,0.3621083926329085,NORMAL,5,9,False
2016-09-15,0.9846673950881354,CRITICAL,5,9,True
2016-09-16,0.7704675923737646,CRITICAL,4,9,True
2016-09-17,0.2939651976590576,NORMAL,4,9,False
2016-09-18,0.3091345299364838,NORMAL,4,9,False
2016-09-19,0.4642928627308597,NORMAL,4,9,False
2016-09-20,0.3674660214465596,NORMAL,4,9,False
2016-09-21,0.2784936243699596,NORMAL,5,9,False
2016-09-22,0.5849574127904973,WARNING,5,9,True
2016-09-23,0.6701877794710738,CRITICAL,4,9,True
2016-09-24,0.9907251586782916,CRITICAL,4,9,True
2016-09-25,0.780808634066434,CRITICAL,4,9,True
2016-09-26,0.5161036942227488,NORMAL,4,9,False
2016-09-27,0.6222026991895344,WARNING,4,9,True
2016-09-28,0.480996503313579,NORMAL,5,9,False
2016-09-29,0.1691874907828159,NORMAL,5,9,False
2016-09-30,0.5252203896534229,NORMAL,4,9,False
2016-10-01,0.6770875408688917,WARNING,4,10,True
2016-10-02,0.3615226649309768,NORMAL,4,10,False
2016-10-03,0.6744133611782818,WARNING,4,10,True
2016-10-04,0.2295377524311631,NORMAL,4,10,False
2016-10-05,0.4281781120946695,NORMAL,5,10,False
2016-10-06,0.0583741531893522,NORMAL,5,10,False
2016-10-07,0.224822126183439,NORMAL,4,10,False
2016-10-08,0.7635872935809505,CRITICAL,4,10,True
2016-10-09,0.524029007263645,NORMAL,4,10,False
2016-10-10,0.4811228604419308,NORMAL,4,10,False
2016-10-11,0.4471609612161044,NORMAL,4,10,False
2016-10-12,0.2126661690987969,NORMAL,5,10,False
2016-10-13,0.1012137444535471,NORMAL,5,10,False
2016-10-14,0.1466150806321778,NORMAL,4,10,False
2016-10-15,0.1859180694165013,NORMAL,4,10,False
2016-10-16,0.4878772960805036,NORMAL,4,10,False
2016-10-17,0.313272508743843,NORMAL,4,10,False
2016-10-18,0.1263988187119174,NORMAL,4,10,False
2016-10-19,0.1275199530945599,NORMAL,5,10,False
2016-10-20,0.4994886036835653,NORMAL,5,10,False
2016-10-21,0.2780406528797643,NORMAL,4,10,False
2016-10-22,0.273939120438021,NORMAL,4,10,False
2016-10-23,0.0260394033737071,NORMAL,4,10,False
2016-10-24,0.138229247274535,NORMAL,4,10,False
2016-10-25,0.5155751699407719,NORMAL,4,10,False
2016-10-26,0.6894474573220923,WARNING,5,10,True
2016-10-27,0.6905220797686223,WARNING,5,10,True
2016-10-28,0.4264272581978461,NORMAL,4,10,False
2016-10-29,0.4988046913883304,NORMAL,4,10,False
2016-10-30,0.3968200962236121,NORMAL,4,10,False
2016-10-31,0.5450375630183538,NORMAL,4,10,False
2016-11-01,0.4631949020374928,NORMAL,4,11,False
2016-11-02,0.4408510584252837,NORMAL,5,11,False
2016-11-03,0.2464774727816859,NORMAL,5,11,False
2016-11-04,0.5703042477081963,NORMAL,4,11,False
2016-11-05,0.1771036630234263,NORMAL,4,11,False
2016-11-06,0.5145485415218187,NORMAL,4,11,False
2016-11-07,0.2495989946799292,NORMAL,4,11,False
2016-11-08,0.2735325064911978,NORMAL,4,11,False
2016-11-09,0.0838971586783538,NORMAL,5,11,False
2016-11-10,0.48615664094297,NORMAL,5,11,False
2016-11-11,0.7359763319392557,WARNING,4,11,True
2016-11-12,0.2935254744395025,NORMAL,4,11,False
2016-11-13,0.3933082638612044,NORMAL,4,11,False
2016-11-14,0.5508958232189548,NORMAL,4,11,False
2016-11-15,0.1761231054985101,NORMAL,4,11,False
2016-11-16,0.009652260911455,NORMAL,5,11,False
2016-11-17,0.1425596795727419,NORMAL,5,11,False
2016-11-18,0.2525680099982017,NORMAL,4,11,False
2016-11-19,0.2281635735914631,NORMAL,4,11,False
2016-11-20,0.1128878858692083,NORMAL,4,11,False
2016-11-21,0.0902207628234697,NORMAL,4,11,False
2016-11-22,0.1110795921885747,NORMAL,4,11,False
2016-11-23,0.1556525545617609,NORMAL,5,11,False
2016-11-24,0.0700637465252747,NORMAL,5,11,False
2016-11-25,0.058918117498838,NORMAL,4,11,False
2016-11-26,0.4499549872210228,NORMAL,4,11,False
2016-11-27,0.1263420397833342,NORMAL,4,11,False
2016-11-28,0.058360400581227,NORMAL,4,11,False
2016-11-29,0.3446785402781334,NORMAL,4,11,False
2016-11-30,1.21943635325834,CRITICAL,5,11,True
2016-12-01,0.8315759743417827,WARNING,5,12,True
2016-12-02,0.4436705045071734,NORMAL,4,12,False
2016-12-03,0.7692368092976516,WARNING,4,12,True
2016-12-04,0.4178382433027381,NORMAL,4,12,False
2016-12-05,0.2460103418901862,NORMAL,4,12,False
2016-12-06,0.1475370144605979,NORMAL,4,12,False
2016-12-07,0.1912962686054207,NORMAL,5,12,False
2016-12-08,0.3615395584560011,NORMAL,5,12,False
2016-12-09,0.0643428699353808,NORMAL,4,12,False
2016-12-10,0.1821039261031306,NORMAL,4,12,False
2016-12-11,0.1942150306379076,NORMAL,4,12,False
2016-12-12,0.0886348410774322,NORMAL,4,12,False
2016-12-13,0.2294259159700956,NORMAL,4,12,False
2016-12-14,0.0470954821739798,NORMAL,5,12,False
2016-12-15,0.1118234148506743,NORMAL,5,12,False
2016-12-16,0.3424052848375734,NORMAL,4,12,False
2016-12-17,0.2038388382850332,NORMAL,4,12,False
2016-12-18,0.0669734777662005,NORMAL,4,12,False
2016-12-19,0.0874520477125768,NORMAL,4,12,False
2016-12-20,0.133224911065353,NORMAL,4,12,False
2016-12-21,0.3843805976650777,NORMAL,5,12,False
2016-12-22,0.1482174603850511,NORMAL,5,12,False
2016-12-23,0.0807734055741779,NORMAL,4,12,False
2016-12-24,0.12058541229943,NORMAL,4,12,False
2016-12-25,0.1221199744962751,NORMAL,4,12,False
2016-12-26,0.1106316331750543,NORMAL,4,12,False
2016-12-27,0.1055432893838996,NORMAL,4,12,False
2016-12-28,0.5966947404024582,WARNING,5,12,True
2016-12-29,0.1570256977051501,NORMAL,5,12,False
2016-12-30,0.4189228750114173,NORMAL,4,12,False
2016-12-31,0.1517537085092899,NORMAL,4,12,False
2017-01-01,0.4620489555606842,NORMAL,4,1,False
2017-01-02,0.4091626042706252,NORMAL,4,1,False
2017-01-03,0.5341602422713446,NORMAL,4,1,False
2017-01-04,0.5123845629863376,NORMAL,5,1,False
2017-01-05,0.4763404147514044,NORMAL,5,1,False
2017-01-06,0.1029135113978748,NORMAL,4,1,False
2017-01-07,0.0539461574000813,NORMAL,4,1,False
2017-01-08,0.4907849570075134,NORMAL,4,1,False
2017-01-09,0.6092963723563823,WARNING,4,1,True
2017-01-10,0.4154035561619252,NORMAL,4,1,False
2017-01-11,0.0755404392064687,NORMAL,5,1,False
2017-01-12,0.4831510030350732,NORMAL,5,1,False
2017-01-13,0.4868505720159296,NORMAL,4,1,False
2017-01-14,0.1498164589263397,NORMAL,4,1,False
2017-01-15,0.3024778604185623,NORMAL,4,1,False
2017-01-16,0.4432147676374937,NORMAL,4,1,False
2017-01-17,0.3380955523239895,NORMAL,4,1,False
2017-01-18,0.0876064525152579,NORMAL,5,1,False
2017-01-19,0.0447710695252345,NORMAL,5,1,False
2017-01-20,0.0330864042503329,NORMAL,4,1,False
2017-01-21,0.0654980384865089,NORMAL,4,1,False
2017-01-22,0.1314464250686833,NORMAL,4,1,False
2017-01-23,0.1833277427970717,NORMAL,4,1,False
2017-01-24,0.2650536989556386,NORMAL,4,1,False
2017-01-25,0.4038126860837335,NORMAL,5,1,False
2017-01-26,1.477921288904979,CRITICAL,5,1,True
2017-01-27,0.7615109627209745,CRITICAL,4,1,True
2017-01-28,0.2063112472731111,NORMAL,4,1,False
2017-01-29,0.1135532506530903,NORMAL,4,1,False
2017-01-30,0.1440226477645297,NORMAL,4,1,False
2017-01-31,0.3444022832377704,NORMAL,4,1,False
2017-02-01,0.2580646823871452,NORMAL,5,2,False
2017-02-02,0.0402925730883863,NORMAL,5,2,False
2017-02-03,0.0604433161332602,NORMAL,4,2,False
2017-02-04,0.155876426726173,NORMAL,4,2,False
2017-02-05,0.2557460010885116,NORMAL,4,2,False
2017-02-06,0.1965147870544061,NORMAL,4,2,False
2017-02-07,0.2282495083920493,NORMAL,4,2,False
2017-02-08,0.3098023917817282,NORMAL,5,2,False
2017-02-09,0.4832920561061227,NORMAL,5,2,False
2017-02-10,0.3748765523242033,NORMAL,4,2,False
2017-02-11,0.1601646491613984,NORMAL,4,2,False
2017-02-12,0.1110505405240217,NORMAL,4,2,False
2017-02-13,0.2569462572023681,NORMAL,4,2,False
2017-02-14,0.2062141469484988,NORMAL,4,2,False
2017-02-15,0.9764394108736412,CRITICAL,5,2,True
2017-02-16,1.132998551306327,CRITICAL,5,2,True
2017-02-17,0.4376603586281506,NORMAL,4,2,False
2017-02-18,0.2444030140526066,NORMAL,4,2,False
2017-02-19,0.7080166035069254,CRITICAL,4,2,True
2017-02-20,0.2265972055157149,NORMAL,4,2,False
2017-02-21,0.1110209045838519,NORMAL,4,2,False
2017-02-22,0.7533497906611061,CRITICAL,5,2,True
2017-02-23,0.4307817170814735,NORMAL,5,2,False
2017-02-24,0.638797047267759,WARNING,4,2,True
2017-02-25,0.4556211847124631,NORMAL,4,2,False
2017-02-26,0.1726928228348885,NORMAL,4,2,False
2017-02-27,0.3916207658355085,NORMAL,4,2,False
2017-02-28,0.4705196876911119,NORMAL,4,2,False
2017-03-01,0.114027512893566,NORMAL,5,3,False
2017-03-02,0.1140405500433384,NORMAL,5,3,False
2017-03-03,0.0477160243880786,NORMAL,4,3,False
2017-03-04,0.2440604388593593,NORMAL,4,3,False
2017-03-05,0.1414367765191654,NORMAL,4,3,False
2017-03-06,0.1736368853868065,NORMAL,4,3,False
2017-03-07,0.4205023811881408,WARNING,4,3,True
2017-03-08,0.41189109350148,WARNING,5,3,True
2017-03-09,0.3393444251263382,NORMAL,5,3,False
2017-03-10,0.0492354810672039,NORMAL,4,3,False
2017-03-11,0.0842211388304433,NORMAL,4,3,False
2017-03-12,0.0362951591423268,NORMAL,4,3,False
2017-03-13,0.2070462908614081,NORMAL,4,3,False
2017-03-14,0.2671318204951117,NORMAL,4,3,False
2017-03-15,0.0414892880537121,NORMAL,5,3,False
2017-03-16,0.0583229348321634,NORMAL,5,3,False
2017-03-17,0.1049807386041203,NORMAL,4,3,False
2017-03-18,0.1272215812810678,NORMAL,4,3,False
2017-03-19,0.2343700957491181,NORMAL,4,3,False
2017-03-20,0.0581669207653863,NORMAL,4,3,False
2017-03-21,0.0246583832287319,NORMAL,4,3,False
2017-03-22,0.185191457334076,NORMAL,5,3,False
2017-03-23,0.3966688538274047,WARNING,5,3,True
2017-03-24,0.3697353596936886,NORMAL,4,3,False
2017-03-25,0.1406903915605685,NORMAL,4,3,False
2017-03-26,0.1584474360398691,NORMAL,4,3,False
2017-03-27,0.1077489213069313,NORMAL,4,3,False
2017-03-28,0.0528238826650926,NORMAL,4,3,False
2017-03-29,0.0842309874639466,NORMAL,5,3,False
2017-03-30,0.6771513322021852,CRITICAL,5,3,True
2017-04-02,0.2322804430555049,NORMAL,4,4,False
2017-04-03,0.038320929389689,NORMAL,4,4,False
2017-04-04,0.1798492473057616,NORMAL,4,4,False
2017-04-05,0.0342142375106374,NORMAL,5,4,False
2017-04-06,0.029865068848489,NORMAL,5,4,False
2017-04-07,0.1021298626247857,NORMAL,4,4,False
2017-04-08,0.061781328726146,NORMAL,4,4,False
2017-04-09,0.1618909723791435,NORMAL,4,4,False
2017-04-10,0.3017737558863267,NORMAL,4,4,False
2017-04-11,0.0367128154658307,NORMAL,4,4,False
2017-04-12,0.1421455060014652,NORMAL,5,4,False
2017-04-13,0.6044304226888993,CRITICAL,5,4,True
2017-04-14,0.703397209687422,CRITICAL,4,4,True
2017-04-15,0.3861139014197529,NORMAL,4,4,False
2017-04-16,0.2895107243521234,NORMAL,4,4,False
2017-04-17,0.3001610235125842,NORMAL,4,4,False
2017-04-18,0.472264714660364,NORMAL,4,4,False
2017-04-19,0.6643073705489677,CRITICAL,5,4,True
2017-04-20,0.6603491116197583,WARNING,5,4,True
2017-04-21,0.5754134782016825,WARNING,4,4,True
2017-04-22,0.2311582903301043,NORMAL,4,4,False
2017-04-23,0.267910477902298,NORMAL,4,4,False
2017-04-24,0.4492713955168328,NORMAL,4,4,False
2017-04-25,0.4044122161739107,NORMAL,4,4,False
2017-04-26,0.2739107236770304,NORMAL,5,4,False
2017-04-27,0.1745273941126509,NORMAL,5,4,False
2017-04-28,0.3106324463634245,NORMAL,4,4,False
2017-04-29,0.5605707308053229,WARNING,4,4,True
2017-04-30,0.2100931533562862,NORMAL,4,4,False
2017-05-01,0.461019762228396,NORMAL,4,5,False
2017-05-02,0.3561865274097353,NORMAL,4,5,False
2017-05-03,0.0614911772355251,NORMAL,5,5,False
2017-05-04,0.0617781379313703,NORMAL,5,5,False
2017-05-05,0.1042659338483283,NORMAL,4,5,False
2017-05-06,0.5011152576013655,NORMAL,4,5,False
2017-05-07,0.0948227054168577,NORMAL,4,5,False
2017-05-08,0.2857349177825031,NORMAL,4,5,False
2017-05-09,0.1538838220743895,NORMAL,4,5,False
2017-05-10,0.2015474312512313,NORMAL,5,5,False
2017-05-11,0.2125391308440165,NORMAL,5,5,False
2017-05-12,0.516904761226202,NORMAL,4,5,False
2017-05-13,0.7087803031449887,WARNING,4,5,True
2017-05-14,0.5838312581789097,NORMAL,4,5,False
2017-05-15,0.6501165344092387,WARNING,4,5,True
2017-05-16,0.506628445616462,NORMAL,4,5,False
2017-05-17,0.1100762040478136,NORMAL,5,5,False
2017-05-18,0.071410266698189,NORMAL,5,5,False
2017-05-19,0.5510731786708564,NORMAL,4,5,False
2017-05-20,1.1089754084141177,CRITICAL,4,5,True
2017-05-21,1.2847093168092256,CRITICAL,4,5,True
2017-05-22,1.212181453733236,CRITICAL,4,5,True
2017-05-23,0.9804237581808732,CRITICAL,4,5,True
2017-05-24,0.3124973983881405,NORMAL,5,5,False
2017-05-25,0.6663636041310255,NORMAL,5,5,False
2017-05-26,0.7203403716339367,WARNING,4,5,True
2017-05-27,0.681763534891395,NORMAL,4,5,False
2017-05-28,0.6656346028113127,NORMAL,4,5,False
2017-05-29,0.7192616621614445,WARNING,4,5,True
2017-05-30,0.7129126809074599,WARNING,4,5,True
2017-05-31,0.3120945893874553,NORMAL,5,5,False
2017-06-01,0.6565288396407604,CRITICAL,5,6,True
2017-06-02,0.9120771071446986,CRITICAL,4,6,True
2017-06-03,0.9041023839869758,CRITICAL,4,6,True
2017-06-04,1.0768979456368313,CRITICAL,4,6,True
2017-06-05,1.172143370251999,CRITICAL,4,6,True
2017-06-06,1.0558704439706783,CRITICAL,4,6,True
2017-06-07,0.0248605520644873,NORMAL,5,6,False
2017-06-08,0.1232081185278895,NORMAL,5,6,False
2017-06-09,0.319411175965356,NORMAL,4,6,False
2017-06-10,0.5473261965812525,NORMAL,4,6,False
2017-06-11,0.795052283621527,CRITICAL,4,6,True
2017-06-12,0.8016738107815921,CRITICAL,4,6,True
2017-06-13,0.7100298023019701,WARNING,4,6,True
2017-06-14,0.0861806224830919,NORMAL,5,6,False
2017-06-15,0.3053454191214755,NORMAL,5,6,False
2017-06-16,0.3012314935638402,NORMAL,4,6,False
2017-06-17,0.213761498807402,NORMAL,4,6,False
2017-06-18,0.1464138770502552,NORMAL,4,6,False
2017-06-19,0.1769157805431032,NORMAL,4,6,False
2017-06-20,0.2477437737253677,NORMAL,4,6,False
2017-06-21,0.1135613689743965,NORMAL,5,6,False
2017-06-22,0.2924403790040041,NORMAL,5,6,False
2017-06-23,0.3336527768538918,NORMAL,4,6,False
2017-06-24,0.2162251533358393,NORMAL,4,6,False
2017-06-25,0.281949625193771,NORMAL,4,6,False
2017-06-26,0.3621887967397414,NORMAL,4,6,False
2017-06-27,0.3865054958588508,NORMAL,4,6,False
2017-06-28,0.1264343728725288,NORMAL,5,6,False
2017-06-29,0.1145855231725001,NORMAL,5,6,False
2017-06-30,0.2783180076152758,NORMAL,4,6,False
2017-07-01,0.2137655749188157,NORMAL,4,7,False
2017-07-02,0.1198169717761576,NORMAL,4,7,False
2017-07-03,0.1664323710132872,NORMAL,4,7,False
2017-07-04,0.0962093120306325,NORMAL,4,7,False
2017-07-05,0.2414605460471427,NORMAL,5,7,False
2017-07-06,0.2708014521503441,NORMAL,5,7,False
2017-07-07,0.0384887033283709,NORMAL,4,7,False
2017-07-08,0.2327148224324451,NORMAL,4,7,False
2017-07-09,0.2443305379601844,NORMAL,4,7,False
2017-07-10,0.2811416753288161,NORMAL,4,7,False
2017-07-11,0.3230603602918573,NORMAL,4,7,False
2017-07-12,0.1058107869583414,NORMAL,5,7,False
2017-07-13,0.0763925945807688,NORMAL,5,7,False
2017-07-14,0.1294886233436037,NORMAL,4,7,False
2017-07-15,0.1354107739323907,NORMAL,4,7,False
2017-07-16,0.1980492789100781,NORMAL,4,7,False
2017-07-17,0.164164487321686,NORMAL,4,7,False
2017-07-18,0.1219223082051452,NORMAL,4,7,False
2017-07-19,0.0159979350669207,NORMAL,5,7,False
2017-07-20,0.1488971400977695,NORMAL,5,7,False
2017-07-21,0.2863827352328277,NORMAL,4,7,False
2017-07-22,0.2087236985641177,NORMAL,4,7,False
2017-07-23,0.0419646146113339,NORMAL,4,7,False
2017-07-24,0.051097997435472,NORMAL,4,7,False
2017-07-25,0.1224272503952558,NORMAL,4,7,False
2017-07-26,0.1292465109973026,NORMAL,5,7,False
2017-07-27,0.1118622256039243,NORMAL,5,7,False
2017-07-28,0.2655685583116452,NORMAL,4,7,False
2017-07-29,0.1064504650259177,NORMAL,4,7,False
2017-07-30,0.0177224722257331,NORMAL,4,7,False
2017-07-31,0.0640942380142344,NORMAL,4,7,False
2017-08-01,0.0703995199023028,NORMAL,4,8,False
2017-08-02,1.5934685200034202,CRITICAL,5,8,True
2017-08-03,0.8083171573916661,CRITICAL,5,8,True
2017-08-04,1.1928807975849165,CRITICAL,4,8,True
2017-08-05,0.8559859859222799,CRITICAL,4,8,True
2017-08-06,0.8661918994952333,CRITICAL,4,8,True
2017-08-07,1.1223214944126247,CRITICAL,4,8,True
2017-08-08,0.9889023714355438,CRITICAL,4,8,True
2017-08-09,0.1601440368849491,NORMAL,5,8,False
2017-08-10,0.4169868463895794,NORMAL,5,8,False
2017-08-11,0.6138445407625983,WARNING,4,8,True
2017-08-12,0.5875978705601729,NORMAL,4,8,False
2017-08-13,0.6957327227556195,WARNING,4,8,True
2017-08-14,0.6383820976175619,WARNING,4,8,True
2017-08-15,0.5601090055195241,NORMAL,4,8,False
2017-08-16,0.3363609181366905,NORMAL,5,8,False
2017-08-17,0.2892343051581914,NORMAL,5,8,False
2017-08-18,0.3901019881153923,NORMAL,4,8,False
2017-08-19,0.2344234002282306,NORMAL,4,8,False
2017-08-20,0.2967342689500448,NORMAL,4,8,False
2017-08-21,0.1649138055837621,NORMAL,4,8,False
2017-08-22,0.1819771182962808,NORMAL,4,8,False
2017-08-23,0.0780294083447089,NORMAL,5,8,False
2017-08-24,0.4604332550351291,NORMAL,5,8,False
2017-08-25,0.4716007694519915,NORMAL,4,8,False
2017-08-26,0.1737754635169636,NORMAL,4,8,False
2017-08-27,0.1393060950533278,NORMAL,4,8,False
2017-08-28,0.1347185098424398,NORMAL,4,8,False
2017-08-29,0.0873639494058555,NORMAL,4,8,False
2017-08-30,0.3587524782353386,NORMAL,5,8,False
2017-08-31,0.4944280871148852,NORMAL,5,8,False
2017-09-01,0.4625933744730046,NORMAL,4,9,False
2017-09-02,0.3654488230799924,NORMAL,4,9,False
2017-09-03,0.4640533389636527,NORMAL,4,9,False
2017-09-04,0.189338284237722,NORMAL,4,9,False
2017-09-05,0.1844801511499634,NORMAL,4,9,False
2017-09-06,0.5354171682762163,NORMAL,5,9,False
2017-09-07,0.285569477138592,NORMAL,5,9,False
2017-09-08,0.2433690642935412,NORMAL,4,9,False
2017-09-09,0.2648239118720012,NORMAL,4,9,False
2017-09-10,0.1306494670529333,NORMAL,4,9,False
2017-09-11,0.0685162747700915,NORMAL,4,9,False
2017-09-12,0.1005258524061526,NORMAL,4,9,False
2017-09-13,0.1363577750123242,NORMAL,5,9,False
2017-09-14,0.4564533854084507,NORMAL,5,9,False
2017-09-15,0.3707466059427893,NORMAL,4,9,False
2017-09-16,0.0941289852341615,NORMAL,4,9,False
2017-09-17,0.4120786789278159,NORMAL,4,9,False
2017-09-18,0.5415584166143613,NORMAL,4,9,False
2017-09-19,0.4767004670174698,NORMAL,4,9,False
2017-09-20,0.0975330013552813,NORMAL,5,9,False
2017-09-21,0.1061548538272706,NORMAL,5,9,False
2017-09-22,0.1422502188242961,NORMAL,4,9,False
2017-09-23,0.1464993402756483,NORMAL,4,9,False
2017-09-24,0.0729812891141746,NORMAL,4,9,False
2017-09-25,0.2161475978232787,NORMAL,4,9,False
2017-09-26,0.1208503163079396,NORMAL,4,9,False
2017-09-27,0.2179491725121242,NORMAL,5,9,False
2017-09-28,0.0155926613937791,NORMAL,5,9,False
2017-09-29,0.0564778140942123,NORMAL,4,9,False
2017-09-30,0.4229094630094647,NORMAL,4,9,False
2017-10-01,0.1528845735036053,NORMAL,4,10,False
2017-10-02,0.5834856525766331,NORMAL,4,10,False
2017-10-03,0.7152757058510841,WARNING,4,10,True
2017-10-04,0.3945492883841973,NORMAL,5,10,False
2017-10-05,0.1184848102198694,NORMAL,5,10,False
2017-10-06,0.0664346836634726,NORMAL,4,10,False
2017-10-07,0.3305632923777188,NORMAL,4,10,False
2017-10-08,0.5806918615019148,NORMAL,4,10,False
2017-10-09,0.5579199428547769,NORMAL,4,10,False
2017-10-10,0.7194154746317649,WARNING,4,10,True
2017-10-11,0.3026768725176775,NORMAL,5,10,False
2017-10-12,0.2434184775943366,NORMAL,5,10,False
2017-10-13,0.2391552902809723,NORMAL,4,10,False
2017-10-14,0.1442949782243459,NORMAL,4,10,False
2017-10-15,0.2861977480290436,NORMAL,4,10,False
2017-10-16,0.2311088959008362,NORMAL,4,10,False
2017-10-17,0.3409633842202682,NORMAL,4,10,False
2017-10-18,0.5120758008374668,NORMAL,5,10,False
2017-10-19,0.5390907673796748,NORMAL,5,10,False
2017-10-20,0.5589618974414798,NORMAL,4,10,False
2017-10-21,0.1851498660085224,NORMAL,4,10,False
2017-10-22,0.0717317628718154,NORMAL,4,10,False
2017-10-23,0.3135086151746654,NORMAL,4,10,False
2017-10-24,0.4858173701931298,NORMAL,4,10,False
2017-10-25,0.0737686530073074,NORMAL,5,10,False
2017-10-26,0.0926550279198755,NORMAL,5,10,False
2017-10-27,0.1305049570930338,NORMAL,4,10,False
2017-10-28,0.1159012780781171,NORMAL,4,10,False
2017-10-29,0.2243410263121195,NORMAL,4,10,False
2017-10-30,0.1106410748105015,NORMAL,4,10,False
2017-10-31,0.4003106515168568,NORMAL,4,10,False
2017-11-01,0.0159859360762334,NORMAL,5,11,False
2017-11-02,0.3640829559131222,NORMAL,5,11,False
2017-11-03,0.6352085805084642,NORMAL,4,11,False
2017-11-04,0.4694994667718377,NORMAL,4,11,False
2017-11-05,0.1509490060641528,NORMAL,4,11,False
2017-11-06,0.129102753881466,NORMAL,4,11,False
2017-11-07,0.1540911758045784,NORMAL,4,11,False
2017-11-08,0.3046106873431344,NORMAL,5,11,False
2017-11-09,0.3072242902356766,NORMAL,5,11,False
2017-11-10,0.3033586979166758,NORMAL,4,11,False
2017-11-11,0.5389506645086335,NORMAL,4,11,False
2017-11-12,0.1374952948628702,NORMAL,4,11,False
2017-11-13,0.1822129426108522,NORMAL,4,11,False
2017-11-14,0.1269578411789084,NORMAL,4,11,False
2017-11-15,0.280739052804101,NORMAL,5,11,False
2017-11-16,0.6532133563723994,NORMAL,5,11,False
2017-11-17,0.6946823830263942,NORMAL,4,11,False
2017-11-18,0.8523685393646111,CRITICAL,4,11,True
2017-11-19,0.883711644396387,CRITICAL,4,11,True
2017-11-20,0.7501883324457443,WARNING,4,11,True
2017-11-21,0.2658382528335593,NORMAL,4,11,False
2017-11-22,0.0906455859374266,NORMAL,5,11,False
2017-11-23,0.180076405522201,NORMAL,5,11,False
2017-11-24,0.3517891445837749,NORMAL,4,11,False
2017-11-25,0.434701350712606,NORMAL,4,11,False
2017-11-26,0.6976569969090154,NORMAL,4,11,False
2017-11-27,0.204177627303606,NORMAL,4,11,False
2017-11-28,0.1907337371161727,NORMAL,4,11,False
2017-11-29,0.3741968571870385,NORMAL,5,11,False
2017-11-30,0.4959296171439784,NORMAL,5,11,False
2017-12-01,0.2442656753217628,NORMAL,4,12,False
2017-12-02,0.2627679028397429,NORMAL,4,12,False
2017-12-03,0.4626157389715156,NORMAL,4,12,False
2017-12-04,0.2578233409933974,NORMAL,4,12,False
2017-12-05,0.1377628407346708,NORMAL,4,12,False
2017-12-06,0.0904930607883345,NORMAL,5,12,False
2017-12-07,0.2977886179250892,NORMAL,5,12,False
2017-12-08,0.1081733363711371,NORMAL,4,12,False
2017-12-09,0.3284417967383519,NORMAL,4,12,False
2017-12-10,0.2800786846629887,NORMAL,4,12,False
2017-12-11,0.1069716232994532,NORMAL,4,12,False
2017-12-12,0.1744212130333297,NORMAL,4,12,False
2017-12-13,0.4605061113850565,NORMAL,5,12,False
2017-12-14,0.4208993088720991,NORMAL,5,12,False
2017-12-15,0.0948341686453671,NORMAL,4,12,False
2017-12-16,0.1540794399576,NORMAL,4,12,False
2017-12-17,0.0817634125791421,NORMAL,4,12,False
2017-12-18,0.0897674082640273,NORMAL,4,12,False
2017-12-19,0.2585609548279431,NORMAL,4,12,False
2017-12-20,0.3372934514344992,NORMAL,5,12,False
2017-12-21,0.3385997871459804,NORMAL,5,12,False
2017-12-22,0.2955738491046912,NORMAL,4,12,False
2017-12-23,0.2140184036828754,NORMAL,4,12,False
2017-12-24,0.2566688561667349,NORMAL,4,12,False
2017-12-25,0.1792311700561513,NORMAL,4,12,False
2017-12-26,0.09301486895704,NORMAL,4,12,False
2017-12-27,0.0315164132402981,NORMAL,5,12,False
2017-12-28,0.247955148430518,NORMAL,5,12,False
2017-12-29,0.4072766594250515,NORMAL,4,12,False
2017-12-30,0.3579851227431408,NORMAL,4,12,False
2017-12-31,0.1285000134256132,NORMAL,4,12,False
2018-01-01,0.2076194779114057,NORMAL,4,1,False
2018-01-02,0.3222724045002003,NORMAL,4,1,False
2018-01-03,0.0279249977075192,NORMAL,5,1,False
2018-01-04,0.0549076121594559,NORMAL,5,1,False
2018-01-05,0.303984174101134,NORMAL,4,1,False
2018-01-06,0.1911553226831265,NORMAL,4,1,False
2018-01-07,0.220977623803201,NORMAL,4,1,False
2018-01-08,0.4612736615982732,NORMAL,4,1,False
2018-01-09,0.4243668640594644,NORMAL,4,1,False
2018-01-10,0.3684213781950655,NORMAL,5,1,False
2018-01-11,0.7736346401259834,CRITICAL,5,1,True
2018-01-12,0.5846137781841545,NORMAL,4,1,False
2018-01-13,0.659601501441566,WARNING,4,1,True
2018-01-14,0.1843629834446359,NORMAL,4,1,False
2018-01-15,0.3373692372804539,NORMAL,4,1,False
2018-01-16,0.2335683974632866,NORMAL,4,1,False
2018-01-17,0.4314393459083189,NORMAL,5,1,False
2018-01-18,0.1247437054360523,NORMAL,5,1,False
2018-01-19,0.1446692272806352,NORMAL,4,1,False
2018-01-20,0.2072413358678967,NORMAL,4,1,False
2018-01-21,0.3671501512179534,NORMAL,4,1,False
2018-01-22,0.2088750623797682,NORMAL,4,1,False
2018-01-23,0.1819502441698803,NORMAL,4,1,False
2018-01-24,0.3479693866001564,NORMAL,5,1,False
2018-01-25,0.6284482316654509,WARNING,5,1,True
2018-01-26,0.4260654517956131,NORMAL,4,1,False
2018-01-27,0.20823657504041,NORMAL,4,1,False
2018-01-28,0.0959894679648638,NORMAL,4,1,False
2018-01-29,0.1159546764208522,NORMAL,4,1,False
2018-01-30,0.0856541147177143,NORMAL,4,1,False
2018-01-31,0.3022342650295007,NORMAL,5,1,False
2018-02-01,0.3378424099735964,NORMAL,5,2,False
2018-02-02,0.4315161078600232,NORMAL,4,2,False
2018-02-03,0.4623861775073496,NORMAL,4,2,False
2018-02-04,0.4239741166491185,NORMAL,4,2,False
2018-02-05,0.3216995895222549,NORMAL,4,2,False
2018-02-06,0.3379691640458713,NORMAL,4,2,False
2018-02-07,0.4236843732074137,NORMAL,5,2,False
2018-02-08,0.8897587121946857,CRITICAL,5,2,True
2018-02-09,0.7440081926632716,WARNING,4,2,True
2018-02-10,0.5407792702754037,NORMAL,4,2,False
2018-02-11,0.5829902029273989,NORMAL,4,2,False
2018-02-12,0.4424075512247891,NORMAL,4,2,False
2018-02-13,0.4765774673940623,NORMAL,4,2,False
2018-02-14,0.1382787832475906,NORMAL,5,2,False
2018-02-15,0.2963169214224026,NORMAL,5,2,False
2018-02-16,0.115938636697454,NORMAL,4,2,False
2018-02-17,0.4984112605384929,NORMAL,4,2,False
2018-02-18,0.4860915378358786,NORMAL,4,2,False
2018-02-19,0.3902349431864478,NORMAL,4,2,False
2018-02-20,0.3390247850880167,NORMAL,4,2,False
2018-02-21,0.1649748481436509,NORMAL,5,2,False
2018-02-22,0.1487773832940239,NORMAL,5,2,False
2018-02-23,0.3335138793310052,NORMAL,4,2,False
2018-02-24,0.6511218375550252,WARNING,4,2,True
2018-02-25,0.4836014929000032,NORMAL,4,2,False
2018-02-26,0.4893832720496655,NORMAL,4,2,False
2018-02-27,0.4854576944246375,NORMAL,4,2,False
2018-02-28,0.5802916048503961,NORMAL,5,2,False
2018-03-01,0.8059839931804534,CRITICAL,5,3,True
2018-03-02,0.5818938888110875,CRITICAL,4,3,True
2018-03-03,0.7273970940991877,CRITICAL,4,3,True
2018-03-04,0.1833716941561404,NORMAL,4,3,False
2018-03-05,0.117620195819978,NORMAL,4,3,False
2018-03-06,0.3732812048673148,NORMAL,4,3,False
2018-03-07,0.0851916853607602,NORMAL,5,3,False
2018-03-08,0.1045137036045392,NORMAL,5,3,False
2018-03-09,0.0331685306236631,NORMAL,4,3,False
2018-03-10,0.2104775435697397,NORMAL,4,3,False
2018-03-11,0.0666641909723358,NORMAL,4,3,False
2018-03-12,0.489768072258139,CRITICAL,4,3,True
2018-03-13,0.3864238469023732,NORMAL,4,3,False
2018-03-14,0.0252941406420874,NORMAL,5,3,False
2018-03-15,0.5478317138663977,CRITICAL,5,3,True
2018-03-16,0.4361557329278078,WARNING,4,3,True
2018-03-17,0.0862871079018759,NORMAL,4,3,False
2018-03-18,0.1212777754126219,NORMAL,4,3,False
2018-03-19,0.54313688678344,CRITICAL,4,3,True
2018-03-20,0.5853040322835551,CRITICAL,4,3,True
2018-03-21,0.4403735896597874,WARNING,5,3,True
2018-03-22,0.5318884509257633,WARNING,5,3,True
2018-03-23,0.3780156994691614,NORMAL,4,3,False
2018-03-24,0.380223456871355,NORMAL,4,3,False
2018-03-25,0.3250022694462218,NORMAL,4,3,False
2018-03-26,0.3798848629844474,NORMAL,4,3,False
2018-03-27,0.5716962649123926,CRITICAL,4,3,True
2018-03-28,0.6238668977073715,CRITICAL,5,3,True
2018-03-29,0.904119344202533,CRITICAL,5,3,True
2018-03-30,0.7728488689392549,CRITICAL,4,3,True
2018-03-31,0.5169838122242427,WARNING,4,3,True
2018-04-01,0.3190391805182646,NORMAL,4,4,False
2018-04-02,0.2747384586394668,NORMAL,4,4,False
2018-04-03,0.7456810419982918,CRITICAL,4,4,True
2018-04-04,0.0632368621652236,NORMAL,5,4,False
2018-04-05,0.0953784715486605,NORMAL,5,4,False
2018-04-06,0.144427998580318,NORMAL,4,4,False
2018-04-07,0.1811969113144844,NORMAL,4,4,False
2018-04-08,0.2103335230935145,NORMAL,4,4,False
2018-04-09,0.1347339082030315,NORMAL,4,4,False
2018-04-10,0.2058960724817344,NORMAL,4,4,False
2018-04-11,0.0634068291989647,NORMAL,5,4,False
2018-04-12,0.5199835247454069,NORMAL,5,4,False
2018-04-13,0.6634709067890313,CRITICAL,4,4,True
2018-04-14,0.0597790304397997,NORMAL,4,4,False
2018-04-15,0.1497345266989877,NORMAL,4,4,False
2018-04-16,0.1577513755571122,NORMAL,4,4,False
2018-04-17,0.0813992500314626,NORMAL,4,4,False
2018-04-18,0.2355248734410613,NORMAL,5,4,False
2018-04-19,0.3110652875809113,NORMAL,5,4,False
2018-04-20,0.2456614661553707,NORMAL,4,4,False
2018-04-21,0.5814314486106338,WARNING,4,4,True
2018-04-22,0.8936893106480759,CRITICAL,4,4,True
2018-04-23,0.7048212016279182,CRITICAL,4,4,True
2018-04-24,0.4829493749354373,NORMAL,4,4,False
2018-04-25,0.153233330835819,NORMAL,5,4,False
2018-04-26,0.0930874180255018,NORMAL,5,4,False
2018-04-27,0.2243363833830988,NORMAL,4,4,False
2018-04-28,0.1129699629719556,NORMAL,4,4,False
2018-04-29,0.0820517983341615,NORMAL,4,4,False
2018-04-30,0.4209237550252747,NORMAL,4,4,False
2018-05-01,0.4758980674989649,NORMAL,4,5,False
2018-05-02,0.4412878086177518,NORMAL,5,5,False
2018-05-03,0.2901714759376124,NORMAL,5,5,False
2018-05-04,0.201219725942269,NORMAL,4,5,False
2018-05-05,0.1879848503829377,NORMAL,4,5,False
2018-05-06,0.2662578501530232,NORMAL,4,5,False
2018-05-07,0.5345697954315973,NORMAL,4,5,False
2018-05-08,0.7264279182258007,WARNING,4,5,True
2018-05-09,0.5263749500085637,NORMAL,5,5,False
2018-05-10,0.31884832236465,NORMAL,5,5,False
2018-05-11,0.4002301837976575,NORMAL,4,5,False
2018-05-12,0.2824709388343539,NORMAL,4,5,False
2018-05-13,0.3242415425929841,NORMAL,4,5,False
2018-05-14,0.272669250893798,NORMAL,4,5,False
2018-05-15,0.3911391742710946,NORMAL,4,5,False
2018-05-16,0.1396067761757968,NORMAL,5,5,False
2018-05-17,0.7220758646905525,WARNING,5,5,True
2018-05-18,0.7601897092172977,WARNING,4,5,True
2018-05-19,0.8713209718592,CRITICAL,4,5,True
2018-05-20,1.0046664290075131,CRITICAL,4,5,True
2018-05-21,0.947462268904044,CRITICAL,4,5,True
2018-05-22,0.7935366683884091,WARNING,4,5,True
2018-05-23,0.2123069369600809,NORMAL,5,5,False
2018-05-24,0.2943260342457751,NORMAL,5,5,False
2018-05-25,0.6020176338965132,NORMAL,4,5,False
2018-05-26,0.6341166862843985,NORMAL,4,5,False
2018-05-27,0.682602909458987,NORMAL,4,5,False
2018-05-28,0.7420030472839704,WARNING,4,5,True
2018-05-29,0.7725333133992471,WARNING,4,5,True
2018-05-30,0.2113783379970809,NORMAL,5,5,False
2018-05-31,0.4526110096963227,NORMAL,5,5,False
2018-06-01,0.3453211337606215,NORMAL,4,6,False
2018-06-02,0.3636820943811689,NORMAL,4,6,False
2018-06-03,0.4855773067078948,NORMAL,4,6,False
2018-06-04,0.5523786505791978,NORMAL,4,6,False
2018-06-05,0.509331731244349,NORMAL,4,6,False
2018-06-06,0.2039598034929182,NORMAL,5,6,False
2018-06-07,0.5299953401158972,NORMAL,5,6,False
2018-06-08,0.6288819554928711,WARNING,4,6,True
2018-06-09,0.6382088999863288,WARNING,4,6,True
2018-06-10,0.54336677481883,NORMAL,4,6,False
2018-06-11,0.4770512064155979,NORMAL,4,6,False
2018-06-12,0.5119374828819838,NORMAL,4,6,False
2018-06-13,0.1858379219137115,NORMAL,5,6,False
2018-06-14,0.3918574136402862,NORMAL,5,6,False
2018-06-15,0.3746687890839705,NORMAL,4,6,False
2018-06-16,0.176566299083859,NORMAL,4,6,False
2018-06-17,0.3435003635227643,NORMAL,4,6,False
2018-06-18,0.1949573942364873,NORMAL,4,6,False
2018-06-19,0.2083205786499667,NORMAL,4,6,False
2018-06-20,0.0627989385933672,NORMAL,5,6,False
2018-06-21,0.2340568410255957,NORMAL,5,6,False
2018-06-22,0.1385275124182063,NORMAL,4,6,False
2018-06-23,0.2145266583210294,NORMAL,4,6,False
2018-06-24,0.373107702488723,NORMAL,4,6,False
2018-06-25,0.2944146509204369,NORMAL,4,6,False
2018-06-26,0.1183346309772988,NORMAL,4,6,False
2018-06-27,0.3957598112854792,NORMAL,5,6,False
2018-06-28,0.1485696782976515,NORMAL,5,6,False
2018-06-29,0.0804589202408647,NORMAL,4,6,False
2018-07-20,0.2511324650360112,NORMAL,4,7,False
2018-07-21,0.3388724732523396,NORMAL,4,7,False
2018-07-22,0.3651250577339176,NORMAL,4,7,False
2018-07-23,0.3690609468375433,NORMAL,4,7,False
2018-07-24,0.3975384073952577,NORMAL,4,7,False
2018-07-25,1.4947312910806347,CRITICAL,5,7,True
2018-07-26,0.6374846208244536,WARNING,5,7,True
2018-07-27,0.4405936622647264,NORMAL,4,7,False
2018-07-28,0.3821839086965659,NORMAL,4,7,False
2018-07-29,0.4619412356230398,NORMAL,4,7,False
2018-07-30,0.4322519318634967,NORMAL,4,7,False
2018-07-31,0.483489186132269,NORMAL,4,7,False
2018-08-01,0.822407404758441,WARNING,5,8,True
2018-08-02,0.4919941743808191,NORMAL,5,8,False
2018-08-03,0.0701993030569061,NORMAL,4,8,False
2018-08-04,0.3736683903565123,NORMAL,4,8,False
2018-08-05,0.2681981431154535,NORMAL,4,8,False
2018-08-06,0.2776591358812202,NORMAL,4,8,False
2018-08-07,0.40115125462823,NORMAL,4,8,False
2018-08-08,0.1810764481548677,NORMAL,5,8,False
2018-08-09,0.1770567807108448,NORMAL,5,8,False
2018-08-10,0.1124460181970479,NORMAL,4,8,False
2018-08-11,0.1806972483150866,NORMAL,4,8,False
2018-08-12,0.1939274046054096,NORMAL,4,8,False
2018-08-13,0.1563467952441674,NORMAL,4,8,False
2018-08-14,0.1887650633450706,NORMAL,4,8,False
2018-08-15,0.4635876791463481,NORMAL,5,8,False
2018-08-16,0.7539389896891753,WARNING,5,8,True
2018-08-17,0.2682058081059491,NORMAL,4,8,False
2018-08-18,0.3175031607359427,NORMAL,4,8,False
2018-08-19,0.2191399858159096,NORMAL,4,8,False
2018-08-20,0.339893072779414,NORMAL,4,8,False
2018-08-21,0.7508702032468935,WARNING,4,8,True
2018-08-22,0.5701282165146879,NORMAL,5,8,False
2018-08-23,0.6474949219264717,WARNING,5,8,True
2018-08-24,0.6157602106045638,NORMAL,4,8,False
2018-08-25,0.1391132747599954,NORMAL,4,8,False
2018-08-26,0.3532117884384144,NORMAL,4,8,False
2018-08-27,0.2682229716455409,NORMAL,4,8,False
2018-08-28,0.3486704400406388,NORMAL,4,8,False
2018-08-29,0.3583115209336791,NORMAL,5,8,False
2018-08-30,0.3127578292059644,NORMAL,5,8,False
2018-08-31,0.0640597268125715,NORMAL,4,8,False
2018-09-01,0.2347109200927455,NORMAL,4,9,False
2018-09-02,0.5435780645869962,NORMAL,4,9,False
2018-09-03,0.9161620473972552,CRITICAL,4,9,True
2018-09-04,1.1410907746872527,CRITICAL,4,9,True
2018-09-05,0.1315599937892709,NORMAL,5,9,False
2018-09-06,0.2273668290942832,NORMAL,5,9,False
2018-09-07,0.4662573083401753,NORMAL,4,9,False
2018-09-08,0.805029207259203,CRITICAL,4,9,True
2018-09-09,0.9719631616974238,CRITICAL,4,9,True
2018-09-10,0.7240813330384971,WARNING,4,9,True
2018-09-11,0.7604004587078732,WARNING,4,9,True
2018-09-12,0.0957202528272075,NORMAL,5,9,False
2018-09-13,0.1738628916543318,NORMAL,5,9,False
2018-09-14,0.1081101956100476,NORMAL,4,9,False
2018-09-15,0.1627458529672941,NORMAL,4,9,False
2018-09-16,0.1528624693857863,NORMAL,4,9,False
2018-09-17,0.1454638702081898,NORMAL,4,9,False
2018-09-18,0.13138211918604,NORMAL,4,9,False
2018-09-19,0.0481610244829338,NORMAL,5,9,False
2018-09-20,0.0189178743055867,NORMAL,5,9,False
2018-09-21,0.3203158425916556,NORMAL,4,9,False
2018-09-22,0.5104020887253372,NORMAL,4,9,False
2018-09-23,0.2208799161028938,NORMAL,4,9,False
2018-09-24,0.1691058141445456,NORMAL,4,9,False
2018-09-25,0.0820584682092436,NORMAL,4,9,False
2018-09-26,0.1626368474818482,NORMAL,5,9,False
2018-09-27,0.0435148900804813,NORMAL,5,9,False
2018-09-28,0.1039045620966943,NORMAL,4,9,False
2018-09-29,0.2550398079421481,NORMAL,4,9,False
2018-09-30,0.4782054098180849,NORMAL,4,9,False
2018-10-01,0.4824741348155593,NORMAL,4,10,False
2018-10-02,0.406190963642546,NORMAL,4,10,False
2018-10-03,0.3454705535351193,NORMAL,5,10,False
2018-10-04,0.4313524577971803,NORMAL,5,10,False
2018-10-05,0.2527782968802096,NORMAL,4,10,False
2018-10-06,0.084449119170114,NORMAL,4,10,False
2018-10-07,0.1145069497709565,NORMAL,4,10,False
2018-10-08,0.1143806704060398,NORMAL,4,10,False
2018-10-09,0.0775202598919451,NORMAL,4,10,False
2018-10-10,0.0748356455480747,NORMAL,5,10,False
2018-10-11,0.0291291764714239,NORMAL,5,10,False
2018-10-12,0.0635121575721719,NORMAL,4,10,False
2018-10-13,0.0264400257214166,NORMAL,4,10,False
2018-10-14,0.1136522822822495,NORMAL,4,10,False
2018-10-15,0.0506322881064558,NORMAL,4,10,False
2018-10-16,0.0451741365997945,NORMAL,4,10,False
2018-10-17,0.0083826940096228,NORMAL,5,10,False
2018-10-18,0.0616367976124042,NORMAL,5,10,False
2018-10-19,0.0153757609742492,NORMAL,4,10,False
2018-10-20,0.0596697539496288,NORMAL,4,10,False
2018-10-21,0.1169648136783208,NORMAL,4,10,False
2018-10-22,0.3843906805016178,NORMAL,4,10,False
2018-10-23,0.7045183336658205,WARNING,4,10,True
2018-10-24,0.1504804542187811,NORMAL,5,10,False
2018-10-25,0.3123068992163896,NORMAL,5,10,False
2018-10-26,0.5082696768191401,NORMAL,4,10,False
2018-10-27,0.5652532851805955,NORMAL,4,10,False
2018-10-28,0.5124550391792385,NORMAL,4,10,False
2018-10-29,0.1160754471864431,NORMAL,4,10,False
2018-10-30,0.205334917184731,NORMAL,4,10,False
2018-10-31,0.111133929520629,NORMAL,5,10,False
2018-11-01,0.3179100354897186,NORMAL,5,11,False
2018-11-02,0.239448182856177,NORMAL,4,11,False
2018-11-03,0.1832699881360859,NORMAL,4,11,False
2018-11-04,0.5367182491144884,NORMAL,4,11,False
2018-11-05,0.4549637709367798,NORMAL,4,11,False
2018-11-06,0.3857052518465875,NORMAL,4,11,False
2018-11-07,0.2201764383358809,NORMAL,5,11,False
2018-11-08,0.3988130633401232,NORMAL,5,11,False
2018-11-09,0.699212345955888,NORMAL,4,11,False
2018-11-10,0.409429877917348,NORMAL,4,11,False
2018-11-11,0.2679664307387329,NORMAL,4,11,False
2018-11-12,0.2273857493894328,NORMAL,4,11,False
2018-11-13,0.2031598853793947,NORMAL,4,11,False
2018-11-14,0.2398641227616051,NORMAL,5,11,False
2018-11-15,0.2172887571019578,NORMAL,5,11,False
2018-11-16,0.1542841318039566,NORMAL,4,11,False
2018-11-17,0.2687902274893833,NORMAL,4,11,False
2018-11-18,0.2176241571357149,NORMAL,4,11,False
2018-11-19,0.1288958354993279,NORMAL,4,11,False
2018-11-20,0.1600395391606451,NORMAL,4,11,False
2018-11-21,0.1744507591821674,NORMAL,5,11,False
2018-11-22,0.1362235490313995,NORMAL,5,11,False
2018-11-23,0.0432726652717049,NORMAL,4,11,False
2018-11-24,0.0983061658482015,NORMAL,4,11,False
2018-11-25,0.0435539269694532,NORMAL,4,11,False
2018-11-26,0.3534648315505536,NORMAL,4,11,False
2018-11-27,0.1734533779929815,NORMAL,4,11,False
2018-11-28,0.262512155705223,NORMAL,5,11,False
2018-11-29,0.4097775912183205,NORMAL,5,11,False
2018-11-30,0.1450469621390298,NORMAL,4,11,False
2018-12-01,0.2365696984536724,NORMAL,4,12,False
2018-12-02,0.098592974359936,NORMAL,4,12,False
2018-12-03,0.1604582044082663,NORMAL,4,12,False
2018-12-04,0.3360638914067064,NORMAL,4,12,False
2018-12-05,0.160651712065773,NORMAL,5,12,False
2018-12-06,0.0735493288018646,NORMAL,5,12,False
2018-12-07,0.0494177064615834,NORMAL,4,12,False
2018-12-08,0.1343692887116145,NORMAL,4,12,False
2018-12-09,0.1927309051415193,NORMAL,4,12,False
2018-12-10,0.3322424242236815,NORMAL,4,12,False
2018-12-11,0.2289656305144782,NORMAL,4,12,False
2018-12-12,0.3305493683404175,NORMAL,5,12,False
2018-12-13,0.1281781387782571,NORMAL,5,12,False
2018-12-14,0.1509442772129619,NORMAL,4,12,False
2018-12-15,0.541736723844373,WARNING,4,12,True
2018-12-16,0.7997318928450943,CRITICAL,4,12,True
2018-12-17,0.8888386557447283,CRITICAL,4,12,True
2018-12-18,0.8168716383474371,CRITICAL,4,12,True
2018-12-19,0.1343567136547179,NORMAL,5,12,False
2018-12-20,0.2832993200425547,NORMAL,5,12,False
2018-12-21,0.1262461018164344,NORMAL,4,12,False
2018-12-22,0.18269092835471,NORMAL,4,12,False
2018-12-23,0.2691412249473154,NORMAL,4,12,False
2018-12-24,0.2106293002110022,NORMAL,4,12,False
2018-12-25,0.1912956092336742,NORMAL,4,12,False
2018-12-26,0.74263367952496,WARNING,5,12,True
2018-12-27,0.525046629585766,NORMAL,5,12,False
2018-12-28,0.5223069639232266,NORMAL,4,12,False
2018-12-29,0.6603237397065638,WARNING,4,12,True
2018-12-30,0.8822266328508399,CRITICAL,4,12,True
2018-12-31,0.7237753555312656,WARNING,4,12,True
2019-01-01,0.5013513704424108,NORMAL,4,1,False
2019-01-02,0.3434868348691283,NORMAL,5,1,False
2019-01-03,0.2794190453102516,NORMAL,5,1,False
2019-01-04,0.2189321785948631,NORMAL,4,1,False
2019-01-05,0.1475958526967228,NORMAL,4,1,False
2019-01-06,0.2334154340883189,NORMAL,4,1,False
2019-01-07,0.1132798399608362,NORMAL,4,1,False
2019-01-08,0.1421154513525096,NORMAL,4,1,False
2019-01-09,0.7873845627440146,CRITICAL,5,1,True
2019-01-10,0.3432062267402296,NORMAL,5,1,False
2019-01-11,0.0649165524458881,NORMAL,4,1,False
2019-01-12,0.1018191112661663,NORMAL,4,1,False
2019-01-13,0.1012490406216518,NORMAL,4,1,False
2019-01-14,0.0524201709751575,NORMAL,4,1,False
2019-01-15,0.0732183205119586,NORMAL,4,1,False
2019-01-16,0.5885994779020193,NORMAL,5,1,False
2019-01-17,0.156829746015226,NORMAL,5,1,False
2019-01-18,0.224850613201215,NORMAL,4,1,False
2019-01-19,0.0260513867799339,NORMAL,4,1,False
2019-01-20,0.0946135977343105,NORMAL,4,1,False
2019-01-21,0.1999724367057953,NORMAL,4,1,False
2019-01-22,0.2781351759709248,NORMAL,4,1,False
2019-01-23,1.1068622630021487,CRITICAL,5,1,True
2019-01-24,0.9555624653228012,CRITICAL,5,1,True
2019-01-25,0.7705377999761097,CRITICAL,4,1,True
2019-01-26,0.7722506596427254,CRITICAL,4,1,True
2019-01-27,0.0990695357015178,NORMAL,4,1,False
2019-01-28,0.2916693626533945,NORMAL,4,1,False
2019-01-29,0.3334811077175303,NORMAL,4,1,False
2019-01-30,0.0279100222177317,NORMAL,5,1,False
2019-01-31,0.1803777923878114,NORMAL,5,1,False
2019-02-01,0.2196002983435659,NORMAL,4,2,False
2019-02-02,0.0697405309799138,NORMAL,4,2,False
2019-02-03,0.0657090393571746,NORMAL,4,2,False
2019-02-04,0.3010116819206236,NORMAL,4,2,False
2019-02-05,0.3696640214845344,NORMAL,4,2,False
2019-02-06,0.1912879754714052,NORMAL,5,2,False
2019-02-07,0.217649760958689,NORMAL,5,2,False
2019-02-08,0.304559140802322,NORMAL,4,2,False
2019-02-09,0.4553240763170547,NORMAL,4,2,False
2019-02-10,0.5165358143671744,NORMAL,4,2,False
2019-02-11,0.4470268845062441,NORMAL,4,2,False
2019-02-12,0.5818911575872233,NORMAL,4,2,False
2019-02-13,0.0797228414698797,NORMAL,5,2,False
2019-02-14,0.3231141468796285,NORMAL,5,2,False
2019-02-15,0.5863351946227613,WARNING,4,2,True
2019-02-16,0.580169442633882,NORMAL,4,2,False
2019-02-17,0.5777125057396477,NORMAL,4,2,False
2019-02-18,0.4766773794093496,NORMAL,4,2,False
2019-02-19,0.4498904832289739,NORMAL,4,2,False
2019-02-20,0.2290775881215589,NORMAL,5,2,False
2019-02-21,0.1178764663572477,NORMAL,5,2,False
2019-02-22,0.1492743331050564,NORMAL,4,2,False
2019-02-23,0.0667072760302581,NORMAL,4,2,False
2019-02-24,0.1379874508793508,NORMAL,4,2,False
2019-02-25,0.1530090491942364,NORMAL,4,2,False
2019-02-26,0.2989498126753251,NORMAL,4,2,False
2019-02-27,0.33136466004945,NORMAL,5,2,False
2019-02-28,0.4105519325019325,NORMAL,5,2,False
2019-03-01,0.1825173714844784,NORMAL,4,3,False
2019-03-02,0.3134529658987076,NORMAL,4,3,False
2019-03-03,0.1479911581675261,NORMAL,4,3,False
2019-03-04,0.0857336006457364,NORMAL,4,3,False
2019-03-05,0.0571053216743092,NORMAL,4,3,False
2019-03-06,0.4884499096896258,NORMAL,5,3,False
2019-03-07,0.1453593246548402,NORMAL,5,3,False
2019-03-08,0.1710523171001411,NORMAL,4,3,False
2019-03-09,0.0888980037502228,NORMAL,4,3,False
2019-03-10,0.122613884038805,NORMAL,4,3,False
2019-03-11,0.3093804965645116,NORMAL,4,3,False
2019-03-12,0.2918060382855826,NORMAL,4,3,False
2019-03-13,0.3041310722493776,NORMAL,5,3,False
2019-03-14,0.2647211428661015,NORMAL,5,3,False
2019-03-15,0.2490044554066977,NORMAL,4,3,False
2019-03-16,0.2846205943882335,NORMAL,4,3,False
2019-03-17,0.1645587580682084,NORMAL,4,3,False
2019-03-18,0.0359624418950597,NORMAL,4,3,False
2019-03-19,0.0537994318189765,NORMAL,4,3,False
2019-03-20,0.4456175729111284,NORMAL,5,3,False
2019-03-21,0.2096497283452357,NORMAL,5,3,False
2019-03-22,0.343970762261993,NORMAL,4,3,False
2019-03-23,0.2880031206827345,NORMAL,4,3,False
2019-03-24,0.113034030326646,NORMAL,4,3,False
2019-03-25,0.0472922154353342,NORMAL,4,3,False
2019-03-26,0.3787437121482814,NORMAL,4,3,False
2019-03-27,0.0892195035400251,NORMAL,5,3,False
2019-03-28,0.0758754115526227,NORMAL,5,3,False
2019-03-29,0.1689281999102037,NORMAL,4,3,False
2019-03-30,0.2033578712592088,NORMAL,4,3,False
2019-03-31,0.2796451701875048,NORMAL,4,3,False
2019-04-01,0.3441641489865034,NORMAL,4,4,False
2019-04-02,0.4230590501031862,NORMAL,4,4,False
2019-04-03,0.52004308628958,NORMAL,5,4,False
2019-04-04,0.6851077493902537,CRITICAL,5,4,True
2019-04-05,0.5784621103182762,WARNING,4,4,True
2019-04-06,0.3887388916639537,NORMAL,4,4,False
2019-04-07,0.2763538598815332,NORMAL,4,4,False
2019-04-08,0.1000105051705622,NORMAL,4,4,False
2019-04-09,0.2406285988597005,NORMAL,4,4,False
2019-04-10,0.0901296719135292,NORMAL,5,4,False
2019-04-11,0.074863983391986,NORMAL,5,4,False
2019-04-12,0.1485913376115837,NORMAL,4,4,False
2019-04-13,0.0212175307388868,NORMAL,4,4,False
2019-04-14,0.0407966520488351,NORMAL,4,4,False
2019-04-15,0.0886250352892088,NORMAL,4,4,False
2019-04-16,0.2332171315545592,NORMAL,4,4,False
2019-04-17,0.0103729560660449,NORMAL,5,4,False
2019-04-18,0.5501076854523567,NORMAL,5,4,False
2019-04-19,0.6992239024484654,CRITICAL,4,4,True
2019-04-20,0.3081479201392323,NORMAL,4,4,False
2019-04-21,0.5074153296177715,NORMAL,4,4,False
2019-04-22,0.3662641331272829,NORMAL,4,4,False
2019-04-23,0.2597426701594036,NORMAL,4,4,False
2019-04-24,0.9138096826279984,CRITICAL,5,4,True
2019-04-25,0.6180211493408465,WARNING,5,4,True
2019-04-26,0.5743522383217846,NORMAL,4,4,False
2019-04-27,0.5011240318023197,NORMAL,4,4,False
2019-04-28,0.4067799143267315,NORMAL,4,4,False
2019-04-29,0.4278123965962234,NORMAL,4,4,False
2019-04-30,0.2330562014999938,NORMAL,4,4,False
2019-05-01,0.3622900187996219,NORMAL,5,5,False
2019-05-02,0.3824872320262369,NORMAL,5,5,False
2019-05-03,0.4406862039356705,NORMAL,4,5,False
2019-05-04,0.3661941073117098,NORMAL,4,5,False
2019-05-05,0.4946094965029999,NORMAL,4,5,False
2019-05-06,0.4027509185714427,NORMAL,4,5,False
2019-05-07,0.2309660296989048,NORMAL,4,5,False
2019-05-08,0.2713422525097098,NORMAL,5,5,False
2019-05-09,0.309945775248652,NORMAL,5,5,False
2019-05-10,0.4804604395961138,NORMAL,4,5,False
2019-05-11,0.7303689101421428,NORMAL,4,5,False
2019-05-12,0.7850939190052819,WARNING,4,5,True
2019-05-13,0.6329255297886127,NORMAL,4,5,False
2019-05-14,0.6327601271244074,NORMAL,4,5,False
2019-05-15,0.1147760705562959,NORMAL,5,5,False
2019-05-16,0.0743682042952628,NORMAL,5,5,False
2019-05-17,0.3905769057161677,NORMAL,4,5,False
2019-05-18,0.5933386664617412,NORMAL,4,5,False
2019-05-19,0.390523462432487,NORMAL,4,5,False
2019-05-20,0.2745396311422753,NORMAL,4,5,False
2019-05-21,0.2393431698334032,NORMAL,4,5,False
2019-05-22,0.3433671821425763,NORMAL,5,5,False
2019-05-23,0.7028990074476802,NORMAL,5,5,False
2019-05-24,0.3528431520768522,NORMAL,4,5,False
2019-05-25,0.5162613420661446,NORMAL,4,5,False
2019-05-26,0.8323397652173274,CRITICAL,4,5,True
2019-05-27,0.5514737961305197,NORMAL,4,5,False
2019-05-28,0.4054740323220525,NORMAL,4,5,False
2019-05-29,0.1204222130160706,NORMAL,5,5,False
2019-05-30,0.048914056917044,NORMAL,5,5,False
2019-05-31,0.0913923888266741,NORMAL,4,5,False
2019-06-01,0.13500894535374,NORMAL,4,6,False
2019-06-02,0.1487527251463452,NORMAL,4,6,False
2019-06-03,0.3060118346295184,NORMAL,4,6,False
2019-06-04,0.3613632715560391,NORMAL,4,6,False
2019-06-05,0.1474692886060968,NORMAL,5,6,False
2019-06-06,0.2354395821740465,NORMAL,5,6,False
2019-06-07,0.1940594836353062,NORMAL,4,6,False
2019-06-08,0.0782523768464742,NORMAL,4,6,False
2019-06-09,0.151302751659299,NORMAL,4,6,False
2019-06-10,0.0812445083054204,NORMAL,4,6,False
2019-06-11,0.1276682642079488,NORMAL,4,6,False
2019-06-12,0.1702771047905704,NORMAL,5,6,False
2019-06-13,0.6172103649109074,WARNING,5,6,True
2019-06-14,0.244631510999295,NORMAL,4,6,False
2019-06-15,0.0564640423193304,NORMAL,4,6,False
2019-06-16,0.1320343569740412,NORMAL,4,6,False
2019-06-17,0.1409715746948696,NORMAL,4,6,False
2019-06-18,0.211132338071192,NORMAL,4,6,False
2019-06-19,0.6304011303175695,WARNING,5,6,True
2019-06-20,0.0686703934487867,NORMAL,5,6,False
2019-06-21,0.2058406430849849,NORMAL,4,6,False
2019-06-22,0.1062911182817487,NORMAL,4,6,False
2019-06-23,0.0982831724736308,NORMAL,4,6,False
2019-06-24,0.0789753922126316,NORMAL,4,6,False
2019-06-25,0.1881610418309467,NORMAL,4,6,False
2019-06-26,0.4450680007609627,NORMAL,5,6,False
2019-06-27,0.4354774865387435,NORMAL,5,6,False
2019-06-28,0.4312779681782041,NORMAL,4,6,False
2019-06-29,0.7103400999191734,CRITICAL,4,6,True
2019-06-30,0.6080943284331592,WARNING,4,6,True
2019-07-01,0.4169030771864939,NORMAL,4,7,False
2019-07-02,0.5331258496093246,NORMAL,4,7,False
2019-07-03,0.06777244162038,NORMAL,5,7,False
2019-07-04,0.0701562231019461,NORMAL,5,7,False
2019-07-05,0.1735482468774288,NORMAL,4,7,False
2019-07-06,0.1387977173790064,NORMAL,4,7,False
2019-07-07,0.1970633455296212,NORMAL,4,7,False
2019-07-08,0.1900435207833496,NORMAL,4,7,False
2019-07-09,0.1582756632925624,NORMAL,4,7,False
2019-07-10,0.0128628461495794,NORMAL,5,7,False
2019-07-11,0.0642028546703306,NORMAL,5,7,False
2019-07-12,0.1781657652356239,NORMAL,4,7,False
2019-07-13,0.1880369964626611,NORMAL,4,7,False
2019-07-14,0.2436149205857004,NORMAL,4,7,False
2019-07-15,0.1197311991414066,NORMAL,4,7,False
2019-07-16,0.2204443033155288,NORMAL,4,7,False
2019-07-17,0.6223138656699896,WARNING,5,7,True
2019-07-18,0.6525135199653749,WARNING,5,7,True
2019-07-19,0.5944608844851346,WARNING,4,7,True
2019-07-20,0.6603933241841439,WARNING,4,7,True
2019-07-21,0.792750977833502,CRITICAL,4,7,True
2019-07-22,0.9114844226235866,CRITICAL,4,7,True
2019-07-23,0.988510855749601,CRITICAL,4,7,True
2019-07-24,0.5221532732053826,NORMAL,5,7,False
2019-07-25,0.2400549409103916,NORMAL,5,7,False
2019-07-26,0.3196238829684875,NORMAL,4,7,False
2019-07-27,0.2582556607376498,NORMAL,4,7,False
2019-07-28,0.5520787509046096,NORMAL,4,7,False
2019-07-29,0.5838522787531613,NORMAL,4,7,False
2019-07-30,0.7107865380295793,CRITICAL,4,7,True
2019-07-31,0.1095564805608839,NORMAL,5,7,False
2019-08-01,0.4595988733833777,NORMAL,5,8,False
2019-08-02,0.6788303985428528,WARNING,4,8,True
2019-08-03,0.6380114106621972,WARNING,4,8,True
2019-08-04,0.6071558682139865,NORMAL,4,8,False
2019-08-05,0.5593024138134002,NORMAL,4,8,False
2019-08-06,0.547767597815248,NORMAL,4,8,False
2019-08-07,0.3632590547793072,NORMAL,5,8,False
2019-08-08,0.6081969970928554,NORMAL,5,8,False
2019-08-09,0.6965918728999736,WARNING,4,8,True
2019-08-10,0.49397149174525,NORMAL,4,8,False
2019-08-11,0.5369302121390888,NORMAL,4,8,False
2019-08-12,0.4980279553099028,NORMAL,4,8,False
2019-08-13,0.4924866088933569,NORMAL,4,8,False
2019-08-14,0.3959516454083839,NORMAL,5,8,False
2019-08-15,0.4385191576023177,NORMAL,5,8,False
2019-08-16,0.8113818477544262,CRITICAL,4,8,True
2019-08-17,0.8501126890145316,CRITICAL,4,8,True
2019-08-18,0.6369205309072423,NORMAL,4,8,False
2019-08-19,0.2724636830912726,NORMAL,4,8,False
2019-08-20,0.3076105853451998,NORMAL,4,8,False
2019-08-21,1.0614129768873766,CRITICAL,5,8,True
2019-08-22,0.6251133468876514,NORMAL,5,8,False
2019-08-23,0.2439858017769487,NORMAL,4,8,False
2019-08-24,0.1288654946335485,NORMAL,4,8,False
2019-08-25,0.1635717986121367,NORMAL,4,8,False
2019-08-26,0.3343488514834904,NORMAL,4,8,False
2019-08-27,0.5757200042816955,NORMAL,4,8,False
2019-08-28,0.1110701793180068,NORMAL,5,8,False
2019-08-29,0.1377376749322196,NORMAL,5,8,False
2019-08-30,0.2233873350638948,NORMAL,4,8,False
2019-08-31,0.0877203939472797,NORMAL,4,8,False
2019-09-01,0.1004873973120927,NORMAL,4,9,False
2019-09-02,0.2094289807322881,NORMAL,4,9,False
2019-09-03,0.2230545231570856,NORMAL,4,9,False
2019-09-04,0.0138964450513449,NORMAL,5,9,False
2019-09-05,0.1613314036723822,NORMAL,5,9,False
2019-09-06,0.0300067860368914,NORMAL,4,9,False
2019-09-07,0.1688429777387298,NORMAL,4,9,False
2019-09-08,0.6579893104086431,WARNING,4,9,True
2019-09-09,0.1970564617511634,NORMAL,4,9,False
2019-09-10,0.0995604706550895,NORMAL,4,9,False
2019-09-11,0.1987616223398513,NORMAL,5,9,False
2019-09-12,0.0129527958141663,NORMAL,5,9,False
2019-09-13,0.3729097828721101,NORMAL,4,9,False
2019-09-14,0.2015882202955496,NORMAL,4,9,False
2019-09-15,0.3455480597154898,NORMAL,4,9,False
2019-09-16,0.1202745197655407,NORMAL,4,9,False
2019-09-17,0.2454278147893378,NORMAL,4,9,False
2019-09-18,0.2886225780001049,NORMAL,5,9,False
2019-09-19,0.2789828944163156,NORMAL,5,9,False
2019-09-20,0.2919913980057264,NORMAL,4,9,False
2019-09-21,0.4144351134582035,NORMAL,4,9,False
2019-09-22,0.3811674614507437,NORMAL,4,9,False
2019-09-23,0.1056432997219008,NORMAL,4,9,False
2019-09-24,0.2110453950908329,NORMAL,4,9,False
2019-09-25,0.4975296098888198,NORMAL,5,9,False
2019-09-26,0.0990670762442395,NORMAL,5,9,False
2019-09-27,0.1290913153901322,NORMAL,4,9,False
2019-09-28,0.4526759439938356,NORMAL,4,9,False
2019-09-29,0.1875875401889117,NORMAL,4,9,False
2019-09-30,0.2661879735323512,NORMAL,4,9,False
2019-10-01,0.2683027771651453,NORMAL,4,10,False
2019-10-02,0.0122242885193135,NORMAL,5,10,False
2019-10-03,0.4019059989648195,NORMAL,5,10,False
2019-10-04,0.4623627022472539,NORMAL,4,10,False
2019-10-05,0.3862312493914041,NORMAL,4,10,False
2019-10-06,0.2439103888457119,NORMAL,4,10,False
2019-10-07,0.2262329853225231,NORMAL,4,10,False
2019-10-08,0.1690607590025734,NORMAL,4,10,False
2019-10-09,0.7903753465560726,CRITICAL,5,10,True
2019-10-10,0.3229228995058406,NORMAL,5,10,False
2019-10-11,0.3616181643911277,NORMAL,4,10,False
2019-10-12,0.4877859472582482,NORMAL,4,10,False
2019-10-13,0.3614956375611033,NORMAL,4,10,False
2019-10-14,0.3470380541068685,NORMAL,4,10,False
2019-10-15,0.1297232801048697,NORMAL,4,10,False
2019-10-16,0.1226203457930607,NORMAL,5,10,False
2019-10-17,0.1840610522714678,NORMAL,5,10,False
2019-10-18,0.1354137625697117,NORMAL,4,10,False
2019-10-19,0.3607368548026787,NORMAL,4,10,False
2019-10-20,0.628655602729123,WARNING,4,10,True
2019-10-21,0.3805679131697114,NORMAL,4,10,False
2019-10-22,0.3152260208176707,NORMAL,4,10,False
2019-10-23,0.0414257427103342,NORMAL,5,10,False
2019-10-24,0.1928996905078818,NORMAL,5,10,False
2019-10-25,0.4295503451469867,NORMAL,4,10,False
2019-10-26,0.4320069719847971,NORMAL,4,10,False
2019-10-27,0.7449946639975276,CRITICAL,4,10,True
2019-10-28,0.8764898586877048,CRITICAL,4,10,True
2019-10-29,0.7859179089053758,CRITICAL,4,10,True
2019-10-30,0.3918109926309799,NORMAL,5,10,False
2019-10-31,0.3274945237904493,NORMAL,5,10,False
2019-11-01,0.2482730140316817,NORMAL,4,11,False
2019-11-02,0.2863244089656106,NORMAL,4,11,False
2019-11-03,0.3723338544080342,NORMAL,4,11,False
2019-11-04,0.2164311485949344,NORMAL,4,11,False
2019-11-05,0.2512337224323002,NORMAL,4,11,False
2019-11-06,0.067497623423915,NORMAL,5,11,False
2019-11-07,0.102049448312478,NORMAL,5,11,False
2019-11-08,0.2241944851123852,NORMAL,4,11,False
2019-11-09,0.2610626183081864,NORMAL,4,11,False
2019-11-10,0.8680315717861452,CRITICAL,4,11,True
2019-11-11,0.6906944205995182,NORMAL,4,11,False
2019-11-12,0.2128899828834309,NORMAL,4,11,False
2019-11-13,0.607697479984584,NORMAL,5,11,False
2019-11-14,0.4477923649647136,NORMAL,5,11,False
2019-11-15,0.4041596122221025,NORMAL,4,11,False
2019-11-16,0.2601057224543132,NORMAL,4,11,False
2019-11-17,0.2848085496087829,NORMAL,4,11,False
2019-11-18,0.652332894226862,NORMAL,4,11,False
2019-11-19,0.3744083642577104,NORMAL,4,11,False
2019-11-20,0.1760264017894958,NORMAL,5,11,False
2019-11-21,0.0360865768222551,NORMAL,5,11,False
2019-11-22,0.326135400356057,NORMAL,4,11,False
2019-11-23,0.2050630639916276,NORMAL,4,11,False
2019-11-24,0.1141953250381221,NORMAL,4,11,False
2019-11-25,0.1417912391165993,NORMAL,4,11,False
2019-11-26,0.1288754127256756,NORMAL,4,11,False
2019-11-27,0.6144972127490731,NORMAL,5,11,False
2019-11-28,0.263461618265766,NORMAL,5,11,False
2019-11-29,0.1575144722227549,NORMAL,4,11,False
2019-11-30,0.425577811041576,NORMAL,4,11,False
2019-12-01,0.5252888210655019,NORMAL,4,12,False
2019-12-02,0.6926779475923279,WARNING,4,12,True
2019-12-03,0.4913457459823852,NORMAL,4,12,False
2019-12-04,0.2058362206685051,NORMAL,5,12,False
2019-12-05,0.3444140523516941,NORMAL,5,12,False
2019-12-06,0.1496370782452644,NORMAL,4,12,False
2019-12-07,0.2093937702837511,NORMAL,4,12,False
2019-12-08,0.3481483468887317,NORMAL,4,12,False
2019-12-09,0.4795603016820809,NORMAL,4,12,False
2019-12-10,0.3186743329695767,NORMAL,4,12,False
2019-12-11,0.2786415486836476,NORMAL,5,12,False
2019-12-12,0.1733433007373206,NORMAL,5,12,False
2019-12-13,0.2612443683069314,NORMAL,4,12,False
2019-12-14,0.1291371872130651,NORMAL,4,12,False
2019-12-15,0.1493762396144388,NORMAL,4,12,False
2019-12-16,0.2100037429113611,NORMAL,4,12,False
2019-12-17,0.2008390968790457,NORMAL,4,12,False
2019-12-18,0.4441626140712704,NORMAL,5,12,False
2019-12-19,0.1278964430686491,NORMAL,5,12,False
2019-12-20,0.0674605138191672,NORMAL,4,12,False
2019-12-21,0.0642512373046798,NORMAL,4,12,False
2019-12-22,0.1009630037075409,NORMAL,4,12,False
2019-12-23,0.2060143096096058,NORMAL,4,12,False
2019-12-24,0.2469469275476646,NORMAL,4,12,False
2019-12-25,0.2470858094869441,NORMAL,5,12,False
2019-12-26,0.1952228547611448,NORMAL,5,12,False
2019-12-27,0.225281954044613,NORMAL,4,12,False
2019-12-28,0.1158970427303215,NORMAL,4,12,False
2019-12-29,0.2530621332986548,NORMAL,4,12,False
2019-12-30,0.0489404251636412,NORMAL,4,12,False
2019-12-31,0.0697643258818506,NORMAL,4,12,False
2020-01-01,0.2631303127298963,NORMAL,5,1,False
2020-01-02,0.0580382837273975,NORMAL,5,1,False
2020-01-03,0.1146678411220309,NORMAL,4,1,False
2020-01-04,0.0417490342951163,NORMAL,4,1,False
2020-01-05,0.1843980683281211,NORMAL,4,1,False
2020-01-06,0.100438792827688,NORMAL,4,1,False
2020-01-07,0.0388768531819679,NORMAL,4,1,False
2020-01-08,0.1330106958193996,NORMAL,5,1,False
2020-01-09,0.006667483764059,NORMAL,5,1,False
2020-01-10,0.1948122367779571,NORMAL,4,1,False
2020-01-11,0.1375458666685249,NORMAL,4,1,False
2020-01-12,0.2055626170398849,NORMAL,4,1,False
2020-01-13,0.0760662484917712,NORMAL,4,1,False
2020-01-14,0.1862096391728323,NORMAL,4,1,False
2020-01-15,0.0151450281544464,NORMAL,5,1,False
2020-01-16,0.0493453915034066,NORMAL,5,1,False
2020-01-17,0.0749862014417052,NORMAL,4,1,False
2020-01-18,0.2639034281030403,NORMAL,4,1,False
2020-01-19,0.447943892047545,NORMAL,4,1,False
2020-01-20,0.2206684533245136,NORMAL,4,1,False
2020-01-21,0.1403601785792287,NORMAL,4,1,False
2020-01-22,0.2396301976922826,NORMAL,5,1,False
2020-01-23,0.0593977766580873,NORMAL,5,1,False
2020-01-24,0.5636474333778635,NORMAL,4,1,False
2020-01-25,0.4705557624217394,NORMAL,4,1,False
2020-01-26,0.3666724660959407,NORMAL,4,1,False
2020-01-27,0.2033310960308564,NORMAL,4,1,False
2020-01-28,0.2236880973018556,NORMAL,4,1,False
2020-01-29,0.2244728739871304,NORMAL,5,1,False
2020-01-30,0.096387731021988,NORMAL,5,1,False
2020-01-31,0.1901850815969755,NORMAL,4,1,False
2020-02-01,0.238160511523397,NORMAL,4,2,False
2020-02-02,0.162142413994601,NORMAL,4,2,False
2020-02-03,0.1600691034974114,NORMAL,4,2,False
2020-02-04,0.0721317104117157,NORMAL,4,2,False
2020-02-05,0.8528892037239444,CRITICAL,5,2,True
2020-02-06,0.1861281543840067,NORMAL,5,2,False
2020-02-07,0.1117794988817901,NORMAL,4,2,False
2020-02-08,0.1403393316228972,NORMAL,4,2,False
2020-02-09,0.4152035471704979,NORMAL,4,2,False
2020-02-10,0.1121534411556944,NORMAL,4,2,False
2020-02-11,0.4576992881050979,NORMAL,4,2,False
2020-02-12,0.2071354671730156,NORMAL,5,2,False
2020-02-13,0.1532814480346018,NORMAL,5,2,False
2020-02-14,0.4341134920160385,NORMAL,4,2,False
2020-02-15,0.265293560914061,NORMAL,4,2,False
2020-02-16,0.0832715823606794,NORMAL,4,2,False
2020-02-17,0.059373235029653,NORMAL,4,2,False
2020-02-18,0.0734182271338944,NORMAL,4,2,False
2020-02-19,0.3457569296978461,NORMAL,5,2,False
2020-02-20,0.2997930342702662,NORMAL,5,2,False
2020-02-21,0.0722392569963208,NORMAL,4,2,False
2020-02-22,0.2812461416194077,NORMAL,4,2,False
2020-02-23,0.3294519418104815,NORMAL,4,2,False
2020-02-24,0.0753077892646973,NORMAL,4,2,False
2020-02-25,0.2185705338749153,NORMAL,4,2,False
2020-02-26,0.1767330484358109,NORMAL,5,2,False
2020-02-27,0.0484292127782593,NORMAL,5,2,False
2020-02-28,0.450777936599079,NORMAL,4,2,False
2020-02-29,0.3296157055464485,NORMAL,4,2,False
2020-03-01,0.1867871834149042,NORMAL,4,3,False
2020-03-02,0.0463008269576416,NORMAL,4,3,False
2020-03-03,0.0408604170513402,NORMAL,4,3,False
2020-03-04,0.1271233647855226,NORMAL,5,3,False
2020-03-05,0.2124314201874049,NORMAL,5,3,False
2020-03-06,0.3359390094311034,NORMAL,4,3,False
2020-03-07,0.4358534358956141,NORMAL,4,3,False
2020-03-08,0.3660704597436619,NORMAL,4,3,False
2020-03-09,0.0835221699500406,NORMAL,4,3,False
2020-03-10,0.357246594767702,NORMAL,4,3,False
2020-03-11,0.0499442026543915,NORMAL,5,3,False
2020-03-12,0.192414005642605,NORMAL,5,3,False
2020-03-13,0.1401156919814533,NORMAL,4,3,False
2020-03-14,0.3354416923492612,NORMAL,4,3,False
2020-03-15,0.1324634684205004,NORMAL,4,3,False
2020-03-16,0.1043985553804858,NORMAL,4,3,False
2020-03-17,0.2232872416875338,NORMAL,4,3,False
2020-03-18,0.4341863080840958,NORMAL,5,3,False
2020-03-19,0.2851163390789905,NORMAL,5,3,False
2020-03-20,0.1912191230994673,NORMAL,4,3,False
2020-03-21,0.0823294623622842,NORMAL,4,3,False
2020-03-22,0.2885913158928538,NORMAL,4,3,False
2020-03-23,0.4347557701007377,NORMAL,4,3,False
2020-03-24,0.4549525564345037,WARNING,4,3,True
2020-03-25,0.3713934961869494,NORMAL,5,3,False
2020-03-26,0.0598823063512315,NORMAL,5,3,False
2020-03-27,0.133839361359283,NORMAL,4,3,False
2020-03-28,0.1939762818626624,NORMAL,4,3,False
2020-03-29,0.0780295047110075,NORMAL,4,3,False
2020-03-30,0.0776176640380378,NORMAL,4,3,False
2020-03-31,0.1377838736617261,NORMAL,4,3,False
2020-04-01,0.3614413251798835,NORMAL,5,4,False
2020-04-02,0.035480850485446,NORMAL,5,4,False
2020-04-03,0.0325907234234784,NORMAL,4,4,False
2020-04-04,0.5472922222125183,NORMAL,4,4,False
2020-04-05,0.480972860361361,NORMAL,4,4,False
2020-04-06,0.2619572710654589,NORMAL,4,4,False
2020-04-07,0.2699330027559764,NORMAL,4,4,False
2020-04-08,0.3556900137638801,NORMAL,5,4,False
2020-04-09,0.3797166329590626,NORMAL,5,4,False
2020-04-10,0.2196951671166136,NORMAL,4,4,False
2020-04-11,0.1018077564619474,NORMAL,4,4,False
2020-04-12,0.1054191537223597,NORMAL,4,4,False
2020-04-13,0.2352805609868454,NORMAL,4,4,False
2020-04-14,0.2128154183642782,NORMAL,4,4,False
2020-04-15,0.2375833186204495,NORMAL,5,4,False
2020-04-16,0.0357090018051061,NORMAL,5,4,False
2020-04-17,0.1158876725042722,NORMAL,4,4,False
2020-04-18,0.0564293687756829,NORMAL,4,4,False
2020-04-19,0.2379157303052625,NORMAL,4,4,False
2020-04-20,0.541568919427603,NORMAL,4,4,False
2020-04-21,0.427995185663399,NORMAL,4,4,False
2020-04-22,0.343613929545858,NORMAL,5,4,False
2020-04-23,0.2762000988747328,NORMAL,5,4,False
2020-04-24,0.0460418470758986,NORMAL,4,4,False
2020-04-25,0.3723551496417632,NORMAL,4,4,False
2020-04-26,0.5721820832667326,NORMAL,4,4,False
2020-04-27,0.436119995320575,NORMAL,4,4,False
2020-04-28,0.3649935360166964,NORMAL,4,4,False
2020-04-29,0.6756058756125167,WARNING,5,4,True
2020-04-30,0.0523415537501722,NORMAL,5,4,False
2020-05-01,0.3924623827586755,NORMAL,4,5,False
2020-05-02,0.0831424264540149,NORMAL,4,5,False
2020-05-03,0.4558902074294071,NORMAL,4,5,False
2020-05-04,0.5014864943793484,NORMAL,4,5,False
2020-05-05,0.4661438851051313,NORMAL,4,5,False
2020-05-06,1.0097221340879532,CRITICAL,5,5,True
2020-05-07,0.529362260556464,NORMAL,5,5,False
2020-05-08,0.4114927634041021,NORMAL,4,5,False
2020-05-09,0.4035791206012012,NORMAL,4,5,False
2020-05-10,0.1463635654692466,NORMAL,4,5,False
2020-05-11,0.1972963452863703,NORMAL,4,5,False
2020-05-12,0.1484880908436119,NORMAL,4,5,False
2020-05-13,0.5963018200023555,NORMAL,5,5,False
2020-05-14,0.2978079245968093,NORMAL,5,5,False
2020-05-15,0.7820787988912461,WARNING,4,5,True
2020-05-16,0.6999201869882031,NORMAL,4,5,False
2020-05-17,0.7997267953252334,WARNING,4,5,True
2020-05-18,1.0705987556190515,CRITICAL,4,5,True
2020-05-19,1.0868748516793263,CRITICAL,4,5,True
2020-05-20,0.6462736453443026,NORMAL,5,5,False
2020-05-21,0.6280844475735271,NORMAL,5,5,False
2020-05-22,0.6708723304771878,NORMAL,4,5,False
2020-05-23,0.6508218270209111,NORMAL,4,5,False
2020-05-24,0.5556225205074474,NORMAL,4,5,False
2020-05-25,0.499893988811299,NORMAL,4,5,False
2020-05-26,0.6415721475538997,NORMAL,4,5,False
2020-05-27,0.1808817573960218,NORMAL,5,5,False
2020-05-28,0.4357432965813207,NORMAL,5,5,False
2020-05-29,0.7041944515820469,NORMAL,4,5,False
2020-05-30,0.674122510469974,NORMAL,4,5,False
2020-05-31,0.6980349334736781,NORMAL,4,5,False
2020-06-01,0.4224000817093338,NORMAL,4,6,False
2020-06-02,0.5385747980699312,NORMAL,4,6,False
2020-06-03,0.1690724465115009,NORMAL,5,6,False
2020-06-04,0.3676296464628965,NORMAL,5,6,False
2020-06-05,0.7576422507375955,CRITICAL,4,6,True
2020-06-06,0.78850446574291,CRITICAL,4,6,True
2020-06-07,0.6430339423905507,WARNING,4,6,True
2020-06-08,0.6147684441630066,WARNING,4,6,True
2020-06-09,0.7945184717260981,CRITICAL,4,6,True
2020-06-10,0.0383508216251278,NORMAL,5,6,False
2020-06-11,0.2953796661712913,NORMAL,5,6,False
2020-06-12,0.2130115990233178,NORMAL,4,6,False
2020-06-13,0.189969623959629,NORMAL,4,6,False
2020-06-14,0.4348497488822882,NORMAL,4,6,False
2020-06-15,0.3149279810710358,NORMAL,4,6,False
2020-06-16,0.2885900384401471,NORMAL,4,6,False
2020-06-17,0.169440283626494,NORMAL,5,6,False
2020-06-18,0.3627657228208139,NORMAL,5,6,False
2020-06-19,0.4015334490717885,NORMAL,4,6,False
2020-06-20,0.311535959080614,NORMAL,4,6,False
2020-06-21,0.0707673049789869,NORMAL,4,6,False
2020-06-22,0.3606427599756288,NORMAL,4,6,False
2020-06-23,0.1426813532985816,NORMAL,4,6,False
2020-06-24,0.0181189018996294,NORMAL,5,6,False
2020-06-25,0.0756696748433956,NORMAL,5,6,False
2020-06-26,0.1637334163808685,NORMAL,4,6,False
2020-06-27,0.1420496331100154,NORMAL,4,6,False
2020-06-28,0.2057981872342064,NORMAL,4,6,False
2020-06-29,0.1984764394806432,NORMAL,4,6,False
2020-06-30,0.1982577316928029,NORMAL,4,6,False
2020-07-01,0.1653093567041382,NORMAL,5,7,False
2020-07-02,0.2438074651033001,NORMAL,5,7,False
2020-07-03,0.264657604932109,NORMAL,4,7,False
2020-07-04,0.07585517443974,NORMAL,4,7,False
2020-07-05,0.3305858896161144,NORMAL,4,7,False
2020-07-06,0.4361928769763704,NORMAL,4,7,False
2020-07-07,0.3374187522602202,NORMAL,4,7,False
2020-07-08,0.0801578082908085,NORMAL,5,7,False
2020-07-09,0.0515880163164132,NORMAL,5,7,False
2020-07-10,0.1672183357618941,NORMAL,4,7,False
2020-07-11,0.2343945198541928,NORMAL,4,7,False
2020-07-12,0.2180326201284994,NORMAL,4,7,False
2020-07-13,0.1267084292314236,NORMAL,4,7,False
2020-07-14,0.0927735218399342,NORMAL,4,7,False
2020-07-15,0.3368759798723743,NORMAL,5,7,False
2020-07-16,0.2240756571539267,NORMAL,5,7,False
2020-07-17,0.1613779560217954,NORMAL,4,7,False
2020-07-18,0.0419490313448022,NORMAL,4,7,False
2020-07-19,0.0740356909094272,NORMAL,4,7,False
2020-07-20,0.3192747413385092,NORMAL,4,7,False
2020-07-21,0.1289164459594421,NORMAL,4,7,False
2020-07-22,0.0600041002821091,NORMAL,5,7,False
2020-07-23,0.0886436165464327,NORMAL,5,7,False
2020-07-24,0.0887605193609144,NORMAL,4,7,False
2020-07-25,0.1142084039434051,NORMAL,4,7,False
2020-07-26,0.1368941067252341,NORMAL,4,7,False
2020-07-27,0.0884527917378798,NORMAL,4,7,False
2020-07-28,0.1004783426417337,NORMAL,4,7,False
2020-07-29,0.0369944356542084,NORMAL,5,7,False
2020-07-30,0.0668118861397079,NORMAL,5,7,False
2020-07-31,0.2155821544876071,NORMAL,4,7,False
2020-08-01,0.234287082302563,NORMAL,4,8,False
2020-08-02,0.1977229989527957,NORMAL,4,8,False
2020-08-03,0.4648094404083671,NORMAL,4,8,False
2020-08-04,0.6180714654413934,NORMAL,4,8,False
2020-08-05,0.0775721816485222,NORMAL,5,8,False
2020-08-06,0.1365394090056485,NORMAL,5,8,False
2020-08-07,0.1010908355267994,NORMAL,4,8,False
2020-08-08,0.1988979781621792,NORMAL,4,8,False
2020-08-09,0.669516662857178,WARNING,4,8,True
2020-08-10,0.6996761799968165,WARNING,4,8,True
2020-08-11,0.4627788915994862,NORMAL,4,8,False
2020-08-12,0.6574354283529861,WARNING,5,8,True
2020-08-13,0.3061491681733162,NORMAL,5,8,False
2020-08-14,0.383751383843972,NORMAL,4,8,False
2020-08-15,0.2522955871116381,NORMAL,4,8,False
2020-08-16,0.4919094312199596,NORMAL,4,8,False
2020-08-17,0.4912164113025143,NORMAL,4,8,False
2020-08-18,0.4301904104619233,NORMAL,4,8,False
2020-08-19,0.8848190122612843,CRITICAL,5,8,True
2020-08-20,0.9674539548156984,CRITICAL,5,8,True
2020-08-21,0.8238178157333818,WARNING,4,8,True
2020-08-22,0.6041751930929217,NORMAL,4,8,False
2020-08-23,0.4376146009495722,NORMAL,4,8,False
2020-08-24,0.2513346098740626,NORMAL,4,8,False
2020-08-25,0.2890741585109199,NORMAL,4,8,False
2020-08-26,0.4395071725419747,NORMAL,5,8,False
2020-08-27,0.028953444546416,NORMAL,5,8,False
2020-08-28,0.3997639203258237,NORMAL,4,8,False
2020-08-29,0.2425981498455241,NORMAL,4,8,False
2020-08-30,0.1476079926169675,NORMAL,4,8,False
2020-08-31,0.2734501918215976,NORMAL,4,8,False
2020-09-01,0.349033118120592,NORMAL,4,9,False
2020-09-02,0.0702385788807265,NORMAL,5,9,False
2020-09-03,0.5907130697162414,WARNING,5,9,True
2020-09-04,0.910858379636018,CRITICAL,4,9,True
2020-09-05,0.2931387561893567,NORMAL,4,9,False
2020-09-06,0.0549392710290549,NORMAL,4,9,False
2020-09-07,0.0955361193471397,NORMAL,4,9,False
2020-09-08,0.7011104706814383,WARNING,4,9,True
2020-09-09,0.1223107337849804,NORMAL,5,9,False
2020-09-10,0.5641242336341847,NORMAL,5,9,False
2020-09-11,0.8350273336155686,CRITICAL,4,9,True
2020-09-12,0.7551075394809862,WARNING,4,9,True
2020-09-13,0.5613150436231047,NORMAL,4,9,False
2020-09-14,0.3685749127073096,NORMAL,4,9,False
2020-09-15,0.332463145954756,NORMAL,4,9,False
2020-09-16,0.9056474730874534,CRITICAL,5,9,True
2020-09-17,0.8484036171323027,CRITICAL,5,9,True
2020-09-18,0.7141763023040287,WARNING,4,9,True
2020-09-19,0.4147485783660703,NORMAL,4,9,False
2020-09-20,0.281075359814612,NORMAL,4,9,False
2020-09-21,0.221504082463211,NORMAL,4,9,False
2020-09-22,0.2509140442923233,NORMAL,4,9,False
2020-09-23,0.0565284607123064,NORMAL,5,9,False
2020-09-24,0.1082546830973452,NORMAL,5,9,False
2020-09-25,0.0736522118571847,NORMAL,4,9,False
2020-09-26,0.0467198249571932,NORMAL,4,9,False
2020-09-27,0.2128793362673456,NORMAL,4,9,False
2020-09-28,0.3387272562449498,NORMAL,4,9,False
2020-09-29,0.3245055395129743,NORMAL,4,9,False
2020-09-30,0.022874812448808,NORMAL,5,9,False
2020-10-01,0.251088305499751,NORMAL,5,10,False
2020-10-02,0.5387629451832379,NORMAL,4,10,False
2020-10-03,0.4328059575447087,NORMAL,4,10,False
2020-10-04,0.7033480998409237,WARNING,4,10,True
2020-10-05,0.5453911638158255,NORMAL,4,10,False
2020-10-06,0.2674250597593212,NORMAL,4,10,False
2020-10-07,0.1391570627469337,NORMAL,5,10,False
2020-10-08,0.1814645114083604,NORMAL,5,10,False
2020-10-09,0.0900314378859999,NORMAL,4,10,False
2020-10-10,0.326106780790422,NORMAL,4,10,False
2020-10-11,0.3657433004834701,NORMAL,4,10,False
2020-10-12,0.2627096600824328,NORMAL,4,10,False
2020-10-13,0.2652810149141993,NORMAL,4,10,False
2020-10-14,0.4476197213966363,NORMAL,5,10,False
2020-10-15,0.1306454838523542,NORMAL,5,10,False
2020-10-16,0.0872794546854947,NORMAL,4,10,False
2020-10-17,0.2426898997165625,NORMAL,4,10,False
2020-10-18,0.122531162033755,NORMAL,4,10,False
2020-10-19,0.063799005081539,NORMAL,4,10,False
2020-10-20,0.0685776085764974,NORMAL,4,10,False
2020-10-21,0.6673696505510663,WARNING,5,10,True
2020-10-22,0.1155009574856276,NORMAL,5,10,False
2020-10-23,0.084190790338533,NORMAL,4,10,False
2020-10-24,0.2239669406270473,NORMAL,4,10,False
2020-10-25,0.0293724214684935,NORMAL,4,10,False
2020-10-26,0.0578531807037217,NORMAL,4,10,False
2020-10-27,0.0372839491786822,NORMAL,4,10,False
2020-10-28,0.3251780027801434,NORMAL,5,10,False
2020-10-29,0.4284848298016874,NORMAL,5,10,False
2020-10-30,0.263866858171208,NORMAL,4,10,False
2020-10-31,0.4663608809209587,NORMAL,4,10,False
2020-11-01,0.3645497896686137,NORMAL,4,11,False
2020-11-02,0.1579986768040698,NORMAL,4,11,False
2020-11-03,0.0832292278691657,NORMAL,4,11,False
2020-11-04,0.0241927695349481,NORMAL,5,11,False
2020-11-05,0.0234082101889015,NORMAL,5,11,False
2020-11-06,0.3490074234609233,NORMAL,4,11,False
2020-11-07,0.1554205158900863,NORMAL,4,11,False
2020-11-08,0.0780420037395632,NORMAL,4,11,False
2020-11-09,0.2269493592492829,NORMAL,4,11,False
2020-11-10,0.2493307498803238,NORMAL,4,11,False
2020-11-11,0.0619458233608647,NORMAL,5,11,False
2020-11-12,0.2415698048413515,NORMAL,5,11,False
2020-11-13,0.2611266876929055,NORMAL,4,11,False
2020-11-14,0.0651991676180089,NORMAL,4,11,False
2020-11-15,0.0878350342748949,NORMAL,4,11,False
2020-11-16,0.2023689878102617,NORMAL,4,11,False
2020-11-17,0.088099405245197,NORMAL,4,11,False
2020-11-18,0.2081739553376399,NORMAL,5,11,False
2020-11-19,0.5032797035163662,NORMAL,5,11,False
2020-11-20,0.3578383450107869,NORMAL,4,11,False
2020-11-21,0.2502546782464862,NORMAL,4,11,False
2020-11-22,0.2855867650750576,NORMAL,4,11,False
2020-11-23,0.4086776242549805,NORMAL,4,11,False
2020-11-24,0.2409364232586367,NORMAL,4,11,False
2020-11-25,0.2515102036634019,NORMAL,5,11,False
2020-11-26,0.0383431674367196,NORMAL,5,11,False
2020-11-27,0.2087500269437463,NORMAL,4,11,False
2020-11-28,0.3052674163685354,NORMAL,4,11,False
2020-11-29,0.4027458615469242,NORMAL,4,11,False
2020-11-30,0.3084319842581185,NORMAL,4,11,False
2020-12-01,0.2020895397538314,NORMAL,4,12,False
2020-12-02,0.5201996069912076,NORMAL,5,12,False
2020-12-03,0.754048255707973,WARNING,5,12,True
2020-12-04,0.7998739030915605,CRITICAL,4,12,True
2020-12-05,0.7233635557301412,WARNING,4,12,True
2020-12-06,0.8173827441769365,CRITICAL,4,12,True
2020-12-07,0.7526695465168307,WARNING,4,12,True
2020-12-08,0.7315883754883309,WARNING,4,12,True
2020-12-09,0.5525668434735315,NORMAL,5,12,False
2020-12-10,0.5781620074277611,NORMAL,5,12,False
2020-12-11,0.4476379183643086,NORMAL,4,12,False
2020-12-12,0.4480216371192018,NORMAL,4,12,False
2020-12-13,0.4898647354313572,NORMAL,4,12,False
2020-12-14,0.4074361331316206,NORMAL,4,12,False
2020-12-15,0.3558015556565119,NORMAL,4,12,False
2020-12-16,0.2530102677685857,NORMAL,5,12,False
2020-12-17,0.4894543293391619,NORMAL,5,12,False
2020-12-18,0.3615110772547497,NORMAL,4,12,False
2020-12-19,0.2496449416206503,NORMAL,4,12,False
2020-12-20,0.3993240806042097,NORMAL,4,12,False
2020-12-21,0.5494933559812156,NORMAL,4,12,False
2020-12-22,0.6100835920207175,NORMAL,4,12,False
2020-12-23,0.3940104831275439,NORMAL,5,12,False
2020-12-24,0.2210295840255242,NORMAL,5,12,False
2020-12-25,0.2428977213836805,NORMAL,4,12,False
2020-12-26,0.0923249221640202,NORMAL,4,12,False
2020-12-27,0.1130884428291388,NORMAL,4,12,False
2020-12-28,0.1912290110928043,NORMAL,4,12,False
2020-12-29,0.1698554499942319,NORMAL,4,12,False
2020-12-30,0.5230707145780745,NORMAL,5,12,False
2020-12-31,0.5082890522951545,NORMAL,5,12,False
2021-01-01,0.1972093960118385,NORMAL,4,1,False
2021-01-02,0.15732474067905,NORMAL,4,1,False
2021-01-03,0.2109249194408375,NORMAL,4,1,False
2021-01-04,0.2395219082720724,NORMAL,4,1,False
2021-01-05,0.2245148761024703,NORMAL,4,1,False
2021-01-06,0.4317930842805389,NORMAL,5,1,False
2021-01-07,0.3875444318167818,NORMAL,5,1,False
2021-01-08,0.4701181261303011,NORMAL,4,1,False
2021-01-09,0.4589042480182415,NORMAL,4,1,False
2021-01-10,0.3430845091589414,NORMAL,4,1,False
2021-01-11,0.4529574373624708,NORMAL,4,1,False
2021-01-12,0.7017145333009523,WARNING,4,1,True
2021-01-13,0.1724493634893948,NORMAL,5,1,False
2021-01-14,0.4181620334920929,NORMAL,5,1,False
2021-01-15,0.3879217720829241,NORMAL,4,1,False
2021-01-16,0.3082962767303455,NORMAL,4,1,False
2021-01-17,0.1119828353150585,NORMAL,4,1,False
2021-01-18,0.2185806498813509,NORMAL,4,1,False
2021-01-19,0.3610163080011657,NORMAL,4,1,False
2021-01-20,0.8562365312798155,CRITICAL,5,1,True
2021-01-21,0.3519375069935496,NORMAL,5,1,False
2021-01-22,0.1987502106207337,NORMAL,4,1,False
2021-01-23,0.2984546174605513,NORMAL,4,1,False
2021-01-24,0.2123295990319014,NORMAL,4,1,False
2021-01-25,0.2402485351761232,NORMAL,4,1,False
2021-01-26,0.433288213178131,NORMAL,4,1,False
2021-01-27,0.0095346684601847,NORMAL,5,1,False
2021-01-28,0.1921090273230359,NORMAL,5,1,False
2021-01-29,0.1538289717992402,NORMAL,4,1,False
2021-01-30,0.084020640351843,NORMAL,4,1,False
2021-01-31,0.1645793185334975,NORMAL,4,1,False
2021-02-01,0.4597497814798639,NORMAL,4,2,False
2021-02-02,0.3499538840307731,NORMAL,4,2,False
2021-02-03,0.2481320173760186,NORMAL,5,2,False
2021-02-04,0.3004691359939432,NORMAL,5,2,False
2021-02-05,0.7088919666435053,CRITICAL,4,2,True
2021-02-06,0.3771074448229936,NORMAL,4,2,False
2021-02-07,0.1343072103129485,NORMAL,4,2,False
2021-02-08,0.1383070262530335,NORMAL,4,2,False
2021-02-09,0.3453934421402733,NORMAL,4,2,False
2021-02-10,0.1830294831096984,NORMAL,5,2,False
2021-02-11,0.1249757263049304,NORMAL,5,2,False
2021-02-12,0.1560592035390097,NORMAL,4,2,False
2021-02-13,0.1476406629525548,NORMAL,4,2,False
2021-02-14,0.1477894155592642,NORMAL,4,2,False
2021-02-15,0.2247412515349696,NORMAL,4,2,False
2021-02-16,0.2906721704263187,NORMAL,4,2,False
2021-02-17,0.0127829568858412,NORMAL,5,2,False
2021-02-18,0.0980869746070458,NORMAL,5,2,False
2021-02-19,0.7767189771825896,CRITICAL,4,2,True
2021-02-20,0.4764110913068012,NORMAL,4,2,False
2021-02-21,0.2334102884186755,NORMAL,4,2,False
2021-02-22,0.0867893305414998,NORMAL,4,2,False
2021-02-23,0.2646043276959895,NORMAL,4,2,False
2021-02-24,0.1212760619182456,NORMAL,5,2,False
2021-02-25,0.0389263087050543,NORMAL,5,2,False
2021-02-26,0.1401961626536841,NORMAL,4,2,False
2021-02-27,0.2061066550160446,NORMAL,4,2,False
2021-02-28,0.0590862930434354,NORMAL,4,2,False
2021-03-01,0.1607521783094924,NORMAL,4,3,False
2021-03-02,0.0426150638099526,NORMAL,4,3,False
2021-03-03,0.4292161215544132,NORMAL,5,3,False
2021-03-04,0.5873059246682233,CRITICAL,5,3,True
2021-03-05,0.062183433701139,NORMAL,4,3,False
2021-03-06,0.2421097611166315,NORMAL,4,3,False
2021-03-07,0.1444849981355726,NORMAL,4,3,False
2021-03-08,0.2423595980494264,NORMAL,4,3,False
2021-03-09,0.2997509429163609,NORMAL,4,3,False
2021-03-10,0.294826691681527,NORMAL,5,3,False
2021-03-11,0.1438310006907163,NORMAL,5,3,False
2021-03-12,0.205629214717189,NORMAL,4,3,False
2021-03-13,0.100458861865386,NORMAL,4,3,False
2021-03-14,0.3012369356126261,NORMAL,4,3,False
2021-03-15,0.6345562485217578,CRITICAL,4,3,True
2021-03-16,0.1978146369283042,NORMAL,4,3,False
2021-03-17,0.175690527906708,NORMAL,5,3,False
2021-03-18,0.1611701987123798,NORMAL,5,3,False
2021-03-19,0.1795325144725857,NORMAL,4,3,False
2021-03-20,0.0977449000563281,NORMAL,4,3,False
2021-03-21,0.3500204763807802,NORMAL,4,3,False
2021-03-22,0.2260076438560371,NORMAL,4,3,False
2021-03-23,0.2659310911825779,NORMAL,4,3,False
2021-03-24,0.5680887987644331,CRITICAL,5,3,True
2021-03-25,0.4105889169863785,NORMAL,5,3,False
2021-03-26,0.3438099773044754,NORMAL,4,3,False
2021-03-27,0.0807355371660584,NORMAL,4,3,False
2021-03-28,0.3149815132035141,NORMAL,4,3,False
2021-03-29,0.2806819673240955,NORMAL,4,3,False
2021-03-30,0.1850866395728787,NORMAL,4,3,False
2021-03-31,0.373017951856151,NORMAL,5,3,False
2021-04-01,0.4313139127319118,NORMAL,5,4,False
2021-04-02,0.2111767492664907,NORMAL,4,4,False
2021-04-03,0.5492722268288194,NORMAL,4,4,False
2021-04-04,0.4196956851029637,NORMAL,4,4,False
2021-04-05,0.2595454437797219,NORMAL,4,4,False
2021-04-06,0.4220876811619534,NORMAL,4,4,False
2021-04-07,0.2932489195136636,NORMAL,5,4,False
2021-04-08,0.0807120072491215,NORMAL,5,4,False
2021-04-09,0.2602981440167416,NORMAL,4,4,False
2021-04-10,0.1375394838614137,NORMAL,4,4,False
2021-04-14,0.033196643035535,NORMAL,5,4,False
2021-04-15,0.2882189746394654,NORMAL,5,4,False
2021-04-16,0.4735811091592337,NORMAL,4,4,False
2021-04-17,0.1249529448684919,NORMAL,4,4,False
2021-04-18,0.1836612715079781,NORMAL,4,4,False
2021-04-19,0.2373037016179103,NORMAL,4,4,False
2021-04-20,0.2732339961735873,NORMAL,4,4,False
2021-04-21,0.1571793215393989,NORMAL,5,4,False
2021-04-22,0.0771180055744881,NORMAL,5,4,False
2021-04-23,0.2454948233076651,NORMAL,4,4,False
2021-04-24,0.3249580816088934,NORMAL,4,4,False
2021-04-25,0.1655546957252146,NORMAL,4,4,False
2021-04-26,0.156663337553221,NORMAL,4,4,False
2021-04-27,0.392340617715154,NORMAL,4,4,False
2021-04-28,0.0836750067088377,NORMAL,5,4,False
2021-04-29,0.23293849229038,NORMAL,5,4,False
2021-04-30,0.2771184686891625,NORMAL,4,4,False
2021-05-01,0.1047176258881638,NORMAL,4,5,False
2021-05-02,0.0627872432840899,NORMAL,4,5,False
2021-05-03,0.1813235032282679,NORMAL,4,5,False
2021-05-04,0.3310682954765387,NORMAL,4,5,False
2021-05-05,0.1760175718357263,NORMAL,5,5,False
2021-05-06,0.093024789486663,NORMAL,5,5,False
2021-05-07,0.3836804605855203,NORMAL,4,5,False
2021-05-08,0.4551525760315276,NORMAL,4,5,False
2021-05-09,0.2619520386377587,NORMAL,4,5,False
2021-05-10,0.1043533854083522,NORMAL,4,5,False
2021-05-11,0.0998633249825677,NORMAL,4,5,False
2021-05-12,0.3691286394522226,NORMAL,5,5,False
2021-05-13,0.071552380983512,NORMAL,5,5,False
2021-05-14,0.0732124125804519,NORMAL,4,5,False
2021-05-15,0.0462913272785324,NORMAL,4,5,False
2021-05-16,0.0472882304113331,NORMAL,4,5,False
2021-05-17,0.1041409807330931,NORMAL,4,5,False
2021-05-18,0.1484462308697352,NORMAL,4,5,False
2021-05-19,0.4138763930348709,NORMAL,5,5,False
2021-05-20,0.3547932520121977,NORMAL,5,5,False
2021-05-21,0.4424195578549584,NORMAL,4,5,False
2021-05-22,0.4170247041214,NORMAL,4,5,False
2021-05-23,0.3160377681912872,NORMAL,4,5,False
2021-05-24,0.190085703045296,NORMAL,4,5,False
2021-05-25,0.189296448178705,NORMAL,4,5,False
2021-05-26,0.3658773949541487,NORMAL,5,5,False
2021-05-27,0.3292370652372362,NORMAL,5,5,False
2021-05-28,0.3852368642867586,NORMAL,4,5,False
2021-05-29,0.4431178015628753,NORMAL,4,5,False
2021-05-30,0.5609500707691831,NORMAL,4,5,False
2021-05-31,0.603972541458437,NORMAL,4,5,False
2021-06-01,0.5007141581661825,NORMAL,4,6,False
2021-06-02,0.2255082694890349,NORMAL,5,6,False
2021-06-03,0.3655501106536966,NORMAL,5,6,False
2021-06-04,0.6141330145738592,WARNING,4,6,True
2021-06-05,0.4283377477350758,NORMAL,4,6,False
2021-06-06,0.1230219933441962,NORMAL,4,6,False
2021-06-07,0.4021974585237379,NORMAL,4,6,False
2021-06-08,0.4980403482281604,NORMAL,4,6,False
2021-06-09,0.010487008778268,NORMAL,5,6,False
2021-06-10,0.1929546809944414,NORMAL,5,6,False
2021-06-11,0.4065323133823957,NORMAL,4,6,False
2021-06-12,0.2819350210057803,NORMAL,4,6,False
2021-06-13,0.3429811323940434,NORMAL,4,6,False
2021-06-14,0.3669095085666217,NORMAL,4,6,False
2021-06-15,0.4277026283294394,NORMAL,4,6,False
2021-06-16,0.1302041632770784,NORMAL,5,6,False
2021-06-17,0.3084949194084994,NORMAL,5,6,False
2021-06-18,0.5974349682087352,WARNING,4,6,True
2021-06-19,0.4561779337425966,NORMAL,4,6,False
2021-06-20,0.2554885442795646,NORMAL,4,6,False
2021-06-21,0.1263903491731817,NORMAL,4,6,False
2021-06-22,0.2528838423801294,NORMAL,4,6,False
2021-06-23,0.2009026377866562,NORMAL,5,6,False
2021-06-24,0.4136635670362589,NORMAL,5,6,False
2021-06-25,0.675940020240268,WARNING,4,6,True
2021-06-26,0.5684089118465889,NORMAL,4,6,False
2021-06-27,0.5463218655826095,NORMAL,4,6,False
2021-06-28,0.578617194098794,NORMAL,4,6,False
2021-06-29,0.6576317434873864,WARNING,4,6,True
2021-06-30,0.1137380882921905,NORMAL,5,6,False
2021-07-01,0.0971838310437022,NORMAL,5,7,False
2021-07-02,0.155391770993013,NORMAL,4,7,False
2021-07-03,0.3400412653931296,NORMAL,4,7,False
2021-07-04,0.2714405208916979,NORMAL,4,7,False
2021-07-05,0.23236899495448,NORMAL,4,7,False
2021-07-06,0.3153797564726517,NORMAL,4,7,False
2021-07-07,0.6145578645950078,WARNING,5,7,True
2021-07-08,0.2451424709606476,NORMAL,5,7,False
2021-07-09,0.2858996008904599,NORMAL,4,7,False
2021-07-10,0.4258818410366151,NORMAL,4,7,False
2021-07-11,0.3899261466816359,NORMAL,4,7,False
2021-07-12,0.3456528478643291,NORMAL,4,7,False
2021-07-13,0.4066581823374151,NORMAL,4,7,False
2021-07-14,0.2129706877054384,NORMAL,5,7,False
2021-07-15,0.2539465522743131,NORMAL,5,7,False
2021-07-16,0.3029709932032287,NORMAL,4,7,False
2021-07-17,0.1230494019886427,NORMAL,4,7,False
2021-07-18,0.1291436147333598,NORMAL,4,7,False
2021-07-19,0.1172166244764198,NORMAL,4,7,False
2021-07-20,0.1331248262794421,NORMAL,4,7,False
2021-07-21,0.0859441088636931,NORMAL,5,7,False
2021-07-22,0.0314944269990452,NORMAL,5,7,False
2021-07-23,0.1194073769776613,NORMAL,4,7,False
2021-07-24,0.2113301361219285,NORMAL,4,7,False
2021-07-25,0.3967498659401896,NORMAL,4,7,False
2021-07-26,0.7141495421371848,CRITICAL,4,7,True
2021-07-27,0.5600182053081939,NORMAL,4,7,False
2021-07-28,0.2227438042463456,NORMAL,5,7,False
2021-07-29,0.2360330662712194,NORMAL,5,7,False
2021-07-30,0.2474210378982179,NORMAL,4,7,False
2021-07-31,0.509948468829359,NORMAL,4,7,False
2021-08-01,0.4344225837758607,NORMAL,4,8,False
2021-08-02,0.2288751514835725,NORMAL,4,8,False
2021-08-03,0.2535870918538525,NORMAL,4,8,False
2021-08-04,0.1776026824099342,NORMAL,5,8,False
2021-08-05,0.2717618781530636,NORMAL,5,8,False
2021-08-06,0.2170565197792505,NORMAL,4,8,False
2021-08-07,0.0783603610404316,NORMAL,4,8,False
2021-08-08,0.1205978033417523,NORMAL,4,8,False
2021-08-09,0.1110079872259271,NORMAL,4,8,False
2021-08-10,0.102290186842693,NORMAL,4,8,False
2021-08-11,0.3074904986875481,NORMAL,5,8,False
2021-08-12,0.0881027688880053,NORMAL,5,8,False
2021-08-13,0.0562733611854368,NORMAL,4,8,False
2021-08-14,0.0704882353545045,NORMAL,4,8,False
2021-08-15,0.0669468482284227,NORMAL,4,8,False
2021-08-16,0.0847369218145924,NORMAL,4,8,False
2021-08-17,0.0640495454256053,NORMAL,4,8,False
2021-08-18,0.1095993480215051,NORMAL,5,8,False
2021-08-19,0.2443498109780411,NORMAL,5,8,False
2021-08-20,0.3237655189262729,NORMAL,4,8,False
2021-08-21,0.7084627968816526,WARNING,4,8,True
2021-08-22,1.1380072606384914,CRITICAL,4,8,True
2021-08-23,1.0028111446175247,CRITICAL,4,8,True
2021-08-24,1.0533253702395946,CRITICAL,4,8,True
2021-08-25,0.0988431065265869,NORMAL,5,8,False
2021-08-26,0.1020316404120339,NORMAL,5,8,False
2021-08-27,0.250263865356471,NORMAL,4,8,False
2021-08-28,0.2914725440391165,NORMAL,4,8,False
2021-08-29,0.1957479409247121,NORMAL,4,8,False
2021-08-30,0.2307369799031552,NORMAL,4,8,False
2021-08-31,0.3084002268135356,NORMAL,4,8,False
2021-09-01,0.1552050404926028,NORMAL,5,9,False
2021-09-02,0.2366228476676662,NORMAL,5,9,False
2021-09-03,0.1542735253265573,NORMAL,4,9,False
2021-09-04,0.0870040188222266,NORMAL,4,9,False
2021-09-05,0.1664179206035253,NORMAL,4,9,False
2021-09-06,0.0929373411001704,NORMAL,4,9,False
2021-09-07,0.3114587782379686,NORMAL,4,9,False
2021-09-08,0.2683016177061321,NORMAL,5,9,False
2021-09-09,0.2571275781083892,NORMAL,5,9,False
2021-09-10,0.2822927267080735,NORMAL,4,9,False
2021-09-11,0.3425900082468521,NORMAL,4,9,False
2021-09-12,0.1798957894926664,NORMAL,4,9,False
2021-09-13,0.1314886600232699,NORMAL,4,9,False
2021-09-14,0.090240600060996,NORMAL,4,9,False
2021-09-15,0.2104500678592405,NORMAL,5,9,False
2021-09-16,0.5777730393321009,NORMAL,5,9,False
2021-09-17,0.4474314790169209,NORMAL,4,9,False
2021-09-18,0.2220584688224121,NORMAL,4,9,False
2021-09-19,0.2273687309436139,NORMAL,4,9,False
2021-09-20,0.3147159383648931,NORMAL,4,9,False
2021-09-21,0.7058352971000453,WARNING,4,9,True
2021-09-22,0.0413646612266028,NORMAL,5,9,False
2021-09-23,0.541280935109243,NORMAL,5,9,False
2021-09-24,0.5984721012126069,NORMAL,4,9,False
2021-09-25,0.4585885923167728,NORMAL,4,9,False
2021-09-26,0.3348148120656199,NORMAL,4,9,False
2021-09-27,0.1400063950938037,NORMAL,4,9,False
2021-09-28,0.1733338367979225,NORMAL,4,9,False
2021-09-29,0.1977047793418366,NORMAL,5,9,False
2021-09-30,0.1317800554909811,NORMAL,5,9,False
2021-10-01,0.1380535777067726,NORMAL,4,10,False
2021-10-02,0.0816734801571403,NORMAL,4,10,False
2021-10-03,0.2643420762891502,NORMAL,4,10,False
2021-10-04,0.1743675013490807,NORMAL,4,10,False
2021-10-05,0.2060376805516354,NORMAL,4,10,False
2021-10-06,0.0104593910252852,NORMAL,5,10,False
2021-10-07,0.3580507603214026,NORMAL,5,10,False
2021-10-08,0.1531642225556155,NORMAL,4,10,False
2021-10-09,0.3648576628229218,NORMAL,4,10,False
2021-10-10,0.6096902018821085,WARNING,4,10,True
2021-10-11,0.1498776022101523,NORMAL,4,10,False
2021-10-12,0.0406833376501959,NORMAL,4,10,False
2021-10-13,0.5521519966473362,NORMAL,5,10,False
2021-10-14,0.4734759894921909,NORMAL,5,10,False
2021-10-15,0.3683413148388356,NORMAL,4,10,False
2021-10-16,0.2485978985145116,NORMAL,4,10,False
2021-10-17,0.3854670771934875,NORMAL,4,10,False
2021-10-18,0.3546279200896309,NORMAL,4,10,False
2021-10-19,0.25401894856114,NORMAL,4,10,False
2021-10-20,0.3124305781150104,NORMAL,5,10,False
2021-10-21,0.2558325496882961,NORMAL,5,10,False
2021-10-22,0.1694512293638281,NORMAL,4,10,False
2021-10-23,0.1789311879633504,NORMAL,4,10,False
2021-10-24,0.3082223485673194,NORMAL,4,10,False
2021-10-25,0.4097612224063381,NORMAL,4,10,False
2021-10-26,0.4736408575522203,NORMAL,4,10,False
2021-10-27,0.1390722671079567,NORMAL,5,10,False
2021-10-28,0.416505290133225,NORMAL,5,10,False
2021-10-29,0.2306430234478317,NORMAL,4,10,False
2021-10-30,0.2115866445372003,NORMAL,4,10,False
2021-10-31,0.2741569104593599,NORMAL,4,10,False
2021-11-01,0.2289737167286255,NORMAL,4,11,False
2021-11-02,0.1431604296952464,NORMAL,4,11,False
2021-11-03,0.4771168418772677,NORMAL,5,11,False
2021-11-04,0.3371899272893373,NORMAL,5,11,False
2021-11-05,0.2745605729897729,NORMAL,4,11,False
2021-11-06,0.1284133352417319,NORMAL,4,11,False
2021-11-07,0.1421897851518462,NORMAL,4,11,False
2021-11-08,0.5257720763611287,NORMAL,4,11,False
2021-11-09,0.7987619658495801,CRITICAL,4,11,True
2021-11-10,0.1812733938763679,NORMAL,5,11,False
2021-11-11,0.3336403892267334,NORMAL,5,11,False
2021-11-12,0.2563515157014892,NORMAL,4,11,False
2021-11-13,0.2146284633618745,NORMAL,4,11,False
2021-11-14,0.0809791885584647,NORMAL,4,11,False
2021-11-15,0.2094292963251985,NORMAL,4,11,False
2021-11-16,0.1975777944877094,NORMAL,4,11,False
2021-11-17,0.4282939575591255,NORMAL,5,11,False
2021-11-18,0.5347200125413649,NORMAL,5,11,False
2021-11-19,0.0297685449685877,NORMAL,4,11,False
2021-11-20,0.1589595556514179,NORMAL,4,11,False
2021-11-21,0.0284043199793509,NORMAL,4,11,False
2021-11-22,0.3282695308554327,NORMAL,4,11,False
2021-11-23,0.3407371003852067,NORMAL,4,11,False
2021-11-24,0.0996673722723471,NORMAL,5,11,False
2021-11-25,0.2772335309117089,NORMAL,5,11,False
2021-11-26,0.4810481440863191,NORMAL,4,11,False
2021-11-27,0.5367116512183527,NORMAL,4,11,False
2021-11-28,0.236822191856752,NORMAL,4,11,False
2021-11-29,0.2689965278801398,NORMAL,4,11,False
2021-11-30,0.1479438869864404,NORMAL,4,11,False
2021-12-01,0.0928565500346145,NORMAL,5,12,False
2021-12-02,0.7006687174796299,WARNING,5,12,True
2021-12-03,0.1997902645088196,NORMAL,4,12,False
2021-12-04,0.0821756426939513,NORMAL,4,12,False
2021-12-05,0.2242690145391195,NORMAL,4,12,False
2021-12-06,0.03537262021781,NORMAL,4,12,False
2021-12-07,0.1457599576435583,NORMAL,4,12,False
2021-12-08,0.1664040819859929,NORMAL,5,12,False
2021-12-09,0.1051845904279754,NORMAL,5,12,False
2021-12-10,0.1417782906446084,NORMAL,4,12,False
2021-12-11,0.0846034574951141,NORMAL,4,12,False
2021-12-12,0.1777611041900703,NORMAL,4,12,False
2021-12-13,0.2537960446738745,NORMAL,4,12,False
2021-12-14,0.333884837709363,NORMAL,4,12,False
2021-12-15,0.332453222690979,NORMAL,5,12,False
2021-12-16,0.2432640855795216,NORMAL,5,12,False
2021-12-17,0.0403181673748797,NORMAL,4,12,False
2021-12-18,0.1706859876078793,NORMAL,4,12,False
2021-12-19,0.3422102936749008,NORMAL,4,12,False
2021-12-20,0.4266648468907234,NORMAL,4,12,False
2021-12-21,0.0444201381618494,NORMAL,4,12,False
2021-12-22,0.1235112749787529,NORMAL,5,12,False
2021-12-23,0.0785597369066171,NORMAL,5,12,False
2021-12-24,0.1662811545971086,NORMAL,4,12,False
2022-01-01,0.1825790883928567,NORMAL,4,1,False
2022-01-02,0.080343544774309,NORMAL,4,1,False
2022-01-03,0.0998518517872643,NORMAL,4,1,False
2022-01-04,0.177549903241342,NORMAL,4,1,False
2022-01-05,0.3999752703214079,NORMAL,5,1,False
2022-01-06,0.2535910348436184,NORMAL,5,1,False
2022-01-07,0.5081674265062314,NORMAL,4,1,False
2022-01-08,0.4617047440188721,NORMAL,4,1,False
2022-01-09,0.3726688130816339,NORMAL,4,1,False
2022-01-10,0.4247663513553295,NORMAL,4,1,False
2022-01-11,0.4022479956158822,NORMAL,4,1,False
2022-01-12,0.2856854636857214,NORMAL,5,1,False
2022-01-13,0.3410191057288791,NORMAL,5,1,False
2022-01-14,0.2935408825870704,NORMAL,4,1,False
2022-01-15,0.5115490365286891,NORMAL,4,1,False
2022-01-16,0.3242615300331127,NORMAL,4,1,False
2022-01-17,0.2961704576991462,NORMAL,4,1,False
2022-01-18,0.1716462801593623,NORMAL,4,1,False
2022-01-19,0.014255464533041,NORMAL,5,1,False
2022-01-20,0.0576169175948182,NORMAL,5,1,False
2022-01-21,0.0706688664084207,NORMAL,4,1,False
2022-01-22,0.2090991949324711,NORMAL,4,1,False
2022-01-23,0.2377665907709147,NORMAL,4,1,False
2022-01-24,0.2968941495348267,NORMAL,4,1,False
2022-01-25,0.4427559459347758,NORMAL,4,1,False
2022-01-26,0.0731983060693994,NORMAL,5,1,False
2022-01-27,0.0806725554659364,NORMAL,5,1,False
2022-01-28,0.2492586961295107,NORMAL,4,1,False
2022-01-29,0.3441187961828942,NORMAL,4,1,False
2022-01-30,0.2806250194046391,NORMAL,4,1,False
2022-01-31,0.1898167495977111,NORMAL,4,1,False
2022-02-01,0.1991311022376313,NORMAL,4,2,False
2022-02-02,0.0431656060611238,NORMAL,5,2,False
2022-02-03,0.040600938537853,NORMAL,5,2,False
2022-02-04,0.1040536479532077,NORMAL,4,2,False
2022-02-05,0.1020470957654015,NORMAL,4,2,False
2022-02-06,0.0588279269059319,NORMAL,4,2,False
2022-02-07,0.0630793701387565,NORMAL,4,2,False
2022-02-08,0.0770265472496347,NORMAL,4,2,False
2022-02-09,0.1555133568653499,NORMAL,5,2,False
2022-02-10,0.0651630927311897,NORMAL,5,2,False
2022-02-11,0.0916236457190617,NORMAL,4,2,False
2022-02-12,0.1774717981920637,NORMAL,4,2,False
2022-02-13,0.1692176794605366,NORMAL,4,2,False
2022-02-14,0.0510733118573002,NORMAL,4,2,False
2022-02-15,0.1351254134792263,NORMAL,4,2,False
2022-02-16,0.1038342240741925,NORMAL,5,2,False
2022-02-17,0.3335135353260063,NORMAL,5,2,False
2022-02-18,0.1009586749326852,NORMAL,4,2,False
2022-02-19,0.1372442686090661,NORMAL,4,2,False
2022-02-20,0.1590275556394348,NORMAL,4,2,False
2022-02-21,0.0642011437396424,NORMAL,4,2,False
2022-02-22,0.1537407875035995,NORMAL,4,2,False
2022-02-23,0.1886325170205054,NORMAL,5,2,False
2022-02-24,0.6463568338398651,WARNING,5,2,True
2022-02-25,0.859649780835328,CRITICAL,4,2,True
2022-02-26,0.8613282672768295,CRITICAL,4,2,True
2022-02-27,0.6980403390921763,WARNING,4,2,True
2022-02-28,0.4496104532875172,NORMAL,4,2,False
2022-03-01,0.5144327561741998,WARNING,4,3,True
2022-03-02,0.0242101789566423,NORMAL,5,3,False
2022-03-03,0.2075571083707258,NORMAL,5,3,False
2022-03-04,0.5084052368819085,WARNING,4,3,True
2022-03-05,0.1385046434070701,NORMAL,4,3,False
2022-03-06,0.3752079650128932,NORMAL,4,3,False
2022-03-07,0.2696566894486353,NORMAL,4,3,False
2022-03-08,0.2843186493210656,NORMAL,4,3,False
2022-03-09,0.1064391395660995,NORMAL,5,3,False
2022-03-10,0.325561854681143,NORMAL,5,3,False
2022-03-11,0.0605252426862647,NORMAL,4,3,False
2022-03-12,0.10297944843116,NORMAL,4,3,False
2022-03-13,0.1263509534744808,NORMAL,4,3,False
2022-03-14,0.0488525049026679,NORMAL,4,3,False
2022-03-15,0.0649217499072698,NORMAL,4,3,False
2022-03-16,0.5415679871289205,WARNING,5,3,True
2022-03-17,0.824779927512094,CRITICAL,5,3,True
2022-03-18,0.4038069391926444,NORMAL,4,3,False
2022-03-19,0.2294857224959841,NORMAL,4,3,False
2022-03-20,0.2283768668878077,NORMAL,4,3,False
2022-03-21,0.2083724817047529,NORMAL,4,3,False
2022-03-22,0.2186959441764264,NORMAL,4,3,False
2022-03-23,0.5758156134105163,CRITICAL,5,3,True
2022-03-24,0.3160605707764307,NORMAL,5,3,False
2022-03-25,0.2973484141873385,NORMAL,4,3,False
2022-03-26,0.3004234671023784,NORMAL,4,3,False
2022-03-27,0.2766328837113557,NORMAL,4,3,False
2022-03-28,0.147494989028431,NORMAL,4,3,False
2022-03-29,0.0791708857152587,NORMAL,4,3,False
2022-03-30,1.0776158963963878,CRITICAL,5,3,True
2022-03-31,0.8190749311599119,CRITICAL,5,3,True
2022-04-01,0.6905857886108636,CRITICAL,4,4,True
2022-04-02,0.4106799112667452,NORMAL,4,4,False
2022-04-03,0.0924527675886916,NORMAL,4,4,False
2022-04-04,0.099092761051766,NORMAL,4,4,False
2022-04-05,0.0574537382171722,NORMAL,4,4,False
2022-04-06,0.5251919683629642,NORMAL,5,4,False
2022-04-07,0.059480961374825,NORMAL,5,4,False
2022-04-08,0.458614718351381,NORMAL,4,4,False
2022-04-09,0.1930068822931148,NORMAL,4,4,False
2022-04-10,0.3585776918524821,NORMAL,4,4,False
2022-04-11,0.0832691134023949,NORMAL,4,4,False
2022-04-12,0.1678474344368359,NORMAL,4,4,False
2022-04-13,0.1530854256912567,NORMAL,5,4,False
2022-04-14,0.1611484503989556,NORMAL,5,4,False
2022-04-15,0.1105092179689553,NORMAL,4,4,False
2022-04-16,0.3004608286271396,NORMAL,4,4,False
2022-04-17,0.1625210628916706,NORMAL,4,4,False
2022-04-18,0.1943668263398296,NORMAL,4,4,False
2022-04-19,0.4124013703900164,NORMAL,4,4,False
2022-04-20,0.331011045107944,NORMAL,5,4,False
2022-04-21,0.2092643119946999,NORMAL,5,4,False
2022-04-22,0.0872823857498417,NORMAL,4,4,False
2022-04-23,0.3505124474710006,NORMAL,4,4,False
2022-04-24,0.1400504668516027,NORMAL,4,4,False
2022-04-25,0.2623805841851528,NORMAL,4,4,False
2022-04-26,0.3590962433920593,NORMAL,4,4,False
2022-04-27,0.6047481911816888,WARNING,5,4,True
2022-04-28,0.499071637379696,NORMAL,5,4,False
2022-04-29,0.3700576770079978,NORMAL,4,4,False
2022-04-30,0.0970128628257727,NORMAL,4,4,False
2022-05-01,0.1455535790871004,NORMAL,4,5,False
2022-05-02,0.1165573967067067,NORMAL,4,5,False
2022-05-03,0.1816211476925586,NORMAL,4,5,False
2022-05-04,0.1314893069319638,NORMAL,5,5,False
2022-05-05,0.2499049509194319,NORMAL,5,5,False
2022-05-06,0.0259396932603776,NORMAL,4,5,False
2022-05-07,0.0481770063540196,NORMAL,4,5,False
2022-05-08,0.0340781509187517,NORMAL,4,5,False
2022-05-09,0.1498870061626994,NORMAL,4,5,False
2022-05-10,0.2254223734431819,NORMAL,4,5,False
2022-05-11,0.1040683562218495,NORMAL,5,5,False
2022-05-12,0.0922643178327525,NORMAL,5,5,False
2022-05-13,0.075857184735161,NORMAL,4,5,False
2022-05-14,0.1177987587367299,NORMAL,4,5,False
2022-05-15,0.2149046053066339,NORMAL,4,5,False
2022-05-16,0.2038744759546161,NORMAL,4,5,False
2022-05-17,0.1708469358117632,NORMAL,4,5,False
2022-05-18,0.4566463395620044,NORMAL,5,5,False
2022-05-19,0.2353422838565171,NORMAL,5,5,False
2022-05-20,0.1339791316602381,NORMAL,4,5,False
2022-05-21,0.089608146109649,NORMAL,4,5,False
2022-05-22,0.2165598588549754,NORMAL,4,5,False
2022-05-23,0.0893325055405978,NORMAL,4,5,False
2022-05-24,0.2136629386836819,NORMAL,4,5,False
2022-05-25,0.1138558206440032,NORMAL,5,5,False
2022-05-26,0.2420545771858782,NORMAL,5,5,False
2022-05-27,0.2648671953848813,NORMAL,4,5,False
2022-05-28,0.2494768428147712,NORMAL,4,5,False
2022-05-29,0.220633325457876,NORMAL,4,5,False
2022-05-30,0.1867462637269586,NORMAL,4,5,False
2022-05-31,0.1824138865985148,NORMAL,4,5,False
2022-06-01,0.0518566944131995,NORMAL,5,6,False
2022-06-02,0.3283894184225398,NORMAL,5,6,False
2022-06-03,0.4923577102910405,NORMAL,4,6,False
2022-06-04,0.3096489413759474,NORMAL,4,6,False
2022-06-05,0.1995974276594406,NORMAL,4,6,False
2022-06-06,0.1245999332805214,NORMAL,4,6,False
2022-06-07,0.1149731821344829,NORMAL,4,6,False
2022-06-08,0.0129159333879763,NORMAL,5,6,False
2022-06-09,0.0918964028273636,NORMAL,5,6,False
2022-06-10,0.2419755590540151,NORMAL,4,6,False
2022-06-11,0.1398605593942129,NORMAL,4,6,False
2022-06-12,0.1055533729932121,NORMAL,4,6,False
2022-06-13,0.1207890847052572,NORMAL,4,6,False
2022-06-14,0.032799788393391,NORMAL,4,6,False
2022-06-15,0.4885955406563809,NORMAL,5,6,False
2022-06-16,0.5811296887767213,NORMAL,5,6,False
2022-06-17,0.5396488002376455,NORMAL,4,6,False
2022-06-18,0.5136931855394202,NORMAL,4,6,False
2022-06-19,0.5073854885822965,NORMAL,4,6,False
2022-06-20,0.6370381785183975,WARNING,4,6,True
2022-06-21,0.8517027923832264,CRITICAL,4,6,True
2022-06-22,0.1511591783089872,NORMAL,5,6,False
2022-06-23,0.1440085660193081,NORMAL,5,6,False
2022-06-24,0.3528973824015249,NORMAL,4,6,False
2022-06-25,0.1599491976346213,NORMAL,4,6,False
2022-06-26,0.354817218519556,NORMAL,4,6,False
2022-06-27,0.3478452211488666,NORMAL,4,6,False
2022-06-28,0.2332142306739349,NORMAL,4,6,False
2022-06-29,0.2708915023119564,NORMAL,5,6,False
2022-06-30,0.4791115545784696,NORMAL,5,6,False
2022-07-01,0.52829625077985,NORMAL,4,7,False
2022-07-02,0.3303511515932915,NORMAL,4,7,False
2022-07-03,0.1213162011600467,NORMAL,4,7,False
2022-07-04,0.1121523214611979,NORMAL,4,7,False
2022-07-05,0.1318108597553198,NORMAL,4,7,False
2022-07-06,0.1186095911207864,NORMAL,5,7,False
2022-07-07,0.2718709984919685,NORMAL,5,7,False
2022-07-08,0.4212588325802223,NORMAL,4,7,False
2022-07-09,0.4838942639675246,NORMAL,4,7,False
2022-07-10,0.3058579871976125,NORMAL,4,7,False
2022-07-11,0.1633910741080928,NORMAL,4,7,False
2022-07-12,0.1800645427204963,NORMAL,4,7,False
2022-07-13,0.4787704930322631,NORMAL,5,7,False
2022-07-14,0.5210715628243985,NORMAL,5,7,False
2022-07-15,0.3055191737650799,NORMAL,4,7,False
2022-07-16,0.3445501071720348,NORMAL,4,7,False
2022-07-17,0.4302837016170796,NORMAL,4,7,False
2022-07-18,0.432801629627485,NORMAL,4,7,False
2022-07-19,0.3576842048552824,NORMAL,4,7,False
2022-07-20,0.0456400878689617,NORMAL,5,7,False
2022-07-21,0.1940025493037855,NORMAL,5,7,False
2022-07-22,0.3260917755766729,NORMAL,4,7,False
2022-07-23,0.1169917915375235,NORMAL,4,7,False
2022-07-24,0.109919894550506,NORMAL,4,7,False
2022-07-25,0.1986971666059105,NORMAL,4,7,False
2022-07-26,0.2515374317705147,NORMAL,4,7,False
2022-07-27,0.2136853826628745,NORMAL,5,7,False
2022-07-28,0.1638676474963433,NORMAL,5,7,False
2022-07-29,0.0453435505486765,NORMAL,4,7,False
2022-07-30,0.1173455563411917,NORMAL,4,7,False
2022-07-31,0.2043862563441446,NORMAL,4,7,False
2022-08-01,0.2077474192496048,NORMAL,4,8,False
2022-08-02,0.2078767082893719,NORMAL,4,8,False
2022-08-03,0.0489654004870533,NORMAL,5,8,False
2022-08-04,0.0318241912735538,NORMAL,5,8,False
2022-08-05,1.1545216910778997,CRITICAL,4,8,True
2022-08-06,0.7556382817255771,WARNING,4,8,True
2022-08-07,0.5970464071582087,NORMAL,4,8,False
2022-08-08,0.4611338864079728,NORMAL,4,8,False
2022-08-09,0.537004703166556,NORMAL,4,8,False
2022-08-10,0.0960194229530579,NORMAL,5,8,False
2022-08-11,0.1115854523208695,NORMAL,5,8,False
2022-08-12,0.2972725088377871,NORMAL,4,8,False
2022-08-13,0.2873291374344998,NORMAL,4,8,False
2022-08-14,0.293669564987348,NORMAL,4,8,False
2022-08-15,0.1777201271296316,NORMAL,4,8,False
2022-08-16,0.2289527708278895,NORMAL,4,8,False
2022-08-17,0.0406324627294646,NORMAL,5,8,False
2022-08-18,0.2744853141999076,NORMAL,5,8,False
2022-08-19,0.7879832911713832,WARNING,4,8,True
2022-08-20,0.5799044186492902,NORMAL,4,8,False
2022-08-21,0.4303744972903768,NORMAL,4,8,False
2022-08-22,0.7240196371139302,WARNING,4,8,True
2022-08-23,0.4835013612774025,NORMAL,4,8,False
2022-08-24,0.1712727797636154,NORMAL,5,8,False
2022-08-25,0.4578084773934344,NORMAL,5,8,False
2022-08-26,0.385088272141585,NORMAL,4,8,False
2022-08-27,0.0924518268114937,NORMAL,4,8,False
2022-08-28,0.2404251720086875,NORMAL,4,8,False
2022-08-29,0.2691676044179565,NORMAL,4,8,False
2022-08-30,0.1650856212065676,NORMAL,4,8,False
2022-08-31,0.4542618859513409,NORMAL,5,8,False
2022-09-01,0.0644888777312159,NORMAL,5,9,False
2022-09-02,0.1288465210201116,NORMAL,4,9,False
2022-09-03,0.0870663202787408,NORMAL,4,9,False
2022-09-04,0.2015186449064695,NORMAL,4,9,False
2022-09-05,0.4098164222984711,NORMAL,4,9,False
2022-09-06,0.5256850480902964,NORMAL,4,9,False
2022-09-07,0.0514070362715331,NORMAL,5,9,False
2022-09-08,0.3163291279638321,NORMAL,5,9,False
2022-09-09,0.5886962160090419,NORMAL,4,9,False
2022-09-10,0.4032599010508687,NORMAL,4,9,False
2022-09-11,0.2253686714051644,NORMAL,4,9,False
2022-09-12,0.200119532953026,NORMAL,4,9,False
2022-09-13,0.4455549069896211,NORMAL,4,9,False
2022-09-14,0.301221537428319,NORMAL,5,9,False
2022-09-15,0.3976657937881975,NORMAL,5,9,False
2022-09-16,0.5261013084428456,NORMAL,4,9,False
2022-09-17,0.6329226869196347,WARNING,4,9,True
2022-09-18,0.5778405134339815,NORMAL,4,9,False
2022-09-19,0.3092117524542221,NORMAL,4,9,False
2022-09-20,0.3195982785912415,NORMAL,4,9,False
2022-09-21,0.4290279522556449,NORMAL,5,9,False
2022-09-22,0.2365773752624888,NORMAL,5,9,False
2022-09-23,0.2998494917060558,NORMAL,4,9,False
2022-09-24,0.1184339241293096,NORMAL,4,9,False
2022-09-25,0.1743301219560616,NORMAL,4,9,False
2022-09-26,0.1960498032639261,NORMAL,4,9,False
2022-09-27,0.0794506803203748,NORMAL,4,9,False
2022-09-28,0.0847115715360188,NORMAL,5,9,False
2022-09-29,0.0154891295185736,NORMAL,5,9,False
2022-09-30,0.0396062239275819,NORMAL,4,9,False
2022-10-01,0.5361847921690508,NORMAL,4,10,False
2022-10-02,0.3527514173952276,NORMAL,4,10,False
2022-10-03,0.421149502616273,NORMAL,4,10,False
2022-10-04,0.5776881410509891,NORMAL,4,10,False
2022-10-05,0.0580334105214421,NORMAL,5,10,False
2022-10-06,0.0689616235571141,NORMAL,5,10,False
2022-10-07,0.071318910210815,NORMAL,4,10,False
2022-10-08,0.0983061665697841,NORMAL,4,10,False
2022-10-09,0.188624159720834,NORMAL,4,10,False
2022-10-10,0.2904514196260904,NORMAL,4,10,False
2022-10-11,0.2318043662769735,NORMAL,4,10,False
2022-10-12,0.172259171789404,NORMAL,5,10,False
2022-10-13,0.1001246900300028,NORMAL,5,10,False
2022-10-14,0.0439010843853606,NORMAL,4,10,False
2022-10-15,0.0365409730130942,NORMAL,4,10,False
2022-10-16,0.0691702943899467,NORMAL,4,10,False
2022-10-17,0.0799777050517873,NORMAL,4,10,False
2022-10-18,0.1188082233287821,NORMAL,4,10,False
2022-10-19,0.3101811364162116,NORMAL,5,10,False
2022-10-20,0.1750653696611688,NORMAL,5,10,False
2022-10-21,0.3326880861558903,NORMAL,4,10,False
2022-10-22,0.0648971621488285,NORMAL,4,10,False
2022-10-23,0.0373000455411362,NORMAL,4,10,False
2022-10-24,0.2057890876065441,NORMAL,4,10,False
2022-10-25,0.0784390842847523,NORMAL,4,10,False
2022-10-26,0.0962994330207013,NORMAL,5,10,False
2022-10-27,0.7351703702807332,CRITICAL,5,10,True
2022-10-28,0.6843748224504035,WARNING,4,10,True
2022-10-29,0.4975168146330561,NORMAL,4,10,False
2022-10-30,0.1490696450804818,NORMAL,4,10,False
2022-10-31,0.277086732263565,NORMAL,4,10,False
2022-11-01,0.2109877866692036,NORMAL,4,11,False
2022-11-02,0.1140998843377384,NORMAL,5,11,False
2022-11-03,0.0870208102689366,NORMAL,5,11,False
2022-11-04,0.0822424527012379,NORMAL,4,11,False
2022-11-05,0.1350014153717774,NORMAL,4,11,False
2022-11-06,0.0529988488658364,NORMAL,4,11,False
2022-11-07,0.1116443324688996,NORMAL,4,11,False
2022-11-08,0.166029458237445,NORMAL,4,11,False
2022-11-09,0.0879051725162827,NORMAL,5,11,False
2022-11-10,0.7314642615357122,WARNING,5,11,True
2022-11-11,0.0724052658358476,NORMAL,4,11,False
2022-11-12,0.2201840998752557,NORMAL,4,11,False
2022-11-13,0.3014516496291202,NORMAL,4,11,False
2022-11-14,0.1665243162071627,NORMAL,4,11,False
2022-11-15,0.2442140192620486,NORMAL,4,11,False
2022-11-16,0.0635673730234412,NORMAL,5,11,False
2022-11-17,0.092039943690856,NORMAL,5,11,False
2022-11-18,0.4922097280981575,NORMAL,4,11,False
2022-11-19,0.0917358486983892,NORMAL,4,11,False
2022-11-20,0.0257305980996077,NORMAL,4,11,False
2022-11-21,0.2019642085419678,NORMAL,4,11,False
2022-11-22,0.2734392548002324,NORMAL,4,11,False
2022-11-23,0.2423105992681261,NORMAL,5,11,False
2022-11-24,0.3264396890019878,NORMAL,5,11,False
2022-11-25,1.005354828941716,CRITICAL,4,11,True
2022-11-26,0.4475698491729175,NORMAL,4,11,False
2022-11-27,0.1269341927241113,NORMAL,4,11,False
2022-11-28,0.1380802223238178,NORMAL,4,11,False
2022-11-29,0.3227122035803531,NORMAL,4,11,False
2022-11-30,0.5619788823697479,NORMAL,5,11,False
2022-12-01,0.5419231833393724,NORMAL,5,12,False
2022-12-02,0.1533037845145705,NORMAL,4,12,False
2022-12-03,0.2399840350900844,NORMAL,4,12,False
2022-12-04,0.5720600927101136,NORMAL,4,12,False
2022-12-05,0.2677874988865312,NORMAL,4,12,False
2022-12-06,0.2775666338233998,NORMAL,4,12,False
2022-12-07,0.2236015112283957,NORMAL,5,12,False
2022-12-08,0.5151801286397438,NORMAL,5,12,False
2022-12-09,0.2904029965936553,NORMAL,4,12,False
2022-12-10,0.4597176813537221,NORMAL,4,12,False
2022-12-11,0.558043686498772,NORMAL,4,12,False
2022-12-12,0.1888323571286476,NORMAL,4,12,False
2022-12-13,0.0435542867949036,NORMAL,4,12,False
2022-12-14,0.222270606962007,NORMAL,5,12,False
2022-12-15,0.4452171978809223,NORMAL,5,12,False
2022-12-16,0.6931017677084498,WARNING,4,12,True
2022-12-17,0.4027488411761686,NORMAL,4,12,False
2022-12-18,0.2996880519420326,NORMAL,4,12,False
2022-12-19,0.3848044397961314,NORMAL,4,12,False
2022-12-20,0.44498220306428,NORMAL,4,12,False
2022-12-21,0.6231144671190743,WARNING,5,12,True
2022-12-22,0.2342919000821113,NORMAL,5,12,False
2022-12-23,0.1251685151084705,NORMAL,4,12,False
2022-12-24,0.2923078376454439,NORMAL,4,12,False
2022-12-25,0.3921805408077739,NORMAL,4,12,False
2022-12-26,0.5037559019063635,NORMAL,4,12,False
2022-12-27,0.4556191463859379,NORMAL,4,12,False
2022-12-28,0.1706997665573471,NORMAL,5,12,False
2022-12-29,0.107088674594403,NORMAL,5,12,False
2022-12-30,0.0831417343642634,NORMAL,4,12,False
2022-12-31,0.2648917253923377,NORMAL,4,12,False
2023-01-01,0.1062425476447605,NORMAL,4,1,False
2023-01-02,0.1098846175405635,NORMAL,4,1,False
2023-01-03,0.1258572463975428,NORMAL,4,1,False
2023-01-04,0.0192874417148583,NORMAL,5,1,False
2023-01-05,0.1228172622003179,NORMAL,5,1,False
2023-01-06,0.2920336061003575,NORMAL,4,1,False
2023-01-07,0.395783184479705,NORMAL,4,1,False
2023-01-08,0.4061206386930244,NORMAL,4,1,False
2023-01-09,0.0606037616862349,NORMAL,4,1,False
2023-01-10,0.3642514827355612,NORMAL,4,1,False
2023-01-11,0.265984470155916,NORMAL,5,1,False
2023-01-12,0.2334798102788003,NORMAL,5,1,False
2023-01-13,0.1982894303679711,NORMAL,4,1,False
2023-01-14,0.6183469352328933,WARNING,4,1,True
2023-01-15,0.1819373326583827,NORMAL,4,1,False
2023-01-16,0.1266028333474302,NORMAL,4,1,False
2023-01-17,0.0691514672489751,NORMAL,4,1,False
2023-01-18,0.3699852375149451,NORMAL,5,1,False
2023-01-19,0.3574048433763057,NORMAL,5,1,False
2023-01-20,0.2951808412331739,NORMAL,4,1,False
2023-01-21,0.3455952848652993,NORMAL,4,1,False
2023-01-22,0.5953981797316023,WARNING,4,1,True
2023-01-23,0.4627390421772864,NORMAL,4,1,False
2023-01-24,0.1488036506749326,NORMAL,4,1,False
2023-01-25,0.5867523221005273,WARNING,5,1,True
2023-01-26,0.1939599474749205,NORMAL,5,1,False
2023-01-27,0.2869351558560725,NORMAL,4,1,False
2023-01-28,0.5436971631787815,WARNING,4,1,True
2023-01-29,0.5194157279723507,NORMAL,4,1,False
2023-01-30,0.3535355310869674,NORMAL,4,1,False
2023-01-31,0.4131461693966115,NORMAL,4,1,False
2023-02-01,0.4505229624358222,NORMAL,5,2,False
2023-02-02,0.4847305966172525,NORMAL,5,2,False
2023-02-03,0.1866572739719665,NORMAL,4,2,False
2023-02-04,0.0853753667805226,NORMAL,4,2,False
2023-02-05,0.0639536714107815,NORMAL,4,2,False
2023-02-06,0.1008457839705541,NORMAL,4,2,False
2023-02-07,0.121836273764724,NORMAL,4,2,False
2023-02-08,0.2187429195645782,NORMAL,5,2,False
2023-02-09,0.3887208563699969,NORMAL,5,2,False
2023-02-10,0.2775786026489987,NORMAL,4,2,False
2023-02-11,0.198702068319971,NORMAL,4,2,False
2023-02-12,0.3574176611851207,NORMAL,4,2,False
2023-02-13,0.1388315594372506,NORMAL,4,2,False
2023-02-14,0.4319750229862777,NORMAL,4,2,False
2023-02-15,0.2697222021366789,NORMAL,5,2,False
2023-02-16,0.478205715135383,NORMAL,5,2,False
2023-02-17,0.5149368004787749,NORMAL,4,2,False
2023-02-18,0.3965847251213532,NORMAL,4,2,False
2023-02-19,0.601295305369149,WARNING,4,2,True
2023-02-20,0.1390999816358307,NORMAL,4,2,False
2023-02-21,0.3013128840868771,NORMAL,4,2,False
2023-02-22,0.426241078957575,NORMAL,5,2,False
2023-02-23,0.2682275087933123,NORMAL,5,2,False
2023-02-24,0.1269758103600449,NORMAL,4,2,False
2023-02-25,0.236144526937577,NORMAL,4,2,False
2023-02-26,0.1549287190942494,NORMAL,4,2,False
2023-02-27,0.3520393739953634,NORMAL,4,2,False
2023-02-28,0.2765760637240019,NORMAL,4,2,False
2023-03-01,0.1713063494587837,NORMAL,5,3,False
2023-03-02,0.0594091896675674,NORMAL,5,3,False
2023-03-03,0.2199733613714245,NORMAL,4,3,False
2023-03-04,0.4507623538818039,NORMAL,4,3,False
2023-03-05,0.1055763630026145,NORMAL,4,3,False
2023-03-06,0.2275751941724544,NORMAL,4,3,False
2023-03-07,0.2148076661696226,NORMAL,4,3,False
2023-03-08,0.5734376704970301,WARNING,5,3,True
2023-03-09,0.1526493020402486,NORMAL,5,3,False
2023-03-10,0.0371060410791431,NORMAL,4,3,False
2023-03-11,0.762774668196114,CRITICAL,4,3,True
2023-03-12,0.6952980552295505,CRITICAL,4,3,True
2023-03-13,0.1507102100357612,NORMAL,4,3,False
2023-03-14,0.02947888734901,NORMAL,4,3,False
2023-03-15,0.0559337696812971,NORMAL,5,3,False
2023-03-16,0.3762384112726507,NORMAL,5,3,False
2023-03-17,0.266276414586492,NORMAL,4,3,False
2023-03-18,0.0964758959032018,NORMAL,4,3,False
2023-03-19,0.0659842102300328,NORMAL,4,3,False
2023-03-20,0.2199050045275681,NORMAL,4,3,False
2023-03-21,0.2592891455854676,NORMAL,4,3,False
2023-03-22,0.0669974658396429,NORMAL,5,3,False
2023-03-23,0.58150740948092,WARNING,5,3,True
2023-03-24,0.9922797763202638,CRITICAL,4,3,True
2023-03-25,0.9433717503768676,CRITICAL,4,3,True
2023-03-26,0.6886086051810612,CRITICAL,4,3,True
2023-03-27,0.523741718927262,WARNING,4,3,True
2023-03-28,0.5648852440821216,WARNING,4,3,True
2023-03-29,0.587188050070799,WARNING,5,3,True
2023-03-30,0.1752528637607323,NORMAL,5,3,False
2023-03-31,0.1237031787934049,NORMAL,4,3,False
2023-04-01,0.176937526780641,NORMAL,4,4,False
2023-04-02,0.1690765436315081,NORMAL,4,4,False
2023-04-03,0.2737336510452722,NORMAL,4,4,False
2023-04-04,0.4810651398349949,NORMAL,4,4,False
2023-04-05,0.4732426092988303,NORMAL,5,4,False
2023-04-06,0.901439561079582,CRITICAL,5,4,True
2023-04-07,0.6389973377119641,WARNING,4,4,True
2023-04-08,0.4252992478859087,NORMAL,4,4,False
2023-04-09,0.6515929680698489,WARNING,4,4,True
2023-04-10,0.7845091683152303,CRITICAL,4,4,True
2023-04-11,0.7781867056871917,CRITICAL,4,4,True
2023-04-12,0.4465302199059996,NORMAL,5,4,False
2023-04-13,0.6754639241487677,WARNING,5,4,True
2023-04-14,0.8070350460696729,CRITICAL,4,4,True
2023-04-15,0.4619614516444024,NORMAL,4,4,False
2023-04-16,0.4089925070567073,NORMAL,4,4,False
2023-04-17,0.4868482585588781,NORMAL,4,4,False
2023-04-18,0.3319187754767019,NORMAL,4,4,False
2023-04-19,0.1212251906241595,NORMAL,5,4,False
2023-04-20,0.0910030425722314,NORMAL,5,4,False
2023-04-21,0.815348185613208,CRITICAL,4,4,True
2023-04-22,1.0952933373970213,CRITICAL,4,4,True
2023-04-23,1.1326665525696045,CRITICAL,4,4,True
2023-04-24,0.7972700958535748,CRITICAL,4,4,True
2023-04-25,0.2673472702527603,NORMAL,4,4,False
2023-04-26,0.2989529299227975,NORMAL,5,4,False
2023-04-27,0.0560489258972832,NORMAL,5,4,False
2023-04-28,0.2629789369528682,NORMAL,4,4,False
2023-04-29,0.1419392571711353,NORMAL,4,4,False
2023-04-30,0.2398266746828415,NORMAL,4,4,False
2023-05-01,0.186989597476607,NORMAL,4,5,False
2023-05-02,0.1417620352019186,NORMAL,4,5,False
2023-05-03,0.5601881155152254,NORMAL,5,5,False
2023-05-04,0.6224135164112976,NORMAL,5,5,False
2023-05-05,0.6150389098631343,NORMAL,4,5,False
2023-05-06,0.682490687495373,NORMAL,4,5,False
2023-05-07,0.6169118555282723,NORMAL,4,5,False
2023-05-08,0.4451762222913479,NORMAL,4,5,False
2023-05-09,0.5694977601041891,NORMAL,4,5,False
2023-05-10,0.7435296892670844,WARNING,5,5,True
2023-05-11,0.4696015534856381,NORMAL,5,5,False
2023-05-12,0.2366508344539495,NORMAL,4,5,False
2023-05-13,0.0738298118839204,NORMAL,4,5,False
2023-05-14,0.1290761540622607,NORMAL,4,5,False
2023-05-15,0.1593770583569521,NORMAL,4,5,False
2023-05-16,0.2105507667929305,NORMAL,4,5,False
2023-05-17,0.842596073168466,CRITICAL,5,5,True
2023-05-18,0.8936730179676723,CRITICAL,5,5,True
2023-05-19,0.8109552660870498,WARNING,4,5,True
2023-05-20,0.3559373042040797,NORMAL,4,5,False
2023-05-21,0.6575760498680387,NORMAL,4,5,False
2023-05-22,0.8014824416069688,WARNING,4,5,True
2023-05-23,0.7402284751231526,WARNING,4,5,True
2023-05-24,0.1212796749640606,NORMAL,5,5,False
2023-05-25,0.488212353487566,NORMAL,5,5,False
2023-05-26,0.705849149896062,NORMAL,4,5,False
2023-05-27,0.8810716606950995,CRITICAL,4,5,True
2023-05-28,0.9936264114147152,CRITICAL,4,5,True
2023-05-29,1.0832510775056123,CRITICAL,4,5,True
2023-05-30,0.9755570567101276,CRITICAL,4,5,True
2023-05-31,0.1879895291775388,NORMAL,5,5,False
2023-06-01,0.1339574053079927,NORMAL,5,6,False
2023-06-02,0.3472396216192525,NORMAL,4,6,False
2023-06-03,0.4018929226773468,NORMAL,4,6,False
2023-06-04,0.440533258457188,NORMAL,4,6,False
2023-06-05,0.4493008111069048,NORMAL,4,6,False
2023-06-06,0.435124424058681,NORMAL,4,6,False
2023-06-07,0.0364463517952896,NORMAL,5,6,False
2023-06-08,0.3779732249565381,NORMAL,5,6,False
2023-06-09,0.5374773135417813,NORMAL,4,6,False
2023-06-10,0.709475217643433,CRITICAL,4,6,True
2023-06-11,0.8597051059659604,CRITICAL,4,6,True
2023-06-12,0.7904216587712867,CRITICAL,4,6,True
2023-06-13,0.6889639620630087,WARNING,4,6,True
2023-06-14,0.1364850075922246,NORMAL,5,6,False
2023-06-15,0.3286158042865179,NORMAL,5,6,False
2023-06-16,0.4042521106707348,NORMAL,4,6,False
2023-06-17,0.6110749634106893,NORMAL,4,6,False
2023-06-18,0.6533231821792589,WARNING,4,6,True
2023-06-19,0.4767947782933631,NORMAL,4,6,False
2023-06-20,0.4297166544475582,NORMAL,4,6,False
2023-06-21,0.0970763878527293,NORMAL,5,6,False
2023-06-22,0.4243465528762823,NORMAL,5,6,False
2023-06-23,0.485817983249856,NORMAL,4,6,False
2023-06-24,0.3394006928625165,NORMAL,4,6,False
2023-06-25,0.3004223678966288,NORMAL,4,6,False
2023-06-26,0.2359129757401969,NORMAL,4,6,False
2023-06-27,0.1886053453125701,NORMAL,4,6,False
2023-06-28,0.0400825477937787,NORMAL,5,6,False
2023-06-29,0.0710257769347382,NORMAL,5,6,False
2023-06-30,0.059957969425141,NORMAL,4,6,False
2023-07-01,0.1122717502304676,NORMAL,4,7,False
2023-07-02,0.3769773753432032,NORMAL,4,7,False
2023-07-03,0.321656109937845,NORMAL,4,7,False
2023-07-04,0.1208409242532354,NORMAL,4,7,False
2023-07-05,0.6249686921105192,WARNING,5,7,True
2023-07-06,0.1591995963919756,NORMAL,5,7,False
2023-07-07,0.0155613285438979,NORMAL,4,7,False
2023-07-08,0.0234354062982604,NORMAL,4,7,False
2023-07-09,0.0709111128836407,NORMAL,4,7,False
2023-07-10,0.0843487609922423,NORMAL,4,7,False
2023-07-11,0.1237244712789123,NORMAL,4,7,False
2023-07-12,0.0979631277082775,NORMAL,5,7,False
2023-07-13,0.1601606136060431,NORMAL,5,7,False
2023-07-14,0.2492882617904924,NORMAL,4,7,False
2023-07-15,0.5357687637611048,NORMAL,4,7,False
2023-07-16,0.3388402641053019,NORMAL,4,7,False
2023-07-17,0.1423340679477868,NORMAL,4,7,False
2023-07-18,0.1026515384677787,NORMAL,4,7,False
2023-07-19,0.344062996552527,NORMAL,5,7,False
2023-07-20,0.0999340766465919,NORMAL,5,7,False
2023-07-21,0.2187110554309766,NORMAL,4,7,False
2023-07-22,0.0917331039986077,NORMAL,4,7,False
2023-07-23,0.7161100049077453,CRITICAL,4,7,True
2023-07-24,0.8775004539680803,CRITICAL,4,7,True
2023-07-25,0.4974385964448651,NORMAL,4,7,False
2023-07-26,0.4148411584229454,NORMAL,5,7,False
2023-07-27,0.5324146730823194,NORMAL,5,7,False
2023-07-28,0.6097023239692285,WARNING,4,7,True
2023-07-29,0.6778861317252842,CRITICAL,4,7,True
2023-07-30,0.4573451985908554,NORMAL,4,7,False
2023-07-31,0.3574041604405474,NORMAL,4,7,False
2023-08-01,0.484460960694582,NORMAL,4,8,False
2023-08-02,0.1770600600458076,NORMAL,5,8,False
2023-08-03,0.4205438559356118,NORMAL,5,8,False
2023-08-04,0.4450404908726697,NORMAL,4,8,False
2023-08-05,0.4259113834917289,NORMAL,4,8,False
2023-08-06,0.1520606490282219,NORMAL,4,8,False
2023-08-07,0.180739104170736,NORMAL,4,8,False
2023-08-08,0.2002831633873323,NORMAL,4,8,False
2023-08-09,0.3011746589702656,NORMAL,5,8,False
2023-08-10,0.3624386913775296,NORMAL,5,8,False
2023-08-11,0.063417824019322,NORMAL,4,8,False
2023-08-12,0.4244767244801848,NORMAL,4,8,False
2023-08-13,0.2581210709021307,NORMAL,4,8,False
2023-08-14,0.1044002696578663,NORMAL,4,8,False
2023-08-15,0.1160682473207967,NORMAL,4,8,False
2023-08-16,0.0220489561648537,NORMAL,5,8,False
2023-08-17,0.0153011221774198,NORMAL,5,8,False
2023-08-18,0.4278774346229559,NORMAL,4,8,False
2023-08-19,0.3453120937939604,NORMAL,4,8,False
2023-08-20,0.2312457350474788,NORMAL,4,8,False
2023-08-21,0.5415172527986298,NORMAL,4,8,False
2023-08-22,0.9055464299550652,CRITICAL,4,8,True
2023-08-23,0.46187871298398,NORMAL,5,8,False
2023-08-24,0.7284813167236133,WARNING,5,8,True
2023-08-25,0.5090878181432803,NORMAL,4,8,False
2023-08-26,0.4785483572279846,NORMAL,4,8,False
2023-08-27,0.5956930828709678,NORMAL,4,8,False
2023-08-28,0.509799306323779,NORMAL,4,8,False
2023-08-29,0.4087486715437055,NORMAL,4,8,False
2023-08-30,0.6826002544495924,NORMAL,5,8,False
2023-08-31,0.4818871848208788,NORMAL,5,8,False
2023-09-01,0.349122280392305,NORMAL,4,9,False
2023-09-02,0.2596775040564328,NORMAL,4,9,False
2023-09-03,0.1520908485463712,NORMAL,4,9,False
2023-09-04,0.0909503997115593,NORMAL,4,9,False
2023-09-05,0.235760760955178,NORMAL,4,9,False
2023-09-06,0.078337865830945,NORMAL,5,9,False
2023-09-07,0.2178602471633128,NORMAL,5,9,False
2023-09-08,0.1310000855186643,NORMAL,4,9,False
2023-09-09,0.137205772843854,NORMAL,4,9,False
2023-09-10,0.0524918672913994,NORMAL,4,9,False
2023-09-11,0.3125277244439178,NORMAL,4,9,False
2023-09-12,0.0474483983444539,NORMAL,4,9,False
2023-09-13,0.0788420495842396,NORMAL,5,9,False
2023-09-14,0.0330014780130159,NORMAL,5,9,False
2023-09-15,0.0449447450483596,NORMAL,4,9,False
2023-09-16,0.0696056520362462,NORMAL,4,9,False
2023-09-17,0.1882597018583244,NORMAL,4,9,False
2023-09-18,0.4188606376867941,NORMAL,4,9,False
2023-09-19,0.3117401431859128,NORMAL,4,9,False
2023-09-20,0.4491786814855357,NORMAL,5,9,False
2023-09-21,0.0914932307357339,NORMAL,5,9,False
2023-09-22,0.2671504713925109,NORMAL,4,9,False
2023-09-23,0.5543592323554142,NORMAL,4,9,False
2023-09-24,0.3241299756107521,NORMAL,4,9,False
2023-09-25,0.0661716020527242,NORMAL,4,9,False
2023-09-26,0.1068371125064723,NORMAL,4,9,False
2023-09-27,0.5917285474909953,WARNING,5,9,True
2023-09-28,0.2659709193310012,NORMAL,5,9,False
2023-09-29,0.1948581326557675,NORMAL,4,9,False
2023-09-30,0.3674548170269944,NORMAL,4,9,False
2023-10-01,0.2076946827165878,NORMAL,4,10,False
2023-10-02,0.1124780722577191,NORMAL,4,10,False
2023-10-03,0.2362567079204824,NORMAL,4,10,False
2023-10-04,0.2412266730644276,NORMAL,5,10,False
2023-10-05,0.240301420127787,NORMAL,5,10,False
2023-10-06,0.4504303146221305,NORMAL,4,10,False
2023-10-07,0.6251707342686638,WARNING,4,10,True
2023-10-08,0.5139461399682905,NORMAL,4,10,False
2023-10-09,0.2869834062722504,NORMAL,4,10,False
2023-10-10,0.3425102374827635,NORMAL,4,10,False
2023-10-11,0.1414524705914885,NORMAL,5,10,False
2023-10-12,0.2258650012805752,NORMAL,5,10,False
2023-10-13,0.6060188265741137,WARNING,4,10,True
2023-10-14,0.9783309674224256,CRITICAL,4,10,True
2023-10-15,0.77870829397772,CRITICAL,4,10,True
2023-10-16,0.4423308959685179,NORMAL,4,10,False
2023-10-17,0.4598683796540267,NORMAL,4,10,False
2023-10-18,0.525521050999092,NORMAL,5,10,False
2023-10-19,0.1352637580753331,NORMAL,5,10,False
2023-10-20,0.1739692724995559,NORMAL,4,10,False
2023-10-21,0.1413726605989611,NORMAL,4,10,False
2023-10-22,0.1292323628828021,NORMAL,4,10,False
2023-10-23,0.2560293564998245,NORMAL,4,10,False
2023-10-24,0.3494919989071596,NORMAL,4,10,False
2023-10-25,0.1167941385841915,NORMAL,5,10,False
2023-10-26,0.3426828981789106,NORMAL,5,10,False
2023-10-27,0.306192643817079,NORMAL,4,10,False
2023-10-28,0.4151780940826558,NORMAL,4,10,False
2023-10-29,0.1130455024647906,NORMAL,4,10,False
2023-10-30,0.1520307281262416,NORMAL,4,10,False
2023-10-31,0.0945299766362603,NORMAL,4,10,False
2023-11-01,0.2871660522044281,NORMAL,5,11,False
2023-11-02,0.6548067296134307,WARNING,5,11,True
2023-11-03,0.477532091310721,NORMAL,4,11,False
2023-11-04,0.6888691043917146,WARNING,4,11,True
2023-11-05,0.5426477152000051,NORMAL,4,11,False
2023-11-06,0.4777315145933504,NORMAL,4,11,False
2023-11-07,0.3066307607841441,NORMAL,4,11,False
2023-11-08,0.1784885473363776,NORMAL,5,11,False
2023-11-09,0.1932483774351341,NORMAL,5,11,False
2023-11-10,0.0249367722440339,NORMAL,4,11,False
2023-11-11,0.2005816773979205,NORMAL,4,11,False
2023-11-12,0.177785150546379,NORMAL,4,11,False
2023-11-13,0.1313363425475109,NORMAL,4,11,False
2023-11-14,0.0868921270646588,NORMAL,4,11,False
2023-11-15,0.2971411660203472,NORMAL,5,11,False
2023-11-16,0.7522701230215805,CRITICAL,5,11,True
2023-11-17,0.6358347523475977,NORMAL,4,11,False
2023-11-18,0.8089036490437036,CRITICAL,4,11,True
2023-11-19,0.7522630281013237,CRITICAL,4,11,True
2023-11-20,0.5465404965624987,NORMAL,4,11,False
2023-11-21,0.5599548346322605,NORMAL,4,11,False
2023-11-22,0.1249932816147947,NORMAL,5,11,False
2023-11-23,0.1904339709404268,NORMAL,5,11,False
2023-11-24,0.6137768806635385,NORMAL,4,11,False
2023-11-25,0.7678946483691202,CRITICAL,4,11,True
2023-11-26,0.4618365550241269,NORMAL,4,11,False
2023-11-27,0.1476202568408386,NORMAL,4,11,False
2023-11-28,0.2483694877939413,NORMAL,4,11,False
2023-11-29,0.0463544851049794,NORMAL,5,11,False
2023-11-30,0.2037786553967061,NORMAL,5,11,False
2023-12-01,0.0966845627728779,NORMAL,4,12,False
2023-12-02,0.1017400525841682,NORMAL,4,12,False
2023-12-03,0.0624788098670937,NORMAL,4,12,False
2023-12-04,0.2375035603306949,NORMAL,4,12,False
2023-12-05,0.2729194053140963,NORMAL,4,12,False
2023-12-06,0.295876311624346,NORMAL,5,12,False
2023-12-07,0.0529598863140586,NORMAL,5,12,False
2023-12-08,0.3210561373544706,NORMAL,4,12,False
2023-12-09,0.6327511913810626,WARNING,4,12,True
2023-12-10,1.1391409336869522,CRITICAL,4,12,True
2023-12-11,0.982656772479918,CRITICAL,4,12,True
2023-12-12,0.8195287612404365,CRITICAL,4,12,True
2023-12-13,0.4721089622979746,NORMAL,5,12,False
2023-12-14,0.5449715257128164,NORMAL,5,12,False
2023-12-15,0.2810394440869165,NORMAL,4,12,False
2023-12-16,0.0891856357188182,NORMAL,4,12,False
2023-12-17,0.1817505155197846,NORMAL,4,12,False
2023-12-18,0.3386391273833691,NORMAL,4,12,False
2023-12-19,0.363053677257302,NORMAL,4,12,False
2023-12-20,0.1063022705449405,NORMAL,5,12,False
2023-12-21,0.1361783137902266,NORMAL,5,12,False
2023-12-22,0.1242202752639568,NORMAL,4,12,False
2023-12-23,0.0728214698026625,NORMAL,4,12,False
2023-12-24,0.2102751344912508,NORMAL,4,12,False
2023-12-25,0.2833683489729785,NORMAL,4,12,False
2023-12-26,0.1797804238780302,NORMAL,4,12,False
2023-12-27,0.0875930028107025,NORMAL,5,12,False
2023-12-28,0.2401942902675697,NORMAL,5,12,False
2023-12-29,0.339169570589883,NORMAL,4,12,False
2023-12-30,0.2612146838291367,NORMAL,4,12,False
2023-12-31,0.1451341936385463,NORMAL,4,12,False
2024-01-01,0.1929777306773293,NORMAL,4,1,False
2024-01-02,0.1686644518208563,NORMAL,4,1,False
2024-01-03,0.3600299426116641,NORMAL,5,1,False
2024-01-04,0.8042484141641455,CRITICAL,5,1,True
2024-01-05,0.1956527948453929,NORMAL,4,1,False
2024-01-06,0.0335267198252458,NORMAL,4,1,False
2024-01-07,0.1617757329459332,NORMAL,4,1,False
2024-01-08,0.1518656043748581,NORMAL,4,1,False
2024-01-09,0.0742312256916768,NORMAL,4,1,False
2024-01-10,0.7761939804293554,CRITICAL,5,1,True
2024-01-11,0.7820364660304895,CRITICAL,5,1,True
2024-01-12,0.1033486346239758,NORMAL,4,1,False
2024-01-13,0.1081597562722555,NORMAL,4,1,False
2024-01-14,0.0237207168793533,NORMAL,4,1,False
2024-01-15,0.2684773371031058,NORMAL,4,1,False
2024-01-16,0.1052974664464131,NORMAL,4,1,False
2024-01-17,0.0529184011652588,NORMAL,5,1,False
2024-01-18,0.5982780032282742,WARNING,5,1,True
2024-01-19,0.7881861660086933,CRITICAL,4,1,True
2024-01-20,0.8539552463230784,CRITICAL,4,1,True
2024-01-21,0.6002094167338193,WARNING,4,1,True
2024-01-22,0.5191260080294146,NORMAL,4,1,False
2024-01-23,0.2279630118595143,NORMAL,4,1,False
2024-01-24,0.0704770306034331,NORMAL,5,1,False
2024-01-25,0.0391462001797489,NORMAL,5,1,False
2024-01-26,0.0564356384543045,NORMAL,4,1,False
2024-01-27,0.0809556854237624,NORMAL,4,1,False
2024-01-28,0.0599320386479115,NORMAL,4,1,False
2024-01-29,0.1966731714396127,NORMAL,4,1,False
2024-01-30,0.1706435109521147,NORMAL,4,1,False
2024-01-31,0.0439237932287961,NORMAL,5,1,False
2024-02-01,0.195538469537583,NORMAL,5,2,False
2024-02-02,0.1559721700013966,NORMAL,4,2,False
2024-02-03,0.249217597740594,NORMAL,4,2,False
2024-02-04,0.1663791674921179,NORMAL,4,2,False
2024-02-05,0.161127399786382,NORMAL,4,2,False
2024-02-06,0.0535441870224938,NORMAL,4,2,False
2024-02-07,0.2296016415489937,NORMAL,5,2,False
2024-02-08,0.3898047615966816,NORMAL,5,2,False
2024-02-09,0.4075891020591414,NORMAL,4,2,False
2024-02-10,0.3524064212198963,NORMAL,4,2,False
2024-02-11,0.3596331268818883,NORMAL,4,2,False
2024-02-12,0.5899620160531487,WARNING,4,2,True
2024-02-13,0.5419844885791935,NORMAL,4,2,False
2024-02-14,0.8091890167268323,CRITICAL,5,2,True
2024-02-15,0.6291537784365387,WARNING,5,2,True
2024-02-16,0.0644040313059867,NORMAL,4,2,False
2024-02-17,0.3283011799451362,NORMAL,4,2,False
2024-02-18,0.1404387292837926,NORMAL,4,2,False
2024-02-19,0.503757475180475,NORMAL,4,2,False
2024-02-20,0.7700129330740231,CRITICAL,4,2,True
2024-02-21,0.2063805948041736,NORMAL,5,2,False
2024-02-22,0.3327687738213444,NORMAL,5,2,False
2024-02-23,0.4076509911891069,NORMAL,4,2,False
2024-02-24,0.2651426395329136,NORMAL,4,2,False
2024-02-25,0.2010844205819482,NORMAL,4,2,False
2024-02-26,0.3930423044009809,NORMAL,4,2,False
2024-02-27,0.2647601191747765,NORMAL,4,2,False
2024-02-28,0.1003242486846925,NORMAL,5,2,False
2024-02-29,0.1451729537686567,NORMAL,5,2,False
2024-03-01,0.4536389055553878,NORMAL,4,3,False
2024-03-02,0.5908490371604382,CRITICAL,4,3,True
2024-03-03,0.4655337091581245,NORMAL,4,3,False
2024-03-04,0.212263833674592,NORMAL,4,3,False
2024-03-05,0.1405095206940919,NORMAL,4,3,False
2024-03-06,0.0043792967106981,NORMAL,5,3,False
2024-03-07,0.2185195257601571,NORMAL,5,3,False
2024-03-08,0.0455832923446415,NORMAL,4,3,False
2024-03-09,0.1293654759607106,NORMAL,4,3,False
2024-03-10,0.0486442137968728,NORMAL,4,3,False
2024-03-11,0.078324217889263,NORMAL,4,3,False
2024-03-12,0.1225690979803936,NORMAL,4,3,False
2024-03-13,0.2408142621831086,NORMAL,5,3,False
2024-03-14,0.2680207191897318,NORMAL,5,3,False
2024-03-15,0.1555575403571577,NORMAL,4,3,False
2024-03-16,0.1473733478419354,NORMAL,4,3,False
2024-03-17,0.2085316382613015,NORMAL,4,3,False
2024-03-18,0.1963986364240303,NORMAL,4,3,False
2024-03-19,0.1530918354364818,NORMAL,4,3,False
2024-03-20,0.1429396018643487,NORMAL,5,3,False
2024-03-21,0.0181136149458249,NORMAL,5,3,False
2024-03-22,0.2433540664399141,NORMAL,4,3,False
2024-03-23,0.1124951671043054,NORMAL,4,3,False
2024-03-24,0.4184736417864614,NORMAL,4,3,False
2024-03-25,0.3587614512914016,NORMAL,4,3,False
2024-03-26,0.2180234404550086,NORMAL,4,3,False
2024-03-27,0.5728769567418314,WARNING,5,3,True
2024-03-28,1.171152933491922,CRITICAL,5,3,True
2024-03-29,1.0737912710466444,CRITICAL,4,3,True
2024-03-30,0.5581474095816976,WARNING,4,3,True
2024-03-31,0.3263559526547437,NORMAL,4,3,False
2024-04-01,0.16046800480589,NORMAL,4,4,False
2024-04-02,0.1229878134126416,NORMAL,4,4,False
2024-04-03,0.0036627351227983,NORMAL,5,4,False
2024-04-04,0.2383808443776229,NORMAL,5,4,False
2024-04-05,0.0566239256561933,NORMAL,4,4,False
2024-04-06,0.2710293199960227,NORMAL,4,4,False
2024-04-07,0.0793074579069607,NORMAL,4,4,False
2024-04-08,0.4487546420206018,NORMAL,4,4,False
2024-04-09,0.3846463608619377,NORMAL,4,4,False
2024-04-10,0.3602873932460452,NORMAL,5,4,False
2024-04-11,0.4069350071091918,NORMAL,5,4,False
2024-04-12,0.470845077260774,NORMAL,4,4,False
2024-04-13,0.2311317168001854,NORMAL,4,4,False
2024-04-14,0.215940380449709,NORMAL,4,4,False
2024-04-15,0.3517447281035755,NORMAL,4,4,False
2024-04-16,0.3597575322259957,NORMAL,4,4,False
2024-04-17,0.2021705984566256,NORMAL,5,4,False
2024-04-18,0.043097259535212,NORMAL,5,4,False
2024-04-19,0.2996454653242424,NORMAL,4,4,False
2024-04-20,0.1837177984718055,NORMAL,4,4,False
2024-04-21,0.159192643839761,NORMAL,4,4,False
2024-04-22,0.1200756202119648,NORMAL,4,4,False
2024-04-23,0.1489110930495144,NORMAL,4,4,False
2024-04-24,0.6156149727072481,WARNING,5,4,True
2024-04-25,0.5699990931469371,NORMAL,5,4,False
2024-04-26,0.1031225544156689,NORMAL,4,4,False
2024-04-27,0.1407742701327931,NORMAL,4,4,False
2024-04-28,0.3413248247654805,NORMAL,4,4,False
2024-04-29,0.201675206218164,NORMAL,4,4,False
2024-04-30,0.0885733618253221,NORMAL,4,4,False
2024-05-01,0.0423619714878224,NORMAL,5,5,False
2024-05-02,0.1221708553942414,NORMAL,5,5,False
2024-05-03,0.2801154265347524,NORMAL,4,5,False
2024-05-04,0.1105463045218668,NORMAL,4,5,False
2024-05-05,0.2395495558499231,NORMAL,4,5,False
2024-05-06,0.3492767266440288,NORMAL,4,5,False
2024-05-07,0.4571175025837414,NORMAL,4,5,False
2024-05-08,0.4061394107362089,NORMAL,5,5,False
2024-05-09,0.0820413649933489,NORMAL,5,5,False
2024-05-10,0.174372598665697,NORMAL,4,5,False
2024-05-11,0.6040409775278947,NORMAL,4,5,False
2024-05-12,0.2873500908235835,NORMAL,4,5,False
2024-05-13,0.2663236582453574,NORMAL,4,5,False
2024-05-14,0.1885283151429199,NORMAL,4,5,False
2024-05-15,0.5691786750939083,NORMAL,5,5,False
2024-05-16,0.2010724205125809,NORMAL,5,5,False
2024-05-17,0.0557215405101517,NORMAL,4,5,False
2024-05-18,0.3086145099763075,NORMAL,4,5,False
2024-05-19,0.4505752388870606,NORMAL,4,5,False
2024-05-20,0.38727745884401,NORMAL,4,5,False
2024-05-21,0.2166391956376651,NORMAL,4,5,False
2024-05-22,0.2618251901764065,NORMAL,5,5,False
2024-05-23,0.2744432265973384,NORMAL,5,5,False
2024-05-24,0.3734939280928863,NORMAL,4,5,False
2024-05-25,0.2811320047166994,NORMAL,4,5,False
2024-05-26,0.2606643686190338,NORMAL,4,5,False
2024-05-27,0.2564551225623971,NORMAL,4,5,False
2024-05-28,0.1460425161062062,NORMAL,4,5,False
2024-05-29,0.0898921349653417,NORMAL,5,5,False
2024-05-30,0.1337288921088236,NORMAL,5,5,False
2024-05-31,0.14746824597063,NORMAL,4,5,False
2024-06-01,0.1270746096924687,NORMAL,4,6,False
2024-06-02,0.1482304390134683,NORMAL,4,6,False
2024-06-03,0.1050607376462113,NORMAL,4,6,False
2024-06-04,0.1101312407520947,NORMAL,4,6,False
2024-06-05,0.2447232415626083,NORMAL,5,6,False
2024-06-06,0.2318867146474607,NORMAL,5,6,False
2024-06-07,0.4689915643808235,NORMAL,4,6,False
2024-06-08,0.6634447019922763,WARNING,4,6,True
2024-06-09,0.6380211935678082,WARNING,4,6,True
2024-06-10,0.5951016196419705,NORMAL,4,6,False
2024-06-11,0.7875966534576458,CRITICAL,4,6,True
2024-06-12,0.2510047033407728,NORMAL,5,6,False
2024-06-13,0.0858467769166661,NORMAL,5,6,False
2024-06-14,0.1784135818451356,NORMAL,4,6,False
2024-06-15,0.1859201393672543,NORMAL,4,6,False
2024-06-16,0.332489857126798,NORMAL,4,6,False
2024-06-17,0.344949498612359,NORMAL,4,6,False
2024-06-18,0.2444128486314041,NORMAL,4,6,False
2024-06-19,0.3213322545722,NORMAL,5,6,False
2024-06-20,0.2263345247863913,NORMAL,5,6,False
2024-06-21,0.2246563507690255,NORMAL,4,6,False
2024-06-22,0.4623939463788691,NORMAL,4,6,False
2024-06-23,0.5106658431697082,NORMAL,4,6,False
2024-06-24,0.508093665023834,NORMAL,4,6,False
2024-06-25,0.4297009133582314,NORMAL,4,6,False
2024-06-26,0.0277964923233759,NORMAL,5,6,False
2024-06-27,0.2155166787113458,NORMAL,5,6,False
2024-06-28,0.4405528555912412,NORMAL,4,6,False
2024-06-29,0.4897417388873097,NORMAL,4,6,False
2024-06-30,0.4531507674420529,NORMAL,4,6,False
2024-07-01,0.2490237758968387,NORMAL,4,7,False
2024-07-02,0.2395963565506389,NORMAL,4,7,False
2024-07-03,0.5196842458607366,NORMAL,5,7,False
2024-07-04,0.4185241994995948,NORMAL,5,7,False
2024-07-05,0.4551874170215615,NORMAL,4,7,False
2024-07-06,0.3589784498869156,NORMAL,4,7,False
2024-07-07,0.3492687700744901,NORMAL,4,7,False
2024-07-08,0.1607514909184395,NORMAL,4,7,False
2024-07-09,0.1488877562725301,NORMAL,4,7,False
2024-07-10,0.1989715196525797,NORMAL,5,7,False
2024-07-11,0.206216070190323,NORMAL,5,7,False
2024-07-12,0.1487738178906478,NORMAL,4,7,False
2024-07-13,0.1734461429569426,NORMAL,4,7,False
2024-07-14,0.248124633015399,NORMAL,4,7,False
2024-07-15,0.1876285701182574,NORMAL,4,7,False
2024-07-16,0.0944385262906555,NORMAL,4,7,False
2024-07-17,0.5900075680936417,WARNING,5,7,True
2024-07-18,0.6555239858591355,WARNING,5,7,True
2024-07-19,0.6206787601169209,WARNING,4,7,True
2024-07-20,0.4509696378934132,NORMAL,4,7,False
2024-07-21,1.005152309128906,CRITICAL,4,7,True
2024-07-22,0.7063960718117656,CRITICAL,4,7,True
2024-07-23,0.6430641983957458,WARNING,4,7,True
2024-07-24,0.1541055306157032,NORMAL,5,7,False
2024-07-25,0.2777499154166343,NORMAL,5,7,False
2024-07-26,0.4137702763567204,NORMAL,4,7,False
2024-07-27,0.2621378686226526,NORMAL,4,7,False
2024-07-28,0.1276059095185176,NORMAL,4,7,False
2024-07-29,0.1321785489071396,NORMAL,4,7,False
2024-07-30,0.172608302556567,NORMAL,4,7,False
2024-07-31,0.2337625233785568,NORMAL,5,7,False
2024-08-01,0.3615497748287538,NORMAL,5,8,False
2024-08-02,0.0989156710602668,NORMAL,4,8,False
2024-08-03,0.1475782062759175,NORMAL,4,8,False
2024-08-04,0.0620250365742493,NORMAL,4,8,False
2024-08-05,0.1748528159106661,NORMAL,4,8,False
2024-08-06,0.0530199819713061,NORMAL,4,8,False
2024-08-07,0.1330189427108516,NORMAL,5,8,False
2024-08-08,0.1836272353516021,NORMAL,5,8,False
2024-08-09,0.0692851187632488,NORMAL,4,8,False
2024-08-10,0.0415069848600342,NORMAL,4,8,False
2024-08-11,0.6647579023871311,NORMAL,4,8,False
2024-08-12,0.3745366769556378,NORMAL,4,8,False
2024-08-13,0.1429192516161485,NORMAL,4,8,False
2024-08-14,0.0246182343302977,NORMAL,5,8,False
2024-08-15,0.1579319353882777,NORMAL,5,8,False
2024-08-16,0.1354113012734578,NORMAL,4,8,False
2024-08-17,0.0976071922374661,NORMAL,4,8,False
2024-08-18,0.2153520689650856,NORMAL,4,8,False
2024-08-19,0.1643342685058246,NORMAL,4,8,False
2024-08-20,0.083398524859263,NORMAL,4,8,False
2024-08-21,0.7241299718450596,WARNING,5,8,True
2024-08-22,0.8213383292696648,WARNING,5,8,True
2024-08-23,0.44786123324719,NORMAL,4,8,False
2024-08-24,0.3062619606709914,NORMAL,4,8,False
2024-08-25,0.5970699933241941,NORMAL,4,8,False
2024-08-26,0.6929056684888425,WARNING,4,8,True
2024-08-27,0.5364981542579554,NORMAL,4,8,False
2024-08-28,0.2006265849515859,NORMAL,5,8,False
2024-08-29,0.336475231443282,NORMAL,5,8,False
2024-08-30,0.5695768055384227,NORMAL,4,8,False
2024-09-13,0.2684591350935879,NORMAL,4,9,False
2024-09-14,0.5423025281895097,NORMAL,4,9,False
2024-09-15,0.4843021214811506,NORMAL,4,9,False
2024-09-16,0.5964214789821304,WARNING,4,9,True
2024-09-17,0.4772018982420224,NORMAL,4,9,False
2024-09-18,0.4725014745266769,NORMAL,5,9,False
2024-09-19,0.425572082943844,NORMAL,5,9,False
2024-09-20,0.1366305178712887,NORMAL,4,9,False
2024-09-21,0.291476009227394,NORMAL,4,9,False
2024-09-22,0.4405955041023955,NORMAL,4,9,False
2024-09-23,0.4882332968324051,NORMAL,4,9,False
2024-09-24,0.6554088427482145,WARNING,4,9,True
2024-09-25,0.4702558609473684,NORMAL,5,9,False
2024-09-26,0.2625798140806619,NORMAL,5,9,False
2024-09-27,0.3532760725915375,NORMAL,4,9,False
2024-09-28,0.3874797043662969,NORMAL,4,9,False
2024-09-29,0.6660333225473443,WARNING,4,9,True
2024-09-30,0.6260489401442503,WARNING,4,9,True
2024-10-01,0.7271057017773014,CRITICAL,4,10,True
2024-10-02,0.0932701908457665,NORMAL,5,10,False
2024-10-03,0.1702900739440331,NORMAL,5,10,False
2024-10-04,0.0864256083437914,NORMAL,4,10,False
2024-10-05,0.1237862041137052,NORMAL,4,10,False
2024-10-06,0.1554274118225093,NORMAL,4,10,False
2024-10-07,0.2536147672204695,NORMAL,4,10,False
2024-10-08,0.3609974809917326,NORMAL,4,10,False
2024-10-09,0.244263051400964,NORMAL,5,10,False
2024-10-10,0.4649915237026974,NORMAL,5,10,False
2024-10-11,0.4533197166448973,NORMAL,4,10,False
2024-10-12,0.1189127550894441,NORMAL,4,10,False
2024-10-13,0.3354189713438232,NORMAL,4,10,False
2024-10-14,0.5886662856209082,WARNING,4,10,True
2024-10-15,0.3589517511673502,NORMAL,4,10,False
2024-10-16,0.125373922663249,NORMAL,5,10,False
2024-10-17,0.2399904027546125,NORMAL,5,10,False
2024-10-18,0.284852383696285,NORMAL,4,10,False
2024-10-19,0.1708376303793798,NORMAL,4,10,False
2024-10-20,0.1199577752821386,NORMAL,4,10,False
2024-10-21,0.5545203228402308,NORMAL,4,10,False
2024-10-22,0.3093281968325348,NORMAL,4,10,False
2024-10-23,0.6501369094710668,WARNING,5,10,True
2024-10-24,0.3759600769756014,NORMAL,5,10,False
2024-10-25,0.2491001689831918,NORMAL,4,10,False
2024-10-26,0.1693358348403448,NORMAL,4,10,False
2024-10-27,0.5283545479960773,NORMAL,4,10,False
2024-10-28,0.5063310659950393,NORMAL,4,10,False
2024-10-29,0.4825607412723817,NORMAL,4,10,False
2024-10-30,0.3287271156972999,NORMAL,5,10,False
2024-10-31,0.096123922747336,NORMAL,5,10,False
2024-11-01,0.0744358732516723,NORMAL,4,11,False
2024-11-02,0.1323117672740975,NORMAL,4,11,False
2024-11-03,0.2853809601635012,NORMAL,4,11,False
2024-11-04,0.1944319624455285,NORMAL,4,11,False
2024-11-05,0.1426412525288288,NORMAL,4,11,False
2024-11-06,0.3945030346267216,NORMAL,5,11,False
2024-11-07,0.2325719721992172,NORMAL,5,11,False
2024-11-08,0.0282931549212662,NORMAL,4,11,False
2024-11-09,0.2977294752505732,NORMAL,4,11,False
2024-11-10,0.4580564585910424,NORMAL,4,11,False
2024-11-11,0.3721625480611191,NORMAL,4,11,False
2024-11-12,0.2197507838769351,NORMAL,4,11,False
2024-11-13,0.289275132801329,NORMAL,5,11,False
2024-11-14,0.4834346825464837,NORMAL,5,11,False
2024-11-15,0.2768356829395498,NORMAL,4,11,False
2024-11-16,0.2854706266297909,NORMAL,4,11,False
2024-11-17,0.0956559058901216,NORMAL,4,11,False
2024-11-18,0.1623449512961122,NORMAL,4,11,False
2024-11-19,0.1234550474747012,NORMAL,4,11,False
2024-11-20,0.3746536879338302,NORMAL,5,11,False
2024-11-21,0.3611734817644375,NORMAL,5,11,False
2024-11-22,0.2350374638366954,NORMAL,4,11,False
2024-11-23,0.1958156709183784,NORMAL,4,11,False
2024-11-24,0.0575081421909269,NORMAL,4,11,False
2024-11-25,0.2830642718487748,NORMAL,4,11,False
2024-11-26,0.7589901820924372,CRITICAL,4,11,True
2024-11-27,0.2251735663704351,NORMAL,5,11,False
2024-11-28,0.3738049595004571,NORMAL,5,11,False
2024-11-29,0.4928218516563065,NORMAL,4,11,False
2024-11-30,0.2917221651806817,NORMAL,4,11,False
2024-12-01,0.4095511239680395,NORMAL,4,12,False
2024-12-02,0.2274661064839419,NORMAL,4,12,False
2024-12-03,0.1823791454951668,NORMAL,4,12,False
2024-12-04,0.3315599781358131,NORMAL,5,12,False
2024-12-05,0.3951337765384902,NORMAL,5,12,False
2024-12-06,0.1534849886111511,NORMAL,4,12,False
2024-12-07,0.1128903277514603,NORMAL,4,12,False
2024-12-08,0.2024632501863401,NORMAL,4,12,False
2024-12-09,0.1217730322127418,NORMAL,4,12,False
2024-12-10,0.1793292042765698,NORMAL,4,12,False
2024-12-11,0.3119480755337904,NORMAL,5,12,False
2024-12-12,0.1884238497867943,NORMAL,5,12,False
2024-12-13,0.100985463831668,NORMAL,4,12,False
2024-12-14,0.4091371384613932,NORMAL,4,12,False
2024-12-15,0.4619835956081298,NORMAL,4,12,False
2024-12-16,0.2900441968621035,NORMAL,4,12,False
2024-12-17,0.0901839832004829,NORMAL,4,12,False
2024-12-18,0.2225077192770175,NORMAL,5,12,False
2024-12-19,0.1624617126521575,NORMAL,5,12,False
2024-12-20,0.221261098107535,NORMAL,4,12,False
2024-12-21,0.2178150435118301,NORMAL,4,12,False
2024-12-22,0.1930043868293423,NORMAL,4,12,False
2024-12-23,0.1361535804361731,NORMAL,4,12,False
2024-12-24,0.1476494674648023,NORMAL,4,12,False
2024-12-25,0.4864180355009031,NORMAL,5,12,False
2024-12-26,0.1050582133458267,NORMAL,5,12,False
2024-12-27,0.2313671481971826,NORMAL,4,12,False
2024-12-28,0.2779579641356572,NORMAL,4,12,False
2024-12-29,0.182569316519978,NORMAL,4,12,False
2024-12-30,0.3703027190679633,NORMAL,4,12,False
2024-12-31,0.2595982898101708,NORMAL,4,12,False
2025-01-01,0.063568506029159,NORMAL,5,1,False
2025-01-02,0.1740566304775964,NORMAL,5,1,False
2025-01-03,0.1294432096490108,NORMAL,4,1,False
2025-01-04,0.1988132710627421,NORMAL,4,1,False
2025-01-05,0.1606769650618171,NORMAL,4,1,False
2025-01-06,0.1219671442877597,NORMAL,4,1,False
2025-01-07,0.1363959094531822,NORMAL,4,1,False
2025-01-08,1.0410282859285396,CRITICAL,5,1,True
2025-01-09,0.5908697208955491,WARNING,5,1,True
2025-01-10,0.631492937300697,WARNING,4,1,True
2025-01-11,0.4597465530527013,NORMAL,4,1,False
2025-01-12,0.1985284956656568,NORMAL,4,1,False
2025-01-13,0.0381880765708416,NORMAL,4,1,False
2025-01-14,0.2152440947473258,NORMAL,4,1,False
2025-01-15,0.7163744980719802,WARNING,5,1,True
2025-01-16,0.4352613851627706,NORMAL,5,1,False
2025-01-17,0.3457191094152935,NORMAL,4,1,False
2025-01-18,0.3959359716554645,NORMAL,4,1,False
2025-01-19,0.2469847161147672,NORMAL,4,1,False
2025-01-20,0.1340879186494353,NORMAL,4,1,False
2025-01-21,0.0804754812076712,NORMAL,4,1,False
2025-01-22,0.8841923758270384,CRITICAL,5,1,True
2025-01-23,0.544206861765395,NORMAL,5,1,False
2025-01-24,0.6516606513485773,WARNING,4,1,True
2025-01-25,0.7243646235605752,WARNING,4,1,True
2025-01-26,0.2005964302408201,NORMAL,4,1,False
2025-01-27,0.1005389036201305,NORMAL,4,1,False
2025-01-28,0.087371284595126,NORMAL,4,1,False
2025-01-29,0.0285157358213355,NORMAL,5,1,False
2025-01-30,0.1123990702367982,NORMAL,5,1,False
2025-01-31,0.2072464599124845,NORMAL,4,1,False
2025-02-01,0.1863593287882392,NORMAL,4,2,False
2025-02-02,0.05475871248148,NORMAL,4,2,False
2025-02-03,0.0329637546089865,NORMAL,4,2,False
2025-02-04,0.0553065497329404,NORMAL,4,2,False
2025-02-05,0.0626621025126544,NORMAL,5,2,False
2025-02-06,0.1195472999819378,NORMAL,5,2,False
2025-02-07,0.2192460780809179,NORMAL,4,2,False
2025-02-08,0.1121758819002274,NORMAL,4,2,False
2025-02-09,0.021891683419323,NORMAL,4,2,False
2025-02-10,0.0315130139087993,NORMAL,4,2,False
2025-02-11,0.1664248934002765,NORMAL,4,2,False
2025-02-12,0.0742579535489653,NORMAL,5,2,False
2025-02-13,0.3943727056056744,NORMAL,5,2,False
2025-02-14,0.268808900310132,NORMAL,4,2,False
2025-02-15,0.4874242005438234,NORMAL,4,2,False
2025-02-16,0.2172148005622586,NORMAL,4,2,False
2025-02-17,0.0621046664476909,NORMAL,4,2,False
2025-02-18,0.1782580223886341,NORMAL,4,2,False
2025-02-19,0.4771883789431056,NORMAL,5,2,False
2025-02-20,0.3206418769988164,NORMAL,5,2,False
2025-02-21,0.2694391687834457,NORMAL,4,2,False
2025-02-22,0.3231764038112681,NORMAL,4,2,False
2025-02-23,0.1116868253539533,NORMAL,4,2,False
2025-02-24,0.2107081914138871,NORMAL,4,2,False
2025-02-25,0.4334163647145546,NORMAL,4,2,False
2025-02-26,0.432705604525619,NORMAL,5,2,False
2025-02-27,0.3375244678372773,NORMAL,5,2,False
2025-02-28,0.3468943248861362,NORMAL,4,2,False
2025-03-01,0.158078179415944,NORMAL,4,3,False
2025-03-02,0.428609232704837,NORMAL,4,3,False
2025-03-03,0.4293269385611918,NORMAL,4,3,False
2025-03-04,0.2490443782420188,NORMAL,4,3,False
2025-03-05,0.0651237417941594,NORMAL,5,3,False
2025-03-06,0.1234926835964787,NORMAL,5,3,False
2025-03-07,0.0502073989351064,NORMAL,4,3,False
2025-03-08,0.1773700084479254,NORMAL,4,3,False
2025-03-09,0.1723184609303701,NORMAL,4,3,False
2025-03-10,0.5536679858387065,WARNING,4,3,True
2025-03-11,0.3821575458006591,NORMAL,4,3,False
2025-03-12,1.0588679070788352,CRITICAL,5,3,True
2025-03-13,0.0419080509571555,NORMAL,5,3,False
2025-03-14,0.4025751667558574,NORMAL,4,3,False
2025-03-15,0.3231580328987815,NORMAL,4,3,False
2025-03-16,0.0714748481788458,NORMAL,4,3,False
2025-03-17,0.0881155351702202,NORMAL,4,3,False
2025-03-18,0.0748453905182253,NORMAL,4,3,False
2025-03-19,0.6549181223956049,CRITICAL,5,3,True
2025-03-20,1.0924850639621024,CRITICAL,5,3,True
2025-03-21,0.9801805185750316,CRITICAL,4,3,True
2025-03-22,0.4524711045888517,NORMAL,4,3,False
2025-03-23,0.525165355426971,NORMAL,4,3,False
2025-03-24,0.553067879483026,WARNING,4,3,True
2025-03-25,0.4335825393055382,NORMAL,4,3,False
2025-03-26,0.2576058592208826,NORMAL,5,3,False
2025-03-27,0.1369230106739539,NORMAL,5,3,False
2025-03-28,0.2806113360185455,NORMAL,4,3,False
2025-03-29,0.3658470607259138,NORMAL,4,3,False
2025-03-30,0.4730894278523189,NORMAL,4,3,False
2025-03-31,0.3985645825284823,NORMAL,4,3,False
2025-04-01,0.4196345026766292,NORMAL,4,4,False
2025-04-02,0.6233289894163476,WARNING,5,4,True
2025-04-03,0.3762287699576553,NORMAL,5,4,False
2025-04-04,0.0620600942160791,NORMAL,4,4,False
2025-04-05,0.1107416349695929,NORMAL,4,4,False
2025-04-06,0.0834454922303232,NORMAL,4,4,False
2025-04-07,0.1048217370765977,NORMAL,4,4,False
2025-04-08,0.190164076928223,NORMAL,4,4,False
2025-04-09,0.4312726107134731,NORMAL,5,4,False
2025-04-10,0.5491496693772725,NORMAL,5,4,False
2025-04-11,0.3030383313286477,NORMAL,4,4,False
2025-04-12,0.3303257967716615,NORMAL,4,4,False
2025-04-13,0.3417881910475034,NORMAL,4,4,False
2025-04-14,0.2115924295133187,NORMAL,4,4,False
2025-04-15,0.1392763192578203,NORMAL,4,4,False
2025-04-16,0.7629774767735044,CRITICAL,5,4,True
2025-04-17,0.2266389706319771,NORMAL,5,4,False
2025-04-18,0.2760986598051943,NORMAL,4,4,False
2025-04-19,0.4677538300679269,NORMAL,4,4,False
2025-04-20,0.5372873429941945,NORMAL,4,4,False
2025-04-21,0.3227193152741989,NORMAL,4,4,False
2025-04-22,0.3801571528427926,NORMAL,4,4,False
2025-04-23,0.6181370018963395,WARNING,5,4,True
2025-04-24,0.46160985613903,NORMAL,5,4,False
2025-04-25,0.1224605912349274,NORMAL,4,4,False
2025-04-26,0.2393724739323496,NORMAL,4,4,False
2025-04-27,0.1462313623528396,NORMAL,4,4,False
2025-04-28,0.2226094043585431,NORMAL,4,4,False
2025-04-29,0.0924193377674498,NORMAL,4,4,False
2025-04-30,0.5627786615118356,NORMAL,5,4,False
2025-05-01,0.1976008386057973,NORMAL,5,5,False
2025-05-02,0.1473324669752345,NORMAL,4,5,False
2025-05-03,0.110424038371914,NORMAL,4,5,False
2025-05-04,0.1846321385984507,NORMAL,4,5,False
2025-05-05,0.2781793587549367,NORMAL,4,5,False
2025-05-06,0.3093715260492149,NORMAL,4,5,False
2025-05-07,0.4659908863494584,NORMAL,5,5,False
2025-05-08,0.4163947542417904,NORMAL,5,5,False
2025-05-09,0.0514862068091166,NORMAL,4,5,False
2025-05-10,0.08805911322976,NORMAL,4,5,False
2025-05-11,0.310692848087372,NORMAL,4,5,False
2025-05-12,0.1446836344377208,NORMAL,4,5,False
2025-05-13,0.1166556227640918,NORMAL,4,5,False
2025-05-14,0.3979194453219668,NORMAL,5,5,False
2025-05-15,0.1813797938591858,NORMAL,5,5,False
2025-05-16,0.3753684294259429,NORMAL,4,5,False
2025-05-17,0.0294394270912056,NORMAL,4,5,False
2025-05-18,0.0370205892600972,NORMAL,4,5,False
2025-05-19,0.074259578115203,NORMAL,4,5,False
2025-05-20,0.3369398130685045,NORMAL,4,5,False
2025-05-21,1.1843265326988603,CRITICAL,5,5,True
2025-05-22,0.8818523495360998,CRITICAL,5,5,True
2025-05-23,0.8482563655787666,WARNING,4,5,True
2025-05-24,0.9410045609771662,CRITICAL,4,5,True
2025-05-25,0.80838572960209,WARNING,4,5,True
2025-05-26,0.7306035800678413,NORMAL,4,5,False
2025-05-27,0.9397209163579135,CRITICAL,4,5,True
2025-05-28,0.0641826499538625,NORMAL,5,5,False
2025-05-29,0.2079838468912018,NORMAL,5,5,False
2025-05-30,0.295584086309623,NORMAL,4,5,False
2025-05-31,0.212198882627307,NORMAL,4,5,False
2025-06-01,0.2194696383416535,NORMAL,4,6,False
2025-06-02,0.3409421241801508,NORMAL,4,6,False
2025-06-03,0.4424431460855315,NORMAL,4,6,False
2025-06-04,0.0935711088698464,NORMAL,5,6,False
2025-06-05,0.0773211553338688,NORMAL,5,6,False
2025-06-06,0.0824067911561482,NORMAL,4,6,False
2025-06-07,0.2191447568290478,NORMAL,4,6,False
2025-06-08,0.0770871657278754,NORMAL,4,6,False
2025-06-09,0.1982723433973585,NORMAL,4,6,False
2025-06-10,0.1380982853951348,NORMAL,4,6,False
2025-06-11,0.2765178625733704,NORMAL,5,6,False
2025-06-12,0.2093325812188772,NORMAL,5,6,False
2025-06-13,0.0518356213854633,NORMAL,4,6,False
2025-06-14,0.2816962079711854,NORMAL,4,6,False
2025-06-15,0.270021188970947,NORMAL,4,6,False
2025-06-16,0.4106702941427861,NORMAL,4,6,False
2025-06-17,0.2356494435559301,NORMAL,4,6,False
2025-06-18,0.6049238003606219,WARNING,5,6,True
2025-06-19,0.2885243911679974,NORMAL,5,6,False
2025-06-20,0.0289894711856772,NORMAL,4,6,False
2025-06-21,0.2517701447121231,NORMAL,4,6,False
2025-06-22,0.0786509636088679,NORMAL,4,6,False
2025-06-23,0.0989827757412209,NORMAL,4,6,False
2025-06-24,0.2219493831419025,NORMAL,4,6,False
2025-06-25,0.2553101039574603,NORMAL,5,6,False
2025-06-26,0.0504555066750939,NORMAL,5,6,False
2025-06-27,0.137296278349471,NORMAL,4,6,False
2025-06-28,0.1120824324059989,NORMAL,4,6,False
2025-06-29,0.3604503726213347,NORMAL,4,6,False
2025-06-30,0.2434422273674763,NORMAL,4,6,False
2025-07-01,0.3158372004065614,NORMAL,4,7,False
2025-07-02,0.3876240561902273,NORMAL,5,7,False
2025-07-03,0.2903203961044606,NORMAL,5,7,False
2025-07-04,0.2493196841392999,NORMAL,4,7,False
2025-07-05,0.4620679453797511,NORMAL,4,7,False
2025-07-06,0.350698237599189,NORMAL,4,7,False
2025-07-07,0.070007334998523,NORMAL,4,7,False
2025-07-08,0.1110333709440785,NORMAL,4,7,False
2025-07-09,0.0711681755489069,NORMAL,5,7,False
2025-07-10,0.054084378989287,NORMAL,5,7,False
2025-07-11,0.1172474952499372,NORMAL,4,7,False
2025-07-12,0.3118005932643448,NORMAL,4,7,False
2025-07-13,0.3493796056213988,NORMAL,4,7,False
2025-07-14,0.2657411213955369,NORMAL,4,7,False
2025-07-15,0.266912569471513,NORMAL,4,7,False
2025-07-16,0.0545647246559343,NORMAL,5,7,False
2025-07-17,0.0767635071560974,NORMAL,5,7,False
2025-07-18,0.0681890844019979,NORMAL,4,7,False
2025-07-19,0.0699275105728572,NORMAL,4,7,False
2025-07-20,0.2747262954685507,NORMAL,4,7,False
2025-07-21,0.1490088969873436,NORMAL,4,7,False
2025-07-22,0.1012197435373648,NORMAL,4,7,False
2025-07-23,0.1363384159937473,NORMAL,5,7,False
2025-07-24,0.0697871479593124,NORMAL,5,7,False
2025-07-25,0.0453794362374544,NORMAL,4,7,False
2025-07-26,0.0277405452917169,NORMAL,4,7,False
2025-07-27,0.0587121756333879,NORMAL,4,7,False
2025-07-28,0.0626485218713159,NORMAL,4,7,False
2025-07-29,0.3748902925898615,NORMAL,4,7,False
2025-07-30,0.1115994254395755,NORMAL,5,7,False
2025-07-31,0.3072252892373328,NORMAL,5,7,False
2025-08-01,0.3309785812716918,NORMAL,4,8,False
2025-08-02,0.1824908923752456,NORMAL,4,8,False
2025-08-03,0.1014315132359348,NORMAL,4,8,False
2025-08-04,0.2056660019587281,NORMAL,4,8,False
2025-08-05,0.2378049339584858,NORMAL,4,8,False
2025-08-06,0.0238562904058793,NORMAL,5,8,False
2025-08-07,0.2281180270447047,NORMAL,5,8,False
2025-08-08,0.3043216258479336,NORMAL,4,8,False
2025-08-09,0.0668382989778484,NORMAL,4,8,False
2025-08-10,0.11923564225528,NORMAL,4,8,False
2025-08-11,0.2043285259119108,NORMAL,4,8,False
2025-08-12,0.3284497980935589,NORMAL,4,8,False
2025-08-13,0.0664426024069825,NORMAL,5,8,False
2025-08-14,0.2306048873514951,NORMAL,5,8,False
2025-08-15,0.4358292625597168,NORMAL,4,8,False
2025-08-16,1.0353764259901248,CRITICAL,4,8,True
2025-08-17,0.4091390802569257,NORMAL,4,8,False
2025-08-18,0.5142575615651999,NORMAL,4,8,False
2025-08-19,0.7527934302779211,WARNING,4,8,True
2025-08-20,0.3997794861012029,NORMAL,5,8,False
2025-08-21,0.327137750006252,NORMAL,5,8,False
2025-08-22,0.3341968553269198,NORMAL,4,8,False
2025-08-23,0.1766638723099963,NORMAL,4,8,False
2025-08-24,0.1955971730895343,NORMAL,4,8,False
2025-08-25,0.1857988414508289,NORMAL,4,8,False
2025-08-26,0.2182514046623113,NORMAL,4,8,False
2025-08-27,0.4401856809500759,NORMAL,5,8,False
2025-08-28,0.1818279049182995,NORMAL,5,8,False
2025-08-29,0.143526800612651,NORMAL,4,8,False
2025-08-30,0.1709544150927028,NORMAL,4,8,False
2025-08-31,0.0809292037271213,NORMAL,4,8,False
2025-09-01,0.1469194665032089,NORMAL,4,9,False
2025-09-02,0.0925968883802416,NORMAL,4,9,False
2025-09-03,0.1202784776232858,NORMAL,5,9,False
2025-09-04,0.1591695446770605,NORMAL,5,9,False
2025-09-05,0.0266459137707182,NORMAL,4,9,False
2025-09-06,0.2926518975866818,NORMAL,4,9,False
2025-09-07,0.3553037695342529,NORMAL,4,9,False
2025-09-08,0.1650826328351148,NORMAL,4,9,False
2025-09-09,0.0799012523233703,NORMAL,4,9,False
2025-09-10,0.64838670955269,WARNING,5,9,True
2025-09-11,0.451341586658903,NORMAL,5,9,False
2025-09-12,0.0288046090142363,NORMAL,4,9,False
2025-09-13,0.0342392808956177,NORMAL,4,9,False
2025-09-14,0.4282305543999457,NORMAL,4,9,False
2025-09-15,0.0396816552819904,NORMAL,4,9,False
2025-09-16,0.0994075996011824,NORMAL,4,9,False
2025-09-17,1.0007833117658047,CRITICAL,5,9,True
2025-09-18,0.7656012580623536,CRITICAL,5,9,True
2025-09-19,0.5065881276545635,NORMAL,4,9,False
2025-09-20,0.5264768103874958,NORMAL,4,9,False
2025-09-21,0.7124938423353042,WARNING,4,9,True
2025-09-22,0.5328778717378042,NORMAL,4,9,False
2025-09-23,0.4274430164833664,NORMAL,4,9,False
2025-09-24,1.3407087372888324,CRITICAL,5,9,True
2025-09-25,0.6143306834588238,WARNING,5,9,True
2025-09-26,0.0734306280106352,NORMAL,4,9,False
2025-09-27,0.2312003799145787,NORMAL,4,9,False
2025-09-28,0.472436802289816,NORMAL,4,9,False
2025-09-29,0.3561772554629286,NORMAL,4,9,False
2025-09-30,0.5703934442851082,NORMAL,4,9,False
2025-10-01,0.281827218068887,NORMAL,5,10,False
2025-10-02,0.3817915813663241,NORMAL,5,10,False
2025-10-03,0.241219649251745,NORMAL,4,10,False
2025-10-04,0.2121024611873647,NORMAL,4,10,False
2025-10-05,0.4077762591886405,NORMAL,4,10,False
2025-10-06,0.3429856052453863,NORMAL,4,10,False
2025-10-07,0.1091675599624306,NORMAL,4,10,False
2025-10-08,1.0418370566215125,CRITICAL,5,10,True
2025-10-09,0.7132025518063551,CRITICAL,5,10,True
2025-10-10,0.3271438392612963,NORMAL,4,10,False
2025-10-11,0.1700160375449956,NORMAL,4,10,False
2025-10-12,0.1812692256441759,NORMAL,4,10,False
2025-10-13,0.0732828906958828,NORMAL,4,10,False
2025-10-14,0.2431374099932834,NORMAL,4,10,False
2025-10-15,0.0160404765512606,NORMAL,5,10,False
2025-10-16,0.1068474474108163,NORMAL,5,10,False
2025-10-17,0.1829908607915536,NORMAL,4,10,False
2025-10-18,0.0969977582953816,NORMAL,4,10,False
2025-10-19,0.231350097949569,NORMAL,4,10,False
2025-10-20,0.1301010514209862,NORMAL,4,10,False
2025-10-21,0.0747319899142578,NORMAL,4,10,False
2025-10-22,0.1317530278676068,NORMAL,5,10,False
2025-10-23,0.1587469084162325,NORMAL,5,10,False
2025-10-24,0.3201696122080473,NORMAL,4,10,False
2025-10-25,0.8393869876607677,CRITICAL,4,10,True
2025-10-26,1.062150095649912,CRITICAL,4,10,True
2025-10-27,0.9158838419539358,CRITICAL,4,10,True
2025-10-28,0.506521919235065,NORMAL,4,10,False
2025-10-29,0.5128692615914037,NORMAL,5,10,False
2025-10-30,0.3828358858438752,NORMAL,5,10,False
2025-10-31,0.5327409214850469,NORMAL,4,10,False
2025-11-01,0.8271861175198547,CRITICAL,4,11,True
2025-11-02,0.4724897578438345,NORMAL,4,11,False
2025-11-03,0.398869229348725,NORMAL,4,11,False
2025-11-04,0.5137599847072807,NORMAL,4,11,False
2025-11-05,0.1609537498269914,NORMAL,5,11,False
2025-11-06,0.2236087758165507,NORMAL,5,11,False
2025-11-07,0.5268337366545531,NORMAL,4,11,False
2025-11-08,0.226441342229972,NORMAL,4,11,False
2025-11-09,0.5916991445047781,NORMAL,4,11,False
2025-11-10,0.2473178863503167,NORMAL,4,11,False
2025-11-11,0.1435539932980303,NORMAL,4,11,False
2025-11-12,0.8370593269440239,CRITICAL,5,11,True
2025-11-13,0.2841502829907985,NORMAL,5,11,False
2025-11-14,0.0347203024286888,NORMAL,4,11,False
2025-11-15,0.1348452803863543,NORMAL,4,11,False
2025-11-16,0.2835870720425142,NORMAL,4,11,False
2025-11-17,0.0474748650272293,NORMAL,4,11,False
2025-11-18,0.0812144078909782,NORMAL,4,11,False
2025-11-19,0.7811525434758507,CRITICAL,5,11,True
2025-11-20,0.5067104109423269,NORMAL,5,11,False
2025-11-21,0.3136141639923772,NORMAL,4,11,False
2025-11-22,0.4529305302711362,NORMAL,4,11,False
2025-11-23,0.456398999044159,NORMAL,4,11,False
2025-11-24,0.121334587181137,NORMAL,4,11,False
2025-11-25,0.1756658977545893,NORMAL,4,11,False
2025-11-26,0.0560206643467824,NORMAL,5,11,False
2025-11-27,0.2283726250263633,NORMAL,5,11,False
2025-11-28,0.2654464830167395,NORMAL,4,11,False
2025-11-29,0.7180976684643915,WARNING,4,11,True
2025-11-30,0.2608676943809646,NORMAL,4,11,False
2025-12-01,0.1213332002556257,NORMAL,4,12,False
2025-12-02,0.105243336716911,NORMAL,4,12,False
2025-12-03,0.0830542355817316,NORMAL,4,12,False
2025-12-04,0.1057079833517432,NORMAL,4,12,False
2025-12-05,0.3009712602368058,NORMAL,3,12,False
2025-12-06,0.4613864727258718,NORMAL,3,12,False
2025-12-07,0.2064717950902248,NORMAL,3,12,False
2025-12-08,0.0654440758072481,NORMAL,3,12,False
2025-12-09,0.0756618831460746,NORMAL,3,12,False
2025-12-10,0.0758416910933789,NORMAL,3,12,False
2025-12-11,0.1181709050120612,NORMAL,3,12,False
2025-12-12,0.1560051899669439,NORMAL,2,12,False
2025-12-13,0.0452530850123918,NORMAL,2,12,False
2025-12-14,0.1604551964131928,NORMAL,2,12,False
2025-12-15,0.1269077453492861,NORMAL,2,12,False
2025-12-16,0.0879832300804651,NORMAL,2,12,False
2025-12-17,0.0490790635183378,NORMAL,2,12,False
2025-12-18,0.090151175414367,NORMAL,2,12,False
